timestamp,battery_voltage,battery_current,solar_power,temperature,signal_strength,packet_loss,gyro_x,gyro_y,gyro_z,ROLL,PITCH,YAW,label,fault_type
0.0,7.928881707718552,2.0623290599623685,19.09934242855708,26.27667645744232,-69.15486420192906,0.2062735407126921,0.0,0.0,0.0,45.11747917222481,44.88202321799964,45.16631386432589,0,none
0.0167,8.188964898967964,2.0586105276236664,20.87152217011244,25.113376729917977,-74.76086298422368,0.2560520680110218,6.993106801863224,-7.078027316876535,9.918969599074831,45.23426405581593,44.7638201618078,45.33196065663044,0,none
0.0334,8.10286412420882,2.1539398855104803,19.93630334689876,26.55982203423746,-74.03180013532557,0.7394234467778998,6.949517685147291,-7.093505203274981,9.878888695010806,45.35032100115789,44.64535862491311,45.49693809783712,0,none
0.0501,8.049587380655542,1.9189779466732504,17.67754484748269,24.595492748854536,-74.88004423518353,0.4919204086444255,6.905830751467356,-7.107502505484418,9.837639150323945,45.46564837470739,44.52666333307152,45.66122667164753,0,none
0.0668,8.100002832409283,1.7121047785420322,19.68005954803115,25.410154414688243,-66.87323812194153,0.7029784421297787,6.861735564589838,-7.120278129517322,9.797353894950708,45.58023935863604,44.40775468830858,45.82484248169321,0,none
0.0834999999999999,8.003283406419937,2.412679732432631,20.55912636881742,23.547936552808004,-70.39735762653574,0.439857820147514,6.822989649582544,-7.135095980089376,9.758564675874686,45.69418328578407,44.288598585441086,45.98781051178032,0,none
0.1002,8.123330245982899,1.918468571615615,18.682178133864216,25.268836844277168,-70.08041648584381,0.6978739609121936,6.778173844121405,-7.149425801851304,9.719062003523709,45.8073787889809,44.16920317455017,46.15011884723916,0,none
0.1169,7.967947588224218,1.911259627925964,17.544306434818296,23.139924169860645,-67.3280901261304,0.59180343041924,6.737949573670034,-7.16171257184124,9.678675825560749,45.91990254686119,44.04960257460042,46.31175273352603,0,none
0.1336,7.979429672689408,2.32828027245455,20.409751109952342,24.69703790665621,-74.48156061562904,0.1187270183111459,6.694580665632326,-7.175791136584517,9.639304458637938,46.03170204397725,43.92976686261946,46.47272911798528,0,none
0.1503,8.121222546709154,2.291037579344521,19.865640830909086,25.629724129339643,-72.16693495742521,0.4405374520311836,6.65513156863761,-7.189466943464328,9.602642554368886,46.142842741173496,43.809702764663605,46.63309324864324,0,none
0.1669999999999999,8.091887773300106,1.6750401403982225,20.989070403760063,24.838117209890004,-69.0304475008855,0.7756558025282212,6.6112220132410044,-7.203601402654095,9.562052448227895,46.25325014879462,43.68940262123928,46.79277952452865,0,none
0.1837,8.030768728484057,2.3577530712821515,21.120972657440905,23.403872542542786,-68.63056044657404,0.4728478672766376,6.572437844188775,-7.215442250668758,9.523940603653593,46.36300986079257,43.56890473565311,46.95182933260966,0,none
0.2004,8.157494149247837,2.061229785755543,18.42910753557268,25.14085631643551,-68.16469805132697,0.3257694991386793,6.529993365851866,-7.229391127501219,9.485985662285618,46.4720607500023,43.44817390382384,47.11024529316983,0,none
0.2171,8.186308322130465,2.0695471998291874,20.44748941170934,24.262309538109804,-67.00343125698497,0.785456948505532,6.4921499195449,-7.242936823425833,9.449502239680347,46.5804796536587,43.32721685887263,47.268051980572494,0,none
0.2338,8.088655538989386,1.7405257818099282,22.1812711002027,23.69909977727862,-72.51755642745563,0.415083365658955,6.449424134603953,-7.254736978238075,9.410943606729848,46.688185036706585,43.206062751336056,47.42521473880488,0,none
0.2505,8.189010894243617,2.202870205412812,20.594897287635813,24.743842020768565,-71.03580941376835,0.8123906736054765,6.409481343877593,-7.268531677538053,9.373975932470286,46.79522337514934,43.08467827232117,47.581760136877136,0,none
0.2672,8.095392512394072,1.9313932614620088,17.720985355007592,24.83017155373616,-66.20955700088966,0.3575993569764822,6.370912351311865,-7.280173446045132,9.3361792403391,46.90161761141625,42.96309937577222,47.7376743301908,0,none
0.2839,8.100646706583033,2.2715120597180656,23.4354324882101,24.99576695429969,-69.25280592455806,0.424681784083856,6.33082949168744,-7.294289273352648,9.29957163816474,47.00734246392743,42.84128474490723,47.89297717654815,0,none
0.3006,8.116856377333495,2.0087792412302043,21.080855498996257,24.646385196662976,-71.81582656107885,0.5749536892710079,6.2913033285540765,-7.306392267852483,9.263530228848513,47.11240722951428,42.71926799403409,48.04767813136992,0,none
0.3172999999999999,8.181062847690491,2.1290140650668867,19.28375941150589,24.701568199179995,-74.95584472397279,0.2347298179014383,6.252172964140127,-7.318655350141835,9.226753144425558,47.21681851801542,42.59704644968672,48.20176490888183,0,none
0.3339999999999999,8.156043614070605,2.0274181160609137,21.974717289786973,26.158860706751216,-68.48830587704806,0.5531534818437275,6.212917990117904,-7.331020292680339,9.18960726651674,47.32057424845039,42.47461841079896,48.35523135023266,0,none
0.3507,8.126112890342812,1.9381394499652067,19.522371803603523,23.428454720314715,-68.63044741915485,0.6249476243177767,6.174593322002349,-7.342096106820189,9.154647029860255,47.42368995692783,42.35200540581506,48.50811395563132,0,none
0.3674,8.143411676532239,2.3249023727590155,19.06814444104451,23.11894303856655,-67.2417163035089,0.5931242842055072,6.136078148653702,-7.355060231535781,9.11880036402073,47.52616246201035,42.229175899948416,48.66039792171047,0,none
0.3841,8.056017415885721,1.9713852408525905,21.00324599126304,25.664086521149923,-71.22793403529802,0.5579850190823625,6.096928464004547,-7.367353519821826,9.083986822831092,47.62798116735922,42.10614109616739,48.81210050165175,0,none
0.4008,8.1951785816729,1.6632291381299964,19.25479646399241,25.405105781944584,-67.11428347876816,0.2300871789815254,6.060536573936993,-7.378403878223135,9.047650123405534,47.72919212814397,41.982921751401065,48.96319625871262,0,none
0.4175,8.16646786487586,1.9921019888241984,22.207938245051697,25.230574491067348,-67.44627510421597,0.6143367282484241,6.022385961788097,-7.391604933332275,9.01421063913577,47.82976597370583,41.859481949014416,49.11373357638619,0,none
0.4342,8.092626101694464,2.098890907084141,20.312443487370462,26.62470604625479,-66.95484747170397,0.9209361316921544,5.984652281159833,-7.402633233470449,8.978181333829953,47.9297096668012,41.73585797401546,49.26366920466115,0,none
0.4508999999999999,8.13429473832523,1.633689324596705,18.34812462059304,24.681904718171705,-69.23945185824074,0.4008938453869335,5.945928251443191,-7.414341131998057,8.944534083631922,48.0290066686003,41.61203847711109,49.4130429238578,0,none
0.4676,8.092357618893777,2.1438463650369384,18.163435077933904,26.26826450176002,-71.06254662169093,0.4774915930311333,5.909927587936777,-7.424700777455386,8.908778909650053,48.12770245931885,41.48804597412759,49.56181953164896,0,none
0.4843,7.940890869363012,1.9112550306537597,23.00401645669645,28.311057393769424,-72.51418396562303,0.3193749916260227,5.871892626622312,-7.437834580896127,8.875452121410415,48.22576306618344,41.36383413662662,49.71003958207651,0,none
0.501,8.12973348064717,1.715553725662519,21.80238301476472,24.50335009342269,-65.31159673271799,0.4093398755161493,5.837645452609491,-7.448881233361811,8.84270583078036,48.32325174524202,41.23943782002948,49.85771276945054,0,none
0.5176999999999999,7.953355713798824,1.942224436656329,21.973649056567684,25.34508716213636,-72.62065637364381,0.3832913575145703,5.797785502506008,-7.459492963538386,8.807319199435112,48.42007476313387,41.11486428753839,50.00479500008111,0,none
0.5344,8.020447565749793,1.8096260577462453,20.28789281001009,23.95334724650234,-70.52813057914675,0.8184252796941857,5.761744511999837,-7.470786717741997,8.775002463370122,48.516295896484266,40.9901021493521,50.15133754121939,0,none
0.5511,8.037684090755276,1.96709784862639,20.788734188907515,25.301371485044072,-68.36777574893269,0.571078827657946,5.727065916928298,-7.481846895624794,8.741351339002922,48.61193789729697,40.86515530619516,50.29731810858074,0,none
0.5678,8.019284493599864,1.887449615467904,20.352298878554304,23.977407845577485,-73.56905673165669,0.8553864640336323,5.691345341567243,-7.493014655074932,8.709037977271345,48.70698336450114,40.74002196145541,50.44275904280117,0,none
0.5845,8.20521362284045,1.935609660113361,16.829535481693792,24.935808109149068,-70.00728645890366,0.5013760472321568,5.656099936423133,-7.503292067467671,8.676481891005485,48.80144023343941,40.6147169839287,50.58765629038096,0,none
0.6012,8.28249377742115,1.8485406089669796,19.7580682800284,23.44381132392319,-69.59594863656292,0.2872386573622874,5.618400476153366,-7.51531675246289,8.643449075001358,48.89526752139117,40.48921119416257,50.732001889933485,0,none
0.6179,8.026695163214951,1.838582063383101,17.515336961635818,24.074682214889137,-70.73771340157374,0.4341605197892015,5.585086010539841,-7.524674274624735,8.610323583611942,48.988538457767184,40.36354913377634,50.875794293779805,0,none
0.6345999999999999,8.081716089492248,2.21500769144059,22.23474482732823,24.437595995687808,-64.38468633843394,0.1576417458340728,5.549636944656628,-7.535986567117652,8.579516574256958,49.08121739474295,40.237698158105474,51.019072220569896,0,none
0.6513,8.02753079334725,1.9753957661537205,18.77736489977348,24.904422342802725,-70.24256578704659,0.5484726334228112,5.513348059690209,-7.5468628825190684,8.547291496973132,49.17329030733978,40.111665547967405,51.16181198856935,0,none
0.6679999999999999,8.149833423226632,2.150526883998574,19.7851859049692,23.04380998993785,-69.96289879636119,0.4871070356369719,5.478705654110206,-7.556882437646793,8.51499846935785,49.26478469176342,39.985465611258704,51.30401246300762,0,none
0.6847,7.979666621337026,1.8309242157971348,18.15415219901042,24.22418328768655,-72.95474555204065,0.5131932857769578,5.446012254430161,-7.56781082906229,8.485398139559145,49.3557330964124,39.85908317041336,51.44571861193826,0,none
0.7014,8.153822616878827,1.8306027207179003,17.18365438685107,25.048699770714645,-66.72348554412011,0.2307088174527393,5.409550818883982,-7.577694831800688,8.452421727241955,49.44607259508776,39.73253566672229,51.5868740547832,0,none
0.7181,8.107079108212721,1.96051055289344,20.22217307223072,26.076980824713804,-69.48748245294613,0.5629154977425356,5.375339998560615,-7.587551318232568,8.42141625933077,49.535840773063725,39.60582355970781,51.727511706314026,0,none
0.7348,8.179921813304492,1.556015590381841,18.5373703030252,24.84143694397436,-70.06163820889391,0.2615810585931928,5.342514852030918,-7.598354747927571,8.391552008751903,49.62506077109264,39.47893103541742,51.86765062486018,0,none
0.7515,8.230458535238796,2.0197330014396924,18.17053468574147,23.549988052304126,-66.66281768050271,0.5684466003769194,5.309346303798248,-7.607182541787953,8.360401685659562,49.71372685436607,39.35189108696956,52.0072693330107,0,none
0.7682,8.174858767000195,1.8339565027356184,20.84302633570457,25.802372593566893,-69.49579534129478,0.5082863730888428,5.274033810271863,-7.618403940053902,8.33006905248151,49.80180321899761,39.22466374117066,52.14638148618714,0,none
0.7848999999999999,7.912738544742918,2.134637877812881,20.79066405432627,25.888106875642272,-64.90263838710267,0.6404867630251816,5.242104881765714,-7.628182347104259,8.300088632442218,49.8893463705231,39.09727309597402,52.28499296634892,0,none
0.8016,8.233006007806619,1.9124849684937804,23.131505207698968,25.118931390153517,-75.75777294887439,0.4920174025308422,5.207972157206346,-7.637191518641059,8.270356017824938,49.976319505548446,38.96973199761271,52.4231079118466,0,none
0.8183,8.128930935448338,1.8419178493402864,18.71139950083389,24.86812663056492,-69.0193188200718,0.625414133305225,5.175509871374892,-7.647084311390465,8.239831992422872,50.06275052040041,38.84202568961249,52.56071310612006,0,none
0.835,8.103356311048659,2.212818575810191,19.50578072215094,24.93274406969547,-69.60183738224262,0.1360815514566231,5.141566084598575,-7.6572693994724,8.211321097493137,50.1486146740132,38.7141492906413,52.6978421684482,0,none
0.8517,8.127882650438746,1.9691803950524,19.351038450247977,24.398387022468786,-63.02759469236867,0.6685565146152397,5.110534473270698,-7.666620006023061,8.181338062001347,50.23396059971682,38.58611673654072,52.83447051408362,0,none
0.8684,8.300535182907842,1.8257770386877716,15.89954738921828,24.360301546785237,-66.63095361460346,0.4231305101054284,5.078432321097441,-7.67610956776072,8.152733168298347,50.31877041947915,38.45792570675911,52.9706211579942,0,none
0.8851,8.074472962224375,1.899675098141721,21.17270657281928,25.82558494658246,-72.25092014809995,0.494502705768768,5.043002462501219,-7.685378254813555,8.122315072900639,50.40298856060292,38.32957988990373,53.10626381971164,0,none
0.9018,8.227227697114358,2.174408984228915,20.8166085731456,26.076350001034704,-70.62122072977851,0.5774198543225625,5.013755109847032,-7.694480807736439,8.09438671312092,50.48671827093737,38.20108206041453,53.24144007782076,0,none
0.9185,8.222252044650654,1.5875039978288648,16.993293753643403,26.099497275423136,-73.78836877905918,0.1692987800358601,4.9797109572592975,-7.7049082021557105,8.066380242599642,50.5698794439236,38.07241009343853,53.376148627872176,0,none
0.9352,8.107058212328864,1.6829791216760528,21.512726643293245,24.948967533694123,-64.68347941741112,0.3523256466449856,4.951258684855956,-7.712419513890757,8.0377239682099,50.65256546396069,37.94361268755655,53.51037861814128,0,none
0.9519,8.127623935944506,2.2072435949605875,17.600656555737054,26.960062404358517,-69.23707213429785,0.723322343478641,4.917716744356771,-7.72147803477218,8.009253370269063,50.73469133359145,37.81466400437586,53.644133149424775,0,none
0.9686,8.014943200897509,2.0182602960142617,20.138165925164383,25.22997554421195,-71.15598351455377,0.3559963667026975,4.886333262687009,-7.731942387749343,7.982587557212801,50.81629309907832,37.68554056650044,53.77744236163023,0,none
0.9853,8.057570911130789,2.2060818751969697,20.54785977045764,24.943775763201195,-68.0171097865432,0.3374888766927459,4.855545400742815,-7.740097607653862,7.95345925580976,50.89738070727073,37.55628093645262,53.91026513120225,0,none
1.002,8.119261550154787,2.2720596028798985,20.701738028460653,25.28900049124661,-69.6678003830029,0.513347497287834,4.823663873815589,-7.749859563354235,7.926709369037312,50.97793589396345,37.42685828174461,54.042641177665175,0,none
1.0187,8.124208424727561,1.8530996051141144,20.002622758152928,24.196507554816908,-68.55428457285755,0.4218550084846312,4.793631059764985,-7.75706050567395,7.89767768659897,51.05798953266152,37.29731537129985,54.17453239503138,0,none
1.0354,8.13975310507108,1.9226025729764613,20.037396453658506,26.952750516447317,-68.73437161327848,0.7708423076738227,4.7638514611573,-7.766128719235619,7.872020864260112,51.13754585206285,37.16762102168862,54.30599514346452,0,none
1.0521,8.043851609487874,1.5731445824191437,20.42207177979489,23.905178215831636,-64.19112059342294,0.4809171873319485,4.732060497582818,-7.775309077243724,7.845488475322816,51.21657126237248,37.03777336009865,54.43701480100241,0,none
1.0688,8.061650867747229,2.0568829401649578,20.713629512943605,25.76892063284777,-66.9507766725006,0.8088315403817542,4.7017285949277925,-7.784160970279562,7.818156611447,51.29509012990778,36.90777787189498,54.56757801641358,0,none
1.0855,8.123038378428637,2.12729546047898,17.44646701617639,25.181279475028912,-74.27915057459035,0.7991490569997364,4.673072517614949,-7.792674704527297,7.79160663258051,51.37313044095195,36.77764020432937,54.69769784717767,0,none
1.1022,8.294450724971641,1.6271220364590906,19.40983015469207,24.560821144476243,-72.69112501388749,0.2984068647227526,4.640273421510197,-7.800942930089235,7.764565685839599,51.45062300709117,36.64736445739688,54.82736609413119,0,none
1.1189,8.069249487012845,1.874685522910212,19.93825837551034,26.046185317990023,-70.1863729655526,0.2666864442854901,4.612302208262001,-7.809264002741975,7.73887156972453,51.52764845396914,36.51694974855109,54.95660524934559,0,none
1.1356,8.051394586001622,1.979351632006544,18.6898282964748,25.250785309592,-72.2444925453937,0.3035731837067476,4.582598227324791,-7.81715767458552,7.711902253204843,51.604177844365466,36.38640321538551,55.085394016974114,0,none
1.1523,8.122654745734838,1.8487447118105216,18.851337383072263,24.24875662557011,-67.77134469008135,0.187916223623943,4.552449847673825,-7.826156194257886,7.687118141620001,51.68020375682162,36.25570640694141,55.21376888993917,0,none
1.169,7.948910595580907,1.925590641151512,21.529591285545,26.633985920956484,-72.56446369794813,0.3820469038696714,4.523792765796937,-7.834080209126928,7.66115639078767,51.75575109601043,36.12487726744899,55.34171020166532,0,none
1.1857,8.141517299698119,1.913855641934057,21.13044137531786,26.87761226853608,-72.02695313456027,0.6916765799548891,4.49461709288327,-7.842626814686935,7.635641155817973,51.83081120146158,35.993905399643715,55.46922540896748,0,none
1.2024,8.253436035344098,1.79007684319575,19.91776918136937,23.71807305962077,-70.87093378125346,0.0657616506406211,4.466169328040508,-7.850062350146454,7.610356540331441,51.905396229239855,35.86280935839627,55.59631836319102,0,none
1.2191,7.941066368780825,1.7803545449838385,19.310354460234887,24.671841685072312,-72.35012980778322,0.5782086697527251,4.435809272178238,-7.858212345178355,7.585224908564333,51.97947424408523,35.73157721223179,55.72299161916404,0,none
1.2358,8.084068399397452,2.085155008277414,21.43678596024492,25.09879198891404,-72.82074853053521,0.6783215464840132,4.408864621079979,-7.865952850392607,7.560653003970048,52.05310228325727,35.600215799630234,55.84925452433034,0,none
1.2525,8.018385453022978,1.802850623836712,19.04589061045574,24.70770048702221,-64.91731694235021,0.4468036415116059,4.380233745591315,-7.874126365778237,7.534587891105862,52.12625218680864,35.46871788932174,55.97508214211181,0,none
1.2692,8.07157943617321,1.804763343861511,20.79532175588088,25.37249512271587,-69.37547247551295,0.6726761081978525,4.350810399071526,-7.881335124924951,7.511123979360397,52.19891072047314,35.33709959273549,56.10051791256713,0,none
1.2859,8.059569020872011,2.223556214586802,19.868799834045618,27.78255804213855,-72.76278563905915,0.5620556701469287,4.321519206307514,-7.890191887124651,7.485756613489488,52.27108009121847,35.20533338822051,56.2255300480124,0,none
1.3026,7.985927439791567,2.1175568227112223,21.17346732613304,25.581192214747137,-69.42382895443437,0.2483251411688415,4.295957124005203,-7.896368048651873,7.46266696981445,52.34282257518936,35.07346404180802,56.3501565864083,0,none
1.3193,8.059658597166324,1.6731287862747863,21.1392324215105,27.27332115050936,-65.28159932016113,1.0103258010234022,4.26769961156826,-7.905023291387036,7.438055643808401,52.41409315870255,34.94145015284186,56.474372115659904,0,none
1.336,8.214913446280484,1.8093564409253016,20.783159019283197,24.51701652416609,-67.71402839984968,0.1006292645554816,4.239523865684604,-7.9119861221822685,7.413907222405091,52.48489320725948,34.809319984601416,56.59818436627407,0,none
1.3527,8.053396323843026,2.090560575151145,21.092008048965145,25.364584828822853,-58.72301835167265,0.6120590831545457,4.2106130689323935,-7.920422259929494,7.389876068173296,52.55521044551065,34.67704893286059,56.72159529661256,0,none
1.3694,8.036512285198723,1.9290060662198028,21.403649268085804,25.45241862750597,-67.30137161796065,0.5594130084674453,4.184395149178618,-7.926936566508369,7.366454569258975,52.625089844501936,34.544669092199904,56.84461508791919,0,none
1.3861,8.2338890024836,2.46195873548442,20.27920025695437,28.08098395731913,-68.31212736934832,0.8506521977805999,4.157416300614528,-7.934457888710707,7.343542201843451,52.6945186967222,34.412163645458435,56.96725224268997,0,none
1.4028,8.139449065340886,2.0640285187870995,18.154428265505075,24.24570323323608,-69.8416462187717,0.4969907503986824,4.129374225044388,-7.942573262054683,7.319935755162647,52.76347924628044,34.27952267198212,57.08949516980119,0,none
1.4195,8.082549599082844,1.7315217970631085,22.148205935271992,23.59681344189518,-71.29969478015278,0.2350830787676516,4.102917021755244,-7.948644081000248,7.296591338574584,52.83199796054375,34.14678031582942,57.211348245155385,0,none
1.4362,8.10228963466432,2.036464607648374,18.171688968216905,25.156270185172698,-69.81846723063022,0.474233136384429,4.075998700081427,-7.9559338927886065,7.274297558152318,52.90006713883511,34.01391621981985,57.33282901437653,0,none
1.4529,8.267211448963517,2.182648079147776,16.566660411978386,24.9306702051312,-68.96781495825329,0.5903246350412439,4.050235780122459,-7.963648275645886,7.251488355614312,52.96770607636316,33.88092329361656,57.45392886991529,0,none
1.4696,8.01220244562771,2.0091878585487155,22.11794908287477,24.66381996263853,-66.87474002160711,0.8515335347599329,4.021577319768412,-7.971262449641278,7.229099623591186,53.03486641760329,33.74780321070755,57.57465483362926,0,none
1.4863,7.979861264911365,2.1214016075171576,19.355480440243745,25.95194322459188,-71.03930724236318,0.4231807215862434,3.9976633129297743,-7.977661231838502,7.206295752983316,53.10162739492922,33.61457626813585,57.69499997270408,0,none
1.503,8.12191417284621,1.6321723555456191,18.17207165837864,24.20950989918465,-71.26576595079749,0.4392311076830968,3.968475559765056,-7.984845729223541,7.18365227663183,53.16790093677729,33.481229344457816,57.81496696572383,0,none
1.5197,8.076505337884615,1.825662952096454,19.52858235420766,25.478915908776823,-71.4652327083836,0.5120912433466884,3.94462656164839,-7.990564295686275,7.162101508851157,53.23377620035682,33.347786920719855,57.93457406092165,0,none
1.5364,8.238525414175168,1.8811042407899177,18.84963495609817,26.552574875365195,-75.29969543856849,0.69078053639228,3.919092443469392,-7.998093361661182,7.139727014379156,53.29922504416276,33.21421876158011,58.05380750206178,0,none
1.5531,8.140444832124242,1.7825566090759564,23.467989131845677,23.67976001611957,-70.90219000113629,0.2887023179017042,3.891819740949204,-8.004666113532416,7.119051121486121,53.36421843383661,33.08054083748412,58.1726956557906,0,none
1.5698,8.051460322801532,1.988744337530737,22.228159964280792,23.95674604446016,-72.69881757040298,0.3038992674880576,3.8649000275349055,-8.012339711331117,7.096390398727326,53.428762264296445,32.94673476430489,58.291205375449344,0,none
1.5865,8.120437506373978,2.1576800336377504,21.085456731036736,24.631834074135902,-73.0552571849654,0.2654471441212464,3.84191566267308,-8.018339699448374,7.074754924218156,53.492922255863085,32.812828491324105,58.40935378268379,0,none
1.6032,8.190081089965545,1.982726200733733,19.377872018565736,24.33124060375424,-72.82770876723833,0.5698545249475948,3.815616685735717,-8.025166030190242,7.05418103806138,53.55664305451487,32.67880821861993,58.52715860601941,0,none
1.6199,8.146740263828228,1.945101070465389,20.279865598980084,23.870331336866823,-71.62536938942809,0.4665248716943901,3.790725023274301,-8.03179325125199,7.032988664759618,53.61994816240355,32.54467727132402,58.6446095167209,0,none
1.6366,7.994877151189819,1.9907550244871672,20.210047891316663,25.100107368344243,-62.56311611270378,0.748713451113747,3.764844565538084,-8.038257468473851,7.0122793911202725,53.68282106664804,32.410438371600506,58.76171458255261,0,none
1.6533,8.205257479605534,1.6652715479326026,20.313429733348105,25.7737528305269,-71.82851982112395,0.6451748551981248,3.7401946844348215,-8.043887872703037,6.9898225411478085,53.7452823178781,32.276105444126365,58.878444618989775,0,none
1.67,8.174082986249896,1.94038051385963,21.782337032174,25.5619334547942,-71.44516849420587,0.2374476192572587,3.715099494965676,-8.051591791916952,6.9703330543555335,53.80732447944403,32.14164386120135,58.99484918099751,0,none
1.6867,8.124770094470124,2.4900759417479077,19.122753618451128,26.08651235305705,-70.04188831344982,0.2016138352498025,3.691272322736588,-8.057134772009066,6.949538820469872,53.86896872723373,32.0070897105088,59.11090647929936,0,none
1.7034,8.188691632063788,1.9052307279144527,18.48228168184327,24.094565727487705,-68.32455369573755,0.3089278871089017,3.665069761204918,-8.064193394689168,6.929925438432822,53.93017539224585,31.87241768081749,59.22663623412119,0,none
1.7201,8.10248421912302,1.7633691717380864,19.663716517553283,23.984104318380595,-71.24720201092313,0.6623602313023447,3.641226136066056,-8.070072614040736,6.908649308336932,53.99098386871815,31.73764746816301,59.342010677570414,0,none
1.7368,8.063385017545903,1.959580461379544,19.8465914186722,25.03212387399825,-69.65613297222689,0.804423507554537,3.6166728873635594,-8.076455642958773,6.889325038999172,54.051382305937125,31.6027706589256,59.4570624057217,0,none
1.7535,8.072794495818563,1.6505239615164242,21.581774495847437,25.14270033440325,-75.11306012968186,0.4730469963117846,3.5917397875819264,-8.082270058913736,6.868364733462814,54.11136436038974,31.46779674894174,59.57176409677053,0,none
1.7702,8.118942693349307,2.1271006331610303,19.53211345335819,25.83753632932073,-70.73809323828435,0.9573065617120656,3.569799099256805,-8.088427683024937,6.849706359089399,54.17098000534733,31.332720006635224,59.68615419296732,0,none
1.7869,8.044893926994542,1.9260557574495327,18.8969802872608,24.48887463308828,-67.89852705264047,0.6448802878740124,3.543588717261178,-8.094133451829913,6.829293624156565,54.23015793692559,31.197547977989665,59.80020339649074,0,none
1.8036,8.084374858298787,2.1300557890777925,20.50688711055865,25.7637665608065,-71.22269639691297,0.5266697215759567,3.522454350794148,-8.100407492980583,6.81075543118145,54.288982924583856,31.06227117285689,59.91394301219147,0,none
1.8203,8.13339977327996,2.253158973741035,24.035863032222917,22.91930945484148,-68.67679976546269,0.3950394422728996,3.4952684723832195,-8.107167391113684,6.790802521182567,54.347353908072655,30.92688147742529,60.027349414295216,0,none
1.837,8.121615449779076,1.81293858781192,20.685351751911163,24.38630208194686,-72.71281447711127,0.3885294805495251,3.4747604363378084,-8.11183396381831,6.77183828180376,54.4053824073595,30.791413850229524,60.14043911360134,0,none
1.8537,8.045223699505671,1.801548791549979,21.63416418042197,22.87654931225317,-71.85211739117327,0.0421393097718493,3.447806390539654,-8.118692063387961,6.752309419062969,54.46296077408151,30.655831692770946,60.25320268089969,0,none
1.8704,8.030598997309427,2.0735076992055927,19.41821139544472,24.977951146866417,-68.28172747674125,0.0906931604128437,3.4271924120834703,-8.124045716145798,6.733064544966355,54.5201948873633,30.52016012931131,60.36564485880063,0,none
1.8871,8.009993939844758,2.3012464966368364,22.732887484152204,26.55931993698105,-72.23702183184855,0.4256497324415182,3.403984308872173,-8.129974157075772,6.715954105831027,54.57704142532147,30.384389560888145,60.47780129236801,0,none
1.9038,8.14222770917618,1.6661113032656472,20.729128679915963,24.321479812421245,-69.50724586512962,1.0388863377245725,3.379872577581156,-8.135254033210847,6.694982467897506,54.63348529736707,30.248530818533524,60.589607499581895,0,none
1.9205,8.07812944448111,2.1221324110827045,19.94684196396601,25.229151635928037,-68.50736202157039,0.7472417237118086,3.356579949828774,-8.141056994374894,6.677872033395596,54.689540182529214,30.112575166727463,60.7011279625396,0,none
1.9372,7.953832961622702,1.89690633313878,21.55741438689509,24.80593592557923,-71.73900016237687,0.2470446814730881,3.3340809734075,-8.147060812951667,6.65946553754916,54.74521933478512,29.97651925115117,60.81234103701667,0,none
1.9539,8.136249496999929,2.329449235697465,20.11227243468972,26.395054004938476,-68.26642826613651,0.4500053535315166,3.31181895606698,-8.152296237293012,6.641047288128587,54.80052671135144,29.840375903988377,60.92324652672842,0,none
1.9706,8.064674973064797,2.046495841800665,19.89735216371472,24.64233594307465,-77.32138707657941,0.4265085866332858,3.2887089035673984,-8.157876268656292,6.622767006166577,54.85544815004101,29.704139370301817,61.0338467357314,0,none
1.9873,8.159915877271557,2.15369271749575,20.32712787812681,24.75563368986669,-64.79369581079901,0.4453018756948134,3.266364708777788,-8.163134477042309,6.604848452295136,54.9099964406776,29.56781502453521,61.14414770488473,0,none
2.004,8.147757288592354,1.6342444642573937,20.82693585891516,24.773370768894043,-67.45939184997849,0.4445764550626847,3.243029571283891,-8.169545431671379,6.58771256570228,54.96415503451804,29.4313836158263,61.25416250473196,0,none
2.0207,8.20969118391033,1.496123495573174,18.578964186210428,24.55123730198343,-70.74711021968494,0.5543450327035978,3.2217964859256485,-8.174311398134963,6.570173528441337,55.017959035833,29.294872615477445,61.36388440265693,0,none
2.0374,8.175946200453952,2.132802226097499,16.6429707011757,23.917101964647024,-65.96199243964145,0.3328947498081746,3.199136947992185,-8.179097247736772,6.55144707656506,55.07138462286447,29.15828169144024,61.473293568835565,0,none
2.0541,8.131748856917012,2.0613249105487896,22.593367489752527,23.627809322239624,-70.08255851409858,0.5228811197981224,3.1764534517621907,-8.185138497516165,6.534319572291234,55.1244313955089,29.02158987853172,61.58241670569283,0,none
2.0708,8.05946731206001,2.072902509869588,22.008182748763783,23.279328528113712,-69.72329472838878,0.4881548099955679,3.1550766786296154,-8.19026066588865,6.517519732498186,55.177121176042014,28.88481252541138,61.69125928522555,0,none
2.0875,8.030322133208918,1.7663330338666912,20.131103632282752,25.99896069258612,-71.18974475140011,0.6034019028677609,3.133243186313476,-8.195280670767662,6.500578393664948,55.22944633725345,28.74795133820956,61.79981894439975,0,none
2.1042,8.097032929121408,1.9115382726906265,16.997120907877978,23.34354893259725,-70.95567929378757,0.3061102658711948,3.110988692759792,-8.201034799185692,6.483467113827367,55.28139984842254,28.61099405706316,61.90809284520067,0,none
2.1209,8.035238454642933,2.122217239961382,18.41506989738104,25.38510203519868,-69.87127200045514,0.2895240544390244,3.0900262724635965,-8.205915053866756,6.465906608202679,55.33300328717268,28.473955275663585,62.016073485557655,0,none
2.1376,8.113887426067134,1.9712993116685156,19.37200922891654,25.702233814115303,-65.43143295093749,0.6282570607753593,3.0677689927684555,-8.210374266029019,6.449175265741137,55.38423502935191,28.3368420254209,62.12377471249553,0,none
2.1543,8.036916534231997,1.848077758451618,21.81222130204156,22.328071455812424,-64.8630016788993,0.2472196674697122,3.047148177838104,-8.216281725085773,6.433009618558691,55.43512240392181,28.199630120611967,62.23120597312546,0,none
2.171,8.026881268823384,1.9463016257772283,21.25233613827221,26.26321882272764,-69.70667477123372,0.5721239647206254,3.023929564038267,-8.22094614416196,6.416315055340007,55.48562202764125,28.062340320004463,62.33835843454964,0,none
2.1877,8.232947614734131,2.1412624229136403,19.08513712561864,24.38986025483044,-69.95694209046981,0.0985098170636881,3.0046258047042094,-8.225866306268998,6.400031507690793,55.53579927857981,27.92496835268977,62.44523896072808,0,none
2.2044,8.093951274544821,2.0462693695984933,19.276931130119586,23.65624546310384,-68.1365925527547,0.0785282695431318,2.983444610145382,-8.230173372403003,6.383947776164561,55.58562280356924,27.78752445737064,62.551850888590025,0,none
2.2211,8.072438553867386,1.9797185111258275,19.716244471333155,25.9411209931366,-63.48926175713076,0.4826009640727164,2.96184244643661,-8.235998013437458,6.367176506732015,55.63508557242473,27.649983290546235,62.65818273625245,0,none
2.2378,7.993350246651945,2.168913202726272,18.236956587378337,23.75172202374972,-66.40507368436575,0.4569962684277565,2.9398416861859844,-8.240281855350036,6.3514561928286986,55.684180928584034,27.51237058356189,62.76425205467269,0,none
2.2545,8.01603419019288,2.067200462652666,20.27772113956538,25.452304522851023,-69.97680908401901,0.4132737314379829,2.920211507686643,-8.246031818874378,6.336189775594507,55.7329484607624,27.374661852186687,62.87006642392512,0,none
2.2712,8.113073637320666,1.9971502681520856,18.28897205947107,26.00366515190908,-72.06091726582633,0.3387044951486417,2.8983037739247246,-8.24980572330209,6.319058889936726,55.781350133786944,27.236890096607542,62.97559470738706,0,none
2.2879,8.015772838096478,2.2471056431726937,21.27032822619817,24.18637903348471,-64.53883572752464,0.8039558608206753,2.879811711026773,-8.254484520313287,6.305393608225198,55.82944298936109,27.09904020511831,63.08089478064442,0,none
2.3046,8.079063796261295,2.029448606555164,21.52491693661476,22.635606792363117,-71.2507910758902,0.5318784243042839,2.8573605176105703,-8.25907165197484,6.288418587978427,55.87716091000519,26.96111370853033,63.18591137106366,0,none
2.3213,8.102439627200281,2.066933647736321,20.97009649988633,26.513093090485675,-69.02447741011446,0.6917266125916848,2.8380655514436914,-8.264886156419179,6.273856672994093,55.9245566047143,26.82309010971813,63.29068477750266,0,none
2.338,8.173798409932603,2.2164535333930546,22.0130443788705,24.195161421058813,-66.16219325658015,0.5253269817619776,2.8173348206139903,-8.268848480565573,6.258936350291352,55.97160609621855,26.685000340092685,63.39520901455253,0,none
2.3547,8.221612302265473,2.099484566776169,20.61505490733188,25.836436413252603,-74.38137659666893,0.7141974752390753,2.7962465316733187,-8.273439290977471,6.241623305488211,56.018303413297495,26.54683390393336,63.49944412375418,0,none
2.3714,8.177928738963516,2.121561432995151,19.21226809053653,24.583963266579293,-70.759824685759,0.5935150713030493,2.776378800695584,-8.27861083605941,6.22880220480303,56.06466893926911,26.40858110297117,63.60346512057439,0,none
2.3881,8.078760599187586,1.8036232534742995,20.0522931667215,23.775406232358037,-70.03161400223705,0.4179882098950827,2.7572185107201284,-8.28148489592089,6.212836500241873,56.11071448839814,26.27028030520929,63.70721949012843,0,none
2.4048,8.166467257077207,1.9661379665483492,20.25560204976329,25.089602073932287,-67.90586961088255,0.7506542730508893,2.73580070235326,-8.287483484681454,6.198361715636672,56.15640236012744,26.13187933101511,63.81073213077956,0,none
2.4215,8.215940299358042,1.7238467587463382,18.73633935688943,25.252620733712916,-73.15205493163637,0.653807076625334,2.717972691394334,-8.290250319685917,6.183120173267231,56.20179250407372,25.993432150676355,63.913990237673126,0,none
2.4382,8.065376965080238,1.7425360074489435,20.36093541518977,25.349678563594797,-66.97292209074428,0.7225972606961182,2.6959213610156096,-8.296965098575054,6.169886588881094,56.24681439080268,25.854872833530152,64.01702734370744,0,none
2.4549,8.261268592044852,1.8704205152430813,18.23534212064646,24.2923414709067,-69.28733437815997,0.4815650789632346,2.678855641159525,-8.299114180017147,6.154801326977054,56.29155128001005,25.716277626723866,64.11981252586796,0,none
2.4716,8.023316757799096,1.9030248349929213,20.29814446508181,24.991319799686583,-71.50350760544983,0.1899278198040523,2.656847932893988,-8.304037210858576,6.139946598735806,56.33592064048938,25.577600205302527,64.22234963406684,0,none
2.4883,8.146595435839288,1.6422465706907978,22.80280626435951,26.66267732814029,-69.96329076788334,0.7020240272151314,2.637697401659254,-8.309043973560891,6.126386445744059,56.379970187097086,25.43883917094406,64.32466028771077,0,none
2.505,8.203681670752244,2.120936724780605,19.83777937917418,27.133052321045724,-72.33140025662304,0.1945183131471204,2.619739073755388,-8.31264064088744,6.112660260276347,56.4237198296288,25.30001807224124,64.42674171405739,0,none
2.5217,8.012476532190234,1.7680258203241284,19.68291882873312,25.443008796521323,-70.5855877050217,0.6246157479240824,2.5989792550539352,-8.316714690258141,6.096907245577399,56.4671227831882,25.16112893691393,64.52856006505853,0,none
2.5384,8.111882174977856,2.204217024145033,19.167438231519128,24.995592454334464,-64.72935376528058,0.5582985998329631,2.5794027203978134,-8.321433659755195,6.084465832315064,56.510198808618846,25.022160994796018,64.63017064445819,0,none
2.5551,8.0130237136078,2.05818717128359,18.21023222173456,26.001123468526764,-73.84733097239362,0.870330132859191,2.5604335689013475,-8.324963794674055,6.070135821870426,56.5529580492195,24.88313409942496,64.73154191268343,0,none
2.5718,7.996722350050384,2.283883476897233,19.479674755048705,24.00449254932841,-67.68079176994584,0.4605949368107061,2.543108905995214,-8.329688872934211,6.057505442862419,56.59542796794962,24.74402829524696,64.83270225357923,0,none
2.5885,8.041443199715987,2.1829041934499367,18.540143421355975,23.576630864782576,-65.51393258127764,0.1060373909574028,2.5226596858072163,-8.33245202639211,6.042340459790428,56.6375563847026,24.60487634640621,64.93360933925773,0,none
2.6052,8.105898079744394,1.8225103868040813,18.45502635685852,25.580621599184923,-71.05422753319144,0.3302974599322729,2.504723812228111,-8.337618770391883,6.030160662771811,56.67938527236681,24.465638112940667,65.03431302232602,0,none
2.6219,8.075824354348404,2.107599831091177,18.59527857401533,24.372679929373422,-72.86486161752887,0.332360841741225,2.484769135252403,-8.340748252675416,6.015878438057836,56.72088091692552,24.326347617120987,65.13477819224158,0,none
2.6386,8.197775180599182,1.901366054795304,21.44267128384727,24.844992676413785,-66.63627162359984,0.4048222854612263,2.46499736298859,-8.3464873704263,6.003407877957212,56.76204637288743,24.186961278034868,65.23503510380347,0,none
2.6553,8.231446677656615,1.891481350284697,19.25911466516475,25.742656437198487,-72.24263211350346,0.6178290551898213,2.449846109085885,-8.348579241294654,5.990408597845899,56.80295880290917,24.047540004705247,65.3350749273875,0,none
2.672,8.112658154187953,1.710504153423572,20.2423941140493,24.51430604981308,-69.78958152606948,0.5124606980351257,2.4298443533882583,-8.352758990244746,5.9770938018020585,56.84353720361075,23.90804892956816,65.43489239387759,0,none
2.6887,8.096219140955581,2.367695038745558,20.45587316456029,26.665533278162695,-68.69821417332761,0.3113468673798789,2.407928268842217,-8.35781051215668,5.964210770223941,56.883749605700416,23.768473494015144,65.53449471374033,0,none
2.7054,8.107383606132956,1.979923119969489,22.976965547734768,24.45987128254165,-74.923397282537,0.3464546447951294,2.392144894911441,-8.360961778031566,5.951732315744194,56.92369842544544,23.628845432322017,65.63388864341326,0,none
2.7221,8.093230883006338,1.640943436296595,20.99922739544773,24.585582024896123,-74.16958700596287,0.9084066914997992,2.374710738400652,-8.364551811403304,5.938880428038761,56.96335609477673,23.48915741707158,65.7330679465615,0,none
2.7388,8.07268597594589,1.8866465891642763,20.69693601546783,23.464174340142968,-71.2862901509689,0.2664621291535853,2.354562741575076,-8.367783180827054,5.925991828939642,57.00267729256103,23.34941543795177,65.8320320101048,0,none
2.7555,8.068590955405353,2.309505213702212,18.30205252015945,24.111867394536237,-69.84002222329929,0.3093428365291049,2.337135000575496,-8.371870734649605,5.914247244351111,57.04170744707064,23.20960519668312,65.93079993908546,0,none
2.7722,8.276701425550886,1.8896555800587584,17.08374234957996,24.85498664760268,-72.22290958825386,0.4118748834604784,2.3215466736320898,-8.375330518522864,5.900813884916894,57.0804772765203,23.06973717702379,66.02934353096357,0,none
2.7889,8.122295975086317,2.055584914546592,20.535499101120877,25.06585155966159,-73.35865450176551,0.2311552729803525,2.300515363098933,-8.379263868846209,5.889413719723404,57.11889588308405,22.929803470414058,66.12769674008295,0,none
2.8056,8.170106457060484,1.707425557991715,20.83261995833673,24.00622945065848,-68.75516400097037,0.4411750275790146,2.282565990520437,-8.383775178770692,5.877256462926931,57.15701473512574,22.789794424928587,66.22584692301383,0,none
2.8223,8.000038881850887,1.8639019140781607,23.122751961624047,25.49287259052228,-73.0465764445152,0.4712496739880089,2.2640903948303355,-8.387576613959785,5.86531651507612,57.19482504471941,22.64972189547546,66.3237977088156,0,none
2.839,8.12171075803439,1.940715544303513,20.071739175349027,25.93159093274443,-74.38119355349042,0.3998097100614449,2.249021052885193,-8.388842725350845,5.852221853615787,57.23238369630259,22.5096282219621,66.42152981377099,0,none
2.8557,8.271601882338796,1.7978479760624109,20.97323324565123,25.25975314732501,-68.3918426261974,0.8449297730942067,2.2289175537635546,-8.394312672500604,5.841318086335783,57.26960661945044,22.36944320033134,66.5190798258128,0,none
2.8724,8.136037280442984,1.9433626206457344,17.511135508574185,23.47222329639649,-65.75270355959368,0.511446340481778,2.2125155706535677,-8.397095977614015,5.829404971691448,57.30655562948036,22.229211697505185,66.61643088884004,0,none
2.8891,8.260796014001386,2.195397610866523,19.310387092312563,26.324521048293427,-72.13174271745328,0.4289613247845105,2.192979185772953,-8.400039172673127,5.817489163550641,57.343178381882765,22.088931043321544,66.71358295787134,0,none
2.9058,8.224658685629583,2.1766666529198586,17.931359486171385,24.68089895033987,-65.02270263142952,0.45168944836799,2.17792349821694,-8.404205765117553,5.806286152033954,57.37954970430299,21.94858080704408,66.8105479366103,0,none
2.9225,8.063108338351684,2.2688315940036734,16.987951874933135,25.194596803219,-68.59454091518894,0.9446312755966064,2.16000870253367,-8.40747535322759,5.794023036858386,57.4156218496353,21.80817596864518,66.90730812132584,0,none
2.9392,8.05644184451638,2.404999868636112,21.269075408805328,27.26424546047829,-71.04875750194655,0.3911143204892114,2.141052948353249,-8.411240956365797,5.783501278924693,57.4513774338728,21.66770824467387,67.00389259268388,0,none
2.9559,7.98619609461969,1.7019441314705244,20.14170761417422,24.941020805739782,-68.33903355701533,0.6800619166866444,2.1250766243986097,-8.413395916701907,5.771905630585471,57.48686621350026,21.52720453286495,67.10028341671466,0,none
2.9726,8.21904141298028,2.2664110578414824,18.097541003556515,27.46360434450687,-71.06737490164882,0.5365922076736911,2.1074616997464464,-8.417605891853846,5.761954561447799,57.52206082388602,21.38663051447099,67.19650805789084,0,none
2.9893,8.009405545313253,1.974037342712276,21.303231738996782,24.49657005718624,-72.56965004177118,0.3455238493759204,2.089490913319851,-8.421112834780349,5.748814823178435,57.556955322138464,21.24599793013016,67.29251326543792,0,none
3.006,8.121500333536776,2.319909786151307,18.88649333314039,25.021560474312498,-70.73978722771845,0.2202413237316273,2.0719250475232958,-8.424337277021916,5.73865081079561,57.5915564704321,21.105311497603893,67.3883487339782,0,none
3.0227,8.055333396310912,1.922004962301986,20.11513975906548,23.88096726861618,-68.61793816043766,0.3623540240891351,2.0566030322448783,-8.427058046984511,5.728260344507257,57.62590174107059,20.96457962821925,67.48401068173148,0,none
3.0394,8.060403025875678,1.9826317925628087,20.28702281107904,24.407741633963017,-70.30969259626407,0.4101574384107627,2.036963691412263,-8.431083308635907,5.717077851271883,57.65991903471718,20.82378053696503,67.57948588184772,0,none
3.0561,8.158336674536693,2.23253034012545,18.27320722070452,24.15507223234072,-69.02362321548024,0.4326285295001906,2.0234244096237246,-8.431875504721669,5.705235040000411,57.69371022235789,20.68296821603618,67.67476330701572,0,none
3.0728,8.090013103300018,1.8467489432728312,19.72265479558718,25.973795034853925,-71.4335369976492,0.6054061461032844,2.004296715558857,-8.438637777697288,5.696677981835129,57.727181977507726,20.542042965148635,67.76989782931237,0,none
3.0895,8.231488367460948,2.040454615297828,18.661151480271595,24.240104023650638,-71.34570176883642,0.2801855316601825,1.9885890377331137,-8.439467883251776,5.685380560188589,57.76039141443787,20.40110385149833,67.86484368466752,0,none
3.1062,7.930986681832172,2.193493204999792,22.22101852877544,24.52678389864082,-70.70235534587633,0.746051763026791,1.9708397828247044,-8.44288688012523,5.675414704971437,57.79330443881104,20.26010764060024,67.95962311024054,0,none
3.1229,8.247512822090844,2.1795547839367853,18.26793692305382,23.832926887945355,-67.53565109903616,0.5053482120560516,1.954858788148877,-8.446540064585372,5.665403243866622,57.82595058057313,20.119050421521663,68.05423534441312,0,none
3.1396,8.059068005659737,1.999525390976637,24.031045996402774,23.79877992604897,-74.24761855147005,0.4977664929283871,1.9380381544426504,-8.448852308937873,5.653932090600865,57.85831581775232,19.9779545879624,68.14865601032615,0,none
3.1563,8.144845801332812,2.3555141653760048,20.608212629700635,25.102305913905603,-71.2225529311577,0.2636306781344374,1.9233329500891247,-8.45108096147427,5.644300471520231,57.89043547801881,19.83682153590578,68.24291582820054,0,none
3.173,8.152922667703605,1.7274173709116836,19.65366870523347,23.59241791398907,-71.3061105522005,0.3236159493866185,1.9047544979127944,-8.454837914931533,5.6344612762445365,57.92224487813395,19.695625742726424,68.33701133151382,0,none
3.1897,8.105946450598843,2.0010036296340146,18.078677130029217,24.967789378056064,-65.956703599227,0.446824783970023,1.8901900684781223,-8.45842768522291,5.624866389997258,57.95381105227754,19.5543700003832,68.43094660022678,0,none
3.2064,8.125118431509875,1.7825149621584344,21.33696204176904,25.36601882344876,-66.05015489782785,0.217161515695285,1.872150580638532,-8.460753828185524,5.614337436016906,57.9850759669742,19.413075411452503,68.52470603540826,0,none
3.2231,8.072389003176173,2.2538449678460077,19.878772203482857,25.43503224948118,-68.05392669260712,0.9670507820259896,1.85667503896091,-8.463898025859322,5.605582397019683,58.01608244012485,19.271728314420653,68.61831926143849,0,none
3.2398,8.150816667662651,1.968472502903684,20.541262843465503,26.395805018026685,-72.0234281871901,0.5132477262465129,1.84040378033552,-8.464914447629438,5.594343930030613,58.04681718325645,19.13036424314524,68.71174480507,0,none
3.2565,8.173185035947702,2.072163327917026,20.36905607422146,24.854816090885667,-71.97075676234523,0.7404332942463505,1.823706731803856,-8.470053163111155,5.586081141309805,58.077273085677575,18.988914355321285,68.80503236012987,0,none
3.2732,8.051698312959285,2.2093260355081874,20.543483778984733,24.7631218760394,-72.83301153292781,0.2691867051827979,1.8094656275097376,-8.471347347896788,5.576290380088642,58.10749116165699,18.84744285461141,68.89815640947735,0,none
3.2899,8.068020802193642,2.09475042839015,19.573336425034064,25.932772187879397,-69.75450192540242,0.2532752781486304,1.7909389901928228,-8.47507761728539,5.566760003581508,58.13739984279321,18.705909058402742,68.99112130153716,0,none
3.3066,8.04575399393741,2.299482277022951,17.089938939660072,25.51671713948286,-72.86676912052874,0.6174802184070207,1.7770854000353056,-8.47756716104727,5.557281707888659,58.1670771689738,18.564333686813253,69.0839279060589,0,none
3.3233,7.994214520077405,1.8193844446310172,20.098893431038366,25.29147052747722,-69.41003646900933,0.5214767971253985,1.7603533400298417,-8.479699759687652,5.548226912593409,58.196475069752296,18.42272270082647,69.17658329549921,0,none
3.34,8.143595015972018,2.1200230240543703,17.34152821187997,25.694297157788,-67.1592342758086,0.4761330230623777,1.7427954389042313,-8.483632884429209,5.539430838669087,58.225579753582,18.2810460316565,69.26909179050499,0,none
3.3567,8.019244329345305,2.218797384033228,21.05402683029493,24.61773843456258,-68.51630186149644,0.5664457654245246,1.7293497544233751,-8.484996474532954,5.529882531791311,58.25445989448087,18.1393465905318,69.3614408287859,0,none
3.3734,8.144330259675908,2.148863624531058,20.270528591790253,26.155044592696008,-68.30931176479396,0.6466521593449535,1.712383246701102,-8.488117558688096,5.520640783580956,58.283056694700775,17.99759502730171,69.4536355298717,0,none
3.3901,8.174445772167346,2.096932249296326,21.06271499430898,25.478040838949884,-67.53613167886685,0.6325832977985003,1.696542439298056,-8.490946583600657,5.512835360023216,58.31138895343705,17.85579621935558,69.54569988038409,0,none
3.4068,8.100912411076777,1.7848119387714731,21.86614379526381,26.69703909698896,-70.34155438307812,0.2414419046994541,1.6804782140590289,-8.49385271590483,5.504026287504969,58.33945293961184,17.713948878999968,69.63761711938542,0,none
3.4235,8.073391541796415,1.7588278749959452,20.816625699657266,23.475695356483083,-73.29549589713139,0.1832324581475684,1.6666923964194356,-8.495666414891382,5.495066123421328,58.36728670263204,17.572071249871282,69.72938472364656,0,none
3.4402,8.08235897164969,2.1792051550034346,21.07556116786978,24.330060174136648,-66.98481439802178,0.4414321673131006,1.6492227166287865,-8.498584440985724,5.485453269099543,58.394828721999744,17.43014488970682,69.82099179324052,0,none
3.4569,8.16178084481822,1.9786714377156585,20.728059584974424,24.571365861771252,-71.24653543071508,0.858598693925108,1.632766495876717,-8.501779170851446,5.47784729580165,58.422095922480885,17.2881651775536,69.91247184308041,0,none
3.4736,8.163734238537828,1.746050639045536,22.84959241750278,24.40581928442297,-68.4061259956575,0.0892937541922334,1.6189845242547598,-8.502953925277131,5.469104614025036,58.44913296403594,17.146165847001473,70.00380589013463,0,none
3.4903,8.190280021507613,1.744084199981204,21.13197242492277,24.74464012951472,-67.89133280980307,0.4701050276052552,1.6031119054858238,-8.506418403016765,5.460898178131197,58.47590493285755,17.004108659671093,70.09500288970942,0,none
3.507,8.213891131802345,2.380773009089153,19.48002973469327,25.343384233810003,-70.19949557686884,0.1594608913139422,1.5871317006714265,-8.508476623268509,5.452174769872242,58.502410032258766,16.86201710006251,70.18605420836629,0,none
3.5237,8.241364447887339,2.020049749810072,17.421309317080006,23.33406209084172,-69.20303378862032,0.3998365129462384,1.5744442025650385,-8.509814966394998,5.444763745560432,58.5287032504416,16.719903190123713,70.27698176291715,0,none
3.5404,7.981711501385072,1.9066083708367387,18.535197231163608,24.396616215721007,-71.49094567286619,0.5541371003297983,1.5563681407392396,-8.514532597735215,5.436673316723328,58.55469459839195,16.577710495741535,70.36777420730643,0,none
3.5571,8.069732709969387,1.9999381572859636,18.70525570903012,25.24714249880136,-64.45996874003649,0.2298287254894256,1.54257659813216,-8.51533297248995,5.427134465444492,58.580455627580754,16.435504435100952,70.45840735287935,0,none
3.5738,8.119009625083685,1.9858397562260115,21.753861260114824,24.77263922469385,-70.9809457259367,0.0578645163814322,1.5282103596535106,-8.517631250283817,5.420897536872488,58.60597674058697,16.293259993221213,70.54893634174512,0,none
3.5905,8.07808250871639,2.276430427516552,22.300321755866477,25.366064421276697,-77.31823793290553,0.7225041002433696,1.5105347138376282,-8.520553506618375,5.411912363838301,58.631202670308056,16.150966749660686,70.63931527822122,0,none
3.6072,8.231768170110229,1.943579514479889,18.840244554259503,24.64398298555428,-72.68805713745482,0.5120173667312402,1.497977146042222,-8.521877880225988,5.40512896820074,58.65621888864696,16.008651389060912,70.72958093199017,0,none
3.6239,8.099224357807769,2.222562189028479,20.398975638001502,25.45344652223774,-73.74668259825243,0.5340039983917435,1.4806620277119962,-8.525127217447368,5.397644029962506,58.68094594450975,15.86628176452954,70.81972158729054,0,none
3.6406,8.126012678225825,1.9194956964307552,18.82852488619739,25.46082706142156,-74.84887246173372,0.2674922859077558,1.4687524275915815,-8.52656546314534,5.388808527616724,58.70547411005053,15.723888121295014,70.90971468970174,0,none
3.6573,8.073567624815098,1.93165934950474,19.926651624873426,24.5434955670526,-68.25391545533944,0.5151157896559008,1.4499438851192132,-8.52971569002358,5.381291561794871,58.72968817293202,15.58144186927162,70.99958225878372,0,none
3.674,8.09390779130704,2.380553928170522,20.53235133166117,25.308163933765854,-72.90628190443987,0.2768048411172103,1.436575592233233,-8.531109108466618,5.3742780284570095,58.75367898532232,15.438972347160227,71.08933270185895,0,none
3.6907,8.140976816539725,2.133336848869104,17.865592671765967,24.55987200548849,-67.56246810471781,0.547589290496221,1.4236754686789517,-8.532363541641493,5.365750835213866,58.777454365649255,15.296481876014814,71.17894074080702,0,none
3.7074,8.122092911603039,1.7188016094713208,16.129476232460526,26.111761825100203,-73.42781212133768,0.3800416358556973,1.405653449294679,-8.53736909871755,5.361237161888519,58.80092877825248,15.153907812066231,71.26847340141056,0,none
3.7241,8.112987452698013,1.8337008801444132,18.68676887882493,24.897197230723783,-67.20628867464467,0.0544808927925394,1.3927394299045914,-8.53671132830786,5.351730000111111,58.82418752673188,15.01134473288349,71.35784729241242,0,none
3.7408,8.094456902912064,2.144151706817781,20.58191018148992,25.364710695875896,-72.2272503693372,0.3852118112052541,1.3775529247952218,-8.540346808517482,5.345890002995965,58.84719266057596,14.868720941181248,71.44712365546245,0,none
3.7575,7.9899129462302305,1.8111978021828623,20.30893979322743,25.33397550902294,-68.32185164583942,0.9452642808309838,1.3645669458350154,-8.54147893793843,5.3374047440287535,58.86998092857141,14.726078242917676,71.53625831468773,0,none
3.7742,8.134077018885343,2.079927631419781,19.99091754666812,26.262769816455656,-64.99642557641263,0.4455998741188642,1.348392623194666,-8.544495788906008,5.332473436664917,58.89249908537876,14.583385163242946,71.62531062108003,0,none
3.7909,8.048335404706373,1.8076718636190785,19.65976682755277,25.268921238380724,-69.31693038519263,0.5864345621134075,1.3340220331778578,-8.545230762496871,5.323798802016528,58.91477725333283,14.440679809509248,71.71421806107371,0,none
3.8076,8.1183867331375,2.292776981626112,22.75833758205975,25.337750927495875,-64.75494262213054,0.0,1.3205252720132012,-8.548335892667371,5.317610368763156,58.93683002537545,14.297922600101703,71.80302215423205,0,none
3.8243,8.017492940623965,1.9168449935181135,19.41566710794889,24.58762240897539,-69.75411178471826,0.9252999321830008,1.3062950537443645,-8.548678639391522,5.30985246633592,58.95864515277298,14.155159666823865,71.89169669041986,0,none
3.841,8.218859539953948,1.9522690771142448,20.57025652637869,25.905254968200637,-67.68646940515772,0.4200076581440283,1.2885887111539651,-8.552049160129826,5.303542198883557,58.98016458424925,14.012340445849697,71.98026584514122,0,none
3.8577,8.114555547874042,2.10190975895364,20.984354005320984,25.70840808523428,-72.77761508370973,0.6234998882391838,1.2750130134800834,-8.555501417425775,5.299260943997727,59.00145730157437,13.869463572178686,72.06876350290598,0,none
3.8744,7.997541603807005,2.0682964073587806,20.105781745230978,25.71640458727576,-71.9836325170113,0.7766889093836524,1.2613043992891806,-8.554497082093537,5.289261797720075,59.0225210850425,13.726603470907724,72.1570941749279,0,none
3.8911,7.961277084394612,2.2673346600718203,16.373434838911205,26.39398173405345,-73.96131797199683,0.4133446300490354,1.2483963508683875,-8.558311667444361,5.285968779166345,59.043369304102,13.583679666061403,72.24536985353998,0,none
3.9078,8.022294097023368,1.9753225611148515,18.37182480806321,25.033806842737174,-68.97299005821606,0.244816575991371,1.233386423125293,-8.559485679102497,5.277974428101194,59.06396685736819,13.440736255220392,72.33351202648927,0,none
3.9245,8.138019797232348,2.179073802953153,17.549547666210668,25.407048136693028,-69.79858898233367,0.4690990701854456,1.220488301675362,-8.559625462620538,5.271102203819711,59.08434901200617,13.297790509994629,72.42153943329306,0,none
3.9412,8.135687437698573,2.3279960195306657,17.854908536199495,25.064127967033706,-70.0955215852078,0.6294183981391046,1.2040141473415935,-8.564664140578707,5.266172637273663,59.104456048266776,13.154760618846964,72.50948451633553,0,none
3.9579,8.12091958772702,2.3411622548970854,20.58983863304414,22.6533919583238,-66.54636358232287,0.430216090554584,1.1888912637028974,-8.564184486842523,5.260464119641573,59.124310532370615,13.011738737916694,72.59733426713355,0,none
3.9746,8.169583258846624,1.8651523252811424,21.763201808442403,24.86306453674312,-68.04531429577861,0.2316850554512007,1.1770614263022918,-8.566293041066467,5.251995434025809,59.14396745818986,12.868681644130884,72.68504259088178,0,none
3.9913,8.018801710475003,1.9815724671364572,19.40003030241118,25.429096933923105,-69.85003759307119,0.5554580205721058,1.162953527755657,-8.568913272530445,5.247688880824946,59.16338878210338,12.725580792479626,72.77267899519155,0,none
4.008,8.02319188666479,2.2041983794068045,19.14488307745085,22.91672456309093,-73.58725370602366,0.565810895249637,1.150463597906911,-8.568720404777963,5.241662387334145,59.18260152418843,12.582483161719834,72.86021475706004,0,none
4.0247,8.105590001942055,1.986780597400024,22.580288373773584,25.258158802372755,-68.98726071261277,0.3407783650784222,1.1317841452692,-8.573234062502642,5.2367457861490445,59.20150231941442,12.43931015287604,72.94766841168872,0,none
4.0414,8.043101380631517,2.0136046981461257,20.40591296197569,24.32123038632768,-69.27595494046572,0.7778239744696525,1.1203262166814287,-8.572917099676411,5.229864531545044,59.220211767233,12.296142437311444,73.03500714936553,0,none
4.0581,8.04611345341019,1.7378374886766652,24.02076237327395,25.47905276429078,-73.6843259654898,0.1723342193286621,1.1082931986392768,-8.574724851730862,5.223735636303026,59.23872026365028,12.152944532287538,73.12224353449179,0,none
4.0748,8.009412203222917,1.7824438203892987,22.13472489552484,24.90336510654808,-65.70573520292044,0.5624228017267693,1.0926362492735289,-8.576120558076196,5.2186878020391765,59.25696728901315,12.009723318967666,73.20939562078584,0,none
4.0915,8.179944466471436,2.158393840415221,18.862875104437023,24.80923989918832,-73.51513116409632,0.102773294318588,1.076619739084882,-8.57948281237276,5.21342134591688,59.274946838655865,11.86644595600104,73.29645975726265,0,none
4.1082,8.18009072950843,2.125892639624541,19.70701165433535,26.29875375379913,-75.71297963030243,0.57435162068452,1.064957273052937,-8.579325679125029,5.206979260786945,59.29273162511585,11.723171217159653,73.3834163109178,0,none
4.1249,8.095808766032341,2.2529742482396187,19.1561619802243,24.56143575240981,-76.92828533437672,0.4841526681253991,1.0497742150229423,-8.582260691741313,5.203410923585549,59.31026285450673,11.579847463607573,73.47031327334167,0,none
4.1416,8.140679762838086,1.789250609197483,19.888918288222094,24.17786573741579,-72.68183477625493,0.324356474020654,1.038395186998593,-8.582015209397401,5.195702042011372,59.32760405412961,11.436527809610636,73.55708149744326,0,none
4.1583,8.12616623700065,1.9773888205705303,18.738052507858093,23.714864383561306,-64.97044822742085,0.6513587616480874,1.0229100717340711,-8.584513915709758,5.192168614516612,59.34468665232757,11.293166427218283,73.64379071330569,0,none
4.175,8.115650580405088,2.255849244429581,20.496756441389746,24.127733817642284,-71.44341801074935,0.1774972564646071,1.0104166292415766,-8.585654657732917,5.185554860015212,59.3615606100359,11.149785994434144,73.73038947946795,0,none
4.1917,8.22886908267915,1.762739899173717,18.13616850823825,23.52778980507704,-69.87507503200112,0.3837074640854042,0.9946201895348477,-8.588176782619394,5.181938598096741,59.378170767201134,11.0063634421644,73.81692785405616,0,none
4.2084,8.153783611900987,1.9670803291902572,19.122081835605925,25.226828187796556,-74.98491389864006,0.4007346288515838,0.9814275542711808,-8.589067891787911,5.176477726297912,59.39456060735746,10.862926008371542,73.90337503208534,0,none
4.2251,7.919559293642755,1.8144171956876456,17.842658670093396,27.215878654030693,-68.12242946250181,0.3561233235251355,0.9678934748514776,-8.590594375997473,5.171174328980495,59.41072442838748,10.719463082292384,73.98973364337931,0,none
4.2418,8.09102479315385,1.6267905377200764,18.78939859536093,23.685983919985475,-69.75100737187135,0.2134664575620762,0.9551716101756196,-8.591718072425888,5.166511716085434,59.426675794277415,10.575981390482871,74.07601438903794,0,none
4.2585,8.093356139074633,2.481037183301177,20.795250666379005,25.300904194449195,-73.80173281054371,0.6454570928914162,0.9404713401333632,-8.593764020324544,5.161415047658312,59.44238166565764,10.432465531343452,74.16221002033383,0,none
4.2752,8.172982458839229,1.8254298372185815,21.364274713732307,25.966226251537403,-74.10525771928013,0.2819101867065196,0.9297680341529748,-8.593722069262679,5.1564140308034405,59.457908791828,10.288950372786765,74.24832213464825,0,none
4.2919,8.158581369885654,1.881310078883789,17.199729202235986,23.49837506703335,-67.8960355692033,0.5593586749250133,0.912155437927232,-8.596657525041383,5.1528576616860535,59.47314178764138,10.145386192118574,74.3343748575984,0,none
4.3086,8.199239598736199,2.0460221285419977,17.78701713545983,23.34358550050811,-65.9878063659188,0.6265882884952951,0.903561886220242,-8.59631174099009,5.146510925180179,59.48823127114126,10.00182778604404,74.42032159004891,0,none
4.3253,8.018365596955581,1.952857644868176,20.639441858206197,24.813017215771517,-62.75816576865771,0.73926626857381,0.8846174697996666,-8.59951175768148,5.1445212532801,59.503004382886914,9.858215939690758,74.50623509497869,0,none
4.342,8.093561330628608,1.8939806026986692,19.716621377326423,24.8320601021389,-70.05746060528527,0.5216450371613263,0.8716632416330711,-8.600196823473253,5.138068105531614,59.517561159022186,9.714592652738755,74.59204083234107,0,none
4.3587,8.125880144044086,1.8874377079401587,19.3407348317334,24.481018022424625,-70.99222329389917,0.6868928963387421,0.8608706115017857,-8.60094495663352,5.133975019958145,59.531937698234266,9.570956871962975,74.67777821517437,0,none
4.3754,8.043759605661993,2.130539838823164,19.56716023281655,25.49163867696653,-67.91380206973973,0.2534824056490591,0.8487443366108435,-8.602488033487782,5.128813092735023,59.54611172865567,9.42729532180373,74.76342939382305,0,none
4.3921,8.239914782507611,1.8878446686440584,21.96289161545733,25.432105028483218,-70.44839455972672,0.1912363441284171,0.8343062816832518,-8.60379986315373,5.126141210169607,59.56004464355978,9.283611864089062,74.84903595203288,0,none
4.4088,8.05172105475165,1.8975891013838848,19.338509751373792,25.182074239611623,-69.49214650247055,0.4886389341154145,0.819438398016831,-8.605360965130785,5.121222243285652,59.57372926480666,9.139902335971378,74.93456036349575,0,none
4.4255,8.068523568853708,1.933710558907169,19.200816376551423,24.77412519363241,-74.99437858105179,0.2426130761076702,0.8049904815368132,-8.606843243396,5.117600492805772,59.58717260584832,8.996168053806665,75.0200242917256,0,none
4.4422,8.148172671012714,2.079414255143196,22.494090471196536,25.467104548504448,-66.98153453727056,0.415928457292718,0.7941229353700501,-8.605606321757778,5.111995152122768,59.600434458869,8.85245442823331,75.10539461076606,0,none
4.4589,8.12257676118274,1.7015406608859125,21.046656325385385,23.78461864889725,-72.1683636908177,0.7340206669974879,0.7805302543913458,-8.608827050186163,5.108830411704778,59.61346931411734,8.708687016495201,75.19071207864152,0,none
4.4756,8.14349715798142,1.9793992674265104,15.49237028894584,23.29129929305085,-71.03625000682355,0.5972531834826935,0.7665585301971972,-8.609930255726072,5.106448754838324,59.62627084157163,8.564901181224576,75.27598977284732,0,none
4.4923,8.070835781681588,1.9347927449167397,16.98188152856929,25.98148721368499,-68.99946999716828,0.8255137434796364,0.751724334857848,-8.611221975655866,5.099978706769599,59.63882463796376,8.421093774231123,75.36115941725038,0,none
4.509,8.093226731761733,1.5496684116441315,21.348587618119225,25.957319664017238,-65.77857389413681,0.6688548158614067,0.7401900322983392,-8.611816688481705,5.098432796908904,59.65118581150314,8.277276435533478,75.44630324495876,0,none
4.5257,8.30266515496173,1.887938285370548,21.652329882353644,24.781303513033063,-69.9197306110535,0.7988360180382221,0.7283248416324548,-8.612490703235494,5.092778864411311,59.6633488363584,8.133447840789445,75.53135265199442,0,none
4.5424,8.211515258408479,2.1539824263561,20.28141445165964,24.42582338907441,-74.44992340908654,0.4435952769348562,0.7135075807691758,-8.614098308881012,5.090671042837129,59.67526441295725,7.989592399031133,75.6163668584098,0,none
4.5591,8.071838056651728,1.8324631623236276,20.69362529504463,25.22645171393664,-67.47631767008197,0.3944643362393547,0.7003431491587341,-8.615554414056342,5.08741722355355,59.6869601435482,7.845712640316392,75.70132672604315,0,none
4.5758,8.090179010552296,2.2731956816742533,19.6548584090616,25.16105113265348,-71.47851550381817,0.7019529914747433,0.6892729194916485,-8.614813979232947,5.08086488334648,59.69847100130371,7.7018452468632015,75.78617716959504,0,none
4.5925,7.955504468538354,1.7304727323225593,22.152647122333853,25.563908299603774,-66.86658987673735,0.6432936105841158,0.6728854169188297,-8.61776037843081,5.079588844936692,59.70970818776625,7.557928648543407,75.87100630330548,0,none
4.6092,8.080965030360092,2.1397164792250822,16.339125357185225,25.241304448865023,-68.02349967595057,0.6601516446434905,0.6599451159297826,-8.619239862586703,5.077817275273882,59.72072927120228,7.413987342838209,75.95580585180255,0,none
4.6259,8.114814322011211,2.1676640529339317,21.954751450030635,25.9553923540106,-71.72699366150115,0.5214343603784697,0.6481659596300098,-8.618755331329908,5.073438538655984,59.7315536427281,7.270054128805,76.0405322753981,0,none
4.6426,8.099106971235344,2.146606192848852,20.549688817060076,26.99132874644675,-72.76427877937796,0.5149394812779705,0.636094795528825,-8.619511747965158,5.068225464468302,59.74217642581343,7.126108282613981,76.12517164065473,0,none
4.6593,8.046899667769214,2.1929104508723736,18.15097475884329,24.653752248274845,-69.3041887276146,0.6668238514123559,0.6221843625523664,-8.621219227095805,5.066766107715016,59.75256690466806,6.9821339215214815,76.20978663465357,0,none
4.676,7.999468379512651,1.8894112996389167,20.88425382669833,24.43327873514553,-66.83499942142183,0.5052171149096765,0.6082608301376737,-8.62155136115711,5.062694411108311,59.76272486053136,6.838154013790158,76.29433363131908,0,none
4.6927,8.031063523928536,2.4745146740498583,19.192420452676323,24.332749349946283,-64.38509897993973,0.6642722654090126,0.5966747898862432,-8.622452235784754,5.060119642920114,59.77268932952246,6.694159061452552,76.37883762935584,0,none
4.7094,8.159428403513111,2.166723006310777,21.299153980259607,24.308837290341007,-72.45842985939595,0.4267556202891975,0.5832178604517828,-8.62374328664932,5.057220569682726,59.782429067792,6.550142548565509,76.46329321286954,0,none
4.7261,8.05439660958399,2.061065336242337,20.40946828083213,25.46470423415476,-73.39268839903015,0.5638290843050178,0.569648369380611,-8.624157747915746,5.054905489579696,59.79194219556066,6.406119114175316,76.54771013454553,0,none
4.7428,8.27984801082763,2.214628312818538,18.118553120824068,25.34862781400113,-67.92032754581506,0.3495438074005472,0.557507756295484,-8.62617370778717,5.051970620072355,59.80125257509079,6.26206201325527,76.63207804390073,0,none
4.7595,8.019041592518496,1.6977338089880805,17.496423882948434,23.898983973380908,-69.20312887143378,0.6909019941044368,0.544716437130041,-8.624955651575164,5.048118475542822,59.810349339590864,6.118025253873965,76.7163816224423,0,none
4.7762,8.12329175080074,2.3771863121517667,19.58679174495501,23.34996752704906,-71.2125108474196,0.4752571735493711,0.5307213705241897,-8.626337310706912,5.044731152136995,59.81921238647862,5.973965420785159,76.80062863268299,0,none
4.7929,7.977430890265026,2.006537557980093,18.944552206176983,24.916725413312975,-70.79710402450284,0.2264508820787547,0.5155001058505446,-8.628671075883497,5.0452564121211125,59.82782123824632,5.829866613817905,76.88488441476541,0,none
4.8096,8.130660993230677,2.4330283023667345,20.255804681605337,24.394238448793885,-64.8744901107635,0.3628553921629682,0.5060478038221893,-8.629157779471322,5.040834771850421,59.83627223657015,5.685759678900734,76.96906635545531,0,none
4.8263,8.173996825609036,1.7745166303486422,19.48778930962532,23.528175421408868,-69.93428467850376,0.5486019682746642,0.4961168926708815,-8.627551332005519,5.03710509286901,59.84455738867776,5.541679571656242,77.05318601050622,0,none
4.843,8.22332958021488,1.881238151486036,17.925280148001242,24.313466176059677,-69.87978217012984,0.6201479130838924,0.4772216128116328,-8.630106292546087,5.035878006753842,59.85252698961171,5.397556796570722,77.13728517321901,0,none
4.8597,8.218447204497167,2.047870706968168,23.01440496962415,24.490426070526844,-65.86231537986461,0.3439007068095088,0.467702231046223,-8.630498649413083,5.034008916275711,59.86033761687018,5.253427469125524,77.22135312212082,0,none
4.8764,8.133388682884028,2.138989470613567,18.50286708324045,25.36323685368136,-69.15092893493363,0.7125192115572749,0.4563988726832286,-8.630171375013884,5.02988252886787,59.86795947804399,5.109303607162792,77.30535216035291,0,none
4.8931,8.05923827527887,2.0805146684536675,20.37392212063884,23.804138928876498,-67.23837994040828,0.5261874559219047,0.4395329814548279,-8.632479455099636,5.029595219203108,59.87529967883429,4.965141200262628,77.3893464005136,0,none
4.9098,8.261371371523953,1.98478966102442,20.43301368466136,25.552686667132907,-65.57308337574018,0.23122524163889,0.4296818072331806,-8.632706196588506,5.027755409998802,59.88247536501508,4.8209750067796,77.47330991586058,0,none
4.9265,8.04717652582948,2.151514393124846,19.464986550148858,25.94440423653031,-62.40255211545022,0.4137451091807169,0.4134377420279476,-8.634236401311998,5.025355222835583,59.88937977530695,4.676783258877689,77.55723334808194,0,none
4.9432,7.996541565874417,1.5027185035466497,18.41672643738903,25.372940451097715,-71.61683957986347,0.4108908815543975,0.4050359832034249,-8.632045379491922,5.020669722578683,59.896143876226446,4.532628101040174,77.641078532449,0,none
4.9599,8.128189856801608,2.159901185516946,19.05963160432374,27.421254890574414,-70.01980475936142,0.3817778705141423,0.3894396977354809,-8.634878368143841,5.021079303219437,59.90264751917863,4.388425632292172,77.72493055681277,0,none
4.9766,8.187223635558286,2.1378554648133083,18.972615784020324,24.9805400830401,-71.10211644327217,0.3970021731854349,0.3805086243602318,-8.634437296245261,5.018541895718877,59.909002013205445,4.244230529444876,77.80874020647127,0,none
4.9933,8.116106271395138,1.9855679630015484,19.1301731402837,25.025629875164373,-71.9371835350292,0.3715446940870981,0.3659039238961483,-8.634865209872988,5.015009474401134,59.91511260873451,4.1000282804399975,77.89249086469377,0,none
5.01,8.125397347132624,2.0117425927871304,21.369748220590772,25.175633596233908,-65.46979842604995,0.4658011443589203,0.3540337588758691,-8.635598286590081,5.014545525285256,59.92102497250774,3.955813789053943,77.97623377496603,0,none
5.0267,8.004261709508773,2.003808457421153,22.294054846082588,24.628535041205232,-73.68645993066862,0.6314176568323971,0.3416251540431994,-8.636161839244497,5.012611750251342,59.92673011258026,3.81158988633856,78.05994439119523,0,none
5.0434,8.177903416222794,1.713335256342262,21.414343647219816,23.438976781305502,-69.86523036479079,0.453600340339882,0.3217531585913414,-8.637266433346007,5.012886223274865,59.932103390328734,3.6673475369016817,78.14365959112392,0,none
5.0601,8.048609467480016,1.749336019497819,21.17540884195948,25.711165047079,-71.85431791585881,0.2530617791175082,0.3142338153232784,-8.637233404986718,5.0096629001230015,59.93735109504463,3.5231057390384035,78.22732096155598,0,none
5.0768,8.085405287618961,2.1131493283497966,18.352735815681413,23.029837735431304,-76.44449621453313,0.8007646498470353,0.3013347763286644,-8.637078514839702,5.006514824673924,59.94238338580932,3.3788665278405805,78.31092975912803,0,none
5.0935,7.936492572573491,1.7819143113733693,20.448617852719547,26.292703755314783,-73.61172028920386,0.3171089027036164,0.2893287839305105,-8.638345763604574,5.007922929838422,59.94721517650096,3.234606153588384,78.39456207205633,0,none
5.1102,8.139601993930548,1.983280152915132,20.251173336653025,24.656247739318427,-67.548555995281,0.0665141608288107,0.2759443998661073,-8.639612465499168,5.007134218025117,59.951823447978725,3.090324625414548,78.47818121349735,0,none
5.1269,8.08676090026079,1.6926761465189573,17.96552898734881,25.2532263630134,-75.54736226854787,0.2739745102583898,0.2672688179876661,-8.637222011291442,5.000898268250834,59.95628683723912,2.946083017825981,78.56169621457714,0,none
5.1436,8.195486134863073,2.183054832010061,20.621308349687435,23.883897209469296,-67.42364754534066,0.6210623119612892,0.2491027635608712,-8.640412535271066,5.00347576830396,59.960446853390586,2.801788128486954,78.64525425990782,0,none
5.160299999999999,8.110785419382047,2.128153835126992,19.657305328207887,24.13880478553961,-66.90898485145728,0.0674184303597302,0.2361017543114757,-8.640333029717654,5.0030310934622335,59.96438975268759,2.6574945668906693,78.72880487916864,0,none
5.177,8.137662850065247,2.124440813477998,19.72967420894155,26.102840116913747,-71.14588384657337,0.7779884485458193,0.2269370267973686,-8.639057125539814,4.999559671038518,59.968179601035104,2.5132223128941544,78.81229752567498,0,none
5.1937,8.004809370897032,2.4112414471284795,19.1723008234446,23.1711835264107,-68.58794030636881,0.5358898386866312,0.2127105053045375,-8.640551377481156,4.997781462564743,59.97173186647369,2.368925104890219,78.89576047609981,0,none
5.2104,8.082432917871152,2.206909526462182,20.121147663378697,24.99030714613773,-67.38121636242063,0.3557054779950959,0.1973828404246687,-8.641512203877966,4.999989197823915,59.97502815990878,2.224611851085457,78.97926029570347,0,none
5.2271,8.178667981215625,2.0367144208513954,20.364497621522663,25.983698873182465,-71.21523882465416,0.4480917299367041,0.1903031252247402,-8.640452029330026,4.995801999070442,59.978206222100034,2.0803163021956457,79.06269018908795,0,none
5.2438,8.1662881480025,1.9035639870689745,19.509548755941207,25.077562672784676,-70.63917905789344,0.3712113266124678,0.1781846842878556,-8.640343429157884,4.9948886874394605,59.98118190632764,1.936022566928709,79.14610483016818,0,none
5.2605,7.944064092354829,2.0617457718434635,18.060998911992755,25.506309940883497,-71.57595933254865,0.6136197769621373,0.1589943194755143,-8.643145488420096,4.998342807917805,59.98383711146288,1.7916820372720934,79.22957715506041,0,none
5.2772,8.144901549843832,2.188779904628572,19.704910103524096,23.825191602271342,-69.17095974837547,0.9722895271965736,0.1491733121864518,-8.641151872178371,4.994297478401541,59.9863283057764,1.6473748010067146,79.31298192294972,0,none
5.2939,8.149841379909565,2.1561088098481878,17.936763214746925,25.14763139539046,-69.31303107181009,0.4724336653327538,0.1407160252674446,-8.641251769109642,4.990697263483178,59.98867826339836,1.5030658964625836,79.39632656724989,0,none
5.3106,8.09031712905949,1.7063177134779162,20.359683875475326,26.18105593814088,-71.09659902678318,0.2900020060818506,0.1255812854071417,-8.641798051117457,4.99449300503419,59.99077547086466,1.358747869008922,79.47973460043396,0,none
5.3273,8.206007616079896,1.946757997329224,22.7774154040424,24.14807859577312,-70.99826726988051,0.1161502891122254,0.1104968444143982,-8.642991017894477,4.992797473500626,59.99262076816638,1.2144099190100843,79.56311431824142,0,none
5.343999999999999,8.20266950170326,1.8119839513646567,18.078848293670998,25.49161597250721,-70.74885215855483,0.5435027980333694,0.0963343088245038,-8.642753665244102,4.993659975379566,59.99422955112375,1.0700759328005078,79.64650843983026,0,none
5.3607,7.898255678386715,1.891404714659546,23.08730694537905,23.69521353971001,-70.06562712834892,0.3484385053063815,0.0887222098951387,-8.641294103956255,4.988498793902956,59.995711212029,0.9257663212644384,79.72981636968844,0,none
5.3774,8.124737994715183,2.3237577529648075,16.506959990000134,24.8343725734784,-71.47719102904622,0.4752630385791537,0.0733231607992598,-8.643566950387518,4.991434209751287,59.99693570881435,0.7814187531929668,79.81317332099128,0,none
5.3941,8.097855584170384,2.002648308454301,18.644907546386584,26.89497814005629,-72.10833351381173,0.4613000205587694,0.0625050759531248,-8.641867389699877,4.989545783561307,59.997979543582765,0.6370995677849789,79.89649873557676,0,none
5.4108,8.145233374731859,1.8286579572193404,19.113314472217446,25.80995203652758,-68.52441249690844,0.3434967366828974,0.0443063170690639,-8.64426452384877,4.994229665806029,59.99871945907782,0.4927403502367044,79.97990237099572,0,none
5.4275,8.161046434459045,1.8674248940593925,19.80112995483991,25.081864164034812,-70.89900866313467,0.3170934612198063,0.0403285123508486,-8.642076117510458,4.988130301448522,59.99939294523408,0.3484176790742798,80.06320414702991,0,none
5.4442,8.09108872500115,2.025955498527598,22.11320411315713,24.703382671155275,-73.70070283443297,0.4943012259151657,0.02443894832091,-8.642889123420964,4.988753350531879,59.99980107567104,0.2040814307131497,80.14651632798379,0,none
5.4609,8.111365255012545,2.095253943406273,19.137961200949874,25.44254152622193,-67.81960146439113,0.0,0.0115582849617338,-8.643149735333628,4.992248129550497,59.9999940990299,0.0597408301330781,80.22988687174728,0,none
5.4776,8.239264262822235,2.062462388051447,18.91315244761724,24.794066845396564,-70.9469680561154,0.5947163459433951,0.0008861170577872,-8.642663595098563,4.98844016885137,60.00000889718476,-0.0845916519050679,80.3131938225671,0,none
5.4943,8.108386817017005,1.632863113463666,20.20856670958247,26.2866887358591,-66.4343339324838,0.6342070535764761,-0.0158008231708065,-8.643257082813653,4.993530188485041,59.99974502343781,-0.2289340451880559,80.3965857767148,0,none
5.511,8.06061463347078,1.919832770985779,16.67690003199407,23.61328296130221,-74.60924368501294,0.5542772183707045,-0.0257722762104172,-8.64302103939388,4.98819080881206,59.9993146264251,-0.3732724965459337,80.47988856322196,0,none
5.5277,8.119945666721048,2.310485251640073,18.922329230108076,26.24875893856296,-66.45938402034886,0.5453361383714422,-0.0413543788845529,-8.64258626334116,4.993991639873864,59.998624008297725,-0.5176036871437311,80.56328822360786,0,none
5.5444,8.041454517329578,2.145876139058684,20.129219233398697,26.41204748767796,-67.27806964823563,0.35620184367457,-0.0465239309204979,-8.643485534221213,4.985922997870016,59.99784705865135,-0.6619498955652253,80.64655313767229,0,none
5.5611,8.204844756814914,1.9547165997928375,22.363978028727917,26.43258647535736,-74.54336371917772,0.574139240813405,-0.064650775824904,-8.641937299695787,4.991576618564438,59.99676739069508,-0.806270248470145,80.72991246720231,0,none
5.5778,8.179432805273846,2.331136427791824,19.156747098324427,27.097793631124325,-64.68292422506896,0.4809805017808968,-0.0795916839190803,-8.642508863747656,4.992969986904108,59.99543820957363,-0.9506001464947308,80.81329506598361,0,none
5.5945,8.123949200739501,2.17032879749887,20.180584698728484,22.89778288797673,-65.7703956840078,0.6332219900907001,-0.0858683216641466,-8.64293115083858,4.98854786439019,59.99400420860184,-1.094937096713735,80.89660381531893,0,none
5.6112,8.04104257181955,2.267319973852551,19.43534774764396,25.342645056743663,-64.81595871588446,0.3858146246928324,-0.1050183331164465,-8.642307703736698,4.994791281193411,59.99225040243879,-1.239263635366138,80.98001682971486,0,none
5.6279,8.128959231749564,1.96396079626223,21.53402325702289,25.274365572376496,-66.42773550364046,0.6614021937683878,-0.1142920085788082,-8.642206548238988,4.993332227146648,59.990341725895526,-1.383588484721729,81.0634054779082,0,none
5.6446,8.138560648314316,1.8896990044569624,22.0490773495632,23.166095890514477,-73.27265387688071,0.2711498092130394,-0.1231944993590306,-8.641740562164989,4.9895862078181965,59.98828437775623,-1.5279055521098843,81.14673156757877,0,none
5.6613,8.253830798966431,1.625448028706266,20.47975255693969,27.12306552289901,-66.91004112472133,0.2090469265690998,-0.1420692038267756,-8.642338199774116,4.994867378117303,59.98591182205232,-1.672232600046112,81.23014585279333,0,none
5.678,8.190121384517253,1.8721669441495332,19.738614299105908,23.78157676420973,-65.89260383751677,0.3713490017163898,-0.1556535912974838,-8.641310555787085,4.997487828941139,59.983312407077655,-1.8165424863277564,81.31360389953664,0,none
5.6947,8.182789499070562,2.0246091900605467,20.616095234436976,26.12387972235149,-71.09794926684656,0.4744574736431413,-0.1618318942286191,-8.642316438458586,4.992459264178468,59.98060981444404,-1.9608691708500148,81.39697796924843,0,none
5.7114,7.997134709160082,1.7719326731115137,19.171374491458508,23.45150402081097,-71.64317257471518,0.3976123808318439,-0.1765492591304817,-8.640646590142598,4.995889124326434,59.97766144181656,-2.105167968905396,81.48040931762468,0,none
5.7281,8.091641079478576,2.004524191726582,21.492623183564685,25.396526923824023,-70.15211251839285,0.5083130850579267,-0.1914964765484466,-8.640873498696871,4.999538462381119,59.9744634506582,-2.249470556333634,81.56390160994644,0,none
5.7448,8.202548499005028,1.8203857576101647,23.345458800174427,25.480643551667004,-71.57588657669046,0.8059727134592185,-0.2039995402580308,-8.640541994850198,4.998379064556481,59.97105665833589,-2.393767607647632,81.64737454032453,0,none
5.7615,8.027267548420186,2.0430486435612294,19.5846513377529,24.6293193153554,-69.1049648977768,0.1446396316823988,-0.2135687457438395,-8.640500385093093,4.998536802662863,59.96749006028197,-2.538063964078687,81.730850104929,0,none
5.7782,8.06257473900582,2.1018672562516585,21.336548352269546,24.35583005348555,-69.77611001844181,0.5605169215996937,-0.2297409707854476,-8.639475902192716,5.001581686346123,59.96365338606985,-2.682343211645305,81.81437651909098,0,none
5.7949,7.968983337926525,2.1784534284425616,18.289822080124125,25.515725705412784,-74.90178985131573,0.7448398412912716,-0.2399337784819245,-8.639948218646209,5.001742516599191,59.9596464919692,-2.826630346896697,81.89790561911819,0,none
5.811599999999999,8.112789870026566,2.236581677615535,18.72699482647056,23.34372066627654,-62.77168787341727,0.4156005159333669,-0.2518341986484563,-8.639127785574523,5.001948815560072,59.95544086085177,-2.9709037809157914,81.98143816433804,0,none
5.8283,8.166660100250933,2.2258443280896305,18.499012770858336,24.85492865675245,-71.50177015467008,0.1188890611600015,-0.264351698521177,-8.638897373245653,5.004453009553957,59.95102618748647,-3.115173367048994,82.0650125295976,0,none
5.845,8.152798317793577,2.22255149042583,19.470839093445417,23.89629379712532,-67.37429511456911,0.6119906347550319,-0.2728802116055357,-8.63993877893133,5.000114132382953,59.94646908795266,-3.259460344657147,82.14851443560839,0,none
5.8617,8.07156792745229,1.992956468334473,20.400637436346877,25.190754132326813,-71.38828991322629,0.5443479824538514,-0.2913109394585004,-8.637369916314176,5.00890655646198,59.9416041952637,-3.403704422259594,82.2321631751013,0,none
5.8784,8.027496359700946,1.956933516632569,20.92854369230072,25.21340360301171,-68.69663726882197,0.5302818741659734,-0.3077347428585201,-8.635857575644952,5.012396588679003,59.93646502505796,-3.5479232437728645,82.31587019813225,0,none
5.8951,8.102266882448713,2.1468565396242374,17.984915953656568,25.53804509518236,-74.43562447314373,0.6737771789078932,-0.3172083686883625,-8.63785257527634,5.009776329043071,59.93116764530087,-3.6921753817799794,82.39953346282726,0,none
5.9118,8.126870250215696,1.5851046442947687,21.607918707783973,26.52984979418773,-69.70593188619787,0.6911707506725442,-0.3251732659582095,-8.638250128241047,5.007469968204818,59.925737251759365,-3.836434158921605,82.48315821129628,0,none
5.9285,8.200465679534057,1.7253494143348918,18.74555595999867,24.90156930567447,-70.56406670508049,0.3389487092903281,-0.3450147993278163,-8.635315091058677,5.015258783268604,59.91997550461059,-3.980643920942285,82.56691303297687,0,none
5.9452,8.105118376246885,1.8428447932474228,19.131363580453076,26.113957343856946,-67.5081367236095,0.452220377006216,-0.3548524657955063,-8.635160530504649,5.017361242624385,59.914049468431806,-4.124851101801712,82.6507029657287,0,none
5.9619,8.223692262469893,2.1710048974977925,19.914267510041668,24.00149109835885,-72.67024449198442,0.328103274013679,-0.3657792122667018,-8.635861082508548,5.014657724026093,59.90794095558695,-4.269069981879605,82.73444774971993,0,none
5.9786,8.113086041783365,2.008996067282922,17.56728671555149,25.606421879421344,-73.94340136638388,0.2554888821337417,-0.3837117710294952,-8.633254174294352,5.022321599009029,59.90153296901076,-4.413245326590321,82.81832052042338,0,none
5.995299999999999,8.075134614034548,2.0735304108371837,20.018060420854766,24.73677831959735,-72.1546749031212,0.394704743716472,-0.3907249383085041,-8.635427396879448,5.01835341524411,59.89500786254101,-4.557456964118208,82.90212702245796,0,none
6.012,8.078683055778733,1.8535232399076265,22.467024871657276,25.30486151145575,-74.10694301539915,0.6436771285897538,-0.4049077714017438,-8.634007547533436,5.022005881933339,59.8882459027586,-4.701644890162016,82.98599452068625,0,none
6.0287,8.038512645088053,2.0121211388073066,21.17708897747211,25.676905727960676,-69.50208670534715,0.3879703023431196,-0.4141132944087695,-8.633092599246028,5.023166244479295,59.88133021074197,-4.845817536569425,83.06988139696905,0,none
6.0454,8.038837559973567,1.974773315411548,18.033801970206973,27.02315533424283,-70.42247069247814,0.5242531729586966,-0.4322416756333618,-8.63248994646592,5.027481219248804,59.874111774758894,-4.989980118675406,83.1538403333305,0,none
6.0621,8.108938741318616,1.8148479065492185,20.35606178527117,25.611556818563358,-69.41530841777426,0.7751691200064588,-0.4446782002650923,-8.629943985856693,5.031519074168636,59.86668564881447,-5.134100183239212,83.23786670186912,0,none
6.0788,8.071602023367724,2.124832758263905,21.300690219551694,24.510260825921776,-70.44392974700217,0.2887109714464732,-0.4566348282789428,-8.631248490501038,5.031153913544396,59.85905984718221,-5.27824203303058,83.32188697222531,0,none
6.0955,8.15810452663242,2.239643690487476,18.66992294920422,26.12041023809263,-73.52245792668786,0.5803621542399462,-0.4679162226188951,-8.631283561986875,5.032665230181848,59.85124564626447,-5.4223844685157605,83.40593248156935,0,none
6.1122,8.088382289468312,2.2394874720531925,19.03986202795377,25.357640745783723,-64.65282876160256,0.26877275548085,-0.4835806480642786,-8.62980855401791,5.036232340879264,59.8431698494418,-5.56650227136786,83.49003756166204,0,none
6.1289,8.167846991527353,1.8443356065607424,19.01628130827966,25.08556152850717,-67.97573666124514,0.5259982750924518,-0.4959558931303691,-8.628883701835951,5.039113421952617,59.83488738602652,-5.71060462918852,83.57419075580864,0,none
6.1456,8.09740474811665,2.121253648755189,19.966348700025154,27.44664923039197,-73.11579667151784,0.4536545976917847,-0.5049197297383837,-8.629536075473272,5.038904276372881,59.82645522653989,-5.854717881648924,83.65834045722407,0,none
6.1623,8.029434487069643,2.18262061057732,21.005608116544767,25.214051658482724,-67.7428666020991,0.4726803859022959,-0.5220425007883636,-8.626857953969386,5.044622046835436,59.817737116776726,-5.998786409480212,83.74258564540622,0,none
6.179,8.27152215438521,1.9851975387517808,23.95770363612769,24.12452767393589,-71.56029965504457,0.4377117427877941,-0.5367292132914433,-8.625641170026428,5.048536856936117,59.80877373891476,-6.142834617019654,83.82689621091706,0,none
6.1957,8.056489866326734,1.798392319560259,20.01321045046722,25.846736361068267,-73.80871009478395,0.5495119783366376,-0.5467675762381832,-8.626101143571564,5.048827705233899,59.79964272039158,-6.286890506117299,83.91121163359446,0,none
6.2124,8.04420879330183,1.9558849426265588,21.934876852070875,22.262556207558266,-72.5818901449925,0.7329813150437152,-0.5564759287741216,-8.625453363699664,5.050693422840547,59.790349572381054,-6.430935577291083,83.9955582137559,0,none
6.2291,8.08038506054975,2.067787532939318,21.658949921404385,24.329871378246317,-71.60422373260712,0.5494749816745075,-0.571083600064611,-8.621922255252533,5.056953055849206,59.780812476259975,-6.5749216789538005,84.08000932978858,0,none
6.2458,8.143772841995712,2.076530637079056,17.425998421885836,25.909912286582426,-67.41414864255826,0.7764865528099281,-0.5896596637166464,-8.62421795604208,5.058106338845175,59.77096515987591,-6.718946118819703,84.1644797056473,0,none
6.2625,8.151487312400283,1.937553064765048,18.10373133731271,23.88497343642079,-68.58841803139173,0.7407899798586022,-0.5978952491807479,-8.622533131978823,5.060058190605366,59.76098030921459,-6.86294242212375,84.2489826774304,0,none
6.2792,8.05463103229269,2.1816613158523994,19.97277842989837,23.328546664366844,-67.98174846552314,0.4521220615997549,-0.6126739939407195,-8.62342539016084,5.062343185405685,59.75074865351578,-7.006953626139436,84.33352380862668,0,none
6.2959,8.016159619115173,1.987086582271116,19.232921701694163,25.06803056137389,-71.68995410882543,0.6927186237756933,-0.6237645118664366,-8.6186241733392,5.068995935418256,59.74033178616761,-7.1508846498342,84.41817604074816,0,none
6.3126,7.98125139156044,2.043504215682778,19.77816047938495,25.62244954423825,-68.02007249058738,0.3555984919883552,-0.6360410745585314,-8.622926134270557,5.06710361717981,59.72970990022248,-7.2948875162765185,84.50279667115507,0,none
6.3293,8.233645443193955,2.0496316546048328,21.284470448249568,23.665699550630016,-66.96724237386663,0.2367838192509556,-0.6515890979568985,-8.6163066196631,5.076171637589158,59.7188283622866,-7.438779836824892,84.5875687375028,0,none
6.346,8.080918152220754,2.201378533697078,18.70970681918644,22.444054143112385,-64.75055728911616,0.6916959665852352,-0.6632392475367935,-8.619802565971215,5.074832981793231,59.70775226685274,-7.582730539676612,84.67231844829875,0,none
6.3627,8.149120629164473,2.079556053903914,21.330298316221334,23.763962601738417,-68.49016025352807,0.6762777949018289,-0.6778519379420409,-8.615018193995732,5.081506629428437,59.696432139489104,-7.72660134351634,84.75717960901021,0,none
6.3794,7.949442928286483,2.1852914466407,19.40051325761302,25.869281754045637,-70.71601158000543,0.7858150111809836,-0.6873572819366911,-8.616823721487984,5.082469706126428,59.68495327288076,-7.87050229966519,84.84205685310252,0,none
6.3961,8.15021693095142,2.137061088358602,21.50930135127235,26.0041572119332,-68.88371343662949,0.5413065173806618,-0.7037195469029077,-8.615693730127196,5.087000429940754,59.67320115644748,-8.014384384958314,84.92700976028253,0,none
6.4128,8.18892513419385,1.551163640927818,17.92259497858492,24.289131527318936,-66.3837915365964,0.9840761226338788,-0.7162079748906626,-8.611764843166386,5.092365843546429,59.66124048326681,-8.158200857839192,85.01205226986976,0,none
6.4295,8.041522852111125,1.750663819921075,18.942655211571694,24.06891118700269,-72.97204231368042,0.403059745565985,-0.7298596228404998,-8.614828647145128,5.092984243330824,59.64905182756537,-8.302068496246516,85.09710510673338,0,none
6.4462,8.031274485960358,1.806987013812188,17.360991647767086,24.92730149772134,-70.30632892014913,0.3335112739081545,-0.7414381114335232,-8.609665106463046,5.09958501730906,59.63666981110443,-8.445849903524449,85.18226817652244,0,none
6.462899999999999,8.212942970286381,1.697328472637024,20.5156439857998,24.21450237122257,-64.8164412669969,0.6120041349944563,-0.7562367918131703,-8.611713756448083,5.101036646447178,59.62404065668115,-8.589665523257132,85.26745548851811,0,none
6.4796,8.080911913724648,2.363707682429025,18.090544690517916,26.38264685466602,-75.32262022781825,0.52212843896794,-0.7683225195518366,-8.607410180970357,5.107317340425864,59.61120967060464,-8.733409273279337,85.35274768810322,0,none
6.4963,8.07260207117181,1.9743403763433065,18.213642388188884,23.09027200053301,-71.21941369896436,0.6791601742855028,-0.7822374721566129,-8.61285742369963,5.1072876757925325,59.59814630481962,-8.87724399225512,85.43803939228896,0,none
6.513,8.081360301092925,2.324798935585159,19.273165649902836,25.626565216449485,-66.04576108737442,0.4675408565010876,-0.7953337459409516,-8.602395684668679,5.116843237772003,59.58486423126241,-9.020904000189088,85.52349067435975,0,none
6.5297,8.124059774824252,2.1040158368546096,18.093278527661408,26.46481265677434,-70.90812392862297,0.513622157857064,-0.8091292067827631,-8.608724332244705,5.116139624939973,59.571351773509136,-9.164669696537574,85.60893020609625,0,none
6.5464,8.063533624608759,2.0811458428593275,20.964372231874044,24.41102468327377,-70.90754247352412,0.360594407878216,-0.823799508781005,-8.604989525313066,5.122063777919831,59.55759432171249,-9.308373021610302,85.69446867118751,0,none
6.5631,8.026132571289548,1.9635578912461815,18.946081786610467,24.96508603544526,-77.18969575406786,0.533188682910424,-0.8340819064288011,-8.603337766866108,5.125630139689034,59.54366515387513,-9.452048762316966,85.78006669452031,0,none
6.5798,8.13025299898541,1.7435687337016774,20.47560325706056,26.18965559201008,-71.39300116530788,0.6316083859873792,-0.849818039007616,-8.603024122124047,5.130398388209318,59.529473192623705,-9.595719265156438,85.86574434760341,0,none
6.5965,8.050845640979245,1.927868636206041,21.301420804940246,26.06523398652535,-78.98532141056343,0.3649665024247643,-0.8637935907444386,-8.5992010035664,5.135995893262744,59.51504783965827,-9.739325921915997,85.9515154790209,0,none
6.6132,8.044629778358969,1.9674801830165607,19.216041809490825,26.18275933665924,-69.16668552585507,0.6554148994498556,-0.8751369638764164,-8.599888740154396,5.139113349290306,59.50043305236154,-9.882944063876575,86.03733867195405,0,none
6.6299,7.98504564205088,2.0358706843369663,18.04536843159293,26.585604626734355,-66.9441016451065,0.61105910096938,-0.889635262951031,-8.601570446373202,5.142221104419154,59.485576143470254,-10.026590290331008,86.12321376439785,0,none
6.646599999999999,8.12543812011266,2.314296169774781,19.37731118718325,24.783862497847583,-66.34767629972883,0.5033546142547776,-0.9016019433456854,-8.59327314315718,5.149938151249216,59.47051939101638,-10.170097951821733,86.20921773152371,0,none
6.6633,8.15384369973957,1.852189296410332,21.0678908050405,26.0012721361057,-66.3856554062219,0.4953838864507202,-0.917161607386993,-8.598184223508193,5.151670232326743,59.45520279217302,-10.31368762835432,86.29525062440356,0,none
6.68,8.254151297445496,2.24121562077303,21.725769334491453,25.438446714479305,-73.63954972800761,0.5562136316260096,-0.9287377854137472,-8.593798305721101,5.158753155591809,59.43969287115661,-10.457204060059862,86.38140180210195,0,none
6.6967,7.983877913332994,2.2909359580471427,18.33151986716674,26.3276675414873,-68.39056611319492,0.7326055822219408,-0.941946450654281,-8.591819386597843,5.162726663967421,59.42396236543068,-10.600687443816046,86.4676193373902,0,none
6.7134,8.079967683741707,2.0213286103274792,18.920396228616298,26.36681480458616,-68.19755715384301,0.4909289997451341,-0.9549492593008214,-8.591956116995119,5.1663206997959685,59.40801471280036,-10.744173110969864,86.5538968930768,0,none
6.7301,8.173500713575603,2.241424540263354,19.478895315361697,25.079742927729733,-70.99483077377451,0.7148886674170608,-0.9703004191761272,-8.592038487055753,5.171108775998531,59.39181069580012,-10.887660153703695,86.64025440963597,0,none
6.7468,7.980530425967117,1.949076455743702,19.322803748319096,23.143168464843114,-65.36824723686323,0.6828545363348046,-0.9852926838645434,-8.585402482104195,5.178627383909323,59.37535630797958,-11.031036375154835,86.72673748694726,0,none
6.7635,8.143628449084067,1.795567288507197,18.71397132425049,24.91646548553477,-73.43238207653785,0.4878675375478203,-0.9983087081294372,-8.589225277337135,5.181630713750592,59.35868455255382,-11.174476437286366,86.81327071986689,0,none
6.7802,8.156349935377047,2.163101524915395,20.34799623940292,24.77299758178667,-69.37857361115887,0.4953360604264677,-1.0135494147244752,-8.587126801965647,5.187081593151188,59.34175827732792,-11.317881454879192,86.89989498247252,0,none
6.7969,8.031346267112637,2.2261930965671555,19.376949434308862,24.578126455855774,-66.9514005808905,0.6875136761425018,-1.0257931690885929,-8.584675770886685,5.192213698533185,59.32462753140414,-11.461245540253,86.98660495123802,0,none
6.8136,8.029662844796293,2.156195048510956,17.10820439117401,25.512611229282477,-71.84886153599129,0.3367554239412984,-1.036707995073208,-8.582318795019884,5.198258620262987,59.30731450788642,-11.604570264129832,87.07341587019641,0,none
6.8303,8.0716360818457,2.2452739317062327,19.132434540236083,23.75533119967417,-69.18854157020222,0.6862901949939256,-1.0523196738330092,-8.57900148268836,5.203532983197628,59.289740769333406,-11.747839588890727,87.16031487101581,0,none
6.847,8.069199764056496,2.054810581749492,22.384274427657196,22.9450661394037,-69.87051711710365,0.6333613556585633,-1.068961763103898,-8.581357611976147,5.208366003199025,59.27188910788957,-11.891148261010729,87.24729458326924,0,none
6.8637,8.070184194186343,2.288154635036322,17.84590544037173,25.256458754971877,-72.87502681589115,0.2497897767295789,-1.081868564543038,-8.578741502685963,5.213880228650314,59.2538219028617,-12.034413244105584,87.3343663830877,0,none
6.8804,8.150109015100199,1.9088449583317773,18.948094740695225,26.92332600640827,-72.26048215695258,0.2938364691964114,-1.0928928993881293,-8.574408441042287,5.219724051601555,59.23557059144192,-12.17760586507099,87.42153577474944,0,none
6.8971,8.121315677644684,2.180444750906934,17.728037057063005,24.986936834372305,-74.88387724485943,0.9266310913199132,-1.1114408517902563,-8.576009684136439,5.225315415889375,59.21700952921702,-12.32082522679607,87.5087985421948,0,none
6.9138,8.044056616897393,2.385171129911672,19.071320390099576,22.865447132002476,-75.63960496496229,0.5487894137087309,-1.1217469675707137,-8.57419561548971,5.230719030287573,59.19827635485859,-12.464014293574747,87.5961515500006,0,none
6.930499999999999,8.195857840987841,2.134747292961012,20.87510942138123,24.832107987654,-68.0171703668144,0.5327913909679439,-1.135576232690385,-8.571304627508646,5.236185704471136,59.17931223177266,-12.607155080854142,87.68359585126527,0,none
6.9472,8.132197799603292,2.053910961392377,19.44708190537785,25.312574731693168,-72.2082559659398,0.5723208785132372,-1.150535407030881,-8.568990613757306,5.243121709947342,59.16009829047525,-12.750257224103889,87.77115598382139,0,none
6.9639,7.98741750240219,2.154362043008472,19.48332660441349,26.268642928140785,-70.12225191957461,0.2249338133794921,-1.1632904017280472,-8.568437871239682,5.248634398687009,59.14067134076639,-12.893350136553591,87.85880817827946,0,none
6.9806,8.196287324390074,2.307024228992897,20.153679853811727,22.86235026044254,-74.33153168348814,0.6917239143942303,-1.1785702698123592,-8.564042901968133,5.254978504405425,59.12098921726052,-13.03636965301646,87.94656631930303,0,none
6.9973,8.147394252713344,2.097088557004459,20.727616916737624,24.80671024472728,-73.45832706414205,0.4239211130794565,-1.19523925323174,-8.565637130297416,5.26060611336587,59.10102872173155,-13.179415793092426,88.03441844139624,0,none
7.014,8.233680939879395,2.3568494690060824,18.637075177383057,24.791001383265,-68.48588720472391,0.8213078107356275,-1.2057147395064598,-8.563531813914498,5.266251375379359,59.080893285581794,-13.322426774384798,88.12236483936508,0,none
7.0307,8.128314932672557,2.304964803549341,16.404562993713913,23.753973898515184,-72.15919614854316,0.7407797413176453,-1.2207651883415054,-8.55943389959854,5.2731679792666215,59.06050650693649,-13.465369320508094,88.21042674461883,0,none
7.0474,8.176440943809927,1.965957516503348,17.573712418939863,25.041657443975943,-71.20887640048872,0.4411666432188848,-1.2343470533029597,-8.559701448070806,5.279181310844186,59.03989291114633,-13.608316334690876,88.29858907250993,0,none
7.0641,8.060642647319915,2.301681609558908,20.89317831464579,26.11934221704249,-67.8436586822917,0.8326515203162665,-1.251907260609046,-8.55718420821031,5.285833504466055,59.01898605989416,-13.751221310967988,88.38686249203451,0,none
7.0808,8.076749020896042,1.9517718242322348,20.20059980215847,25.111995830509823,-75.60114418150579,0.5699895708470206,-1.2637250476060755,-8.554585536390782,5.2918281632741015,58.99788185159914,-13.894082889425714,88.47523602236119,0,none
7.0975,8.009141644915532,2.0911377395081394,21.09178126983676,23.843194467422983,-68.0831063986922,0.4591408923479069,-1.279315776040118,-8.554099558193485,5.298833630692508,58.97651727813927,-14.036936352047546,88.56372654399375,0,none
7.114199999999999,8.001843064026724,1.9587879658836769,22.03639270882727,23.416388476754268,-66.41482906870279,0.3828993475512737,-1.2935197424425922,-8.551599897899322,5.305315513060681,58.95491549844048,-14.179748070342464,88.65232531306187,0,none
7.1309,8.163658540954305,1.9816981348482143,20.428839253820637,26.09579421814208,-74.67626256518587,0.6276031718277767,-1.3094928418279304,-8.549771255519554,5.311917642105183,58.93304696798195,-14.32252925030964,88.74103433768502,0,none
7.1476,8.124087275458793,2.2010505537118443,22.216340589377623,25.31141495637801,-65.27983311045145,0.5472389437308267,-1.323462010217303,-8.548147263628968,5.318574805884139,58.91094515241132,-14.465283309612245,88.82985453694329,0,none
7.1643,8.078257891225801,1.8780321712839512,20.203657948263665,24.906212102828317,-70.0281541778706,0.8013093089647636,-1.3367651111000036,-8.545736597562842,5.325364602147678,58.88862117505595,-14.607997110791544,88.91878812579915,0,none
7.181,8.035865883859046,1.9215506453861548,20.54797811644488,25.5150692065125,-64.46034882546498,0.3035104300536896,-1.3500485497364756,-8.542107219711331,5.332638370621389,58.86607536427535,-14.750650301360723,89.00784318658853,0,none
7.1977,8.037800679782364,2.1878181868325144,20.487755286877093,26.00206601129473,-70.24777803500673,0.7806036120809258,-1.3656171481595871,-8.540848761653729,5.339934500517462,58.84326955790109,-14.89328247568034,89.09702009274717,0,none
7.214399999999999,8.099969692165157,2.304161123452134,18.16423507468813,24.606367753793883,-67.64963275300273,0.2386600374395505,-1.3808380760615038,-8.54052817263168,5.345769337130907,58.82020956203086,-15.03590929616329,89.18629444067726,0,none
7.2311,8.14151104030857,2.05786664316542,20.781214306090888,25.3164740773474,-69.97925675236343,0.4608395621531935,-1.395040551623207,-8.536551790484694,5.354356583318704,58.796912384818754,-15.178469711064384,89.27571219561868,0,none
7.2478,8.066166827418911,1.6273823937355103,17.17954972240515,24.95471725288861,-68.34916954750348,0.3090972867220123,-1.4119397039880477,-8.536294974061503,5.360663961689836,58.77333299176215,-15.321025837131211,89.3652352837789,0,none
7.2645,8.197852526314165,2.0721244537158507,18.420633172305525,24.94514705341459,-64.94121844077786,0.3965320667659915,-1.4238049971286606,-8.532237990498782,5.368345440626037,58.749555448310105,-15.46351421157254,89.45488665263736,0,none
7.2812,8.187074041572924,1.6762064218272357,19.18156086438088,25.427290249349127,-69.63029351717996,0.3483512505484988,-1.4406803508580506,-8.53229407544614,5.375370082429051,58.725496086450775,-15.606003522632491,89.54465533301392,0,none
7.297899999999999,7.99284789268025,1.7674592285967172,18.932559206002782,26.430810356112577,-72.87853285834899,0.4287190647142202,-1.4538244813507393,-8.52726841883107,5.383623846715912,58.70121721761222,-15.74840890522697,89.63456185125408,0,none
7.314599999999999,8.184296850300322,2.052558442249585,19.3203963199478,24.584966519755348,-74.49064676353765,0.45934233983667,-1.4684629288357025,-8.527899079112593,5.390048166091362,58.67669388670066,-15.89082481984815,89.7245756556278,0,none
7.3313,8.005877969065494,2.133376300383263,20.937038336673066,24.73591966201949,-69.20622992419156,0.387545208578498,-1.4845075821810298,-8.523101295398378,5.398075736984041,58.65190261007824,-16.033160611481303,89.81472352043544,0,none
7.348,8.185610008282156,1.900428449375448,22.159727867873308,26.551159186053965,-69.00150533309524,0.5288883607255989,-1.500953733783912,-8.523887155291307,5.406244328182146,58.62683668272405,-16.17550952697467,89.90500780071608,0,none
7.3647,8.18135796929109,2.0145532323262505,20.82684461923702,24.434221294148696,-73.87060299289399,0.1797586860997703,-1.51294815131496,-8.517296293442524,5.41398105333755,58.60157044859709,-16.31774837507516,89.99542128430681,0,none
7.3814,8.074777428110963,1.9323863807075257,20.40485302312309,25.12419724260318,-68.86523940472354,0.4332913248766437,-1.5315037692691127,-8.518643994895715,5.421762640230487,58.57599433565029,-16.460009729789917,90.08596472039866,0,none
7.398099999999999,8.10241181703275,1.828273808860354,19.436205407101173,24.601444351844712,-75.41898019796056,0.3292687349525339,-1.5444401491731732,-8.514257729162548,5.429388919752253,58.5502021851591,-16.60219783386693,90.17663551535853,0,none
7.4148,8.009444954944385,1.9138899034057024,20.76331006906621,23.28764439624277,-66.86228681166722,0.5860121666580977,-1.5599814299149672,-8.513327893579433,5.4377948235197415,58.52415049527952,-16.744370409689708,90.2674466889113,0,none
7.4315,8.106322345432778,1.953347474288826,20.9770381844376,25.3142893904849,-74.16616789836498,0.9497911678655192,-1.573093819149784,-8.51112238401284,5.445339730980271,58.49787982849972,-16.886506153502722,90.35838386241868,0,none
7.4482,8.082604417355322,1.9530835632089008,20.348493887007443,26.321630510440592,-74.76928058749941,0.7042993830899965,-1.5930038118934484,-8.507695718993666,5.4545109898215,58.4712766648411,-17.028584672009917,90.4494741959487,0,none
7.4649,8.092980117870171,2.381373865439092,20.47337744440812,24.334507318391136,-72.52803456083964,0.4647605089031436,-1.607080483293918,-8.506260273458988,5.462425657819535,58.44443842077009,-17.17063921857668,90.54069670443428,0,none
7.4816,8.08481409075513,1.8730363331646167,19.00104840090477,24.052717385178752,-71.77589989531805,0.5733844970257601,-1.6204163123885629,-8.500828545686486,5.470894732258749,58.4173774683532,-17.312603055289646,90.632060646463,0,none
7.498299999999999,7.975534762463172,1.8803898002548984,19.145062610726534,25.796113669982574,-70.95872718332969,0.520711116943169,-1.636250495462951,-8.500522587887616,5.478857012205711,58.39005208507897,-17.45456178250737,90.72355755856684,0,none
7.515,8.112256194142992,2.1690769657059064,18.36970060363527,24.05306554733005,-73.0198693119807,0.6668403917522662,-1.6527089792502356,-8.498869347288824,5.487570141042057,58.36245184512549,-17.596492900607092,90.81519997992224,0,none
7.5317,8.082892224456534,1.854511807900317,22.570069962483657,24.65150209691819,-70.88128245678257,0.8745125975401278,-1.667618994249915,-8.49552084605429,5.496178311351051,58.33460260792152,-17.7383680987362,90.9069861577218,0,none
7.5484,8.217731222188922,1.6860805360641398,21.004867877995505,25.02410299486309,-72.11976685980403,0.5513034485726097,-1.6837003003746838,-8.494422374250712,5.504655417101611,58.30648481290526,-17.880224952386186,90.9989139031874,0,none
7.5651,8.113898383496192,1.7263678714791708,17.555451569230392,25.931837370159624,-72.1497961162939,0.7264657815040971,-1.699359102769938,-8.489274287227262,5.513868046440979,58.278105515889,-18.02199583298288,91.09099549956296,0,none
7.581799999999999,8.06918452521755,1.889731249772664,21.49144811431615,23.594936151849204,-72.98053229174454,0.5753587616154402,-1.7168459079611924,-8.488668549798184,5.523150738180513,58.24943418922605,-18.16375659776451,91.18323211689058,0,none
7.5985,8.101068504962683,2.318665446658201,18.608544883267523,24.675956462170653,-66.21104983923456,0.8101903480426667,-1.729943128476927,-8.48639081959403,5.531051108473385,58.220544138980486,-18.30547932445173,91.27560067040208,0,none
7.6152,8.14652259326154,2.036458399254349,17.74102160991443,25.874555734421826,-74.47041899151003,0.2079450181157224,-1.7462215196792148,-8.48016790789432,5.540926047690752,58.19138223960184,-18.447098128513566,91.36813413539852,0,none
7.6319,8.180381371501067,2.176431056387416,18.551499654055498,26.256884557925023,-66.9382892274889,0.5529028834397162,-1.7618173010766542,-8.479589578373574,5.550005688318553,58.16195989067386,-18.588707274472405,91.46081923039344,0,none
7.6486,8.352435819107939,2.043983806623125,16.995218820177982,25.250569137541905,-70.65753859151063,0.3177708051814261,-1.7794894822368017,-8.478499235288027,5.558746579278996,58.13224241632051,-18.730298211701715,91.5536502982674,0,none
7.6653,8.110269527273358,2.149573480911591,20.103997419558205,25.80578495962316,-71.4539815301212,0.5403029158457057,-1.795172264829897,-8.474552852391497,5.56849385535536,58.10226303949785,-18.871823244336653,91.64664414565183,0,none
7.681999999999999,8.199275239164775,1.9971976168829029,19.86418041366956,26.355572586622927,-67.32289033811904,0.6961964201218681,-1.811222361890324,-8.472801218650023,5.578215396526898,58.07201562605428,-19.01331902468811,91.73980034277383,0,none
7.6987,7.951853675395156,1.7951198654037392,21.02350699997368,24.79545459228773,-66.2075833048034,0.3190907718132061,-1.8247916642511308,-8.46783465694973,5.587130443499692,58.04154160526129,-19.15473186345917,91.83310542118028,0,none
7.7154,8.10433323380412,1.9180926676855048,19.43247310704675,24.32175000517008,-72.00088592545397,0.6245508808324051,-1.8453994595703844,-8.465907382500264,5.597145150589226,58.01072343428646,-19.296112516746923,91.92657774519512,0,none
7.7321,8.16576804071258,1.8016268979425711,18.99269697342738,23.986698705024928,-73.27382980274089,0.7163136850253524,-1.8570677837221208,-8.461161901994465,5.606398535834496,57.9797104022983,-19.43741392051023,92.02020460074355,0,none
7.7488,8.199927721529956,1.8857126502671668,21.71223007347256,26.347939720627387,-72.5235634935882,0.7026067319518402,-1.8772938595224664,-8.46224640863837,5.616861950820789,57.94835959484428,-19.57873343553449,92.11400619532226,0,none
7.765499999999999,8.147233211513884,2.2227225581863856,21.244905195087377,24.974660975726795,-68.81447731453248,0.421449298154822,-1.8883829941878372,-8.455021889527835,5.625349412640671,57.91682359884134,-19.719932301089607,92.20794953051336,0,none
7.7822,8.118111191359867,2.085241371922332,18.20821651210908,24.43516731512488,-67.04802836365805,0.4811460277546924,-1.9121552329046028,-8.455807111617075,5.636439224922142,57.88489060645183,-19.86114427985361,92.30207806556956,0,none
7.7989,8.07068424406804,2.0587266696806688,20.45592272031461,23.878271826705397,-65.99629779317152,0.6003318200674091,-1.9217110365149803,-8.45049293529275,5.646118494287824,57.85279803214203,-20.002267511873,92.39636824442417,0,none
7.8156,8.191810969327452,1.6453556164464185,17.735248477281576,25.406673762265985,-77.13981043328042,0.4484989552052633,-1.9415959653044328,-8.448748279438552,5.65632726677334,57.82037337952145,-20.143361608139625,92.49082890977928,0,none
7.8323,8.209942526616247,1.691083765839149,19.337866397472325,25.13276594559442,-74.56929460336093,0.4368432126424847,-1.9572552912599108,-8.44501725586819,5.666009695246913,57.78768721615741,-20.284393396312623,92.5854512716899,0,none
7.849,8.148762866444942,1.9597818820691908,20.327312918624735,25.98514360338231,-65.3317693367844,0.7680465281871518,-1.9741880385707649,-8.443791783423231,5.67688621443922,57.75471827591328,-20.42540471909579,92.68025527147104,0,none
7.865699999999999,8.132909397052012,1.853796568831478,19.11834855454688,23.453006581095188,-66.80357958331872,0.458674640498793,-1.9923925586051048,-8.43773704572147,5.687567426415324,57.72144532018457,-20.56631492775934,92.77523764749218,0,none
7.8824,8.153994923025923,1.897465124009146,17.57164086257814,26.37242409155128,-68.61684008018943,0.4128562739371672,-2.0073975723461137,-8.435721242838982,5.697656915958726,57.68792178072639,-20.70719147251475,92.87038851798869,0,none
7.8991,8.20498476582744,2.1475929072136477,20.729514360147476,25.053691962012675,-71.79117205091809,0.6787065099918568,-2.02681006881848,-8.434757157897655,5.709166661749002,57.65407405257712,-20.84805191705164,92.9657316012399,0,none
7.9158,8.11520036286306,1.9210060943995289,17.932751767785312,25.92741835519452,-72.78324409108937,0.1678933922466857,-2.0426665994353947,-8.429738808340272,5.718601891775953,57.61996152036655,-20.988828555150924,93.06123225283255,0,none
7.9325,8.186491144211951,2.3883527838284984,20.50468788786784,25.263173598449665,-68.77791081773825,0.0510494227739649,-2.0589423563289966,-8.426936770455413,5.730072883203902,57.58557718301586,-21.12955839921753,93.15692446998206,0,none
7.949199999999999,8.285847451017768,2.3896744433184782,18.0923704111342,23.0432773341026,-76.02800567067162,0.6301403332221224,-2.0756665562677443,-8.424122919175739,5.740799660444196,57.550913551526186,-21.270241251967764,93.25279582431148,0,none
7.965899999999999,8.085483117791027,2.1679734672031343,19.45772835364765,23.21600576236749,-67.62983471295156,0.612560085549886,-2.0939909224582376,-8.418242369266098,5.751364601990476,57.51594390312113,-21.410825899534508,93.34884361316472,0,none
7.9826,8.133188095858479,1.7426988562489925,18.233956369697168,25.132599063311293,-71.25576501512171,0.6028415873567486,-2.110128569625177,-8.416609996296314,5.763070705283783,57.48070475600839,-21.551383286472657,93.44508689394296,0,none
7.9993,8.13275027134026,2.1811134101116174,19.98853856696711,23.39876901759601,-65.58694783862016,0.7558951428488584,-2.12789194863231,-8.414412532433598,5.774010965034576,57.44516896046623,-21.691903975764298,93.54151287705903,0,none
8.016,8.208666768088387,1.9437285822301,18.50279630894973,25.633280143736112,-70.73832612791827,0.5936113426240266,-2.1419945690934843,-8.410125119252603,5.785007568849261,57.40939765116237,-21.832353065255816,93.63812250345882,0,none
8.0327,8.086117261329065,2.195441525375381,19.417214327816914,24.23613907067529,-70.90863133350784,0.7137986032746026,-2.1636126094942068,-8.406858823492753,5.796677249762779,57.37326532058382,-21.972747607608145,93.73492701352986,0,none
8.0494,8.145487213600214,2.0076962408809007,22.894225457068305,24.02449465633096,-67.43922117664417,0.6926670094600027,-2.181775147076541,-8.404233570603264,5.808678700954666,57.33682967562764,-22.11309830823722,93.8319319478358,0,none
8.0661,8.079866251869053,1.9430997791687528,20.60808033700317,25.15368607219399,-69.78504578540219,0.6508524726753487,-2.195804674921684,-8.398792155300038,5.819087801478146,57.30015973755645,-22.25335813723073,93.92911071412048,0,none
8.0828,8.073408926645861,2.203357316247294,18.613796312832672,25.420969772782197,-68.16562609756414,0.5822415002495516,-2.215570316749564,-8.397919309680757,5.831413366333047,57.26315971326673,-22.3936033897024,94.02649531733825,0,none
8.099499999999999,8.0435509687531,2.0764352494843483,18.00947732474966,25.490888076315176,-67.8672426759429,0.4761168789919269,-2.2319027164592184,-8.39219033695758,5.843350158133427,57.22588693790186,-22.53375296832959,94.12407926497907,0,none
8.1162,8.07111621164087,2.126815224024308,19.404683811211143,25.12871907200737,-75.07012711217628,0.6023860714878531,-2.249542177835225,-8.389037792433811,5.854518938053128,57.188319583532014,-22.673849899463235,94.22184973124456,0,none
8.1329,8.212186007501401,2.08637734897268,19.77974012495828,24.509351762350285,-66.18966387029953,0.3982681371732753,-2.269993538320477,-8.387768603508357,5.8671403627301,57.15041069144206,-22.813925635141825,94.31983097530215,0,none
8.1496,8.142407653895916,1.8128320962250648,18.432213189460438,26.00113409500316,-68.2723066481042,0.5132543021117706,-2.285869575334793,-8.381153875645738,5.878928909933683,57.11223666953397,-22.95389090486511,94.41800908809805,0,none
8.1663,8.240053103909473,1.9471932996093135,19.57168581574013,25.168806791515884,-70.12292061015745,0.9709604407042144,-2.3060077652133657,-8.379634323048082,5.8921728490271965,57.07372633985491,-23.09383079806001,94.5164083746768,0,none
8.183,8.175067947973849,1.9212976016379608,20.69979605749951,24.874703943800142,-70.49364249749611,0.5441825759334084,-2.320062524189811,-8.374119559571918,5.902848480708698,57.03498129570094,-23.233678594704863,94.61498594430464,0,none
8.1997,8.141064884190628,1.9431973690369544,19.80546593352738,24.28885551784875,-67.80987495749471,0.5913522790198553,-2.340627730459918,-8.371587559863416,5.915805595243271,56.99589281260226,-23.37348410695458,94.7137798977452,0,none
8.2164,8.087302647502959,2.2125578946001294,18.491197670162872,23.9107376045418,-64.76723793815454,0.2786023612886145,-2.3584594604063307,-8.367334053234824,5.928369542983181,56.95650653961347,-23.513218585643603,94.81278366911302,0,none
8.2331,8.064417385225576,2.1596525707476646,19.40750468962412,23.037176447081656,-68.52147870658594,0.3694243856525114,-2.3787819653832827,-8.364747738720787,5.94135362821893,56.91678088079157,-23.65290987288024,94.91200427470427,0,none
8.2498,8.14619915950553,1.5556014107260132,20.53133374324577,27.54716705338632,-72.29349262906737,0.7151252924574049,-2.39417939295937,-8.360395193547804,5.953518909911439,56.87679808492915,-23.79252847261249,95.0114280404998,0,none
8.2665,8.033123188670837,2.0062936217701464,18.364235187299663,24.233469490528897,-72.45414089902197,0.5003981961683484,-2.4142904650212342,-8.354928867204269,5.965890815679404,56.836479434163294,-23.9320557846948,95.11105841712164,0,none
8.283199999999999,8.046349925226664,2.142298438096451,22.247805324583364,24.414382517971973,-71.59568543757854,0.6267111692219698,-2.43142446171465,-8.353416348736111,5.979755549916007,56.79587464565266,-24.071557837718693,95.21092033480524,0,none
8.2999,7.961991411978643,1.949059058677104,18.90701820441869,25.64637564940161,-72.55372264772816,0.4409424012208313,-2.451299044522785,-8.34851021278395,5.992900372857269,56.75493795160913,-24.210977958272185,95.31100177103195,0,none
8.3166,8.10545304941202,1.9456925515557824,19.62414834695372,24.67647147386604,-72.43552732903592,0.7070103084996318,-2.4698103644891183,-8.344875026253023,6.004739792799315,56.71369211852216,-24.35033737121061,95.4112809255717,0,none
8.3333,8.111645484302628,2.4337025378638666,21.96315420471527,24.254491436749472,-72.21722896470641,0.5456494232692741,-2.488760476439437,-8.34184912814487,6.019040306194039,56.67212981856562,-24.48964625165063,95.51179889868514,0,none
8.35,8.118357582738852,1.9418454025786411,18.396304442631664,25.214030921627717,-70.74362790570946,0.5352358663166767,-2.5085068192684044,-8.335819230382128,6.032740495919666,56.63023775468384,-24.62885443279801,95.612545664967,0,none
8.3667,8.110840987799754,1.937272949853537,20.046019727179115,25.70109847482664,-75.65037048307659,0.2584972651962517,-2.5255817131732083,-8.332934299162119,6.045285100264506,56.58806054007385,-24.76801443559402,95.71350192614142,0,none
8.3834,8.189802608205625,1.772154781209122,16.33399575252822,24.571916767253867,-72.62307550071321,0.4922715488462165,-2.5440259290364025,-8.328122879379926,6.058807752432569,56.54557530705894,-24.907094087679663,95.81468401560704,0,none
8.4001,8.159292325748,1.7548252643833735,19.23474034048575,24.43485203331222,-64.7130041992705,0.1766512847368947,-2.563071178736162,-8.324349974894965,6.072372900007054,56.502772018374046,-25.04611073226041,95.91609264303716,0,none
8.4168,8.15078993744893,2.00718007489722,20.812012233426454,25.000257070989026,-78.85227314890626,0.5006797166076351,-2.5852203557429854,-8.320857169227331,6.087163376232645,56.45959883843314,-25.185069046986506,96.01774827142025,0,none
8.4335,8.112785436086993,1.8608196748927364,21.094041989004253,25.904065562617745,-72.10227060360485,0.7600658140615326,-2.60151261681053,-8.31491203815013,6.100199121835395,56.4161535777324,-25.323928078023613,96.1196215967549,0,none
8.4502,7.982312429590779,2.044610200960831,17.96345321998041,22.50171822117267,-70.65659404096812,0.5961320890127783,-2.6218144245357715,-8.312832132116007,6.1141367982278405,56.372369276842655,-25.46275237462995,96.2217276812853,0,none
8.466899999999999,8.307343268598181,1.959039449528137,22.832007651634136,25.155695569277764,-69.93132333312818,0.4062513667365662,-2.6433049378852727,-8.308466100091575,6.129115063184637,56.32822608437997,-25.60150375850148,96.32408390284048,0,none
8.4836,7.985691128615453,1.8606886284099644,20.96901662928364,24.393268864241165,-69.06201859816505,0.5275692010917343,-2.6587536347801044,-8.302160279921516,6.141988935956239,56.28382489867914,-25.74014983517617,96.42665511807095,0,none
8.5003,7.976583396392961,1.6158997495895293,19.529260256673798,24.73858158042098,-74.51261280662236,0.347019871776641,-2.681305234278478,-8.299625140572504,6.157200815784834,56.23904710126669,-25.87875357502373,96.52948037169456,0,none
8.517,8.178901684736061,2.184503096889621,19.835046305451748,25.04307498579222,-72.79855273418735,0.7792466716096029,-2.70067199491768,-8.293985068887341,6.172360611094961,56.19394587895157,-26.01726312567415,96.63255879389985,0,none
8.5337,8.251455398446621,2.0291187379049904,21.6158803602105,25.517831385664007,-72.60019938194263,0.7906700133381919,-2.718688133625195,-8.289743330052675,6.185457456721967,56.148543787120026,-26.155701839286028,96.7358559334271,0,none
8.5504,8.177725500502913,2.4026813902923623,18.50950700976353,25.5948325207564,-65.76098882255756,0.5199767528052094,-2.7387299658026545,-8.287155509592663,6.200374973358695,56.10280699669112,-26.294097336296225,96.8394021954822,0,none
8.5671,8.000956777466222,2.0329296003626203,17.661300396815154,25.82638092933824,-71.81798557038931,0.641050265008049,-2.7635867843030613,-8.282265534212359,6.216487698548498,56.05665509739326,-26.43241117071757,96.94321754004795,0,none
8.5838,8.251078062313207,1.8757697615179003,20.228171292296512,26.689540161462592,-69.04738533404661,0.3974499495101488,-2.778535815829384,-8.2763135585808,6.230214809066267,56.01025354926891,-26.57062560714587,97.04726212735936,0,none
8.6005,8.03331705825394,2.4482323626153986,18.96644787730293,24.52172840154065,-69.21660974273098,0.9256343814062356,-2.802768338105228,-8.272991745303552,6.246256118052446,55.96344731802255,-26.70878456929244,97.15157460453084,0,none
8.6172,7.962992392811551,2.355550071024476,18.401078945812426,26.10088684496843,-73.42449861282925,0.6386360826991182,-2.8185230098102583,-8.26862057644615,6.2603931126927055,55.91637798375872,-26.84687053291909,97.2561231695128,0,none
8.6339,8.133173509180592,2.131450365923526,20.826765782400216,23.865597441386523,-71.72092527313552,0.6658821805820669,-2.842607608377211,-8.263003566647015,6.2761424881653545,55.86890643669882,-26.984862692482096,97.36093474906517,0,none
8.650599999999999,8.160355563123458,2.0414512762646355,22.38644914021482,25.39415519731048,-70.35790426904042,0.2650277231808996,-2.8598210053451383,-8.259145555585418,6.291431825774818,55.82114742590956,-27.122790423260373,97.4660016605556,0,none
8.6673,8.166270234655311,2.218843081779021,21.470056490924232,25.110421321620294,-70.08022285849779,0.0,-2.8837536001195976,-8.254431813657426,6.307966950312003,55.77298874078756,-27.26063943454845,97.57134470862582,0,none
8.684,8.097603298364145,2.330558042070043,20.808889710539937,24.530325905719977,-68.49612401351662,0.728542287740221,-2.90208649687897,-8.249121342462239,6.3223020550323525,55.72452389628968,-27.39839976096757,97.67692715294486,0,none
8.7007,8.101849366115943,1.912095524161048,19.442141522747388,26.771953661842087,-73.21619971504774,0.3546638732021705,-2.9245948525885948,-8.244180426764048,6.339379384084969,55.67568316225145,-27.53607757409453,97.78279478865907,0,none
8.7174,8.118817085429326,1.960981967826264,21.548536391707533,24.886440403531186,-66.84988322432886,0.4898857740974821,-2.943788104372662,-8.23897343839213,6.353248845079054,55.62652190090843,-27.67366843051568,97.8888940443719,0,none
8.7341,8.06319792383788,1.9384293536843176,18.600503453743123,23.531802200866583,-68.17956938213307,0.5890135038339283,-2.9660086040378166,-8.234546963467828,6.37063175253348,55.576989557221,-27.811185364805592,97.9952835946392,0,none
8.7508,8.14363471872057,1.8104689688019693,21.313640229148376,27.0039676302804,-71.853721843781,0.6627246941012412,-2.9870304406902384,-8.230567700916744,6.386614026071354,55.52710614886147,-27.9486358454109,98.1019400488746,0,none
8.7675,8.24002387321745,2.4764877018316467,18.83423831932226,25.114326159346003,-70.15718443501254,0.7710397328748806,-3.0064256350159835,-8.224387072449012,6.40246136400631,55.476898840756704,-28.0859831095208,98.2088611536535,0,none
8.7842,8.125034584412717,2.1778842441451123,21.054797205195108,25.1072329460398,-68.24898515066884,0.7701373959818316,-3.0302816310280862,-8.22022493109893,6.419685259919663,55.426293137518535,-28.223260865870152,98.31606989749416,0,none
8.8009,8.208876095601566,2.231356723992352,19.445158413345737,25.457555181213948,-70.91186892997796,0.3970678985156762,-3.0474453447137484,-8.215203170464351,6.435042007940431,55.375400800261815,-28.360454758816907,98.42353509902676,0,none
8.8176,8.12629267683927,2.218843115939228,23.250051516282312,26.1176868923046,-70.77152101310261,0.2209755636309005,-3.073816848070525,-8.21040421599589,6.452828449219071,55.32406805889904,-28.49756850922404,98.53129733412872,0,none
8.834299999999999,8.15992170328112,1.9069578452949387,20.8924600954996,23.741430309891925,-65.56198865176071,0.6318247958395824,-3.092657017603784,-8.205222738459996,6.468385852920545,55.272420686705054,-28.63459572895632,98.6393193778725,0,none
8.850999999999999,8.148132312708048,2.143657439096773,21.009633599989424,24.8616956031006,-70.81898433843537,0.474082404341595,-3.1143470685877643,-8.199108196549702,6.485971429079412,55.22041109065964,-28.7715208358387,98.74763510073812,0,none
8.8677,7.994409750866094,2.208218228615711,18.03782182633397,24.677197895076876,-72.61661004677597,0.5548840022667902,-3.136719913588414,-8.195460235328142,6.503507966910124,55.16802786810271,-28.90838502176868,98.85624368378552,0,none
8.8844,7.93457313798281,2.2789142791253987,19.95350518389884,27.683823430876046,-66.49101589149318,0.714398994342998,-3.160481028842044,-8.187276955570207,6.520624233708914,55.11524783492105,-29.045112546926703,98.96513810848846,0,none
8.9011,8.122274317785726,2.2450197704986863,20.29207000409571,25.688138604751924,-68.73788171429284,0.3143176692431531,-3.17925856015622,-8.18464968271409,6.537245967039636,55.06215421696644,-29.181796196628028,99.07431011613802,0,none
8.9178,7.993517700570868,2.0045637932204308,18.43566688050742,25.885466663685538,-70.07601617431162,0.3800888367057047,-3.203862957828116,-8.179724089309644,6.555973297553489,55.00864970557071,-29.3183975889195,99.18379487020717,0,none
8.9345,8.037357836824702,1.999807242808859,18.231449300615022,25.630597970155225,-70.79190470292681,0.6599865924694689,-3.225196455268999,-8.173010979070556,6.572572990403367,54.95478892476772,-29.454886872269977,99.2935568391469,0,none
8.9512,7.933333666390769,2.0115621220755187,19.90030666884981,24.32450653984461,-73.44110758859676,0.5701287127582588,-3.24640118231354,-8.16783941364114,6.589950878583057,54.90057402502308,-29.591289790477784,99.40360901881924,0,none
8.9679,8.033708033607763,2.234610321142887,21.06851729160043,27.227790089058956,-70.52743013708941,0.3235184157028,-3.2725306289832337,-8.162304422710507,6.608564813700843,54.84592276351906,-29.72760027433705,99.51397205120804,0,none
8.9846,8.08276780682806,1.8933603317888943,21.161947896989755,25.182621648763025,-74.81916893343003,0.3497063038007819,-3.29218375303829,-8.156667614702577,6.626211539770021,54.79094329484332,-29.863816623502583,99.6246297839222,0,none
9.0013,8.093544980418672,2.085038618372796,19.935116313587017,23.977338521805184,-71.5888861164224,0.91852088498879,-3.3156050903258376,-8.151464812573176,6.644302220588836,54.73557268983488,-29.999946085872555,99.73558963100604,0,none
9.018,8.15809708082546,2.116427397475082,21.05428965227401,25.084472004176977,-71.36528241208735,0.9056722197132904,-3.336875839065476,-8.146626431497905,6.662215915560568,54.67984686332249,-30.13599474727857,99.8468486367959,0,none
9.0347,8.013105867610962,2.0647838703011927,20.60133660480456,25.43141886127603,-70.01947311924592,0.4835960608422191,-3.361922695385668,-8.140104067435887,6.680866622280112,54.62370275430955,-30.27193448520475,99.95841910938798,0,none
9.0514,8.022072665270425,1.844659190718089,18.88225960069094,26.794359251579657,-73.89595526768858,0.7770897404281729,-3.3822602872748315,-8.133856808992313,6.698779278019697,54.56721900751206,-30.40776989391492,100.0702887233309,0,none
9.0681,7.980252871346426,1.9222665046470424,20.586785331099,23.90985881072433,-68.45037358947314,0.634616494228688,-3.407850394880311,-8.129244142395208,6.718181390065279,54.51030790591756,-30.54352827109292,100.182482352545,0,none
9.0848,8.05499421551107,2.164031041633237,17.858331291459592,23.33350244848381,-73.87872960721485,0.4666001862720193,-3.4310143704617277,-8.122992074063633,6.737296704526164,54.453009965930846,-30.679182238729783,100.29499520751058,0,none
9.1015,8.116481075992338,2.2126695484543197,20.10796354803793,25.851561035784638,-67.11631188213772,0.2887653707761954,-3.453543341939978,-8.116876272053025,6.755511323633752,54.39533579212045,-30.81473407247307,100.40781224661526,0,none
9.1182,8.143249371775747,2.224066039607936,20.286686977745315,24.60147968543969,-69.93431149894312,0.5753751169936072,-3.478070116842983,-8.112004188831477,6.775229340985027,54.33725202116917,-30.950204542426555,100.52095857660971,0,none
9.1349,8.084086580039102,1.8643017443003576,20.41909882167453,24.01500064929664,-68.22732494573921,0.3727081504902223,-3.500303585265224,-8.10512068145471,6.793792546521266,54.27879695129524,-31.08556005780685,100.63441491213662,0,none
9.1516,7.913078798852452,2.5470830813275915,18.236380870574784,22.387121852655667,-70.5030496307862,0.3542099598054422,-3.5274398769209045,-8.099364596672988,6.814414200637904,54.21988870535066,-31.220819446571287,100.74821562928727,0,none
9.1683,8.130033572745768,2.1915231285152377,20.660231607318615,25.848945619712328,-73.45890656475108,0.338542809365399,-3.548598450118288,-8.093782568782904,6.833001159042557,54.16062711123369,-31.35598561546996,100.86232674864328,0,none
9.185,8.07890910963574,2.352492786319876,22.0218597599999,24.653228152147463,-72.05049918878379,0.3335604325465855,-3.5707470325272066,-8.086735135095209,6.851946362975943,54.10099563579048,-31.49103409222605,100.97675425290498,0,none
9.2017,8.238323132138055,1.8489324097620687,21.34982799922277,27.009031928470165,-69.61727067356134,0.7869380723910979,-3.5969579069191635,-8.081690659520708,6.872783089757726,54.04092643874493,-31.625998326240047,101.09152973050394,0,none
9.2184,8.020001757916274,1.9151029262767925,19.91812763372077,25.0471465964177,-73.76862006821955,0.2642126767653688,-3.620593534740877,-8.075326468680808,6.891485936389139,53.98046252671476,-31.760856278267017,101.20661754564163,0,none
9.2351,8.09732482519327,2.1719057787966425,19.62887315561428,24.05090838480929,-72.97047604557498,0.5520477052789728,-3.646075203676842,-8.068723556918808,6.913078680109076,53.91957307081336,-31.89560396166756,101.32206595959946,0,none
9.2518,7.95273831557671,1.822775617103904,23.312484895081408,26.076096553614,-67.28665988218663,0.1228292203996577,-3.67099270802742,-8.063262392485083,6.933635890997475,53.8582674925893,-32.03026044362206,101.43785767897911,0,none
9.2685,8.057096646920643,1.65925396540293,18.85048863421332,25.786322797067623,-71.17116267605829,0.665296359996868,-3.6935116484322137,-8.05595813506635,6.952503708160867,53.79658584806048,-32.16479494447767,101.5539644909054,0,none
9.2852,8.086373035792604,1.969903773447376,19.451898415747312,23.9392697730252,-71.05544700625374,0.7535356503712453,-3.720234562218688,-8.049691611066175,6.974235661528472,53.73445793087143,-32.299224794382475,101.67043422645293,0,none
9.3019,8.240925450736622,1.832393695184933,21.309843913394644,24.86723413655195,-72.64507785696227,0.3112453544005601,-3.743826588231718,-8.04385235942396,6.994000890162562,53.67193602684796,-32.433557128784855,101.78723404131864,0,none
9.3186,8.143100282656404,2.013061015596867,20.543010427844205,26.977507582139584,-65.90068371862948,0.3641679506071932,-3.7691957106149,-8.036189042693177,7.015930296217821,53.60899045848069,-32.56776148579783,101.90440007726548,0,none
9.3353,8.012288894115256,1.942606387128276,19.28975861444308,23.05366644892424,-65.69192106923964,0.5046178814947768,-3.7942654249413055,-8.03054654532574,7.035363546681501,53.54562622588417,-32.70187161310477,102.02189064849506,0,none
9.352,8.093316876573786,2.106728279014168,21.17668484284773,25.17157161435632,-72.9931390394515,0.449488857206253,-3.820598709527552,-8.025369076570696,7.058769392309995,53.48182222743506,-32.8358952766835,102.13977209734664,0,none
9.3687,8.254783096238326,1.919183517250884,18.89968938247761,24.075629726541845,-71.22793230233269,0.3165753176307054,-3.845796869315276,-8.016863726693632,7.0791262011882505,53.417597419717495,-32.969776900919285,102.25799350490648,0,none
9.3854,8.1280973839767,1.9780492441580568,19.02628098686255,24.420521145308232,-71.44559485460871,0.550107537315587,-3.869457456052989,-8.010546920960614,7.099615288486367,53.35297748020141,-33.10355303449933,102.3765570802242,0,none
9.4021,8.154095019020193,2.086318796784021,20.469899181279825,24.917081404036743,-74.33421552659922,0.5469927153985829,-3.898508772020572,-8.003689285217945,7.122407598270351,53.28787238370867,-33.23721464556247,102.49550128711532,0,none
9.4188,8.128324250697373,2.222558756779449,18.377125947122543,24.363440720242785,-71.70742088302414,0.4564634587401906,-3.920989025115297,-7.997298236147063,7.143165766754595,53.22239186698924,-33.37076952610612,102.61479215542012,0,none
9.4355,8.090952599043911,1.7178540525165,19.49821118993778,24.84421894846086,-64.82273441826455,0.4624339994765832,-3.9478074768982334,-7.990046768211561,7.165434397292503,53.15646348212504,-33.504203307135256,102.7344549098549,0,none
9.4522,8.219611007410945,1.8173962303883304,21.35850795995253,27.035780943692863,-69.26129913060564,0.9411507108999022,-3.9751813611507423,-7.983073399100453,7.188317476206663,53.09007795339382,-33.637520632900234,102.85449981170756,0,none
9.4689,8.060634151810987,1.740082687611432,20.53324667374888,25.82900175888231,-75.2004029345029,0.4914039682868349,-4.00421086352569,-7.977189698771964,7.210959092078155,53.023207631972944,-33.770739700869726,102.97492282854526,0,none
9.4856,8.17952074827885,2.1604961988626616,19.18688187893171,24.508743860139585,-73.21245236339489,0.6156170069292393,-4.024299341819419,-7.969498367426362,7.231811189675244,52.95600183296456,-33.903830323605746,103.09569407541284,0,none
9.5023,8.180696419477282,1.8850059813507003,16.905904700047643,25.26027384484795,-69.48288832180098,0.2931904731640728,-4.05438799247876,-7.961020040994016,7.255603445341597,52.888293553490165,-34.036779358290346,103.21686265295004,0,none
9.519,8.074210745903443,2.4406231544326955,19.75195039217186,26.150075555961088,-63.785949409235535,0.4308999015925455,-4.081358594430248,-7.955361493238838,7.277914503904351,52.82013486496318,-34.169633895227435,103.33840382516524,0,none
9.5357,8.12803344930243,1.8268972435598363,18.57179529514239,22.826390646341,-71.13324863589969,0.2576395164475038,-4.106039502046233,-7.948150061697071,7.300689539737495,52.75156400527901,-34.302368001257776,103.46032534047886,0,none
9.5524,8.121255335457814,1.824213889533448,18.94045601211438,24.015843190567217,-69.40424538808958,0.9531809776591588,-4.134394228400625,-7.939862346559724,7.323478110536682,52.68251962166472,-34.43496370244532,103.58262742492482,0,none
9.5691,8.029147380972564,1.9864203910548823,18.503105581662577,24.80109730200109,-70.07694348258855,0.7051276248653879,-4.162864491506069,-7.93467611781219,7.348461203190006,52.612999784656566,-34.56747279361279,103.7053467270181,0,none
9.5858,7.888410764096758,2.1729057070436517,21.591044480329245,23.898540416183728,-63.526233707745256,0.7331814246494313,-4.189763091172332,-7.925457716810339,7.370567527795866,52.54303074103399,-34.69982793748352,103.82843520473229,0,none
9.6025,8.204726098371006,1.8150774230071325,19.789704509254182,23.660145094393723,-67.92230167319796,0.3266576367479629,-4.216876379653664,-7.918086419558548,7.394177939396187,52.47260890549377,-34.83205998069015,103.9519179763202,0,none
9.6192,7.997370228408714,2.052309409450964,20.245674779186,24.06045044733046,-69.19528253191622,0.4662925587533965,-4.243997828517068,-7.911093011641217,7.418650468140808,52.40173414175754,-34.964175233984555,104.07580943913815,0,none
9.6359,8.102536044341484,2.1754318832780286,19.24857125923086,25.33014373516092,-67.82559045684381,0.5505213937927094,-4.270203272496391,-7.904007441914631,7.441468696062846,52.33042174710685,-35.09617215826453,104.2000819663624,0,none
9.6526,8.066127347390067,2.1944399279246887,18.46899486549652,27.091305399491706,-71.60008197274531,0.5847317730773194,-4.300975787205085,-7.895047202430067,7.466134986206888,52.25859545146052,-35.22801944654511,104.32476642063206,0,none
9.6693,8.10518162004626,1.7771532453805376,20.98416824138868,24.316731332585984,-68.76875876313925,0.6167299951769301,-4.32561652319531,-7.888062087042567,7.490308310637117,52.18635765552316,-35.35975008339872,104.4498545694197,0,none
9.686,8.185321247530633,2.268357612577088,19.32677606712917,24.65264081706404,-66.65607099050489,0.5467934189949604,-4.35718628242505,-7.881353186029925,7.514537555471621,52.11359264460666,-35.49136868160542,104.57534734659608,0,none
9.7027,8.103624772521167,2.161178820931293,20.135124875703998,24.241269998579835,-65.01072959616867,0.4501667118734476,-4.383367829294933,-7.872325506772473,7.539635454108321,52.04039040185744,-35.62283651756852,104.70125925867968,0,none
9.7194,8.107250652236534,2.0141531532958483,20.799678040020574,24.351327838868546,-77.23645700269628,0.406280968470719,-4.412448739810379,-7.864839707512168,7.564007334093197,51.9667025079026,-35.754179340683976,104.82757818115904,0,none
9.7361,8.111639444379366,1.946997673000065,18.89762769428679,24.394753230487776,-69.16478103897718,0.2912831019355652,-4.4422681893175975,-7.85671175025339,7.589496060534454,51.892516629141,-35.88538642691321,104.95432276536997,0,none
9.7528,8.07129784031356,1.5424655075545832,21.091213137858396,25.35094852659592,-68.16647979756583,0.6616869297728947,-4.469566063443051,-7.849078921006549,7.615146497255103,51.8178748758815,-36.01646604489402,105.08149571187413,0,none
9.7695,8.104359899838288,1.60104060276256,16.96381274458812,23.5473433893968,-71.09639315638866,0.6904103320134426,-4.499676719227991,-7.840458846658549,7.639454281641583,51.74273027467039,-36.147401707633215,105.20907459837754,0,none
9.7862,8.001866700743712,1.8031628519929543,18.761440463667626,25.323988614603667,-68.71470405973427,0.463652733117925,-4.529832533239523,-7.8331168669957,7.665901756745894,51.66708207136529,-36.27821475931204,105.3370951577152,0,none
9.8029,8.032698541180151,1.974785458448976,17.834762897543612,26.14242826990017,-70.8848135547471,0.5635820138131178,-4.559652192549162,-7.823874348500856,7.692032659532944,51.59093587974972,-36.40887346093201,105.4655521031294,0,none
9.8196,8.341824468856395,1.989798334580832,20.773743187821218,24.057424815659104,-68.78543081521991,0.7073738271703057,-4.585132498578215,-7.816680601607458,7.716125477114082,51.514364167023466,-36.53941202697885,105.5944113985972,0,none
9.8363,8.049829371319854,2.185990993481667,18.94639896184445,25.01434774964532,-70.34849563629294,0.2969444818902173,-4.61642149951996,-7.8072659908286655,7.742865973956632,51.43726992798148,-36.66979336902569,105.72371726036228,0,none
9.853,8.096061967136519,2.288914987229404,21.35911475460759,26.21049307430464,-68.85168691308922,0.2745415759093723,-4.647470715132972,-7.799621650303613,7.76971724181544,51.35965716703876,-36.80004705058576,105.8534715383006,0,none
9.8697,8.113528646011034,2.0066125233076386,17.712530303230903,24.232474764001083,-69.94453239491658,0.302587912957822,-4.677520210342226,-7.791183826521018,7.796114922797925,51.28154257952605,-36.93015982048866,105.98366665751132,0,none
9.8864,8.134773244742043,1.99769525320198,20.449438086429574,25.64225536913034,-66.54486657402076,0.6676304279811024,-4.707993487959234,-7.782678327491246,7.823284263407944,51.20291908827713,-37.060130548557765,106.11431550471023,0,none
9.9031,8.190012374140952,2.373461963890143,20.47814499022559,25.89732938093189,-66.69898843129717,0.91230691725948,-4.736389840125087,-7.773697062193204,7.848471751164161,51.12382137794704,-37.18995128949639,106.24538498295468,0,none
9.9198,8.068021525413435,1.9773278885408505,17.905610254291638,24.84607571433785,-70.73059938124321,0.706816927393059,-4.768933010479945,-7.765833674019735,7.876710449971382,51.04418019667202,-37.31964071185252,106.3769260474692,0,none
9.9365,8.175912494146965,1.8887484435405848,21.002348905288063,24.96261597022378,-71.20103686532764,0.3711330803158567,-4.796902440892598,-7.756256289145475,7.903076040587203,50.96407192590912,-37.44917019188125,106.508907417347,0,none
9.9532,8.119250587110674,2.1352660909642283,20.051879472141337,24.595122255626418,-68.09476913000432,0.3172741579027144,-4.832486705719483,-7.747161673997155,7.932217015099432,50.8833693979236,-37.578547791837,106.64137544149916,0,none
9.9699,8.096931564235412,1.9237895601793404,19.544949069675862,25.12753928095533,-71.45973623459487,0.8541546499511469,-4.859933827306432,-7.7384186150891345,7.95828276615268,50.802208503007584,-37.70777938270899,106.77427876369391,0,none
9.9866,8.00426043329326,2.158282304250697,19.94801000530283,25.351868174956437,-69.5668469147165,0.1446977547602736,-4.892747330600344,-7.729646171039555,7.986724762769519,50.72049962258656,-37.83686447376535,106.90765706723217,0,none
10.0033,7.997802812841496,2.173185281598275,18.990692151062174,24.4662023230624,-67.32882633501053,0.5606541148870202,-4.920520018430267,-7.721415224517086,8.012999984364757,50.63832693827877,-37.96581210801479,107.04147416697106,0,none
10.02,8.135951615383563,2.1102404590821786,20.43246856482722,24.521798920672538,-73.80975109593055,0.3223051734702356,-4.9568051376499564,-7.711221669637269,8.043150099493806,50.55554829248002,-38.09458950989773,107.1757947736326,0,none
10.0367,8.116531466347686,2.242171257073244,20.41565989922589,24.941550302861277,-69.0598193769494,0.4143050961615936,-4.985696443999635,-7.702082846508174,8.071353567679253,50.472287161865225,-38.22321429343442,107.31058637821285,0,none
10.0534,8.039176579191402,1.8541679684505288,19.19827838009152,25.815933494173613,-72.98913035425478,0.6957458412845114,-5.020541034148764,-7.692607239476701,8.100302183482562,50.38844412659494,-38.35168083433368,107.445861424677,0,none
10.0701,8.146836670141422,2.0663649270396043,20.914123395551112,25.36815828711889,-68.70179650863423,0.4685126754748443,-5.047614228095671,-7.685140225798826,8.12696829999248,50.30414896898574,-38.48002267610452,107.58158179528688,0,none
10.0868,8.13300042667452,2.342429969617948,20.1324007832103,24.79235504951819,-74.46254646390166,0.3715705360278306,-5.08426091086593,-7.67305325823797,8.1577097982254,50.21924181177428,-38.60816266551709,107.71781554891724,0,none
10.1035,8.068159437573179,2.218423872533004,21.637739854707878,24.039839221488812,-68.31737153378967,0.6920048148285922,-5.116986753134631,-7.665375790895008,8.18688889322861,50.13378813299693,-38.73617444122504,107.85453659343416,0,none
10.1202,8.144191979198432,2.286369708771828,21.14476866700967,25.385323119354403,-70.96705547842697,0.5173257612320393,-5.147054808707243,-7.655168213948277,8.215395969488522,50.04783231769152,-38.864015750397975,107.99173370612462,0,none
10.1369,8.040489887387299,1.857932514870959,20.245547928350632,25.02339762223234,-67.9041530213818,0.4662419208267106,-5.17997720641661,-7.645780835508238,8.245274839826259,49.961326698344365,-38.99170029035096,108.12942979594972,0,none
10.1536,8.145591423126698,2.0465224288526,17.284702117631312,24.914553881640625,-68.33407579016283,0.7029005162991764,-5.214677926880553,-7.636121328952707,8.27588418615677,49.87424157696546,-39.11922351654447,108.26763706185854,0,none
10.1703,8.01384269307396,2.144029208426028,20.548424040214456,26.704833575570536,-68.87065474033359,0.4058836359396443,-5.246957583410305,-7.626184428884731,8.304570944275639,49.78661738532251,-39.24658079650685,108.40632339662794,0,none
10.187,8.007902080245099,2.033016108980947,21.612806727276755,25.16831345715331,-70.69792316063455,0.3420060674709386,-5.2785701218538295,-7.6160464229068126,8.334976419493211,49.69846526428755,-39.37376877176939,108.54551750283348,0,none
10.2037,8.151852837538964,1.970036524426977,19.944630240172845,24.94766842253301,-67.82213768302242,0.4719612994633644,-5.316371110508871,-7.606524219062226,8.366745392704363,49.60968186674205,-39.50079772622773,108.68524215089164,0,none
10.2204,8.133194083292333,1.93205176060168,20.79668657412244,23.57057765414024,-71.7287344160977,0.6136727298527502,-5.348809283451819,-7.595616638207882,8.39665345133439,49.520356751708405,-39.6276445240858,108.82546626352892,0,none
10.2371,8.046565030451385,2.387804401811416,22.396900212473906,25.991972091424863,-74.96075647021748,0.6699182436797331,-5.380452810282556,-7.58718037183753,8.426557444620956,49.43050318977669,-39.75435043629549,108.9661897728541,0,none
10.2538,8.01116506389816,1.9411315943491672,22.74037977904476,25.355956385809755,-70.5929518284262,0.3617785941745273,-5.416944674393365,-7.575180144826107,8.458568224603017,49.34004021371432,-39.880855944714085,109.10744786220496,0,none
10.2705,8.12794720915275,2.155430947203025,21.4877416963648,24.59752164460608,-70.26856290633752,0.3941824314421026,-5.4513470244448055,-7.565708870315776,8.489611038112377,49.24900271840609,-40.00720328284836,109.24922436654144,0,none
10.2872,8.01939882584534,2.018647139027739,23.660935048373094,24.605833276660334,-73.92278607697034,0.5033993657013661,-5.483914626141935,-7.555905428532809,8.520532311274293,49.15742134414952,-40.13338690350486,109.39151725613972,0,none
10.3039,8.122024846813845,1.953386730677208,20.987814693150607,27.09313313436516,-70.55339128481462,0.2144920372261952,-5.519811102530015,-7.54435032368678,8.552110340964065,49.06524049873727,-40.259377553910426,109.53433749883382,0,none
10.3206,8.194121864498356,1.9018855106569332,21.972657943777364,25.566729809430853,-72.14641647222031,0.3682408503697004,-5.554955856176023,-7.533943954704017,8.584579609893371,48.97247273593913,-40.38519441795398,109.67769997831904,0,none
10.3373,7.962118450620585,1.96706532497115,19.509399870944648,25.695279044830112,-74.59943546177328,0.6073710081184811,-5.590308890085806,-7.523633357967913,8.61719682534382,48.879114577474695,-40.51083909503205,109.82160716530228,0,none
10.354,8.107465525562146,1.96955999379414,18.45548481009276,25.971222176782305,-66.31988341251109,0.5005241520750572,-5.626345496821983,-7.512528937968081,8.649311503404363,48.78515460767777,-40.636298328296114,109.96605066740914,0,none
10.3707,8.033587689952226,2.145270708634994,17.760291361967035,25.009007688560832,-74.16495697835026,0.582115141493715,-5.659230570705564,-7.501779064932277,8.680802826509495,48.690645457146985,-40.76157803868048,110.11102007461184,0,none
10.3874,7.989809274433102,2.1929906778366304,17.76427956363288,24.62969549553421,-70.8969679674718,0.2457495858495111,-5.698546725651374,-7.49134578091915,8.714512773520855,48.59547972682861,-40.88668351322183,110.25655243792964,0,none
10.4041,8.11303546649331,1.9932546260154755,16.85358498702062,24.056389120221446,-70.87346396823224,0.5611035052445753,-5.733867358983447,-7.479780206981127,8.748504756754723,48.499724141933584,-41.01159584267842,110.40265246736745,0,none
10.4208,8.03935537411572,2.182166777130497,17.88342484739481,23.59998748099692,-76.37561145937683,0.2405709488206188,-5.768300246101947,-7.469267789079362,8.7794387325793,48.40339352782368,-41.13633261475604,110.54926909420152,0,none
10.4375,8.215785342646283,2.06239716290214,18.73620218673337,25.74434190503673,-68.19542099721774,0.4629946529327278,-5.804284869657941,-7.457699568239454,8.813534288159287,48.30646197050039,-41.26087619754564,110.69645511681378,0,none
10.4542,8.10307682864055,2.018690571583226,18.020794744097905,24.069166751307858,-71.5289169438696,0.4845898900767449,-5.841724315031601,-7.446712036314037,8.848245893769906,48.208905174439366,-41.385236288552086,110.84422082323974,0,none
10.4709,8.198205069357476,2.277118274123438,19.032899097274456,25.089265653286567,-71.11997686993196,0.4056280827746976,-5.880045672274995,-7.435951181542845,8.881202049402516,48.11070841171237,-41.50941667328385,110.99253689746476,0,none
10.4876,8.043545889914785,2.206923646770323,20.47658757880706,22.917881823325832,-67.27446954893821,0.0997876383486537,-5.915421995004964,-7.423912591577305,8.91524284971855,48.01192086439579,-41.63339601356319,111.14142145305506,0,none
10.5043,8.162883761059453,1.9486245670565496,20.74526969168364,24.75264520672618,-69.18851954926704,0.7765568204370468,-5.953692001685647,-7.411920068579969,8.950491530650178,47.91249420796764,-41.75717507870848,111.29089466161692,0,none
10.521,8.11157447537303,2.0318298555708445,17.77252511991817,25.00926286903576,-70.13488483070665,0.3475650611098917,-5.989114849911089,-7.400522892894202,8.98330723488553,47.812475989974125,-41.88076381101981,111.4409158924395,0,none
10.5377,8.073367988995063,2.437852825349999,20.675628938735805,24.65706992444563,-71.76145255471047,0.6947344711551723,-6.028429045282148,-7.389076579163477,9.019142659552644,47.71180122491791,-42.00416138989184,111.59153557485403,0,none
10.5544,8.16823792212991,1.9218718690158627,20.36432400976187,24.386282254943826,-74.16861510082518,0.6933251964788629,-6.067922935604448,-7.376678517978732,9.055440230795089,47.61046691189332,-42.127351921142086,111.74276142670831,0,none
10.5711,8.082412296425542,1.646008910453776,20.604747314341274,24.89842067768245,-67.5938058671005,0.4595950232341397,-6.103543824716733,-7.364889848908136,9.089288397378764,47.50853773002055,-42.25034558161885,111.89455254294454,0,none
10.5878,8.091045101526461,2.183605606552771,19.981931900786908,25.92573257207505,-67.09406321317567,0.7317918674298893,-6.143049374915558,-7.353336280624813,9.125493123303874,47.40594880545946,-42.373146297505286,112.04694827810371,0,none
10.6045,8.086714862886454,1.726390005160786,18.785286429853883,24.42572249761527,-66.34329962848807,0.3331576894451189,-6.180207492387618,-7.340575225607816,9.15974055795526,47.302739340336586,-42.49573390377294,112.19991594542157,0,none
10.6212,8.022722616219706,1.8964481018108577,19.834479408533348,24.98504765781064,-71.43578634976224,0.6356526844770948,-6.22012855230255,-7.328318074348874,9.196667900747157,47.198863193513134,-42.61811681561456,112.35350029936404,0,none
10.6379,8.077922160238797,1.964327275777224,22.316173201006293,25.5110391687202,-69.65877328267081,0.4091322189506951,-6.258942175454298,-7.317031388682263,9.233501211965944,47.09433885918305,-42.74031123980556,112.50769976960387,0,none
10.6546,7.869101631518586,2.2226268678633083,18.6989644874582,25.065228504887912,-69.99298927993563,0.5242778919266201,-6.29771575994666,-7.303618083862356,9.268706387686535,46.98916700599194,-42.86228166180606,112.66248716627824,0,none
10.6713,8.170599817634946,1.9932521613406973,21.93800053773178,25.063755940492367,-64.74498554188642,0.4327867509189438,-6.337495244384024,-7.29161459355833,9.306282247219151,46.883330835410725,-42.98405162551848,112.8179020798068,0,none
10.688,8.05259309707569,2.12034637535137,18.30348224389534,26.294190842366667,-68.02525845403439,0.4153687330377896,-6.376553573831611,-7.278954629416511,9.34239174962168,46.77684239072774,-43.10561016782974,112.97392002202548,0,none
10.7047,8.143540725890949,1.8299941714659809,17.814740972526668,24.30108354697482,-68.73588633887775,0.0713345685503387,-6.41902751959348,-7.265284702196999,9.381077984749892,46.669644631150526,-43.22694042235643,113.1305840243708,0,none
10.7214,8.133273742547242,2.079176149302548,18.68333324253769,25.690035305943137,-73.38869684085181,0.7450381589429003,-6.456579506766519,-7.252574863512255,9.41736991311551,46.561819753387525,-43.34805842257708,113.28785410191983,0,none
10.7381,7.979804605273276,2.311974364952761,19.781407508983317,25.111894437147296,-67.50207302848052,0.3446589380072049,-6.499290613803225,-7.240797995679171,9.455845643931829,46.45328160013701,-43.468979749104925,113.4457667241735,0,none
10.7548,8.18810391510497,1.6551359636292602,20.613174660405,25.70770388432472,-72.04817580050081,0.1398267303025837,-6.535202249021504,-7.226957027621108,9.491449563331932,46.34414372257835,-43.5896699314662,113.60427393188114,0,none
10.7715,8.115189842544218,2.015379387518637,21.27540556221808,26.494737925964746,-68.88941187583488,0.600922354569297,-6.580575828288813,-7.214582566895487,9.531927183538796,46.23424810624593,-43.71015346033335,113.76345711584624,0,none
10.7882,7.9726750449569,2.1447345980616497,18.354956286673588,25.08204165415976,-67.01023810581894,0.3627966420367072,-6.619184879515493,-7.199538052043646,9.569134983316232,46.12370771875802,-43.83038574580248,113.92326167006762,0,none
10.8049,8.133705605286703,2.2952819555998363,20.099699518250755,25.63902560263568,-63.57596592234288,0.5740503897163668,-6.659468157104085,-7.188005275632075,9.607241383899728,46.01249460053438,-43.95042543390554,114.08370260117874,0,none
10.8216,8.159672294976993,1.8314736995780605,19.73341387456937,26.23624454925234,-71.15535412153763,0.4784975851412482,-6.702163702649002,-7.172346827563209,9.646451969191444,45.90056846670014,-44.07020362592584,114.24479834906424,0,none
10.8383,8.055528459506517,2.1074501948254705,20.100001653829217,25.40145843370184,-68.44996315995401,0.2571224226063752,-6.746260979333117,-7.161636182874072,9.686859291444287,45.78790590834528,-44.18980295017984,114.40656889923136,0,none
10.855,8.12275106209252,1.9313250506911024,20.28237298781546,24.39901730473316,-70.21624444760542,0.3540083854106038,-6.786607425452022,-7.146644399388172,9.725920389922443,45.67456956434023,-44.30915191164962,114.56899176974306,0,none
10.8717,8.216142830776853,1.9867011696619563,18.18749929034324,24.91119944622233,-72.56670715291443,0.6432196351006636,-6.826762558729431,-7.132578974897639,9.763641435287068,45.56056262960945,-44.42826598053041,114.73204458171236,0,none
10.8884,7.968834901141675,2.059604207958547,21.021689171984377,24.678164560832688,-64.45058165441294,0.4216256087299155,-6.871582134665173,-7.118814925928212,9.805330874977226,45.44580720796054,-44.54715018979341,114.89579360732448,0,none
10.9051,8.032247314678036,1.689030872192972,17.92477651588409,24.068122369169373,-71.07921657360843,0.5323539343842811,-6.912741515272827,-7.104698256313128,9.844596881441635,45.330364424655485,-44.66579865067384,115.06019837524455,0,none
10.9218,8.020208746683535,1.951747477303176,19.2367738190962,24.95210058478833,-61.74658123440143,0.496377082255936,-6.956034963964297,-7.090226299713116,9.884797203964869,45.21419864075728,-44.78420542987905,115.22527448855077,0,none
10.9385,8.113322060546045,1.734364375156693,18.38559384810749,24.241954550665227,-63.406904116163865,0.4875874823690131,-6.999344881870582,-7.075785411923968,9.926474600581956,45.09730958123004,-44.90237104625818,115.39104661438049,0,none
10.9552,8.016732702560512,2.0138583150281817,23.40040345859844,25.430582251285227,-68.74990013436746,0.3557048319222741,-7.044931931500236,-7.061245843909045,9.967019007185328,44.97965921797399,-45.02029385185146,115.55749583180048,0,none
10.9719,7.99758169134258,1.9947351647353464,17.63035853448886,23.93259719834084,-68.58541714785366,0.289147107648506,-7.08380215861454,-7.047799950791994,10.006518624230196,44.861359721925126,-45.13799211102969,115.72460469282512,0,none
10.9886,7.935354366689066,1.878420500870125,20.9113736645431,26.287058257897,-70.4204005011719,0.7625927106483579,-7.130591924027181,-7.032001819926329,10.049898940435728,44.74227883679387,-45.25542654142246,115.8924380051304,0,none
11.0053,8.015820780890495,2.0091016511220934,18.754529898745023,26.893139676816023,-70.56831675584019,0.3271159305917164,-7.175214447944362,-7.018272007618737,10.090654174372228,44.6224527555132,-45.37263168394969,116.06095192984242,0,none
11.022,8.175409598567867,2.05859545941897,18.79815895019952,23.886605397577743,-76.76581366365807,0.7538936345214353,-7.218462068521463,-7.001914465037399,10.132818269545158,44.50190443896889,-45.489563655515816,116.23016999494382,0,none
11.0387,8.054580526474309,2.1137450650732297,21.87513942398729,26.69896285988736,-68.04261388535758,0.6461914279936712,-7.263565352527203,-6.988755016660583,10.174560029477828,44.38060289758169,-45.60627586429405,116.4000851474361,0,none
11.0554,8.191755092631537,1.811133579597337,21.33149655355537,23.857154057117924,-71.46911280361704,0.5281332936748749,-7.307024395379971,-6.972792359446179,10.21625440024778,44.25857559017884,-45.7227214966968,116.57069659592024,0,none
11.0721,8.062795529325916,1.8018039802327095,19.62870108769808,23.858589983814745,-70.78589226800172,0.5097147992294728,-7.353520602844363,-6.957280923844503,10.261081175226373,44.13577179611134,-45.838908088125,116.74205665154652,0,none
11.0888,8.155193223495788,2.2272921620651003,20.23486572336645,25.311397591993533,-69.64744765874399,0.541911607183744,-7.397369728485291,-6.941967721478269,10.30133221220638,44.01223572164564,-45.95483894907369,116.91408889949037,0,none
11.1055,8.122413313394986,1.8923853588998056,18.20335936269021,26.509885323854764,-68.61535436556079,0.6981317944585704,-7.443504248254959,-6.926593065252815,10.34561791247504,43.88792920069978,-46.07051305326341,117.0868607186287,0,none
11.1222,8.133032900201796,1.792256016887268,18.89317332889585,24.220532588775335,-69.44032639878174,0.1964198976229726,-7.489084826844276,-6.910630227045306,10.389472183014234,43.76286148409148,-46.18592057805507,117.26036490408504,0,none
11.1389,8.09098872256746,2.3229790627081943,21.77670342302625,25.24525182574032,-66.10294745295887,0.6449431822622473,-7.536345639862364,-6.894907223073568,10.432558819798915,43.63700451190578,-46.3010655286804,117.43458863637568,0,none
11.1556,8.085273870721432,2.024353058709311,18.945425158861973,25.471977931274164,-70.76008610961989,0.6793855244786552,-7.580384436920865,-6.879406027635952,10.476111058622706,43.5104120918092,-46.41595160934192,117.60953969105468,0,none
11.1723,8.090175363559007,1.8725293284566595,19.361160345708985,23.318993609457127,-69.94367324785198,0.2600179850810092,-7.628448266176516,-6.862608054155304,10.521097286193694,43.38301700576405,-46.53055716384631,117.78524201573411,0,none
11.189,8.189343218902465,2.112024923656457,19.78027314797693,25.61342858424418,-74.42865585095038,0.5737106090775973,-7.676044673010228,-6.84743815646046,10.565500923187226,43.25482705972478,-46.6449093810592,117.96168588115134,0,none
11.2057,8.263350298168069,2.1372507003206844,20.66913967408024,24.794781732939548,-70.75573331098535,0.3223688413799891,-7.721400024961726,-6.829366273221612,10.609644984477072,43.12587967930792,-46.758959797822,118.1388669523921,0,none
11.2224,8.032747449954678,1.8800637072117128,19.89908827446092,26.418686536581998,-71.92942234064067,0.7536354061057914,-7.76945629744987,-6.815169887747226,10.655691335804663,42.99612975914051,-46.87277313494738,118.31681699770004,0,none
11.2391,8.133314128680531,2.391174262554157,22.655465389646945,25.937385182132047,-66.45390638022454,0.7081462794771464,-7.815705324372892,-6.797729166606559,10.699636235056325,42.86560748022348,-46.98629521202971,118.49550092282549,0,none
11.2558,7.91816426952137,1.6772267002771986,21.657355176338346,25.396885913050845,-75.1259980902176,0.2431114807941743,-7.862171327530576,-6.780731904130333,10.744479444291882,42.73430921905372,-47.099533434828686,118.67493372954516,0,none
11.2725,8.191081060594204,1.913149832203801,19.37699501091262,25.25571676054519,-71.07177081198397,0.5723725373499237,-7.914182824803111,-6.764878272012105,10.792081209341552,42.60214236587951,-47.21250690197129,118.85516148574116,0,none
11.2892,8.001280760087166,2.0625758903391618,21.67543484376333,26.990489444867503,-70.98723096599899,0.6030542791669746,-7.96202525298601,-6.745493486903002,10.83882444989566,42.46917654415464,-47.32515664320257,119.03616985405442,0,none
11.3059,8.02164719188732,1.978250961008411,22.25441738902316,25.77898126289065,-74.42575800380644,0.0252488802216646,-8.00912379700921,-6.730407359984661,10.883760851086182,42.33542417674459,-47.43755444611431,119.21792866026756,0,none
11.3226,8.173966471522434,1.6363140076795275,19.30008039987163,23.51228548480196,-73.69175033492562,0.5262844049051241,-8.0559386078994,-6.71287921274123,10.929085975920849,42.20089000199267,-47.54965952896709,119.40044439606544,0,none
11.3393,8.078477559358527,2.0353119154088857,16.327832984709023,25.427832270150528,-69.10776955631903,0.3172413975989147,-8.108776910977232,-6.694509292190187,10.977796529985454,42.06547342757935,-47.66145783414667,119.5837735981162,0,none
11.356,8.11126465082921,2.061225342006384,21.40863519082039,23.923805138487904,-70.71466970617051,0.7128930047382819,-8.154748527711753,-6.678366020448642,11.023804049684516,41.92928912716656,-47.77298654668816,119.76787112574593,0,none
11.3727,8.114886927008866,2.1035301149988,19.99485877688483,23.363541538965983,-66.87715474306113,0.440356417796449,-8.206625498147671,-6.659518962497138,11.07109518875166,41.792238481347496,-47.88420051336186,119.95275841539808,0,none
11.3894,8.001386688995963,2.2847251561836064,20.569299210630835,25.526107822782745,-72.98525053517224,0.303571968989713,-8.255422948063378,-6.642441740416518,11.119347539616973,41.65437291811484,-47.99512929042682,120.13845151930968,0,none
11.4061,8.089790492070808,2.042880978971106,20.197901276108787,24.797072467033544,-67.93988026944915,0.1931340167015782,-8.304308264915752,-6.623903951599388,11.167776311199413,41.515690970090745,-48.10574848641853,120.32495338370671,0,none
11.4228,8.111300122735415,2.235519260519412,20.94834362339673,24.76321229124674,-75.71431857860226,0.4714369748550066,-8.35353976448176,-6.605373945941019,11.213424442352409,41.3761868560239,-48.21605823131574,120.512217571894,0,none
11.4395,8.069723233759795,1.8560227546738344,21.90071843517476,25.69344087189524,-69.30799134426839,0.6662144681687568,-8.407528371983387,-6.58786347947584,11.26365727620129,41.23578113221178,-48.32607555142299,120.70032064840656,0,none
11.4562,8.058082893353426,1.9717710353128963,22.346631506007853,23.926935315496248,-63.7964844060581,0.294289145838741,-8.45843550816164,-6.568624830340319,11.31338626922876,41.09452525922548,-48.43577158608967,120.88925419910268,0,none
11.4729,8.039251574139447,2.268988491461534,22.60090243118107,24.4795250829196,-67.18638435558194,0.3999774773542813,-8.506417229475447,-6.5512690637497135,11.359989253097291,40.95246809149324,-48.54517777945429,121.0789660196294,0,none
11.4896,8.139830099963355,1.956963543239879,21.22045356500096,24.537272590638054,-67.62531859461632,0.4721531542561353,-8.558693158402413,-6.531748214593289,11.410083343228182,40.80953791574792,-48.654257974638,121.26951441146132,0,none
11.5063,7.994365896853416,2.0619619609091893,18.88145519541549,24.13069139936579,-71.80253991154692,0.3335275460852758,-8.609116506164924,-6.5129897889597705,11.458443041626351,40.66576567009496,-48.76302490411363,121.46087041025648,0,none
11.523,8.25433685149072,2.139480802279048,19.05514550708841,25.04505222262168,-68.76529968668146,0.4282340632534626,-8.663872244948642,-6.49315152524489,11.5102392566849,40.52107900360432,-48.87146053458522,121.65309140584311,0,none
11.5397,8.10018459724233,1.938407574035548,20.15191049212748,27.158348362712072,-73.04803060943703,0.5363391119121524,-8.712764609522091,-6.475083548667862,11.558725598808838,40.3755758346253,-48.97959442984797,121.84612212334322,0,none
11.5564,8.083464307026034,2.123341930477084,19.22718262212905,23.892847690934754,-69.55325677302196,0.3880407109571502,-8.766336946261882,-6.4554916614093045,11.60844922376678,40.22917800762273,-49.08740114059351,122.03998322538013,0,none
11.5731,8.242977957864813,1.6850401607638443,20.61071387961577,25.044697834372048,-67.52001103759,0.5276137877344503,-8.814882981285702,-6.435898432232075,11.658585295762096,40.08196946183526,-49.19488064441178,122.23468159981935,0,none
11.5898,7.991664543874295,1.8911560816664923,19.55093747153288,25.55620212741184,-68.61918846757897,0.5845037842875138,-8.873065920511692,-6.416631708710199,11.710963280194504,39.93378926096271,-49.30203839394724,122.4302546865986,0,none
11.6065,8.136384400032666,2.034255889722507,20.25629257361642,23.008814582061397,-65.96803608089235,0.3567872007361455,-8.923160746954194,-6.396533862373839,11.761120838040576,39.78477247648858,-49.408860509448886,122.62666540459388,0,none
11.6232,8.064396167935705,1.9660653277918567,18.51672802648343,25.049902689540943,-73.78732864911896,0.4082737963745987,-8.978026499804486,-6.376068178467735,11.81263487757876,39.63483943394184,-49.5153408480293,122.82393640704944,0,none
11.6399,8.198513962318227,2.299121408081271,18.038829115517395,22.56673229571188,-69.66929990467688,0.4658164782204671,-9.031298045890466,-6.355105552442187,11.863732502799516,39.48401675657547,-49.62147111075508,123.0220607398462,0,none
11.6566,8.121188287165273,1.8260521290297955,20.401354472704828,26.244170568640808,-67.47100887431175,0.5746004577504094,-9.084117063711368,-6.337022226711196,11.916002964102256,39.33231200161149,-49.72729938194116,123.2210579893467,0,none
11.6733,8.147472274170024,1.6620749516343325,19.96470501430934,24.37128685210113,-66.43996225116527,0.8962441422888414,-9.138710384302392,-6.314258659559439,11.9685779282187,39.17969553819364,-49.8327475015558,123.42093324074796,0,none
11.69,8.118257422633278,1.8373679629682127,19.84756115609832,26.285115647783943,-76.76759702292547,0.3285778096786692,-9.192100500647614,-6.294710117527902,12.019592417514168,39.026187459832826,-49.93786916051852,123.62166043412044,0,none
11.7067,8.093631117366428,1.8943859608923304,19.759708811796767,23.79106887979665,-71.5855296976942,0.6247041183610008,-9.24680598087665,-6.273735726991392,12.072140252009532,38.871765799952186,-50.04264054715927,123.823265176329,0,none
11.7234,8.100023269874548,1.722430140836001,19.815423570562498,25.18286391762978,-63.56657310817344,0.6588916062534645,-9.30053861085705,-6.252985172586521,12.125241681102072,38.71644680515087,-50.14706539954147,124.0257567124034,0,none
11.7401,8.028664402239956,1.921378677371248,17.496012659346377,24.361109460571942,-76.64058362388668,0.470930136512945,-9.356500605078766,-6.231591548916799,12.178028848847395,38.56019324504606,-50.25113297840838,124.22912979417916,0,none
11.7568,8.270010692798119,2.1842374636721216,21.54900343023485,23.846742278426422,-74.39545616848271,0.118111343079805,-9.41128367241,-6.209419454742358,12.231577194406142,38.40302480771681,-50.354830283302576,124.43339713332574,0,none
11.7735,8.11223306276814,2.108959130018127,19.320607220783785,25.22177049571302,-72.38621218819078,0.4589796409939116,-9.466873047665882,-6.189285157607904,12.285018680374916,38.24492802782079,-50.45819134543463,124.638556945288,0,none
11.7902,8.256129660239507,1.7127439971598686,19.49564543874634,23.709872627220584,-67.96132819473345,0.7633936267110135,-9.52227531450204,-6.166551318444362,12.338608324998852,38.08590603006861,-50.56117275245265,124.84461170431548,0,none
11.8069,8.294022564777327,1.9229520544095584,20.57814957279621,25.012559746540877,-67.8317727590706,0.380097157148003,-9.57839465546618,-6.145068145786321,12.39248910698042,37.92594683932232,-50.66379539048728,125.05156627240206,0,none
11.8236,8.110923521403313,1.8137827158619917,18.565103741289963,25.615309655568105,-74.7392064533768,0.3550302122203164,-9.632263226093048,-6.123938104266983,12.445711543388263,37.76508804344657,-50.76606515682854,125.25940965517664,0,none
11.8403,8.048674011478173,2.0944254836449563,22.12277650780067,23.263533758389205,-71.19147531859862,0.622948236716723,-9.689667222299146,-6.1005122425062375,12.501033082093604,37.60327060083417,-50.86794371127839,125.4681769076476,0,none
11.857,8.045378072712634,1.893563134781039,18.88625720069164,25.63412954184492,-67.48421572970207,0.5391382529336317,-9.746047139429438,-6.078639971160875,12.55556758592776,37.4405116136057,-50.96945699879678,125.6778548863326,0,none
11.8737,8.232389558103547,1.968076371787749,20.482461069039577,24.476621917484017,-66.8600917955628,0.1011493478618804,-9.8031828521885,-6.055265041534435,12.609822221064068,37.27679845997415,-51.070579924990405,125.88843891742437,0,none
11.8904,8.136376755419485,1.9689902843389688,19.469377942398552,25.843622791049345,-74.53441889718056,0.1214789558176396,-9.860251002436286,-6.033345829982568,12.666833729211875,37.11213226823347,-51.17133680035111,126.0999750407022,0,none
11.9071,8.177962941611542,1.9222984713467597,21.16493840555161,26.378000708357582,-72.27253002183262,0.646826521736239,-9.919885774258562,-6.010264366842209,12.722406549583187,36.94647017580335,-51.27170821527738,126.31243923008024,0,none
11.9238,8.233055403403583,1.5966548382652823,21.17222775112436,25.510246483326057,-70.47518857103242,0.3781998493723834,-9.971708882677625,-5.987501071307114,12.775417473295612,36.77994263746263,-51.37169948316821,126.52578870188428,0,none
11.9405,8.096803874935038,1.8472556177676864,21.750805301948056,24.17549418554168,-72.88441470136112,0.3301192497914175,-10.03163876871161,-5.963228225328517,12.83174574041198,36.61241427002515,-51.47128539453119,126.74007885574916,0,none
11.9572,8.047733609822753,1.8699988526370652,18.51293583199916,25.92745111434021,-67.93741581549813,0.5324178169554724,-10.090366540408954,-5.940842853427525,12.88940918286981,36.44390514880032,-51.57049747018343,126.95533198910309,0,none
11.9739,8.147619298195444,1.7190512613585618,17.26073232311847,24.192034707259783,-69.27864670008019,0.466398138827549,-10.14814225868364,-5.915664176095741,12.945135264244106,36.2744311730803,-51.66928906192423,127.17151574801596,0,none
11.9906,8.225620539231594,2.0616627749720453,19.16344560845372,24.334282889629755,-72.97430964663691,0.96045665062845,-10.20283978611375,-5.893881601224393,12.999279673613376,36.1040437486522,-51.76771688466468,127.3886037185653,0,none
12.0073,8.139892882128013,2.348287884899659,19.151218739055462,25.260743524825955,-64.60483173862906,0.7151166135408746,-10.265234917994292,-5.868141436721601,13.058399440283408,35.9326143255217,-51.86571484665793,127.60667898921804,0,none
12.024,8.231184567952596,1.8584081453722423,20.123604937661504,26.39290095224057,-62.93662454480227,0.3435694076779361,-10.322556007788489,-5.845115461475176,13.11514125787768,35.76022764019163,-51.963328274864566,127.8257018482246,0,none
12.0407,8.073993586267452,2.170887462401712,20.70756979374852,25.488408775573635,-69.47569599933252,0.7233361410945759,-10.381568171199204,-5.819974694575391,13.172235102694016,35.5868554517326,-52.060521852263975,128.0456781744396,0,none
12.0574,8.103825609461493,1.9817064492146548,19.54627272585494,23.791844953832403,-64.33281021612888,0.5064886244085289,-10.43776491785164,-5.796142678100368,13.228467137160536,35.41254477760448,-52.15731743498825,128.26659357563017,0,none
12.0741,8.145677661230334,2.0127015911599733,18.271238389484598,25.33525183383425,-68.7676271920331,0.6643096659390263,-10.501376286807734,-5.769251053968293,13.28724151082945,35.23717179361479,-52.25366392758952,128.48849050886102,0,none
12.0908,8.097811593263303,1.5784346030342162,16.20195800610371,25.41691407060681,-77.57852472960475,0.7597427196623412,-10.56021474712263,-5.7458729795665,13.34501509526984,35.060816207337844,-52.34962000634828,128.71135226095203,0,none
12.1075,8.036418327953099,2.1163617415628613,19.68416920764112,26.019725734800296,-68.66102991770657,0.4543815528177718,-10.618890969041928,-5.7195543899281605,13.403725932156265,34.883480728154844,-52.44513656466008,128.93519448401904,0,none
12.1242,7.982703531926292,1.998912889605944,24.32885811107141,24.591652401905183,-70.32450045510242,0.8550923671819846,-10.67586158294244,-5.695004560033521,13.458370504178651,34.705193839719705,-52.54024314081264,129.15994927143882,0,none
12.1409,7.987210246223671,1.7932744401298912,21.702039575752128,24.912455224350357,-69.61987540231986,0.5012545238651247,-10.73781866837873,-5.669919056725071,13.519960481345835,34.52587226795778,-52.63493078905995,129.3857326114773,0,none
12.1576,8.163997265861637,2.04373891942943,19.339209781675628,24.930576753193733,-72.86132285434648,0.5018632047313139,-10.799035906804267,-5.643316945439321,13.577664523816493,34.34552836831415,-52.72917418204879,129.61247960902503,0,none
12.1743,8.103319359948152,1.987567713130427,18.6711403488506,25.423635294430493,-71.28967623919942,0.7219419336908708,-10.859233785450789,-5.6176745394530725,13.637417825090733,34.16417916409712,-52.82298934685765,129.84022448670405,0,none
12.191,8.093041627107663,2.166310813431792,19.83074939205339,25.619191932433665,-67.98113731608217,0.3521253995789613,-10.916353581801964,-5.591530112112624,13.692635360529176,33.98187605928103,-52.916367899729934,130.06889149722488,0,none
12.2077,8.000769078051201,2.136307763444909,17.804241244322743,23.05263121295132,-72.17211770106408,0.5664932047480737,-10.979315526081573,-5.5644522117004,13.754664737080782,33.798521489995466,-53.00929425166533,130.29859439833413,0,none
12.2244,8.254939959285597,1.768828829650578,20.97128348035377,25.510964347511024,-67.73647122833437,0.366718545267248,-11.039662112704695,-5.5381120811795554,13.812246738947016,33.6141591327133,-53.10178072342103,130.52925891887455,0,none
12.2411,8.14732420323446,2.1569284191235925,22.48859911614013,23.78669722716929,-70.46689250208391,0.4192446156650901,-11.100313792519568,-5.512763188513516,13.872254454654836,33.42878389237822,-53.193843868669205,130.76092556826728,0,none
12.2578,8.160983692182654,1.5781845494116244,20.702106492523583,23.80323445934881,-72.03407961052918,0.401318626011968,-11.16472484305958,-5.483203379060903,13.934959119647017,33.242332987499125,-53.28541336509952,130.9936393855654,0,none
12.2745,8.129355109357867,2.058014401527871,22.251545989858748,25.428410642643207,-71.86666800855181,0.3729326271152523,-11.220213994007567,-5.458811178612367,13.989389946835034,33.0549554137992,-53.37657551178235,131.22726219767753,0,none
12.2912,8.062064567441459,2.0005777532503326,20.1039681945252,26.75272637256549,-74.23593163158932,0.5655309255290233,-11.282303593208235,-5.429096853670595,14.050777562106727,32.86654094379262,-53.46724142923865,131.46191018296471,0,none
12.3079,8.03540960040217,2.105102968381384,17.630335606242696,25.44578846401328,-66.62997615089168,0.3496489007957964,-11.348734885404603,-5.40099569150243,14.113448033035596,32.677017071206365,-53.55743805728674,131.6976047651164,0,none
12.3246,8.153844721636212,1.92944079033998,19.19744789811732,26.95251808794912,-75.35748308302675,0.2557115238024282,-11.406074236975934,-5.374942202451109,14.172027384080671,32.48653563144887,-53.64719959206767,131.93427762243056,0,none
12.3413,8.158200486949744,1.8881121372314824,20.00919871321273,26.64397203065885,-70.53065548208914,0.3093149826539763,-11.470507708946409,-5.345283572803036,14.232648713417433,32.29497815270946,-53.73646582773348,132.17196285594463,0,none
12.358,8.089174135900604,1.9882161427420355,22.179174345266077,24.759603445609223,-71.04854172068447,0.3920914978107389,-11.529348787308772,-5.31821329181117,14.29244120417335,32.102438027961405,-53.82527998970673,132.41064662405432,0,none
12.3747,8.064291074728773,1.8343597269843124,20.561191580511764,24.9413090506264,-67.25348205201686,0.6125631119971643,-11.592510110001296,-5.290012156628548,14.352411679718596,31.908843109124383,-53.913623192722426,132.65033189910562,0,none
12.3914,7.99447757837922,2.028867064656083,20.11979017635577,25.850722864262007,-73.21813938213315,0.6682315696426393,-11.656849753507302,-5.2608086583244,14.415177537071548,31.71417371824081,-54.00147869731644,132.89106536397472,0,none
12.4081,8.022289828538582,2.027347860659994,20.35198636064585,22.453213332088232,-70.64291544986622,0.6524185244293288,-11.715332747294182,-5.231737826507921,14.474439721203783,31.518527661361,-54.088848719019126,133.13278850731882,0,none
12.4248,7.977308746845038,1.6921073893918286,21.33343466613564,23.89980121629783,-69.62336914717987,0.7043818746952769,-11.778826822691032,-5.203086616330699,14.534782393364008,31.32182125342206,-54.17574026551185,133.375519373288,0,none
12.4415,8.089186102628993,2.31283896150012,19.96661387529604,24.901584997194217,-67.76671021982416,0.7360114306559191,-11.84268425078506,-5.1731357089188,14.597370959274382,31.124048426433948,-54.26213163185079,133.61929546830788,0,none
12.4582,8.019074442224877,2.2182498719222514,20.19742276958319,26.19142063391695,-68.75328195371348,0.6696008613543757,-11.904465230445266,-5.143615799484646,14.658979017662556,30.925243857085512,-54.348030015702186,133.86410041790285,0,none
12.4749,8.036099584109873,1.8804346008786168,17.815749028228673,25.78996521752763,-69.37801947569636,0.6440588868307796,-11.965380907613827,-5.113223711521918,14.717199625018663,30.72542199592836,-54.4334208516846,134.10987765164066,0,none
12.4916,8.271117148004118,2.4172220988728528,20.880911417657373,25.163683592639615,-71.14864040964005,0.5745140759064475,-12.02920730492656,-5.085161005965914,14.780586382275084,30.524534233936087,-54.51834304048423,134.35671344422465,0,none
12.5083,8.061573713030178,2.2009865549315157,23.09850968823934,25.8175300367181,-71.10086647285121,0.2681603568986059,-12.093053734026244,-5.053852500460137,14.841976281459184,30.32258023657785,-54.60274237724192,134.60457444812502,0,none
12.525,8.106155039573235,2.025847129661849,21.38909748526768,24.68239974601801,-73.94455592761518,0.5280050502239859,-12.154597241604051,-5.024265079503597,14.903087394340284,30.11959846264306,-54.68664760406963,134.8534560076105,0,none
12.5417,8.047189199519782,1.899481736088365,18.659742614357647,24.905201356255827,-73.61438514829767,0.6253879364165531,-12.2166431332209,-4.991189281292561,14.963952772640011,29.915580522318272,-54.77000046506721,135.1033540189136,0,none
12.5584,8.104527568878465,1.9839043869880668,21.033730547165774,24.312920952392425,-71.9264505358936,0.4457003271306017,-12.28134848490708,-4.962213940684369,15.02720422120582,29.710482002620324,-54.85286943787664,135.35430832940773,0,none
12.5751,8.234857570341976,1.901790113768356,18.20667802256068,25.82971285140282,-70.83905488845055,0.3657670827857555,-12.34347072978994,-4.930608995035847,15.08736600235992,29.504346041432832,-54.93521060809374,135.60626734164714,0,none
12.5918,8.0487698978126,1.7612605840063242,20.26527383799106,22.83307965763409,-69.39608088605566,0.5645735548850273,-12.404882191298766,-4.899677558410195,15.149539175134676,29.297184508838143,-55.01703522331919,135.8592646458719,0,none
12.6085,8.147682883078632,1.9990009102431976,20.800327510953064,24.514264685516405,-67.33169251962755,0.8487551011319918,-12.470352756055656,-4.866962999869884,15.212853059844615,29.088929617812013,-55.09831350541702,136.1133192919713,0,none
12.6252,8.028246112814426,1.9746488504294253,19.73901928875556,26.932827678310726,-74.96628552029844,0.6718092520329044,-12.531695064967916,-4.83627540124536,15.27176470655442,28.87965031022705,-55.179079304617815,136.36835776257075,0,none
12.6419,8.055930160891087,1.6475108363478717,21.647181375534444,25.64993031906475,-69.06294320184442,0.5961722307348643,-12.5947624582721,-4.804204297956286,15.33484883681975,28.669317777173905,-55.259309516393685,136.62444973814564,0,none
12.6586,8.10328382717569,2.051479146108645,19.479971854255,24.07336829327384,-70.8652649893877,0.3390700034862698,-12.661190977249955,-4.771115842448828,15.398762457408056,28.45787588785383,-55.33898715096258,136.88160907118436,0,none
12.6753,8.043655821286126,2.117354009928968,18.758962050909386,22.6196477150689,-62.82631645519263,0.5989434656237049,-12.720712338605423,-4.7394806046743465,15.458951646933828,28.24543999179912,-55.41813647706064,137.13977356368815,0,none
12.692,8.101491761221094,2.273459421333049,21.00944366762409,26.116308496806703,-72.5428706082031,0.6375232537885116,-12.784465514950874,-4.707223096623679,15.52050024272859,28.03193941769944,-55.49674710277426,137.39896591774172,0,none
12.7087,8.1911782539187,2.468454264633825,18.840190996382507,24.713026378460608,-69.91516056275194,0.570192329812347,-12.847055026621286,-4.6735194411168015,15.581828720746945,27.817393598754865,-55.57479487744091,137.6591824573782,0,none
12.7254,8.034813847862038,2.433091231389404,17.737723351625572,26.14335081206467,-71.26883918374081,0.5603082399195297,-12.91055984447847,-4.640169596942678,15.64422344914558,27.601787249352075,-55.65228570970985,137.92044098897892,0,none
12.7421,8.044874715137253,2.078065768006776,22.392944315259804,24.732459839486783,-68.2192513170046,0.475835741052561,-12.971629391896164,-4.607968356322805,15.704660232990692,27.38516103850741,-55.72923878126044,138.18270881486987,0,none
12.7588,8.16787097781401,1.978820209185088,18.572946338134244,24.512269136511197,-69.3913048469635,0.6438628264182745,-13.036184320195597,-4.573807262162318,15.768420858853393,27.167456760360142,-55.80562136253855,138.44604144321272,0,none
12.7755,8.122355528877254,2.193963139185702,19.19503696953477,22.82692079857872,-76.45943028673287,0.3374263091209132,-13.100386152851552,-4.539817693101211,15.830691706867809,26.94868031160752,-55.88143631801334,138.7104139947174,0,none
12.7922,8.127962924860203,2.5140794923420318,20.19902282600585,24.154213050341056,-69.28876344795675,0.728088125949657,-13.163094507810229,-4.505473060808913,15.892158676261923,26.72885663332709,-55.95667771812885,138.975813044611,0,none
12.8089,8.007266594422687,2.02189991497866,20.41765424098913,23.724531607098086,-72.00593736252365,0.3086778706838861,-13.223823619806646,-4.471359343700009,15.952193821938508,26.50801877887632,-56.03134941916864,139.24221468143736,0,none
12.8256,8.150918972424536,2.4109880088740656,20.320390009835634,25.07821999874765,-72.7028955261519,0.1681030196341231,-13.288744386465336,-4.437521142749656,16.015882350765747,26.28609674762235,-56.10545602225256,139.50967991669515,0,none
12.8423,8.1209413773175,1.7724380054955704,20.451333937827123,25.388491011257475,-75.00620650367384,0.3525029065223751,-13.347868500856809,-4.401818758051044,16.07526630425718,26.06318734365804,-56.17896639551201,139.77813686397624,0,none
12.859,8.085351574795434,2.032942803607353,20.21304509333549,25.792609170364685,-75.30553759910971,0.4935582590502791,-13.413239102149872,-4.368036694533224,16.137118961051023,25.839186250652137,-56.25191260831072,140.0476267506258,0,none
12.8757,7.944330172870891,2.125133696920822,18.98715864783579,24.519411370719457,-76.64651006369084,0.7115642036246471,-13.475454421921953,-4.332275390094147,16.199909557602716,25.61414616180604,-56.32426160732529,140.31816524023776,0,none
12.8924,8.039412967630433,2.204796189226585,20.476286434194144,23.797777694728843,-70.0624478540051,0.6299327098342833,-13.537899495141756,-4.295673690957367,16.260722392662693,25.388063240237173,-56.39599935796428,140.58971930419523,0,none
12.9091,8.160160487752403,2.2547680277874824,18.357996254117037,24.88791522805168,-67.66404909280749,0.4562447341158094,-13.59891154850852,-4.261805048078648,16.321042589833702,25.16096141737708,-56.46717150226719,140.86228071544545,0,none
12.9258,8.053435004271625,1.917329228547387,20.29457474010922,23.822788273707506,-72.15256604129935,0.4894188024639025,-13.662901691369468,-4.224716877706091,16.38402072595947,24.93279095913121,-56.53772427412488,141.13589386156897,0,none
12.9425,8.097301161110142,2.26309560558623,18.451823548804494,24.624654949508948,-69.95592046934871,0.9151794868169902,-13.721405297786887,-4.189304846602005,16.44074377245277,24.70364349065817,-56.60768566506314,141.41045428256894,0,none
12.9592,7.992912206071177,2.089540413581515,19.301542208942028,26.065255706307447,-62.08726724132767,0.3556551522328682,-13.785604859581024,-4.152398623588398,16.505149761238652,24.473423889503167,-56.67703072207706,141.68609028358162,0,none
12.9759,8.112783652966312,2.0441843848673527,21.61284171145508,24.60658117356567,-67.42192642680887,0.4228276580483566,-13.848395294729103,-4.116267527273478,16.5663628601873,24.24215568808119,-56.74577238978253,141.96274854334675,0,none
12.9926,7.97118839246066,2.107145602475953,17.35908708864015,23.80229239865125,-72.35807521716859,0.5256743931120038,-13.907701154524556,-4.079087308002863,16.625010892524674,24.00989707880063,-56.81389314782618,142.2403862252519,0,none
13.0093,7.9423264532586275,2.345101878799978,21.81247118603272,25.546034207844723,-67.12186275481872,0.2958992788195594,-13.968530975255632,-4.043129165861083,16.684389163651826,23.77662261151386,-56.88141340489606,142.5190155242849,0,none
13.026,8.187574578034504,2.260991707003716,19.40944542757058,24.23906756208484,-66.30159003228022,0.797891805360307,-14.031487211279336,-4.003944873863777,16.746985433135496,23.542296775085497,-56.94827928428958,142.79869018101826,0,none
13.0427,8.127598623446138,1.837349880144297,17.717253192320644,24.56386551613728,-67.4954687689815,0.5979965129737786,-14.091896999878276,-3.967363390712794,16.805285207973597,23.30696209518753,-57.01453425291449,143.07933844399142,0,none
13.0594,8.18529888113105,2.0852766993849103,18.64732856629792,25.175929748825045,-68.86943365394264,0.1297453901612398,-14.150970639860477,-3.929892804345637,16.86443204453827,23.07064088550186,-57.08016346274706,143.3609744591352,0,none
13.0761,8.08933962340595,2.253098812355069,18.9066747833694,25.778356963834803,-73.61410901750537,0.6990541798031737,-14.211982298245042,-3.891789302191901,16.925007306855345,22.833300781121167,-57.145156344093664,143.6436220811597,0,none
13.0928,8.260544569490426,2.045564015559621,20.492704839898604,25.349417745674867,-71.72583039402865,0.8820446948682297,-14.27185836614542,-3.854618837017101,16.982747359873517,22.59496074640654,-57.20952847867185,143.92723396206958,0,none
13.1095,8.190856062869228,2.119472931254024,21.097669987122316,25.13181259069541,-65.20236422060019,0.6696992409768943,-14.334101975996337,-3.81478538771884,17.04483090591935,22.3555812434074,-57.273235394646754,144.21188263819843,0,none
13.1262,8.134517482075822,1.8380722572988064,19.44362880590221,26.137281707011148,-69.7194077394752,0.3560072970775566,-14.391906798277413,-3.7768957008908415,17.101238030624067,22.115236399876167,-57.33630955285163,144.49747331330985,0,none
13.1429,8.096433628898444,2.1640634764122284,18.64419781256508,25.47689909617165,-70.29527802725244,0.9939890685340088,-14.45050138503596,-3.737704665285601,17.15963711374177,21.873913026746067,-57.3987292207619,144.78403925310934,0,none
13.1596,8.151825460257939,2.418408349246731,22.071490910855044,23.4612339744393,-75.0063585259404,0.7418781630728484,-14.51112142722732,-3.6976354119840047,17.219123774299952,21.63157729891137,-57.46047973214203,145.07159862014015,0,none
13.1763,7.985266387544891,1.739829865857654,20.51844965086597,23.886154357947643,-66.63898586252057,0.5795951946853304,-14.569887801598032,-3.6598064883481154,17.276405110974228,21.388260172624683,-57.52159850049745,145.36011458549342,0,none
13.193,8.176678877889263,1.411868657932609,21.41107152496765,24.787753811659147,-69.78984239226595,0.2508224741730087,-14.626452122642844,-3.6208102866023135,17.33341960451372,21.143998422176548,-57.582066032283706,145.6495826928888,0,none
13.2097,8.224782022342888,1.8923564422343877,18.52046666345209,23.264553934785106,-70.91453299437154,0.6029743783624226,-14.686816749302285,-3.5793643014380465,17.39239576774999,20.8987285824632,-57.64184141611772,145.94003570221022,0,none
13.2264,8.146426780245962,1.575280807257368,17.939118895084285,22.90939837290721,-65.38265835508885,0.2837084250519635,-14.743658672414895,-3.539604861989053,17.44770714397529,20.65250948263387,-57.70095281731294,146.2314124115146,0,none
13.2431,8.049680058892314,2.12691163204052,20.922277553743108,25.37859269653079,-75.59535704106237,0.6978612772737194,-14.801146889942007,-3.4997191036140154,17.5056912070289,20.40533032957184,-57.75939812634329,146.523757454672,0,none
13.2598,8.145288553893037,1.9347098042852404,18.52374256409153,25.36409239389786,-75.86889107634914,0.4436790509789751,-14.86050145534781,-3.459155327442925,17.562148420130757,20.15715995526753,-57.81716602031159,146.81704533328818,0,none
13.2765,8.104134964222979,2.0427499488468315,19.41527915083264,24.335368903735237,-66.40867989973357,0.5930380033033565,-14.915392536847992,-3.418651547815137,17.618864212384374,19.90807289990217,-57.8742575011601,147.111280365635,0,none
13.2932,8.018438018148382,1.899409226532485,19.85564546326932,23.268259597885844,-69.05751254802641,0.7627142886840836,-14.972716308050282,-3.3783168774286634,17.673286250832703,19.65802853755773,-57.93067539301316,147.4064242460239,0,none
13.3099,8.08529318813658,1.885944740681314,20.98546733898427,25.375575465944237,-70.19203944307492,0.330209002062911,-15.02779558068223,-3.336301946392265,17.728446632550195,19.407064351360336,-57.98639163551791,147.7024893047875,0,none
13.3266,8.046393301691174,1.803079976314492,21.49906101884033,24.966634558286344,-72.91087641021105,0.3728139306427617,-15.081357553415891,-3.2966693614628158,17.782131909179654,19.15520568021829,-58.04144601385434,147.9994509076708,0,none
13.3433,8.16224306695716,1.7189067020444884,20.838212647714634,24.04862078395128,-74.89971305344967,0.390837035374058,-15.139195824880884,-3.2526896307901607,17.838413872472437,18.90238110994278,-58.095765930688536,148.29735241934108,0,none
13.36,8.18941091214391,2.146963544945894,21.288318604008676,25.530813234779487,-68.4181635770004,0.3345014358732528,-15.195944043623827,-3.2125802119441143,17.8941665629225,18.648608844414262,-58.149416020228,148.5961850009419,0,none
13.3767,8.193445984593952,1.7331721567435157,21.11459769345401,25.084730773161617,-75.28986010317772,0.7420434207745974,-15.24617636898578,-3.170831813647653,17.94440918468818,18.3939976990522,-58.20236891151592,148.89585663432618,0,none
13.3934,7.971508737391427,1.989169409266529,19.577519637205544,26.21020547949572,-69.08887260284327,0.5023317134553195,-15.30267759694609,-3.12740083739633,17.99960430327087,18.1384429831832,-58.25459650550044,149.1964500261908,0,none
13.4101,8.261227928481242,2.135697127756332,20.87924673007442,25.668603672791285,-70.29349003168788,0.0861834460337945,-15.356998365284838,-3.085423470088772,18.052981388118933,17.881981110482943,-58.30612307745092,149.4979348153724,0,none
13.4268,8.196679380423705,1.598007453672309,21.12678177940806,23.60906235642677,-69.45139240026005,0.2855792493102792,-15.409203885395671,-3.04379879254949,18.10423066325382,17.624647405596836,-58.356954517286496,149.80027546744873,0,none
13.4435,8.018085014025425,2.5557069136453228,17.90215918589381,24.506383265309903,-68.31148351909476,0.6999533536451124,-15.459855907772065,-2.9991695659988635,18.15548685407477,17.366467811937042,-58.40704064903868,150.10347209791178,0,none
13.4602,8.12679856199166,1.800965448800138,21.020342855995175,25.837945230695517,-71.56959714322325,0.5668198367775283,-15.513114195910704,-2.958688136281368,18.207778221271376,17.107398804865333,-58.456450740914576,150.407541994207,0,none
13.4769,8.074756397466881,1.7348357859568408,20.719867067300925,25.760242721861093,-68.75149605895477,0.7944003745681887,-15.563777191125808,-2.913576882778949,18.25720835970848,16.847483725773532,-58.505107474856985,150.71243737381414,0,none
13.4936,8.060978687312575,2.1137460120637908,21.80693765430715,25.855165559174832,-70.79374521544796,0.920810300535059,-15.614946031574238,-2.870791493834246,18.30836095317561,16.586714127046243,-58.55304969280402,151.01818700173217,0,none
13.5103,8.070465201351189,2.262108126050631,19.813993420296143,23.831604826618275,-70.51232435399808,0.0,-15.667286869283,-2.826810409048815,18.359008897955515,16.325070436329217,-58.60025742663513,151.32478245032803,0,none
13.527,8.0151706640345,1.8749431394792493,20.91118745819899,25.14870792819326,-65.80348774007594,0.4182016005506702,-15.713664563332848,-2.7837832396671103,18.405552872482865,16.062652238121558,-58.64674660673757,151.6321551832985,0,none
13.5437,8.023652650923136,2.0589977460628104,21.924061585064795,25.62296736896909,-69.44651787106191,0.4191897439788334,-15.766640309732606,-2.739320630951595,18.458486959644063,15.799349344949023,-58.692493261274464,151.94041191552455,0,none
13.5604,8.165758837920405,1.9240820719252376,20.471063986686545,26.227357021771745,-71.03033901183743,0.2933845545480383,-15.812001369856828,-2.6956213470054347,18.50241571619785,15.535288922072414,-58.737510137769455,152.24940225798505,0,none
13.5771,8.189174304953962,2.191236365905726,19.4019064803522,22.90980299766217,-69.3950739463713,0.8080488611778229,-15.86447421056196,-2.6498613285867347,18.55422204248035,15.27035220275603,-58.78176282195685,152.55925776609448,0,none
13.5938,8.017543276694743,1.9971598609946708,18.778448346451924,23.52693556991833,-67.79189033519827,0.5448171827277338,-15.907245093839364,-2.607044669461655,18.597687880395835,15.004701209688912,-58.82530046793686,152.8698391536971,0,none
13.6105,8.135690420911198,2.1313649479697205,21.15379457404925,23.5593973178162,-68.53080395728846,0.4007340216688931,-15.957757198428643,-2.5594366835086437,18.64610591647233,14.738206664475154,-58.86804306055146,153.18122912250217,0,none
13.6272,8.123163844745385,2.446461594876326,20.919468989985127,24.39356075996269,-70.65252607403336,0.7125749736386733,-16.00109984476376,-2.518623056233223,18.689821441964348,14.4709882970676,-58.91010406559055,153.49334914058298,0,none
13.6439,8.129533256068783,2.456503515642125,22.8431989263923,25.803330198364065,-75.40885811947251,0.4305433631458674,-16.04802582121289,-2.470284828055571,18.735378332133177,14.202986265853344,-58.95135782221908,153.8062299587296,0,none
13.6606,8.043776397651223,2.089027306207948,19.4007173343088,24.24271012197693,-69.980280595766,0.2821971977173059,-16.09565461950926,-2.4252741879865845,18.782035088227666,13.93418883370754,-58.991859901158456,154.119889944703,0,none
13.6773,8.06574216188262,2.1048070552900024,19.66436464550754,25.065046069469197,-72.54069520641987,0.4858807602518784,-16.136597631694016,-2.380925827819204,18.8236031785932,13.66470765325825,-59.03162136248304,154.4342441177855,0,none
13.694,8.14866409691827,1.988653567463656,21.93186557201329,24.10819278302603,-66.65900870235826,0.603162853837633,-16.181419881961464,-2.3353932813350724,18.86823295213749,13.394477941229493,-59.07062243028133,154.7493436080862,0,none
13.7107,8.019913993955878,1.7612053420862903,19.020303724369462,26.43939033895471,-66.54229532831155,0.607335811434409,-16.224755624786425,-2.289325200389082,18.91033747128205,13.12352452229556,-59.10885416112783,155.06514624385662,0,none
13.7274,8.211838488958755,2.45851777602283,20.49214267482747,23.25493811685753,-70.18596159046814,0.8465571610719946,-16.266680072607386,-2.2421783953889243,18.95207249550445,12.851870965083016,-59.146298540330825,155.38164585453154,0,none
13.7441,8.081098498454873,1.7789472235258428,18.44569329606127,25.212336406288003,-65.70681541625203,0.5126212382860436,-16.3086969520093,-2.1967636332122904,18.993020271530312,12.57951572598446,-59.18298449300547,155.6988292930661,0,none
13.7608,8.276132600625774,2.061318762414232,20.19424068529341,23.66432437483276,-72.140718645994,0.7143340348211057,-16.34865480050211,-2.151159597153553,19.032673948498804,12.306493190816076,-59.218908858277935,156.01667494800603,0,none
13.7775,8.126346236386274,1.748210065842382,17.901833972292028,24.74088598008256,-72.84029633702646,0.4914417270184031,-16.388710776614804,-2.102894336429617,19.073096622600143,12.032801720846608,-59.25402719369631,156.33519566160345,0,none
13.7942,8.161923637732183,2.282452138645493,17.673369748057677,25.17513775902316,-64.76826882735132,0.4559084678058106,-16.428779503072153,-2.0571138252963803,19.112065583710013,11.758441103145303,-59.28838099457876,156.6543671568514,0,none
13.8109,8.016233468386314,1.8436064897714437,19.441124078698817,25.48165535130148,-69.97533223050948,0.2201129935264386,-16.467016499771553,-2.011237635513256,19.15014892453613,11.483441927599118,-59.32196866309183,156.97417464389116,0,none
13.8276,8.018668155476634,2.042696265581604,21.10484363080873,23.484619619232525,-66.53329190797263,0.7775464407094956,-16.50484677554708,-1.9624103124880012,19.18773402211652,11.207810986447482,-59.35474091531038,157.2946098020605,0,none
13.8443,8.106853644761282,1.6572444700650997,20.13438131863854,25.164623471709263,-70.3709073874572,0.6086555157998719,-16.543430775119276,-1.916225228945976,19.224303516331403,10.93153569250299,-59.38674187663378,157.61565567078324,0,none
13.861,7.928719726102277,2.0384258259447114,19.439656325874992,25.716794267578795,-75.35592354411138,0.556220859624716,-16.57812171849071,-1.869123014728728,19.260528172959837,10.654681059804195,-59.41795623097975,157.93730649127167,0,none
13.8777,8.156621773971,2.2152538809182483,20.249483570190502,24.809857230690064,-67.19150223976163,0.4390491278708253,-16.612407172696546,-1.821529367770644,19.29383880884119,10.377253860020163,-59.44837577142152,158.25951359937932,0,none
13.8944,8.16228366046682,1.8281588900957249,19.2423539958845,23.181874583891904,-70.1060859534156,0.6140150473138086,-16.649470422352966,-1.7735927441788,19.330717676207097,10.099207703966869,-59.4779947702493,158.58233658457198,0,none
13.9111,8.048430671870808,2.157557673988513,21.811468783313885,26.208555412379404,-70.88545563708594,0.3030328010961258,-16.68230220040195,-1.7258312977487809,19.36308523377914,9.820613257220156,-59.50681615292171,158.9057001079761,0,none
13.9278,8.204381986193075,2.13171305250849,18.88142961133231,24.9261343940149,-70.33339137916074,0.5191635371333768,-16.712277761107547,-1.6796296998158895,19.392673989650618,9.54151821860966,-59.53486596890863,159.22955776360325,0,none
13.9445,8.093673939012875,2.366080893549333,18.26653538626822,22.7895214761652,-67.7607499155934,0.5575258608744024,-16.74861864667957,-1.6297038873598533,19.428736541668854,9.261816287210111,-59.56208202382754,159.55401766384912,0,none
13.9612,8.086501905722976,1.6901662381547236,17.047405578802422,25.127948580617943,-67.461023454344,0.400447785525952,-16.780855583649537,-1.5817222714165546,19.45875527358445,8.981575998963164,-59.5884967857602,159.87897887691798,0,none
13.9779,8.10810048188612,2.2173227143635,21.59222561661663,24.53141857929068,-74.3538995843068,0.1758329533501829,-16.809413397750948,-1.5347564592675491,19.489464220991785,8.700858795220723,-59.61412721862997,160.20445292940855,0,none
13.9946,8.0562359640534,1.8648847531347688,16.775268915577616,25.97786409192004,-63.88866059932228,0.4763043484648657,-16.838345972172434,-1.4846303443752125,19.51709967554228,8.419658417485444,-59.63892054538103,160.5303884939901,0,none
14.0113,8.012126445528398,2.238892395211936,19.283466065005207,25.813511577917023,-71.20744324683075,0.3204375277781872,-16.86858975153931,-1.4367491772751424,19.547370234127147,8.137952968634737,-59.66291425664153,160.85682957690003,0,none
14.028,7.961360911163682,2.0424965397485866,22.70494896745599,24.666089952276494,-71.62011843538593,0.7180289405745416,-16.89402077449791,-1.388995206829027,19.571692347693705,7.855822821700622,-59.68611047659557,161.1836768391065,0,none
14.0447,8.15961798620325,1.8128696319752389,23.031401456987,24.338656820123127,-65.79951279813564,0.669998821728576,-16.921556218518084,-1.3399684228993989,19.5999067608965,7.57323283285137,-59.70848794925799,161.51099528201348,0,none
14.0614,8.107374015721946,2.348881797230636,19.282202173843157,25.7258087799388,-67.68610483021605,0.3755832774667656,-16.951104087109677,-1.290009011040502,19.62780383347856,7.2901493945966385,-59.73003109974237,161.83877960603257,0,none
14.0781,8.000069945699746,2.0235953129197117,20.20855563293539,26.459254222380554,-76.82242014972516,0.5664081129808911,-16.97126976342304,-1.2430927315974176,19.650435341692425,7.006729189547474,-59.750790748360046,162.16694187623884,0,none
14.0948,8.301994411034038,1.8704439930779144,20.189406436857197,23.53366194316999,-69.98807922135614,0.6172507510722944,-17.00073137414826,-1.1920006192892634,19.67615619546001,6.722816975599198,-59.77069715870218,162.49553368470302,0,none
14.1115,7.909890934729304,1.8057584514143985,18.6679267598853,24.126492491853707,-69.26649581739063,0.4998517665274093,-17.019762971470588,-1.1441292739108062,19.69814940198995,6.438586933975639,-59.78980411757649,162.82449277971625,0,none
14.1282,8.117474881752752,1.5846532001366005,21.73181429381421,26.23462054031558,-70.0814638524154,0.6165513123821315,-17.04171623582051,-1.0942641454468929,19.718033691550907,6.1539902728374365,-59.80807832880545,163.15378394236515,0,none
14.1449,8.186230226372924,1.9089932093910345,22.653237512206225,24.32789814726841,-72.51470398502207,0.5026688370825001,-17.066305163999626,-1.044888309970743,19.741598332029614,5.868982976598643,-59.82552796358196,163.48346863451005,0,none
14.1616,8.06352643004328,1.8911988897504155,22.128865735306466,24.9289123162847,-74.27134144567283,0.2339789692971541,-17.085372908099234,-0.9951698660504624,19.7616436052094,5.583657249033386,-59.842147300345005,163.81348808271704,0,none
14.1783,8.217577696641953,2.1386430036432054,20.871675049491465,25.878520786911388,-70.28605645344425,0.8481471148031317,-17.103962480081744,-0.9470660222977066,19.779906615712573,5.29802107561602,-59.857963302917376,164.14381252319944,0,none
14.195,8.099370319315769,1.902899184573512,20.42445382984681,25.45618042460618,-72.42433422389406,0.3757300592103454,-17.121773390697015,-0.8972156115356609,19.798308165229358,5.01208745999138,-59.87294680363002,164.47444426955877,0,none
14.2117,8.148857409896396,2.254178964817898,21.49813188678153,24.293364932747583,-67.02393342668832,0.3246133960714792,-17.14231371919686,-0.8458174591069423,19.81802920999134,4.725810820880793,-59.88707195519711,164.80540535736563,0,none
14.2284,8.231740044161056,2.021049801671867,20.28051610820273,26.33703627132299,-69.19025840496138,0.5171647558341483,-17.157216443669927,-0.7983421850006055,19.832206919528552,4.439285306271505,-59.90040426968662,165.13660321292176,0,none
14.2451,8.146251426329929,1.8958355504024744,19.432080554035043,25.93328036672393,-74.28951450869953,0.268980017497745,-17.17144619497194,-0.7465239989020851,19.84764877948885,4.152522154815474,-59.91287122046828,165.46805894753922,0,none
14.2618,8.121237130487778,2.2989472419516197,19.387459132776517,25.123635511169574,-70.0421878773367,0.4443617802463746,-17.186927321413325,-0.6983161029281719,19.862042367379445,3.865500468547871,-59.92453309938718,165.79975505507446,0,none
14.2785,8.147518420749844,2.1736261354485875,19.292584283256183,24.976658046642697,-67.09371370167528,0.5453054742065964,-17.20225363274579,-0.6475191104765011,19.87658828395756,3.5782228328810164,-59.93534666853214,166.13169407941655,0,none
14.2952,8.080597006709413,2.017176455002893,20.967887766052733,25.90648112685872,-69.15088116484938,0.5367367792483959,-17.214202577982512,-0.5983599761588189,19.889297191193105,3.2907456498287084,-59.94533928013399,166.46384534250947,0,none
14.3119,8.203059607949884,1.9943232845664889,18.02770059892194,24.67058962176873,-69.36681133921236,0.7205843952639223,-17.223111820316568,-0.5489232616423102,19.897963646200317,3.0031196824294217,-59.95450629860342,166.79614133540102,0,none
14.3286,8.146773436752293,2.1322252686573138,19.41166315087021,24.98232174788889,-68.98476297760993,0.5861080141255335,-17.23713357064929,-0.4954695133142127,19.9122336807878,2.7152595517995786,-59.96278063947577,167.12867563787017,0,none
14.3453,8.045649334183317,2.112308245663672,21.700669135318773,26.87707941556187,-68.81596649183163,0.593169941611128,-17.245165251243584,-0.4497842639767124,19.91971315075381,2.4272652921038107,-59.97029203668418,167.46133484748776,0,none
14.362,8.236346131150146,2.086869859070579,16.310765044419576,27.065968720854208,-65.7639878773611,0.6721398009393572,-17.252323553605443,-0.3966202707768227,19.92595492276633,2.1391514887586,-59.97691559520615,167.79409829469796,0,none
14.3787,8.044187176858385,2.1009228716897668,18.79217693289613,24.693637004015063,-71.44705681522649,0.0,-17.262285361981263,-0.3477022454455959,19.937096807755943,1.8508713232135128,-59.98272222270509,168.12704781138748,0,none
14.3954,8.197955742492212,1.962055078832275,18.220644827011142,25.67986695000239,-70.77358853903307,0.2891490488499213,-17.268536295844974,-0.2966031089736229,19.94279991771702,1.5624867670729017,-59.98767549462495,168.46009257001336,0,none
14.4121,8.120984640562245,1.6181074691191233,18.80448419929564,25.11438040931546,-71.34243047432052,0.4369138239609017,-17.272330301579974,-0.247151896640142,19.94617092284518,1.2740388510365162,-59.99180293129884,168.79319362442487,0,none
14.4288,8.151758992487485,1.7063566969474873,18.222644879129632,26.77090217246515,-74.11130856942243,0.6647832091793593,-17.28028576431644,-0.1973307888643214,19.95475020890525,0.9854580787724316,-59.99509835547288,169.1264379529136,0,none
14.4455,8.04969733734576,2.0775929134379485,17.727295830312034,26.009151637330667,-69.0142334660444,0.2094439391260676,-17.280069646252453,-0.1459178274175058,19.954100286671853,0.6968809156800156,-59.99753518319075,169.459671427701,0,none
14.4622,8.16087210397153,2.016534335725797,18.946904418619766,24.50068687373033,-74.74351844045181,0.7387133958874255,-17.283240620017217,-0.0969101508121435,19.958692311562544,0.4082507973257281,-59.99915358270931,169.7929815893041,0,none
14.4789,7.971159145270634,2.20115996049108,21.20801219615175,24.837695409699236,-72.41826945427765,0.3180544822189394,-17.28603550084715,-0.0467544277733465,19.959866985976863,0.1195740044615807,-59.99993438165313,170.12631136796992,0,none
14.4956,7.990162451854509,2.2542406340236014,20.654062633632154,26.302895788604125,-68.32727294462117,0.4753229755537351,-17.285978125750884,0.0033709168021659,19.959300429331485,-0.1691018302384591,-59.99987808734253,170.45963168513975,0,none
14.5123,8.098891765002183,1.8929479176136588,19.938257657948974,24.77718512003759,-71.29872688931651,0.511451167218375,-17.28446483051533,0.0580655278232332,19.959135079196944,-0.4577523929080651,-59.99890839302788,170.79294924096234,0,none
14.529,8.166354932289261,2.135184504073629,18.03544797312584,24.89015522983881,-67.41662622272501,0.5083186131206499,-17.284678162342306,0.1025294982079555,19.958201985372884,-0.7464065182191816,-59.99719615040781,171.12625121411807,0,none
14.5457,8.132194817654414,1.9249034350266985,19.638601674152344,24.685856446740885,-71.27872570318459,0.8790075702450495,-17.28124248517991,0.1561710217095071,19.955563910384885,-1.035003267721686,-59.99458809434526,171.4595091314215,0,none
14.5624,8.232739466397492,2.115084099694978,20.09732073215005,25.531055810236246,-70.490839877797,0.858557868427458,-17.277962904455666,0.2053312614670275,19.951664841599467,-1.3235452482260956,-59.99115906227876,171.7927019342762,0,none
14.5791,8.210982445926577,1.925660904754921,17.98940346811982,24.91201935368328,-70.24392623131224,0.6472737913734607,-17.271476873417303,0.25517286006062,19.94671898848638,-1.6119789120121646,-59.98689767551575,172.12581214138393,0,none
14.5958,8.090707146709411,1.5883598421083454,18.4172265724113,25.45417872239982,-66.49530735697554,0.3061850462179571,-17.26712667155024,0.306027353755871,19.941138127038784,-1.9003399274270536,-59.981787018708026,172.45882914810548,0,none
14.6125,7.942137778975594,1.9648464004793624,18.774540461685834,24.60906921917955,-70.11958598487698,0.2844091393721542,-17.260989903759118,0.3576639106607369,19.934711239716783,-2.188598458819831,-59.97581403139999,172.79173882580875,0,none
14.6292,8.062871243189932,1.976123753777999,19.49976032416756,24.682054497804256,-63.68293887306716,0.2375519369384283,-17.25264030149324,0.4047398223563077,19.927256299284096,-2.476717551854768,-59.96905487636664,173.1245240060068,0,none
14.6459,8.089332320431112,1.7674731009178466,18.26611026216179,24.19763825587252,-73.7052828048903,0.4984117005755921,-17.242062469508063,0.4553617240575107,19.917682515132377,-2.7646599950955526,-59.96145033557488,173.4571493040095,0,none
14.6626,8.051575055499592,1.7129721055019234,18.850567333684392,22.80271350511031,-68.56882593696986,0.4856662787312666,-17.23450019845758,0.5077143262917003,19.908393922478385,-3.052476148409794,-59.95297150632581,173.7896194825149,0,none
14.6793,8.036134756068373,1.9233283808416477,21.640497602800032,23.536313184202484,-80.89006155996215,0.3899107332115671,-17.223943724029354,0.5573082423144192,19.899240913494182,-3.3401160086010844,-59.94366445867916,174.12193680577025,0,none
14.696,8.188542408476545,1.8591235802256212,20.15258980106072,24.46614482527325,-71.16594093493478,0.4308602945926819,-17.211057545705565,0.6040867168804799,19.886126207943235,-3.6275406696143673,-59.933576210507255,174.4540351134429,0,none
14.7127,7.957914643037468,1.7988349771720982,20.027390187186963,24.3103615991184,-71.73462223937443,0.3695145513663215,-17.198380862568136,0.6581453700360164,19.87244299864367,-3.914753630019255,-59.92258518282765,174.78590491152025,0,none
14.7294,7.954666674623328,1.996668060138996,21.79877166831122,24.324011242515528,-75.5678617463639,0.5541359158482789,-17.183811524413063,0.7048016129531361,19.85920933526348,-4.201723282476953,-59.910814995891336,175.11755370741915,0,none
14.7461,8.139875671477224,2.0692461310460453,21.354320487402703,24.904906203202863,-70.67160776638389,0.5336364403833149,-17.170760816463396,0.7566436312136622,19.84713245113669,-4.488474988111892,-59.89817904725007,175.44900081935313,0,none
14.7628,8.009231977233602,1.863291822893448,19.203274458454548,24.47627348758604,-68.27269643288837,0.3926514156526655,-17.155488679237326,0.806863817324412,19.83011289629265,-4.774971649055155,-59.88470442150075,175.78016370472122,0,none
14.7795,8.099114235996826,1.7454685553830815,19.167090701294885,26.023221537680456,-69.35980571751475,0.6735459650526402,-17.13771649740011,0.8559625173287323,19.81414441509897,-5.061171514561737,-59.87040984746136,176.11105991645337,0,none
14.7962,8.181643214797187,1.9607575300462108,20.63157075616819,25.2078070889938,-67.26454860288966,0.0999757840795703,-17.119098005287967,0.903181495583036,19.7946501654145,-5.347060451250046,-59.85532671648512,176.4416305742158,0,none
14.8129,7.979933517816714,1.858371767297219,19.078280293947262,25.159885723122017,-73.68613597980053,0.7359478929735966,-17.101353841675515,0.95566467327293,19.777301399833803,-5.632653060406027,-59.839367116441466,176.77191150759302,0,none
14.8296,8.007310945966328,1.6760381999617788,18.50177819661335,24.258041535153342,-71.40911727800665,0.1883874870429549,-17.08122968736507,1.0045615096509166,19.75693944384779,-5.917909596185024,-59.822590939230295,177.10185239630528,0,none
14.8463,8.183795557860137,2.107996494287803,19.462927423745533,25.10652479419847,-72.12449115686753,0.2627497917200163,-17.061004692772823,1.0531754735673744,19.738141070335445,-6.20282837455433,-59.80500290882172,177.43147935217988,0,none
14.863,8.091465524401244,2.095351083518456,20.38664847065278,22.947298923832246,-72.4401881571477,0.5469980370834641,-17.0403575330343,1.103573051762486,19.716885304290543,-6.487402345356003,-59.78657323885729,177.76075133676153,0,none
14.8797,8.103905327265897,1.597605668431996,20.619929807263173,25.000056092464884,-73.51442166714027,0.4562160228139953,-17.017056082639446,1.152970391646897,19.69378335614525,-6.771587181936082,-59.76731863331678,178.08963751880916,0,none
14.8964,8.14807032932291,1.7190900670727158,22.372110645059497,25.019937886975526,-67.66226799131758,0.5502928114538024,-16.99247941615985,1.20043669507078,19.6705015434294,-7.055361588185951,-59.7472713405091,178.41813489458443,0,none
14.9131,8.191503994379133,1.6980022288440526,22.14130903379549,23.85030884587482,-67.32506019426864,0.5535211246221137,-16.96938748745862,1.2495753574936774,19.6464209683243,-7.33875035922651,-59.72640343203896,178.74623012475544,0,none
14.9298,8.102057977607945,1.7124005766013917,22.817968715163413,24.79916349717614,-68.97096735309596,0.277277312132638,-16.94366630248696,1.299485694154484,19.62145465977961,-7.621709586478042,-59.70470202094658,179.07390841757376,0,none
14.9465,8.116264514814787,2.432932814408011,19.80131548510925,23.20793232062181,-71.16950524458476,0.06950644104801,-16.918343287105266,1.3483674399994694,19.59566291710004,-7.9042459193727,-59.682184284698586,179.40115598828933,0,none
14.9632,8.120525004575176,2.150699635340931,19.675640659776462,23.324044518461854,-66.9406752844795,0.4843639841525872,-16.89031877347904,1.398013452849639,19.56946005960477,-8.1863142428898,-59.658837460036,179.72796597128473,0,none
14.9799,8.138130854202398,2.2827382040087696,18.78175975657391,24.95627090195745,-69.4811458412331,0.417066231838802,-16.864196594560937,1.445729885152409,-21537.344351618038,-8.467946326018968,-59.63469377095395,-179.94568470073645,0,none
14.9966,8.210420760839789,2.161450956807672,21.06368282723972,26.316633293511572,-70.70294591544784,0.7539513037758874,-16.832928269897874,1.4924032153424958,19.51179752067053,-8.749056228126262,-59.60977063725773,-179.61983768214125,0,none
15.0133,8.189318726921607,1.8861432337969588,18.889710875854774,23.671475044488894,-69.8474443714219,0.1950297530577359,-16.80464716369569,1.5416356932650068,19.484639631161283,-9.02969383575998,-59.584025321180206,-179.29444420030086,0,none
15.03,8.245805521065863,2.2634614887641544,18.382600383418964,27.10144411550152,-72.22227525480427,0.436266555023328,-16.773522366440016,1.5907072003308074,19.452815431526563,-9.309811659279529,-59.55746051093468,-178.96958218259437,0,none
15.0467,8.09010746835023,1.8004563787009058,17.69276130390476,24.07326765338149,-70.25703403157141,0.6427308453581684,-16.742636959845516,1.6387422483853766,19.42252378288792,-9.589413696508949,-59.530093515386646,-178.64522603542014,0,none
15.0634,8.152022579819064,1.929054836470106,18.4737950293162,22.54579840602229,-68.9671577835875,0.2652927852174416,-16.710253951665386,1.6866182290978664,19.39057188132337,-9.86847493750176,-59.50192699096071,-178.32140348500204,0,none
15.0801,8.032217601748291,2.315985678469332,21.469943918070797,24.503693389183727,-67.55251086343736,0.8043112259313465,-16.675848566802316,1.734323704302786,19.35697351356425,-10.14696160856736,-59.472963785098855,-177.9981420273255,0,none
15.0968,8.075612273371426,1.986598261058724,21.29400173603003,26.601331630557716,-65.4900557435794,0.8628205060320514,-16.64210271854629,1.781864075525589,19.32268471778197,-10.424884723967082,-59.44320665503758,-177.67545319253855,0,none
15.1135,8.118191388559866,2.120704473625911,19.436956835445507,25.260333169302776,-69.15441746079463,0.7344380672505582,-16.607364463968143,1.8301608042939292,19.288939562979813,-10.70222771051535,-59.41264296960587,-177.3533279018368,0,none
15.1302,8.058789039002656,1.7051733514058796,17.761985081352837,24.709488583612817,-72.9697157438562,0.891520469048682,-16.571441806889766,1.876465937954889,19.253008933510145,-10.97897078869041,-59.38130598844202,-177.03180265264717,0,none
15.1469,8.16221583359615,1.6707670424427346,21.96067461462688,24.833503909639028,-68.68289889155665,0.3758732602772179,-16.53560839760947,1.9244899944758131,19.217792329274683,-11.255115448930487,-59.34916700553428,-176.71086552074829,0,none
15.1636,8.052162764738895,1.6685166786050785,19.59897248964961,23.61736920301394,-67.60672418542752,0.6402876167520563,-16.49891430804407,1.970410659931796,19.181164062627182,-11.530647317874823,-59.316261147513416,-176.3905400809024,0,none
15.1803,8.116054369412058,1.913825215019972,18.268555917596448,24.89680838350281,-66.0317413510529,0.5335349612763934,-16.46115302829564,2.020780623326827,19.14409641306283,-11.80554857344736,-59.28251411110386,-176.07083367080426,0,none
15.197,7.98476487537583,1.996405075997996,17.353284874049326,25.47240863202813,-69.62037940485394,0.5045814624482451,-16.421401836987766,2.0627385798598663,19.10556857686532,-12.079785984125056,-59.2480663768202,-175.7517706755706,0,none
15.2137,8.08771293369339,2.06978082291905,19.34491294643084,24.782350691790427,-72.89680827342629,0.5875423969525487,-16.382923600519074,2.112748997915874,19.06697725560091,-12.353380808253725,-59.212783468555,-175.43335215540208,0,none
15.2304,8.113359309642894,1.6351882332821226,18.562715298940027,24.684504318455453,-72.13224305725086,0.9966674380303812,-16.343020987292682,2.157920318721015,19.026591756635995,-12.626309258741513,-59.17674619923236,-175.11560807306626,0,none
15.2471,8.042528459035596,1.615109394614175,20.39124253918606,23.2934930059957,-76.04213904886993,0.349789218230024,-16.300392186564757,2.206656345618885,18.98495846154719,-12.898525808257144,-59.139895038260526,-174.79855926675842,0,none
15.2638,8.20366852397565,2.2515053153193483,21.746851303783288,26.526419258381264,-71.84759577734096,0.3170847637509051,-16.25888606145839,2.2496288217916924,18.94439465550437,-13.1700492054835,-59.102326236936605,-174.4821878760115,0,none
15.2805,8.026099232053442,2.141148382123028,18.90060483350995,25.355537693125527,-73.29879812334596,0.6371561434373375,-16.217129177314586,2.297086371552445,18.90301407106808,-13.440875262744653,-59.06396489453168,-174.16650754102466,0,none
15.2972,8.033294610550639,2.1959542629839244,19.61774560004465,23.24225561646701,-70.50959214394693,0.3751194484180415,-16.17406278903686,2.342471881771736,18.86054956490389,-13.710982111321568,-59.02484561410609,-173.85153636329076,0,none
15.3139,8.108511688481714,2.213267629337985,21.131515408403903,23.875667268692396,-73.60164101884895,0.6485630403190641,-16.128536793647196,2.3894230437838293,18.815463552992224,-13.980328675775477,-58.9849422492749,-173.5373181219558,0,none
15.3306,8.040176811160176,1.6048988810844915,22.41600530648993,25.071547574191467,-68.83110349219936,0.3818277779955975,-16.086346582430274,2.4317924886125484,18.774640225839228,-14.248970663702062,-58.94433131471507,-173.22378163018428,0,none
15.3473,8.156045556607886,1.8978260124483457,17.84771860270767,26.75944886256216,-65.21530608972931,0.0049290438405985,-16.04156771270201,2.4801628677261656,18.72870874256411,-14.516864844504186,-58.902912594824045,-172.91101219418346,0,none
15.364,8.096990800970017,1.5550903773736684,20.377934864135145,25.436539641843197,-71.83472613528909,0.3651764389172391,-15.995774745989584,2.5237958073861475,18.68397435836057,-14.783994282762212,-58.860765204840696,-172.59898982239883,0,none
15.3807,8.102774291075125,1.818691862409708,24.19452378027477,26.47031807303744,-77.17146303009172,0.3420638394350045,-15.947206486523172,2.569013049668848,18.63639799004844,-15.050312631087149,-58.817862686911226,-172.28776197596503,0,none
15.3974,8.133882425974333,1.9962490657628165,20.059205583443024,24.447806958852333,-68.39001120081532,0.5219462437834435,-15.901628112721903,2.6141050013714544,18.590753127292476,-15.315869820569604,-58.77420713338832,-171.97729639873924,0,none
15.4141,8.049999253776148,1.7356763145420575,21.063001249827003,23.350421771661257,-65.90066586351927,0.4099520532743911,-15.852970721410326,2.6571598415363487,18.54413180102531,-15.580614431617157,-58.729832564034666,-171.66760939766212,0,none
15.4308,8.127339001793914,2.2876938431682583,18.65409843699933,25.106520001322764,-70.53291532060727,0.471562014317711,-15.804817491033493,2.703568465225991,18.495381674613068,-15.844554883717416,-58.68468297066539,-171.35873652369608,0,none
15.4475,8.012703655332349,2.035988078673773,20.921335913866876,25.028257835586157,-67.24935271789873,0.1637603424252138,-15.75835654366244,2.7471217627095257,18.44890124193646,-16.10771943799658,-58.63880603722814,-171.05063987295574,0,none
15.4642,8.045816179199392,2.0048810342904244,22.45811032919244,25.798841832384195,-72.51347977001177,0.7636083982671152,-15.706485939776336,2.7912504553182464,18.39853540575146,-16.370017753190844,-58.59219215462433,-170.7433843316797,0,none
15.4809,8.183363994585354,1.6746893707140131,20.147121528777785,24.236755867551,-67.07163830621877,0.692052690154583,-15.656917216147365,2.834388937335281,18.350390474170208,-16.631488270700505,-58.54485785937083,-170.43693281076105,0,none
15.4976,8.137788757356835,1.9766853600676784,18.93029603825514,24.111162396405295,-72.50765862390715,0.7936134033442297,-15.606640603777608,2.8790012766711404,18.299396431323164,-16.89211916878359,-58.49677853805042,-170.13133289035795,0,none
15.5143,8.139883449768531,2.072337020411402,17.43225227840305,24.95982968875235,-68.6092418836898,0.8472987710015025,-15.55672241770163,2.9215750013761213,18.249434859591773,-17.151916433159208,-58.44798823552744,-169.82656732820277,0,none
15.531,8.188253992953848,1.94030908258124,20.6554680731818,24.6931670131356,-73.09418091587428,0.6886892437741114,-15.503634135838556,2.9640898309522217,18.199518681956103,-17.410827123227712,-58.39848793535054,-169.5226353662141,0,none
15.5477,8.03599577031783,1.6511433310529795,20.236268595651797,24.135403473262254,-73.83970150220446,0.7098812386144964,-15.452447804675886,3.0069661668576515,18.146749062152853,-17.6688830015658,-58.348271600364015,-169.21958465687615,0,none
15.5644,8.277210767736804,1.8127684104360964,20.626354764620142,23.49414995887456,-69.61022719309102,0.2409178644608307,-15.399587410963742,3.050788506115169,18.09532977937025,-17.926056111328894,-58.29732343231189,-168.91739264956067,0,none
15.5811,8.174341151155218,2.086061750025688,20.35343616223328,24.91377292257237,-64.91289220983488,0.8660007088637034,-15.34676960688173,3.092569593211428,18.04343019677888,-18.18234716376382,-58.24567752010526,-168.61606736527446,0,none
15.5978,8.09732432441422,2.0572831212849096,21.12192995824921,24.5147385675163,-68.76246786137591,0.2601096991202791,-15.292977272219414,3.135814834260469,17.991108694493068,-18.437739884209883,-58.19330941237311,-168.31561585007643,0,none
15.6145,8.041022359960818,1.5850436674646642,20.278642994479803,25.13397240025345,-69.3089487164624,0.3420971684835165,-15.238292622452258,3.1768263649156947,17.935088648863044,-18.692219371004835,-58.14025641207902,-168.0160998696404,0,none
15.6312,8.048221943551521,2.174185079076393,19.66021405431963,27.1523657378729,-67.6899598097505,1.0057779010779735,-15.183138739829204,3.220684068183854,17.88255234149567,-18.945777787959983,-58.08647098814035,-167.71746124553744,0,none
15.6479,8.141152401044893,1.8623666080392995,20.72924807587785,26.503172532093085,-72.83761620490775,0.3227029376976185,-15.131705078445933,3.260586492206011,17.82984601979382,-19.19847726277003,-58.03201919372051,-167.41970281700688,0,none
15.6646,8.102701462593465,2.065662096030762,21.60960182558137,25.68772730790939,-71.07684801717001,0.4620102355137684,-15.072774686846095,3.302720291102476,17.77300222125982,-19.45019260004036,-57.9768637648591,-167.12289367991184,0,none
15.6813,7.940871779853311,2.3312816434670847,20.189985247494683,23.361513774138555,-66.63907256391863,0.4318224384165626,-15.018302194388092,3.3441066434796243,17.720317202895398,-19.70099824668664,-57.92101718391299,-166.8269643826235,0,none
15.698,8.083651824910403,2.319914724347912,18.333144013628285,25.225321606360264,-71.63884982703804,0.4852582319558591,-14.963102738150056,3.3840125969224224,17.66404625065789,-19.950882062413747,-57.86450417354438,-166.5319748102375,0,none
15.7147,8.061084916958276,2.0023690098581346,19.96548950418865,25.69631130748128,-65.76267295547733,0.6047892716274588,-14.904563012116384,3.4254881577485827,17.607426197599636,-20.19978826471609,-57.80729852130998,-166.2379307927376,0,none
15.7314,8.127633628492035,2.106422757348136,19.834316916101397,24.494181517486567,-66.58638609422192,0.1508368694831683,-14.84965858235654,3.466073106226216,17.55230497874613,-20.447777563041445,-57.749415100436,-165.94480729959253,0,none
15.7481,7.899014446095414,1.85511405817736,21.126371453573764,24.324601781205857,-71.66382999625236,0.4558470567054981,-14.79212021269086,3.508089359628596,17.496052187635463,-20.694805970593382,-57.690830008130206,-165.652623228059,0,none
15.7648,8.151945808330519,1.975794649777722,19.94051286648338,23.385615661034336,-69.6377023337241,0.3411727018094969,-14.733074687461286,3.54611814741803,17.438113468199255,-20.940848317873986,-57.631609835068325,-165.3614067331401,0,none
15.7815,8.195982401432287,2.125369059494184,21.35535512466986,25.581870639205903,-68.45203508390799,0.4974934106900661,-14.675171784956085,3.587623572851903,17.381099278452098,-21.185923686682752,-57.5716965214017,-165.07114237518994,0,none
15.7982,8.054427524535924,1.9947330124755245,20.395932225766764,24.51159088760686,-69.68205076947456,0.6100424558866582,-14.61961853991184,3.626413580665676,17.325945285791928,-21.43007131629928,-57.51113541460458,-164.7817990889172,0,none
15.8149,8.093944985190005,2.3084585058822418,18.648448686739744,25.45808269504292,-68.52829392887747,0.599550175958117,-14.557952318764585,3.6651688597425176,17.264826027379954,-21.67318912002265,-57.44992709464688,-164.49347649425997,0,none
15.8316,7.984326089881994,1.942502107675158,19.574729636022106,25.34902533796955,-67.86357524771319,0.6224207032972924,-14.502063506126934,3.7055038918739567,17.210298200267406,-21.91537358057497,-57.388045179652586,-164.2060645143155,0,none
15.8483,8.175702840592045,1.815583043610416,20.642231937853737,25.74761046909039,-69.77654471070336,0.5394936723623921,-14.441191767128837,3.744961619395173,17.150505119698046,-22.15654148308602,-57.32550432060869,-163.91965107881654,0,none
15.865,8.102025549281118,2.1368918739093643,23.29321604425465,26.13093108944864,-73.32871164491688,0.7244633267653049,-14.38251323264524,3.782390814245741,17.091834978611566,-22.396729454071195,-57.26233839401078,-163.63421743467373,0,none
15.8817,8.211055068233842,1.873097694002542,20.2515118130235,24.70083903829863,-73.50692666821868,0.5561345488655333,-14.322162861748303,3.823374506741564,17.0331268185396,-22.635909573862392,-57.1984880397482,-163.34976421680412,0,none
15.8984,8.03357021682308,1.775011002825558,20.87063493880864,23.897613230431205,-69.39195810913228,0.4762205608539589,-14.262205730690676,3.859304882585767,16.972980178542333,-22.874088409564926,-57.134037648209016,-163.06631544782246,0,none
15.9151,8.067049104635688,1.831162523536905,20.4750851063626,25.391533271705008,-71.92408157656791,0.4717500851707243,-14.200770394236663,3.898964793220561,16.914523160394282,-23.11124127514868,-57.06892493616223,-162.78384291104388,0,none
15.9318,8.064739699941015,2.022623502269499,21.282476448116785,23.09351396713341,-71.04028074640436,0.7042279835984204,-14.142671755402544,3.936401550416184,16.854846291383517,-23.3474238934639,-57.00318703027028,-162.50236697797777,0,none
15.9485,7.954576429637904,1.8715912783182027,23.593500790531124,24.192245088536545,-74.93024211544262,0.4975590432509167,-14.080003816792246,3.972568215938404,16.79514433703333,-23.58255995720433,-56.93684514106411,-162.22188806754932,0,none
15.9652,8.067272044504955,2.0632844714864897,19.711140102645995,25.552066099438893,-67.5345892624917,0.4123874166406767,-14.02028457879997,4.011411175268084,16.735644448398894,-23.81669870967029,-56.869854574437134,-161.94240280526105,0,none
15.9819,8.120092629523675,1.856878108199912,18.416848490939817,25.33651410435901,-68.58707344157459,0.371295848034045,-13.959712250763369,4.049911735128933,16.675757075854005,-24.04982590425804,-56.80222104846048,-161.6639176620943,0,none
15.9986,8.091378411801097,1.7710060423256129,18.211637742359063,24.22075139040972,-70.87678573744057,0.5076030364313532,-13.897185648912105,4.085222101273772,16.61412373626339,-24.28190890459487,-56.73399783936921,-161.3864617956987,0,none
16.0153,8.206614126954092,1.5671590566246532,23.25827252486542,24.48138552814069,-62.73344933033307,0.5124576011490283,-13.835905551373786,4.122374811009724,16.554460090486977,-24.512968527302814,-56.66515418002535,-161.11000231218756,0,none
16.032,8.104023974369566,1.994054586646344,19.82534888052413,25.13538798399488,-67.01329497973072,0.6516955470087988,-13.775384276462876,4.158385116733381,16.49443321031662,-24.743017444719744,-56.5957091485759,-160.83454527757527,0,none
16.0487,8.229825321141464,1.916977005671993,20.31742001125018,25.183284734815903,-69.16018034455345,0.5111538458965921,-13.71147269205306,4.195528665306965,16.431846801455713,-24.97199903867703,-56.52564381986527,-160.56013343599096,0,none
16.0654,8.130926064837352,1.8058539333532555,20.932935388999045,26.18802972776896,-76.33773530985788,1.0574204751902436,-13.65230930304902,4.231351072808186,16.37354712169419,-25.19999260403795,-56.454980256949376,-160.28669519905867,0,none
16.0821,8.039326119183436,1.6125132667170854,21.250534337473443,24.732206885419348,-76.27557383195632,0.2893917143535548,-13.588781454818806,4.267751830074239,16.309369464887208,-25.426925254333423,-56.38370880138714,-160.01432872899505,0,none
16.0988,8.01208971411896,2.1933580230402647,21.22673359355372,24.99311447430324,-70.12551994072322,0.6489024837642767,-13.526526696140506,4.3020009901829255,16.249976282997768,-25.65281825015897,-56.31186538485108,-159.742954125069,0,none
16.1155,8.081972635809302,1.8752772764536183,19.472623805090628,25.05826211774652,-72.17274252334163,0.1979859280809134,-13.46525688288627,4.33756071263694,16.189527683078843,-25.87768804010317,-56.239428120950045,-159.47258901276157,0,none
16.1322,8.10282466756101,1.8612751230465532,16.593866091462225,24.44167532294475,-69.01317540104016,0.7055979131857513,-13.40138851370394,4.373661290552501,16.127189038083834,-26.101491228282026,-56.16638797739782,-159.20326495582557,0,none
16.1489,8.1096247527406,1.7411795919529098,20.824126678622267,25.246831682741607,-71.82247057816151,0.4739230756768434,-13.338165997561427,4.408402436836101,16.064493741409567,-26.3242386004413,-56.092767656702655,-158.93498791034403,0,none
16.1656,8.29793423992404,1.7562540190910485,20.551776323776725,24.22012810208088,-72.14578026152492,0.5401052372053662,-13.27742527951976,4.442615799266939,16.005055058783427,-26.54597160260928,-56.0185759728549,-158.66770349086235,0,none
16.182299999999998,8.074115904653882,1.8929001817827351,19.283192698385218,26.250234381618583,-75.57316805393779,0.4206964227404607,-13.213360591402402,4.47851556298056,15.941282196729798,-26.7666347244857,-55.94378476295312,-158.40148407817696,0,none
16.198999999999998,8.050230316879022,2.071877103215232,19.54584423910745,24.42293847350353,-66.57304397365978,0.6274982657105045,-13.152238425167674,4.510390658533604,15.882148599210112,-26.986277106186,-55.86846123895561,-158.13625219657015,0,none
16.2157,8.234487071539384,1.823841782563311,21.94459629930679,25.07790477923032,-69.32181748288994,0.5174899215212461,-13.08755859879621,4.546962814193525,15.819050420488653,-27.2048393347859,-55.79252695995858,-157.872074054548,0,none
16.2324,8.117537267037799,2.075605780651554,23.0614375482878,24.54816575905342,-69.88532116321971,0.7610049537155732,-13.026211275386874,4.578678041496887,15.757089729305392,-27.42237706308486,-55.71606303666558,-157.6089306560686,0,none
16.2491,8.188846204293805,1.4531609322499492,20.416358517363594,24.731121121428,-73.2998080462242,0.2716774776325871,-12.96212846273414,4.613206395844771,15.695975816906335,-27.63884460841252,-55.63902248985497,-157.34680785992626,0,none
16.2658,7.991373742525292,1.895648895438723,21.302644191006536,27.725001089373716,-72.8416954264361,0.4610174925184966,-12.8998058098947,4.647029881666528,15.632533968497516,-27.85427136543776,-55.56141709083114,-157.08574454265235,0,none
16.2825,8.145189868508936,1.9987563761765768,21.28165367065276,25.23116425565386,-72.1579836818452,0.2850140536484298,-12.83615862857082,4.679334935315472,15.57211667263739,-28.068635214534893,-55.483272197411374,-156.8256901942193,0,none
16.2992,8.246732494395848,1.92228222502012,19.66720371222605,24.53896490820822,-69.19187377523139,0.3148504121798234,-12.77379693681158,4.711869920312044,15.510075034773129,-28.281957623379647,-55.40458396974216,-156.5666719411386,0,none
16.3159,7.939779548867513,1.989624033459512,18.70244974614956,25.71313862447055,-73.40907855301437,0.790129229473107,-12.709648457403672,4.745239766362464,15.447928791922052,-28.494208752618288,-55.32533846564391,-156.3086915303135,0,none
16.3326,8.076811038911973,1.8651200287569412,19.564082085475835,25.467398052659103,-74.39061392253616,0.4925109009228475,-12.64757142282189,4.77826474177683,15.385967649111022,-28.705423195379414,-55.24554144445624,-156.05174587057334,0,none
16.3493,8.093980669559203,1.9949436099811808,19.262269396906117,25.66345197317389,-73.39991881788666,0.3920894395275829,-12.584969114276168,4.809596823851754,15.325743555300862,-28.915592179587826,-55.16522117749791,-155.79580595319982,0,none
16.366,8.01718453079408,2.080997637062405,19.70946888946478,23.542214507624767,-66.86550788257115,0.4475116153777665,-12.521751172552904,4.840740721501455,15.261737634110052,-29.12470542416946,-55.08438080744884,-155.54093493471018,0,none
16.3827,8.091289473552944,2.1518422906349164,21.070096784168776,24.836438134609853,-67.24599217845345,0.3970381168478219,-12.458154863470956,4.872393349413703,15.201096751719612,-29.332756610389424,-55.00301183851363,-155.28707661895646,0,none
16.3994,8.158566087501303,2.0004965174283558,20.50221601555021,23.95918661776312,-69.39121065166194,0.5382804257208277,-12.396108978651068,4.904413476125939,15.139323274572934,-29.539771630332897,-54.921108133462326,-155.0342499202711,0,none
16.4161,8.063691364054286,2.1900980122154,16.941549048087097,24.486721441029328,-71.47195529392505,0.4892029626450495,-12.332176649341058,4.9360858332737045,15.076892052473037,-29.745718980376893,-54.838675500046655,-154.7824658229948,0,none
16.4328,8.201183163270821,1.9153835586176016,19.794691130463047,23.96786961545104,-63.675875301746096,0.3298512105957898,-12.27198571553456,4.966315506961935,15.017560044854887,-29.95066114182632,-54.75573803108039,-154.53167257024572,0,none
16.4495,8.107754893682253,2.2757703738382102,19.601464507231636,24.11981075421449,-72.87832476398003,0.627038907902261,-12.204344050981542,4.99978937848477,14.953052082222792,-30.15447368747771,-54.672241548459695,-154.2819566004726,0,none
16.4662,8.03049350726322,1.951801746440431,19.46970515855852,22.637909975844835,-72.57193732242564,0.3959548633499131,-12.144924541366793,5.028246754519161,14.892635765335683,-30.357293927318537,-54.588269827659225,-154.0332495831915,0,none
16.4829,8.045083039494427,1.98854144731396,22.24877570730621,25.113352143591733,-68.65683239698532,0.7997070473087818,-12.08098397807142,5.058190865602984,14.831708144424942,-30.55904635975233,-54.503798040203655,-153.7855600571796,0,none
16.4996,8.065077966110636,1.752855485573804,19.052762455072187,27.605890680830512,-74.5757443879928,0.4614552889297605,-12.018157463721012,5.090276939032741,14.768560522817822,-30.75974958939647,-54.41879041532181,-153.53892509644854,0,none
16.5163,8.126831085125142,1.9744989368343784,22.663498189435007,24.46332665413916,-73.31918811071985,0.6637032074025857,-11.95669943765516,5.117497506666767,14.710282792698296,-30.95942647000531,-54.33332820696047,-153.29326337381048,0,none
16.533,8.188428158244223,1.8146612208912631,16.94781479928755,25.44587821266169,-69.92139106766234,0.4663852958333249,-11.892281563719646,5.150658800883128,14.646350150433356,-31.15802757211943,-54.247312204985725,-153.04866932629824,0,none
16.549699999999998,8.192919570942186,2.2388511004424,21.710884212117445,25.288742377860515,-68.12979343743022,0.4727574406610617,-11.830825584074525,5.177613188504672,14.585065227636331,-31.355602359373474,-54.1608460647377,-152.8050987369967,0,none
16.566399999999998,8.200852881564387,2.1075364946369417,20.344392230219366,24.11935398119452,-74.09649786755111,0.2006271676810181,-11.76855000233186,5.208577135116722,14.526217480027949,-31.552137144412416,-54.07386282658125,-152.56251090508025,0,none
16.583099999999998,8.056339482731286,2.0898066274230778,20.905112887864394,25.362490569946733,-69.78241743145716,0.8462690697856936,-11.706784387731563,5.236507051890442,14.463510112376271,-31.747640443687533,-53.98641315881468,-152.32097028620356,0,none
16.5998,8.242078388152253,2.098373700085592,16.571832053407952,25.822665771332677,-72.00173297973427,0.6457257063094431,-11.64453044690944,5.264910331884984,14.404092979929262,-31.94210410215092,-53.8984891562722,-152.08042193343874,0,none
16.6165,8.018836354150707,2.25292900183232,19.60638605114975,25.152389405284044,-63.18077305884271,0.2553323521398372,-11.581579555777104,5.295277700894334,14.34188596072274,-32.1355164807324,-53.81005801866726,-151.84091243789467,0,none
16.6332,8.153016911538964,2.2420286682383503,21.96108401314507,24.353106748321487,-65.10837701867231,0.5403171228270817,-11.521489352743576,5.3216458861939575,14.284007970237289,-32.32792535292322,-53.721186532367824,-151.6023695047917,0,none
16.6499,8.074171142324456,1.8957677586024932,20.56133875845144,25.55869802952176,-70.26766845208186,0.3490070193944976,-11.456096609604575,5.351926960053971,14.220256453866032,-32.51924216630361,-53.63180935213492,-151.36489122201215,0,none
16.6666,8.066602947420884,2.024742325266149,22.220527056214003,25.01604258387064,-71.22737083750529,0.4794548910002126,-11.397386177993432,5.379404145680534,14.161310221252853,-32.7095785154761,-53.54197330290206,-151.12839734131722,0,none
16.6833,8.087976348672496,1.9539117129197037,16.611394657064032,24.746962112348037,-70.8821467181184,0.7797303693374518,-11.33519554636164,5.405546362277885,14.10214856817364,-32.89887628110034,-53.45170067865202,-150.89289146022873,0,none
16.7,8.12297486593308,2.0139691924997365,19.44590416562172,25.449481256609413,-66.26393966035246,0.1710380187679099,-11.272009970535644,5.435455426270145,14.040046462611995,-33.08711884760829,-53.360928573033306,-150.6584226843031,0,none
16.7167,8.171158552792349,2.3635365950659306,18.95984040441828,26.4002032663264,-67.80408421477979,0.5153262786465181,-11.214110983831882,5.462574949117687,13.983110790903964,-33.27439450103828,-53.26970357138304,-150.424904734095,0,none
16.7334,8.194684540191366,2.0202084266206373,18.61775518178041,25.519297578589637,-64.20520036574077,0.3252815711235808,-11.151691490269911,5.487499814866728,13.922577898083436,-33.46062774892579,-53.178062324474766,-150.19239768319702,0,none
16.7501,8.14274998727412,2.203615536553701,18.710199729256185,23.45501470610166,-66.24954967515092,0.6476267842183038,-11.088965509416028,5.516859689859082,13.861639279690063,-33.645813472933035,-53.08593076765412,-149.9609083072262,0,none
16.7668,8.05112322488485,1.7652480991456616,20.167762063331796,23.624795377688688,-66.58304677735633,0.90554647168231,-11.029230848082106,5.542412138727647,13.801869159418269,-33.83000162809601,-52.99337248493737,-149.7304170922639,0,none
16.7835,8.254943302913587,2.262381759977076,19.907847605233336,26.047792590000384,-73.20650634937047,0.5147059081715042,-10.97062504684883,5.570399405321482,13.74528176819195,-34.01321106637838,-52.9003468148685,-149.5008708867351,0,none
16.8002,8.258638802104361,2.154097502644122,21.14411678741712,24.93278565269561,-66.89628494664294,0.3803415168492771,-10.907622382592956,5.595188354939479,13.684834089461472,-34.195368360167684,-52.80690716934101,-149.2723341574411,0,none
16.8169,8.05617041247379,2.0662591507689303,21.540324986956936,25.02127658220904,-68.94585203577262,0.8179914387627776,-10.847079556271382,5.621978031671145,13.62581662000012,-34.376514588757416,-52.7130201362121,-149.0447830198871,0,none
16.8336,8.121437710489383,2.07456824323707,20.585823386171143,24.827929314758045,-71.25571408319374,0.6941030498600533,-10.787755233118885,5.648612964061026,13.56726737232767,-34.5566701011505,-52.61868829971228,-148.81820965476922,0,none
16.8503,8.211121512587178,1.7786911077203278,18.598775161351288,24.84995122318201,-72.2971850203269,0.5133285362746572,-10.729322904293303,5.672796447230096,13.511018580360853,-34.7358497936522,-52.52395259904354,-148.5925756444772,0,none
16.867,8.142415288886676,1.8309468347043591,20.13676842128296,23.34090938993513,-74.1060879207956,0.7689285087413429,-10.66634202003756,5.698752610859817,13.44914044643858,-34.91397770538683,-52.42878343044218,-148.36797499902167,0,none
16.8837,8.15374134376934,1.7916750029200388,19.88611180146874,25.9936766880428,-72.97661310004635,0.4015908589887735,-10.606982678042892,5.7249077436983375,13.39172830629416,-35.09111431611014,-52.33317747112242,-148.14433313630656,0,none
16.9004,8.121663953827406,1.7614634014813366,19.238071325728825,25.413289213892394,-72.33187407886899,0.808901060998789,-10.550884132477693,5.749348333869496,13.33627730316582,-35.26731408112252,-52.2371633539468,-147.9216173053437,0,none
16.917099999999998,8.116173449375411,2.000844066268677,18.85085465262952,25.12433623391257,-74.68111525573829,0.7466372769507115,-10.486226084483176,5.776568500020072,13.274907824127297,-35.44243405673339,-52.14069465999646,-147.69992634468076,0,none
16.933799999999998,8.032909492702961,2.070757724737947,19.01463959906306,25.487399816147324,-77.23471757523177,0.2055235004792649,-10.431791202009492,5.799860083328242,13.22069652102021,-35.61664496980695,-52.04383699660488,-147.47914071277972,0,none
16.950499999999998,8.308760999960047,2.1907972090470524,19.56765418848206,25.037971089450256,-69.22274628205835,0.6127725382810129,-10.371263991028636,5.823350310714897,13.161704944234806,-35.78984507845713,-51.94658704641594,-147.259340240211,0,none
16.9672,8.098633867041697,1.7419393894611486,20.829973144958068,23.05192499425322,-63.287853401861405,0.5016750037994974,-10.312792951746314,5.848530065607715,13.105853366248551,-35.96206872075129,-51.84891659432029,-147.04047248899465,0,none
16.9839,8.154092826309325,2.214392719376012,20.417346388907426,23.835673799657584,-63.16468608256704,0.7075474675898135,-10.25403462996834,5.873626128824881,13.048049470414156,-36.13331109907176,-51.75082703796892,-146.82257006283874,0,none
17.0006,8.077463915513384,1.5477551392787712,18.38127482295701,24.044727075183825,-69.64843852724844,0.7471210919983581,-10.19573838533716,5.895689652211832,12.990432987709562,-36.30357993010689,-51.65236902077698,-146.605629831944,0,none
17.0173,7.959739306542243,2.326454154570989,18.53530185692344,24.626430062623893,-68.99858432335617,0.4185774534073766,-10.137052571017747,5.922101507833053,12.935456845024513,-36.47286870804289,-51.55346992559617,-146.38960770263208,0,none
17.034,7.935702958933853,2.55387212340124,20.43143104968702,25.580705151406725,-67.07868437438094,0.667155303099831,-10.08086553737984,5.943316021870685,12.879998535821755,-36.64121916251713,-51.45421654803093,-146.17451172708385,0,none
17.0507,8.089595555802847,1.94889505273032,19.69813867925993,24.28607182122922,-72.89034446783141,0.538293982553207,-10.020693291816098,5.968157572052214,12.8220097160632,-36.80856474049046,-51.354548316577656,-145.9603841648256,0,none
17.0674,8.101266503655863,1.9444165987958704,19.3820546958738,27.04662070027018,-68.12866755005014,0.4693466222704771,-9.962755980053974,5.991226905851954,12.765366423092226,-36.97494276535736,-51.25449482724993,-145.74720254555996,0,none
17.0841,8.09615490897129,2.2412806882509764,19.62271474701956,24.4823442299535,-69.43920301858255,0.488791484489794,-9.908790398357691,6.014514810896947,12.712946475762202,-37.140419565009935,-51.15405242990795,-145.53489633941473,0,none
17.1008,8.083008899776402,1.6174687694273078,17.95061163297455,25.401429333532384,-67.94917717619934,0.3713261026279505,-9.84925968106988,6.036800146568579,12.65593593635985,-37.3049022016838,-51.053237867460254,-145.32354220927752,0,none
17.1175,7.954690394535563,2.1402654466451176,18.589655310062803,24.02320080402942,-67.15877089319812,0.354152700722891,-9.794501175105982,6.05974036801201,12.601588976103486,-37.46847037130807,-50.95204020331445,-145.1130956733766,0,none
17.1342,7.998303423589012,2.025781835980268,22.452519890921742,24.38999059117573,-68.99335634456727,0.8649991111150191,-9.73747921127459,6.081308016819771,12.546884746116516,-37.63108627413636,-50.85048235943356,-144.90356269811645,0,none
17.1509,7.959925786091968,1.9632747158399104,18.651588959459623,23.810661070300597,-71.85832148784517,0.7435545826089981,-9.681247200135571,6.105328175413367,12.491878752016447,-37.79276310237862,-50.74852337890416,-144.69494832295777,0,none
17.1676,8.15439947671226,2.258546222856674,21.227215575823177,25.90005128928685,-71.84818739607886,0.4428748616379643,-9.624089433488958,6.12641800675596,12.43754889998002,-37.95348539591789,-50.646212198191336,-144.4872412563281,0,none
17.1843,7.989278938089936,2.0033940872309897,20.120596848736948,27.022680487335368,-78.18400483419914,0.4918356592130682,-9.56732421929878,6.149187444539868,12.383255779718366,-38.11325971038018,-50.54352076786752,-144.2804408848068,0,none
17.201,8.148970995606383,1.872895228829054,17.128206586934986,25.16879964609777,-69.54661078736083,0.5655542772100881,-9.511815640300302,6.171318364806751,12.328205513278093,-38.27210703157319,-50.44045975117525,-144.07455985273506,0,none
17.2177,8.033799136799752,2.286872518588665,22.875322069365588,24.437006926209364,-74.59728029768397,0.5321921277919656,-9.456654890924174,6.191157253878803,12.275804402735528,-38.430033168251626,-50.33706742503547,-143.86955391920938,0,none
17.2344,8.049852933743018,2.123459750012791,19.18501518487164,24.50335116611669,-71.05801874127495,0.5664685499557596,-9.402637182390436,6.21519504815246,12.222280720092163,-38.587057209197546,-50.233273667731325,-143.66544183118384,0,none
17.2511,8.155830121671686,1.7522677038268384,21.73579146846992,23.842844252131528,-70.09671751026688,0.7309402574667271,-9.34744852893058,6.233547541305642,12.169892630777078,-38.74315959963069,-50.12917342379152,-143.46220462424986,0,none
17.2678,7.961556252626784,1.879244218499292,19.417055235764412,25.18824458352469,-72.73937773318444,0.4591850498459545,-9.289121893145056,6.257972957087417,12.114056024426624,-38.89828793524621,-50.02466527540816,-143.25989988864194,0,none
17.2845,8.034002617512321,2.151732667718341,20.584992180911904,26.104954794308632,-72.9369652737096,0.76291221003227,-9.238928117856313,6.277312302740091,12.06326361682386,-39.05257803481441,-49.9198341599524,-143.05844338624098,0,none
17.301199999999998,8.123258964815077,2.2094934835830937,18.407366157948225,24.829799826911344,-70.08418565247027,0.4855370305913179,-9.182096209944396,6.297832246917149,12.011638344703412,-39.20591904152048,-49.814660361428885,-142.85784902588443,0,none
17.317899999999998,8.12887377902134,1.8075516548088453,20.681471358525304,23.350029285528343,-68.44400561978114,0.7470173608143126,-9.127290671182616,6.319259099716552,11.957804092634172,-39.35834479572923,-49.70912873446362,-142.65815369753744,0,none
17.3346,8.076390111085146,2.388677982284669,19.225952420844195,25.96563135633837,-70.52019950108962,0.7767541842062833,-9.07718875782346,6.337742895182149,11.90747903000887,-39.50993384798488,-49.60328842811408,-142.4592987977363,0,none
17.3513,8.082102454196097,2.2082737335736367,19.858636697529963,25.667463017990467,-68.75493064930954,0.452410648916129,-9.022845934955331,6.359404337476315,11.85590018329395,-39.66061537509864,-49.49708637567822,-142.2613052646753,0,none
17.368,8.102616277208407,1.840453584730944,18.308310650291173,23.566108155204088,-66.51199287540463,0.6410810414662149,-8.96716363549954,6.380963852324835,11.80237129994068,-39.81036700781148,-49.3905242793444,-142.06420566396628,0,none
17.3847,8.043676974970923,2.038228232546792,20.824140882365487,24.47920389668896,-66.00539152272908,0.8414857157117664,-8.915073335952918,6.399082327614034,11.75347104392218,-39.95924873252189,-49.28365960447324,-141.86792269753278,0,none
17.4014,8.08777062098032,2.2108998430633395,17.335464943933435,23.869463499134216,-72.43122101797698,0.5244744421899512,-8.860507087664296,6.419690347196744,11.701567866694262,-40.107219200885886,-49.17645077567506,-141.67250651415898,0,none
17.4181,8.145492743117636,1.8395490058456097,19.797531886852088,24.84830729293768,-68.46711890428176,0.6961608736888427,-8.810538674364954,6.438273616982592,11.65035239452635,-40.25435519674778,-49.06893160627145,-141.4779456291704,0,none
17.4348,8.157204470592719,2.357058712357168,20.80104011925038,23.49177429535262,-70.04276656435539,0.6373417382352804,-8.75662519449758,6.459819413334008,11.600161818196732,-40.40059083749589,-48.96105262206877,-141.2842229268065,0,none
17.4515,7.990899862420126,1.7348296554571203,20.549093488136226,25.834696385364587,-68.7247468710373,0.5395646305246506,-8.706357649783829,6.477067135050648,11.551800788354653,-40.54598701024728,-48.852885600913424,-141.09130785364098,0,none
17.4682,8.204652818425595,2.00531828594319,19.92159643698567,25.782812329989213,-65.12221334193796,0.6688089272164097,-8.652969717180657,6.497053536044419,11.501784619583134,-40.6904916045242,-48.74438480686148,-140.89922805049395,0,none
17.4849,8.095965492688205,1.9727977817737432,17.674935423345413,24.172368518894025,-67.12027062707675,0.2146938457055849,-8.599640061654595,6.516615382785731,11.448660083686775,-40.83410559355383,-48.63555732996896,-140.70803542709638,0,none
17.5016,8.097457046517915,2.0739760439828583,20.20450409146837,24.710768168975267,-71.70176530219915,0.6112827150245657,-8.549810772874372,6.5360287684929705,11.401004608878496,-40.97688743346083,-48.52640564953513,-140.5176386501281,0,none
17.5183,8.139845548064537,1.8049446093475316,21.906327188919693,24.099619716040635,-70.76791430807678,0.2275154490576852,-8.499408456094006,6.552633601784268,11.35205343239944,-41.1188275546776,-48.41697666838533,-140.32805935780704,0,none
17.535,8.089518956851984,1.7384433758752351,19.46345657459995,24.03279827622406,-69.73879767849644,0.788937706623889,-8.447711412570047,6.57261244522936,11.30475284971132,-41.25990433526752,-48.30721404055,-140.13926998521686,0,none
17.5517,7.917769654774595,2.227211576997764,19.42058641176673,24.864399461400943,-67.77160575282275,0.7038973786129215,-8.398381814462162,6.589985154556201,11.256511155312376,-41.40015731156904,-48.19716128846891,-139.95128624892314,0,none
17.5684,8.06952977514373,2.0570798170629048,17.37941503585168,25.017402116623025,-69.58153787927388,0.6021195198515973,-8.346272017837311,6.609810669893718,11.205881464855292,-41.53954005426692,-48.08677745028169,-139.76414802846006,0,none
17.5851,8.033191576580727,1.7293623370350215,17.247513497233335,24.1566294003065,-68.06734226587982,0.5889478928695616,-8.297556323674218,6.627051146879607,11.158976566171376,-41.67810924487228,-47.9761056961288,-139.577793119805,0,none
17.6018,8.146532164136529,1.6832649702521585,23.31504884592248,24.508752479098607,-69.94442833906245,0.778531426934522,-8.245710337488196,6.644851795065408,11.109453886119072,-41.815812607508335,-47.865136671151205,-139.3922652399068,0,none
17.6185,8.112693220238318,2.1133411655616063,19.44698870427545,25.291452656939477,-71.23943438887699,0.4195577477881884,-8.196888149608903,6.663347140287447,11.06469026869312,-41.9527006396068,-47.753858773908405,-139.20748491241963,0,none
17.6352,8.11147272741659,1.7171583717084355,19.53763075569868,25.36676026603853,-70.26509080383568,0.3849017492558018,-8.146865132425672,6.680457033305159,11.01502733844118,-42.08875328731831,-47.64229514145221,-139.02353395586766,0,none
17.6519,8.11830107545867,2.122962092861653,22.07330957832913,24.22399527076872,-69.93080792813625,0.5017819074511694,-8.099204910931524,6.698178426509673,10.969881905237774,-42.22401000933087,-47.5304355617295,-138.8403369280502,0,none
17.668599999999998,7.981169856335615,1.6045098318243658,19.575402969418764,24.34464850865365,-72.47090117770519,0.6907184444992451,-8.049181537009888,6.71562282955558,10.922596672410332,-42.35843134099893,-47.41828466047592,-138.65792956362094,0,none
17.685299999999998,8.059981431528202,1.8632088312215944,19.715486920030056,25.00376293405604,-66.43461961214038,0.7319468516696096,-8.000809708349095,6.733712629192906,10.875035980502195,-42.49204486312836,-47.3058316595684,-138.47631646274655,0,none
17.701999999999998,7.947692267158601,2.1402833080144985,21.40683841597212,23.98981429903184,-65.57327413966416,0.3584026497501542,-7.952158825155422,6.749109561266272,10.82903597346253,-42.62484591550846,-47.19312152989525,-138.29547156198973,0,none
17.7187,8.036419733147872,2.1798717530858207,19.08568820283806,24.78077471955749,-70.20593960207901,0.6654846463816502,-7.904264970055825,6.766617031902452,10.783884867980298,-42.75684714050839,-47.08011902546248,-138.11538068469446,0,none
17.7354,8.017572894313256,2.0457946773778484,22.27026120356441,26.69110487172856,-69.06840925241302,0.4830144331394935,-7.855155431950417,6.784658282786204,10.736348385185597,-42.88802823622196,-46.96681523213995,-137.93608366666186,0,none
17.7521,8.060713758601494,1.8432750815212595,19.27067641844722,24.379627287206212,-71.4867055180883,0.8234814584187402,-7.809147201751166,6.799802649334776,10.693847920021003,-43.01844099449121,-46.85325852789606,-137.7574964063975,0,none
17.7688,8.024285033769846,1.7323995909130203,19.91144700443222,25.549279500097192,-66.29265357968758,0.5401670730664867,-7.761694396006,6.817025607469997,10.648002485110116,-43.14806129090451,-46.73941420025131,-137.57967476489617,0,none
17.7855,8.18997290986531,1.9874442073519727,21.071794617500814,25.93335432271273,-66.35710034982175,0.3659395853932786,-7.711416981384777,6.8337546284382285,10.599833425870006,-43.276841954493634,-46.62529049795639,-137.40265754668414,0,none
17.8022,8.28432541160116,2.359058065140661,18.41378924170943,24.664679099436807,-66.21595832982948,0.3657120443709484,-7.669154264863686,6.84983440913709,10.5591460557817,-43.40491683071686,-46.5108982633238,-137.22631980755258,0,none
17.8189,8.034611610662445,1.925740069820268,18.162481491703584,24.32388723290412,-69.08247332095874,0.3133060461477585,-7.619042472419141,6.866019748673631,10.513250087968345,-43.53215484000626,-46.39623573352095,-137.0507485310835,0,none
17.8356,8.164746504492761,1.952090519506416,18.03589588961234,25.95883896813772,-75.05271751049668,0.3589874866703341,-7.575826859162003,6.880807477407886,10.47106135027814,-43.65867114855426,-46.28132624864824,-136.87588180653387,0,none
17.8523,8.108288786921142,2.1827072010181614,20.41022890303028,28.21244704282263,-70.45976164619326,0.5062303714704787,-7.526680581565836,6.898001129622383,10.424460082172894,-43.78436671426641,-46.16612962978355,-136.70179332316158,0,none
17.869,8.074562104757314,1.9046809855100832,18.92861386389123,26.421455622716888,-69.86402603418529,0.385466358358981,-7.480892719048533,6.913446071594136,10.381070948123504,-43.90929762267452,-46.050675080387926,-136.52842943832792,0,none
17.8857,8.12995122751091,1.76507818758627,21.310212497707003,24.989586640204926,-67.1879515346191,0.4777231614720039,-7.437253346218015,6.928869438801557,10.33815753320532,-44.03349975355636,-45.93496296075994,-136.3557822075234,0,none
17.9024,8.127626749614071,2.049520023273783,20.502584551009136,25.047657505703214,-73.60751191042529,0.3610714745664264,-7.389467486610514,6.9449118770286296,10.295190327637275,-44.15690386058276,-45.81898293241356,-136.18385252905185,0,none
17.9191,8.15597002287046,1.55096185126823,17.620637570045176,23.971799425142542,-73.70130848062566,0.7171372666595607,-7.345082412693169,6.959722440370117,10.252430685323056,-44.279566736874735,-45.70275556765938,-136.01263693660695,0,none
17.9358,8.147272165093248,1.9401667176038229,19.61363713566358,24.39316281725929,-69.37138436314281,0.2342149437379337,-7.300378973455875,6.975679415155569,10.210449677466825,-44.40148306573145,-45.58626172142628,-135.84212242699326,0,none
17.9525,8.06115388671523,2.018374150206649,19.387332787810905,24.79044469458709,-74.48863887008191,0.8833478868210016,-7.254921840015272,6.990933674981852,10.165970450778204,-44.5226402604597,-45.469513129054086,-135.67235072046526,0,none
17.9692,7.993549970187835,2.4062201838846917,19.94076740623785,24.44069268367961,-64.82719262970411,0.7885200819951159,-7.209880472552057,7.004569273208117,10.124701938423186,-44.64304526435132,-45.35253682219151,-135.5032681980936,0,none
17.9859,8.10398447471489,2.1807004913519137,19.83912144974113,24.383749181374323,-67.89333784864621,0.9158468820195648,-7.168042230615416,7.020581924957393,10.084746401063482,-44.7627515696026,-45.23529310404472,-135.33485293319583,0,none
18.0026,8.125015739880912,2.174070008257476,20.40787913306245,25.04278339219368,-75.54362998295639,0.4723346210383194,-7.123170878378902,7.034904292960514,10.042246851408104,-44.88170852327153,-45.11781020235228,-135.16714741077732,0,none
18.0193,8.02823641768652,2.083201643971808,21.013061254035076,24.44627731652452,-66.91885088855423,0.4981976476671871,-7.079528649349541,7.049193638855047,10.002105470331353,-44.999936651715664,-45.0000886685834,-135.00011224942278,0,none
18.036,7.980652454808361,1.9566958174504503,21.39658704465637,24.41783456983046,-71.4806180181166,0.563135862828713,-7.034934916747826,7.063998351754434,9.959931254810588,-45.11742006482535,-44.8821198961091,-134.83378139746745,0,none
18.0527,8.017997783417611,1.967858694976397,20.44224913595957,24.21997946675564,-67.89954342488355,0.4163051889469696,-6.990856816250204,7.079281028841384,9.917212820222357,-45.23416737365673,-44.76389590292745,-134.66816394336973,0,none
18.0694,8.051884486069282,1.981456098425536,17.309249425324026,23.9133536530414,-65.74255103716656,0.2430506824991132,-6.949472400807872,7.092877104072951,9.877571176117248,-45.35022356275022,-44.64544485528943,-134.50320850472858,0,none
18.0861,8.123787412755522,2.24164207409204,21.00383156158089,23.80530179248559,-69.28485543810278,0.5255425452428741,-6.905834883687351,7.106418315585362,9.838543283088129,-45.4655510053078,-44.52676766941916,-134.338904831901,0,none
18.1028,8.020489480711213,2.15945069147723,15.697389301474214,23.01941250363847,-68.429499615196,0.2696131609611439,-6.863041892112374,7.121910491515601,9.798105380279178,-45.58016380490608,-44.40783176421085,-134.17527647205034,0,none
18.1195,8.03355288147552,2.273189708933522,19.22491422722543,26.30194922542178,-73.16598031266618,0.6849625999716551,-6.8209426340955535,7.134818462338746,9.757210161700517,-45.694073546895474,-44.28868029588979,-134.01233106234994,0,none
18.1362,8.06781392318568,1.922159921714652,19.1774838042521,26.09554707788469,-65.06027730220477,0.6604960276514743,-6.778645320181994,7.148381179180144,9.71807409193006,-45.80727692374251,-44.16930233019748,-133.8500392250147,0,none
18.1529,8.000510376802005,2.2468908056587944,18.84827877983048,24.871700542596443,-70.42894386788957,0.4005875516620677,-6.736764406395428,7.1629449219318495,9.679510191119109,-45.91978088932932,-44.04968115000122,-133.68839140482302,0,none
18.1696,8.137833240105163,2.139087951529816,21.925096066511703,24.657988330434662,-70.67190177857927,0.5558692599462144,-6.696167072997081,7.175945683909395,9.640607005525531,-46.03160687944837,-43.92984285707993,-133.52739326783075,0,none
18.1863,8.12502178142962,1.6614473512511272,20.15020994085225,23.30281461490016,-71.90789321445983,0.5017794689389476,-6.653908721450215,7.189415864997362,9.601270460918132,-46.14272715509659,-43.80977961213448,-133.3670520511334,0,none
18.203,8.101988232560643,2.0248089387096875,23.72417028540853,24.3143476304108,-70.45535113138666,0.6844771867038768,-6.612406223349874,7.201900180136559,9.562463739421572,-46.25315433902653,-43.6895078791262,-133.20735890668507,0,none
18.2197,7.996948801697799,1.7084355749235127,19.215871160688067,25.65802798080902,-70.4061354734112,0.509308395610178,-6.57240553346664,7.217244194866019,9.524283192431431,-46.36291351143542,-43.568979901071934,-133.04830337737147,0,none
18.2364,7.989164157083193,2.0889375258163443,18.746562571890195,24.439364427322257,-73.9349683506303,0.6393392177951688,-6.531194590409454,7.230344264532183,9.487800960186066,-46.47198446109526,-43.44823315185425,-132.88985710133636,0,none
18.2531,8.020278937236595,2.106620783198215,19.44065363741304,24.63661849890824,-77.35762037705167,0.1600718518568809,-6.489919559867674,7.241269183584046,9.447731443314812,-46.58036611774505,-43.32730395648839,-132.732079986233,0,none
18.2698,8.126671349809714,1.4848872606538763,20.484233203333027,25.177593263345404,-67.18340640308509,0.8071155576545331,-6.450237015382477,7.254567071786107,9.41113503194219,-46.68808507590194,-43.206152686389565,-132.57491403119957,0,none
18.2865,8.175023540998342,2.1678173709302446,19.30327436659196,26.76970510683897,-61.933644780872136,0.3646751162834918,-6.411087118782254,7.268757227659599,9.37488891978233,-46.7951502307856,-43.08476444068765,-132.4183533862392,0,none
18.3032,8.12415179714719,1.7130646505106777,17.144061876169015,26.11916702693669,-65.99554935491962,0.4201595550698946,-6.369672381155877,7.280788994752547,9.335155735151218,-46.901523759550905,-42.96317526447528,-132.26245628546218,0,none
18.3199,8.241196324670192,1.8464868236240328,19.79218512517699,25.95943998141889,-66.20957388972847,0.5421586305748733,-6.331950891220832,7.293501422737562,9.300804756302266,-47.00726733943429,-42.841373790715565,-132.10713284603193,0,none
18.3366,8.033019146527494,2.149848810652721,17.82127600878082,26.053459626354403,-74.23555340363558,0.5034059407254673,-6.291271295069548,7.305725854909716,9.26269956648104,-47.112331570061954,-42.71936816893857,-131.9524457632717,0,none
18.3533,8.199035809468844,2.07604763611452,20.63430402212172,23.202288181942105,-69.14741862161412,0.8465678770467784,-6.2512455579239,7.319476310908562,9.22623330442654,-47.21672737087928,-42.5971329145464,-131.79836766708777,0,none
18.37,8.003073295469006,1.752702421343895,21.765471985066103,25.778343487611792,-71.10666463324509,0.2358165989279129,-6.2139320104401445,7.330217195497492,9.191572473881564,-47.320500035453634,-42.47471828738159,-131.64486840677395,0,none
18.3867,8.196251397441634,2.339014637871411,21.316997947442932,26.20418830152126,-66.93461122809067,0.6783997887293736,-6.174958974609783,7.342579064005597,9.153860573527012,-47.42362185032962,-42.3520972170127,-131.49199893519605,0,none
18.4034,8.083975896207633,1.9988027046670755,18.263951130565243,25.455432917613564,-70.26812132330328,0.0250002564498401,-6.135342282828794,7.355176905895536,9.118594686190354,-47.52608206645286,-42.22926576268424,-131.33971840393667,0,none
18.4201,8.06182515627212,1.6195117743111924,19.414093747616707,25.31611889530693,-73.11023972258876,0.4736408773403242,-6.099394038694111,7.367253946491061,9.08461437670306,-47.62794194689905,-42.10623262177784,-131.18800534384573,0,none
18.4368,8.140879451957868,1.7627754118561811,19.889423706785557,25.34021844328965,-70.36719024715093,0.5426758411632033,-6.057919846234555,7.379087360117502,9.047670538524551,-47.72910920833117,-41.98300186286388,-131.03690924585237,0,none
18.4535,8.142182866890835,1.9953984718705635,20.15793182601205,24.2478035687245,-71.92068785385538,0.6017121563742747,-6.023572134644907,7.390727346476182,9.014016652567486,-47.82970286297974,-41.85957671617773,-130.8863751677545,0,none
18.4702,8.044095902595137,1.949213536889047,17.756817132565835,26.07289993342921,-68.82669890852674,0.6404856311983382,-5.982302679136311,7.402814646794413,8.976792515572802,-47.92960731772131,-41.73594971157626,-130.73646273274443,0,none
18.4869,8.015956614501945,2.049159672090428,20.534836257989152,27.317298531911057,-73.33211900977115,0.1717500126012325,-5.947801108468796,7.414597781847162,8.944690231538981,-48.02893559623274,-41.61212592861941,-130.58708640587773,0,none
18.5036,8.178270336084804,2.2356892834150104,22.25683484325671,23.40937896771174,-69.26469384339914,0.5405874858303924,-5.91031477855774,7.424413568126917,8.9094981309884,-48.127637853034656,-41.488138222031694,-130.43829778709022,0,none
18.5203,8.120051314438175,2.137419888724285,21.620690930157732,26.37173908567601,-73.4474317746256,0.475073515625456,-5.872694842086297,7.437271883272594,8.87686182695627,-48.2257118568975,-41.36393578158104,-130.29005419458005,0,none
18.537,8.110841500564304,1.687118898445423,18.5621087105148,24.129568320412904,-71.68639401418625,0.5405852914617191,-5.835694624321864,7.448250454855869,8.841760029874237,-48.32316795712367,-41.23954999898495,-130.14239680208115,0,none
18.5537,7.992446057651871,2.010533163996023,22.151595952625705,25.837440040589204,-68.54397935399606,0.5474983068760985,-5.798650303743362,7.460399767769239,8.80730215528443,-48.42000541719619,-41.1149613228632,-129.9953148560879,0,none
18.5704,8.186027188187735,1.9997467258267183,19.853074487897118,25.308960359005106,-74.29210974602792,0.4897393134690805,-5.762465637581228,7.471967984955171,8.774091035489622,-48.51623859334379,-40.99017945751445,-129.84878753579522,0,none
18.5871,8.118747604203369,1.7718074666954684,21.292755699625204,26.3255499643859,-65.72824910996194,0.7553624230188878,-5.72651493809209,7.481074771284867,8.742170345179332,-48.61187139280993,-40.86524550883399,-129.70279329103073,0,none
18.6038,8.05741117359027,2.258183822544043,19.82101135291536,26.39206958247605,-68.23678786663989,0.9640305235592056,-5.692236853709648,7.493418337200477,8.70973993943176,-48.70693174826688,-40.740105422602745,-129.55734063404222,0,none
18.6205,8.1812465116642,1.9127668215644795,18.858802967578903,25.101461092757777,-65.75479152363545,0.3940202131772689,-5.654709313609532,7.50287579486693,8.676225434004062,-48.80136539380416,-40.61480739682847,-129.41244766929435,0,none
18.6372,8.099604159653856,1.797687417441786,20.45715811114186,25.74096808403863,-66.17764986852802,0.6213174412393375,-5.618503120592794,7.514643279165852,8.642256408759131,-48.89519439591806,-40.4893128540664,-129.26812198726807,0,none
18.6539,8.07325558872188,1.9175303458408892,21.374247571080836,26.07614529446184,-69.45126133728436,0.5830565316573773,-5.585057672111126,7.525525261726359,8.612163110829492,-48.98846485904232,-40.36363658219557,-129.12429886331722,0,none
18.6706,8.244459723712929,1.927982981549205,22.19325058902965,23.473088515423893,-71.0415696200628,0.5438697897249872,-5.547844267063723,7.5363641540634205,8.57793067996703,-49.08111385830228,-40.23777930082271,-128.98104742096177,0,none
18.6873,8.103764484507405,1.6625441670348098,21.26258537930022,24.84627327928328,-68.22467078707777,0.3981675256624796,-5.514759305824187,7.546594008837798,8.547586898188372,-49.173210338709545,-40.11175118087512,-128.83830271976203,0,none
18.704,8.230120307689596,2.0964141675280628,20.43338346555214,26.509287124270617,-75.90055091279898,0.314398848014817,-5.479948398767514,7.556203367259114,8.515423016673797,-49.26472547696896,-39.98556258464189,-128.69609515538357,0,none
18.7207,8.17668140520416,1.8298979505654187,19.95076472321793,25.280794771970843,-72.77746932680127,0.292600823478056,-5.443594984366153,7.568739359756219,8.483939646669251,-49.35563351320788,-39.85916463733396,-128.5544133632842,0,none
18.7374,8.003520141474397,2.19479956172418,21.41398170746312,23.906619160290603,-66.35150071611834,0.2264380651597229,-5.41099557345178,7.576381023900797,8.452613221830923,-49.44599713928452,-39.73263907423482,-128.41325472247962,0,none
18.7541,8.010642814812515,1.894716104006948,20.64757611373936,25.41155711654779,-68.29274508435542,0.4048670779146531,-5.37590855300156,7.58874186454076,8.421782670565538,-49.53577481211965,-39.60590708509699,-128.27261095188118,0,none
18.7708,8.06126133948628,2.105791344643018,21.228669576380067,25.211906525478373,-71.22126300648912,0.3029643424538877,-5.343382567274661,7.597014864163605,8.392572675781068,-49.625009300993135,-39.479036936865455,-128.13245498819563,0,none
18.7875,8.047123277827355,1.9287309432290327,17.06717551232032,26.38679261355062,-66.68945654512234,0.1599967954252787,-5.307568941685537,7.607924396917137,8.360435820042813,-49.71364570231928,-39.35198459943694,-127.99283571000092,0,none
18.8042,7.937254275763232,1.919879984455095,19.756393286657524,23.803550953404667,-70.7414227812797,0.2555781190783405,-5.274754601379515,7.6175429620580974,8.329791341393904,-49.80173410416232,-39.22477163197057,-127.85372819459964,0,none
18.8209,8.092593775525886,1.774748253319659,19.835556529521345,24.639180915519496,-71.30500198370736,0.4672469934262451,-5.240723100354932,7.628441063208235,8.300230214301907,-49.88925417993825,-39.09737666621499,-127.7151143500208,0,none
18.8376,8.112798215441341,1.8275844650499808,21.57580020638864,25.381967329708644,-70.83506790285296,0.3723120518465479,-5.208926304126596,7.638478012745066,8.269813935136526,-49.97624324921716,-38.96981408340215,-127.57700845730402,0,none
18.8543,8.08508898754656,2.0516338047071003,21.76608391426521,25.474658622477413,-75.35622242244418,0.001313204676539,-5.17513330142809,7.6463920784572945,8.240871351028387,-50.06266797535101,-38.84211933569191,-127.43938590574184,0,none
18.871,8.030343268285897,1.6223732903405288,19.404428929873955,25.263746291738,-74.54606589014273,0.4655848540604484,-5.142402124163286,7.658241591415105,8.210013495301608,-50.14854609082454,-38.71422670111528,-127.3022786803703,0,none
18.8877,8.11899467046682,1.723119968441695,19.63881968979137,24.840821174119124,-65.69040135519045,0.8117069079669096,-5.11002312025791,7.665500759091225,8.181040998904935,-50.233883476932846,-38.586212838438456,-127.1656552956886,0,none
18.9044,7.986894111214119,1.7249802120541995,19.0624839476491,25.03855011013871,-61.08848402569217,0.6390473194618437,-5.077406663572223,7.67620471750174,8.152251171925421,-50.3186761682145,-38.45802021965618,-127.02951270111744,0,none
18.9211,8.060126492135106,2.3262636434807984,18.375362392619007,24.82189089060402,-69.4566828462012,0.7324070640306676,-5.045272943550963,7.685458795616804,8.124522460055138,-50.4029322263718,-38.32967305776938,-126.89383317603452,0,none
18.9378,8.12296088074997,2.050859144434312,21.59024663271981,25.028152164678897,-72.7736926693883,0.9461698595477196,-5.013207731420641,7.695238244990381,8.093898117360238,-50.48665279548653,-38.20116257907804,-126.7586650774746,0,none
18.9545,8.162346165161727,2.0739256259682173,21.351290906333308,26.625690431263955,-71.08770926707716,0.3227750812425922,-4.980547923193887,7.703410058353429,8.065401400189668,-50.569827945803866,-38.072515631103535,-126.62397287409144,0,none
18.9712,8.127742972532442,1.8095600497919075,19.08979608995559,24.51486735072077,-69.02307676890409,0.6963889912109369,-4.949366326299103,7.713097002650726,8.038505667265936,-50.65248236345306,-37.94370691115927,-126.4897298294481,0,none
18.9879,8.138372271863684,1.7218912017517225,19.21002574645721,22.805277574933463,-65.35462443637182,0.6447149566210874,-4.917226610594,7.722180476010716,8.009610943692868,-50.73460004784998,-37.81474649720989,-126.35596932668842,0,none
19.0046,7.960414026120123,1.998188091824033,18.674725501186384,25.55372676589826,-74.20800884748343,0.4361666065009272,-4.88728370113325,7.732307303866893,7.981524627256161,-50.816217685658906,-37.68561696523531,-126.22267786541325,0,none
19.0213,8.254731505784678,2.2852366698026763,21.134387472884946,24.504187751898574,-71.13100822971006,0.2393017212039218,-4.856480503431165,7.739482130275577,7.954908449753264,-50.897320910066206,-37.55636761365971,-126.08983089430237,0,none
19.038,8.075751773927788,1.6298843175538096,19.03438806474559,25.45623981313757,-69.67474112365018,0.3479966283986532,-4.823356853178385,7.748972736538287,7.925394050118088,-50.977870969514285,-37.42695976895952,-125.9574768136654,0,none
19.0547,8.078327033801209,1.6684247886134242,20.57194945376155,25.42886825034739,-65.05207777794188,0.8610980447621115,-4.795106017350727,7.757290554083281,7.900102201592425,-51.05794924000404,-37.29741301670633,-125.8255451068988,0,none
19.0714,8.145980131129697,2.1177410839971382,22.21009612600279,26.383558374468045,-69.2045385289403,0.7011927677084638,-4.761821635041885,7.766958009125976,7.871844119669519,-51.13747166130924,-37.167704817953926,-125.69408531010032,0,none
19.0881,8.134262172789551,1.7257590570653494,20.64967831504513,25.217185130932315,-74.11664776018483,0.1446623765490017,-4.732511626568004,7.774973218594356,7.8443818833698415,-51.21650460547293,-37.0378627652034,-125.56308413264804,0,none
19.1048,8.10829623634402,1.968502227562902,19.69426865296933,23.3722171922716,-70.33470694675846,0.798695061357118,-4.702308513415687,7.78371824664818,7.817165620907869,-51.29503315764697,-36.907874670484375,-125.43253746677888,0,none
19.1215,8.10814818873523,1.9224460490537991,20.476769011454916,24.350887655349837,-66.54007221284407,0.3722016685879321,-4.670808066469976,7.793357359928566,7.791584308324639,-51.37303565235702,-36.77772560257357,-125.30241800882986,0,none
19.1382,8.032399451425562,1.829695235718688,20.13736490255524,22.64110771988088,-68.60559511888935,0.1613891648966861,-4.642758310849334,7.800094045917125,7.765082806883018,-51.4505697161482,-36.64746403200675,-125.17274112595491,0,none
19.1549,8.163919963553417,2.1757134279726302,16.79985412181214,26.230836754176405,-69.89592907885073,0.7019853886656515,-4.612217408944254,7.809554421677077,7.738968347490425,-51.52759374687757,-36.517044473164745,-125.04350035455182,0,none
19.1716,7.984934981382567,1.7439197108637958,19.18757182997596,25.92164531757868,-66.99510681192345,1.0116557419022802,-4.581731743030815,7.818251161643122,7.712224128595269,-51.604108666986185,-36.386479678765305,-124.91470621160428,0,none
19.1883,8.050435752511076,2.0346285851277126,17.469479425020513,23.97231448815209,-65.20713719066585,0.1196290001396209,-4.554025567188347,7.8249215485521875,7.686969300970601,-51.68016089395823,-36.25580348890448,-124.78633382427807,0,none
19.205,8.129339921642758,1.9286988403338063,18.45915500306049,26.24060635752844,-66.3668311553211,0.7524309164010383,-4.522446057207024,7.8338401324620595,7.661421710838363,-51.75568574311359,-36.12497835869237,-124.65838808170707,0,none
19.2217,7.967345771139683,2.023137691206929,22.0870328454505,25.25171831533133,-68.19168243659533,0.8576064160809249,-4.496389933847016,7.84165575114013,7.636288719123094,-51.83077545500883,-35.99402270764833,-124.53086206009772,0,none
19.2384,8.181335373121735,1.713458547545475,21.90777981673603,25.549459825692587,-70.69734961345266,0.4920718942068071,-4.46339864056098,7.850258316920334,7.608703116600683,-51.9053142123062,-35.86292339375576,-124.40379671805049,0,none
19.2551,8.068355027554212,1.8433360710264717,20.093049460390983,22.74722380300157,-70.73124425113343,0.6386701626600126,-4.4368510889306,7.859726979884875,7.585485175849476,-51.97940962549134,-35.73166595319168,-124.2771191156138,0,none
19.2718,8.124315946294885,1.983176291321856,19.76345530947322,24.918947166773567,-73.65232723347864,0.163523354677829,-4.408363090392127,7.865479175114604,7.561164485928046,-52.05302928910089,-35.600312450967266,-124.1508476686988,0,none
19.2885,8.033830796570378,1.8818778441059485,20.64844697945314,23.657466520473747,-65.51666773815253,0.5626541726168887,-4.380803344108437,7.873856853095248,7.534883722668755,-52.1261887049475,-35.468819041520575,-124.02501511053023,0,none
19.3052,8.058668311963931,1.7954110114575264,18.13116093446124,24.740703078034155,-72.66697459166872,0.366509758797262,-4.35037185103686,7.88092756406064,7.510887346208149,-52.19883991485982,-35.33720755120076,-123.89958329184856,0,none
19.3219,8.10441867998941,1.892929693648182,22.27353349340145,23.68213165425023,-73.3580344521184,0.2278681328875132,-4.3211706400999725,7.890168406945519,7.485406175183091,-52.27100346454949,-35.20544173880477,-123.774577008723,0,none
19.3386,7.969688227499886,2.091257246478155,17.01548866723472,25.62708159434646,-68.89548136800245,0.6444426754405783,-4.296319994031978,7.897551490091355,7.462880640896183,-52.34275200844982,-35.07355262892025,-123.64994690202003,0,none
19.3553,7.919091667826386,1.6946698280106216,19.865683030354536,23.906479675647,-70.47978594178406,0.4969163681020238,-4.268196015399248,7.904765292851234,7.437952265663394,-52.41403088190699,-34.94154304852963,-123.52573309918346,0,none
19.372,8.16617619115553,2.091184120030882,19.43219430187152,25.384202391922784,-71.28899655883696,0.3684455856905406,-4.2381615343643295,7.912924112983467,7.413700986530192,-52.48480817953087,-34.80939721584281,-123.4019242927084,0,none
19.3887,7.853124516581398,2.137739699695735,20.30539760848597,24.047000977919648,-67.96207811620643,0.3482878784591898,-4.2122537220466505,7.919229447341842,7.391047444751147,-52.55515281668905,-34.6771460840722,-123.27849380038106,0,none
19.4054,8.022929598471208,1.9761439818355269,18.78305460139078,25.326596704608235,-71.91524871843914,0.4169072067679278,-4.184453244845658,7.926746775932778,7.366760956955772,-52.625033185877975,-34.54476941291412,-123.1554688923999,0,none
19.4221,8.15775925643926,2.0023101660760867,20.877667812867923,25.02370342235771,-71.98627012439724,0.5341511799535689,-4.157054234816188,7.934922004625429,7.342678452149354,-52.694455991599405,-34.41225621543688,-123.032846162249,0,none
19.4388,8.111433167442865,2.087934763783765,21.9858995279829,24.43005551044673,-72.70560811048837,0.2942796068659513,-4.128796296742872,7.941742614047406,7.319668119518275,-52.76340688975501,-34.279629113782285,-122.91060770465305,0,none
19.4555,8.18577300817782,1.8761727359909912,19.589640002619277,26.42721890185929,-75.0976733112283,0.7750962511564499,-4.103636974162928,7.949775722508094,7.297618293984396,-52.83193762722353,-34.1468678592164,-122.7887374791435,0,none
19.4722,8.161771597969981,2.020280804948549,21.861519649782647,24.32531184759352,-70.79447235553573,0.50906011024402,-4.0762382736305565,7.95577044025332,7.273136606547288,-52.90001080639316,-34.01400649286417,-122.66727609781417,0,none
19.4889,8.07020362896053,1.85347310861768,19.19752634497065,26.86380195314976,-71.04523079383405,0.6625071439700321,-4.050186207733365,7.963120393020024,7.252341522028795,-52.96764891606231,-33.881022382300735,-122.54616199439629,0,none
19.5056,7.983720422223972,1.7726685948676733,19.66378778840782,23.572290068054546,-68.53464282239405,0.3517959682818038,-4.021897278992717,7.970693595469155,7.228559746182779,-53.03481460062149,-33.7479117992564,-122.42544504663503,0,none
19.5223,8.318522900195186,2.1266007489940035,20.93568354156564,23.81186340986796,-72.42640713719557,0.4416863221643641,-3.996810590630456,7.977925265277978,7.206124472010251,-53.101561337485016,-33.61468044732626,-122.30510276795246,0,none
19.539,8.129284046396755,1.809428507254436,21.55598419814223,24.431110146109848,-70.59440787912757,0.3005344388780065,-3.969738697885995,7.984169874123007,7.183895861571673,-53.16785597373971,-33.4813448104284,-122.18513170706422,0,none
19.5557,8.186076195579517,1.8973657525459,20.0839320291721,24.037784657829377,-71.04913088212808,0.2721304913499706,-3.943946334458844,7.991428886314931,7.162443847711118,-53.233719877525175,-33.347887948026944,-122.06551889480744,0,none
19.5724,8.094664952836613,2.141214999454508,20.506724357511693,26.36763373867743,-65.6354362705515,0.6754735026193512,-3.91837381590991,7.997706007761328,7.140048233827589,-53.29915672025087,-33.21432625769733,-121.94628008930252,0,none
19.5891,8.180017161463429,1.8397419373230557,18.82315492853467,25.42613922127571,-74.3162181593642,0.6925002137578087,-3.892657613464419,8.005616197135318,7.119205597108728,-53.364164102395726,-33.08063246720517,-121.8273893558308,0,none
19.6058,8.204485952884985,1.927137870306316,19.37581179915952,25.078774715380767,-62.677260293028056,0.6406160915787462,-3.866005613321073,8.011833208835338,7.095409455205892,-53.42872639613819,-32.94683485261762,-121.70889601792886,0,none
19.6225,8.051226488553292,1.9219262422952388,19.630422971098085,24.13870705668564,-67.35458209119594,0.6503514229485587,-3.8407347852542895,8.018497988877629,7.074978870269479,-53.492866667051935,-32.812925936203364,-121.59074387079536,0,none
19.6392,8.05960031316655,1.8232320485485216,20.088832727154067,22.87762109754149,-71.31868391989985,0.2263067715560124,-3.815813014520909,8.025291177833815,7.054059550614477,-53.556590744394434,-32.67890357353354,-121.4729410763001,0,none
19.6559,8.214572813865542,2.104685032302956,20.869537524052184,25.804798045280027,-67.51161417049606,0.7997158874858983,-3.7902069106187146,8.03184985087513,7.032180976374675,-53.61988719980177,-32.544771681023924,-121.35550365399465,0,none
19.6726,8.108712980286667,1.849853782437617,22.30193419149934,24.634714460095857,-70.10670023856396,0.4648284348113739,-3.764806036093592,8.038017439846778,7.013676915394621,-53.68275946060453,-32.41053678977848,-121.23837524950756,0,none
19.6893,8.124207912344982,2.0194972519364445,17.872379182803364,24.67952441583185,-74.84853074246311,0.4444746182100154,-3.7412349156944615,8.043854097577853,6.989488638504735,-53.74523808369663,-32.27620442634893,-121.12165078924453,0,none
19.706,8.108943030708055,1.855006568277198,20.43076453596349,25.68368285531987,-73.6693766072769,0.4177293215197313,-3.714096814739563,8.051627857066062,6.970682423497214,-53.80726350050278,-32.14174224113593,-121.00524039277212,0,none
19.7227,8.074248688142251,1.9346586090348032,21.26823622480324,23.3883449768506,-71.12627241676093,0.1895014615411659,-3.691427044570761,8.056608280671831,6.949720346882031,-53.86891033214711,-32.00719688284871,-120.8891800629792,0,none
19.7394,8.150913600577148,2.1658857608497977,19.568893107335256,24.853408848600317,-71.03429226954623,0.4607080027734533,-3.666571787109769,8.064599886190067,6.929886756834326,-53.93014208099184,-31.872518064749336,-120.77345095414006,0,none
19.7561,8.187663335692996,2.288794946732252,17.1980894048647,24.24387107109597,-72.63244071380616,0.6511539807801436,-3.639035147500551,8.070037555833222,6.908317921439342,-53.9909139679551,-31.73774843756692,-120.65808204485202,0,none
19.7728,8.238897820879563,2.145278599459873,21.2679657496418,24.62177611119362,-65.09409829866512,0.523957301441388,-3.617882077403472,8.07679174628098,6.888983458530405,-54.05133259864774,-31.60286601540403,-120.54303602109457,0,none
19.7895,8.273538550587572,2.154079527246497,21.559202228279965,24.69387197462007,-73.93503475285338,0.3487791910546106,-3.5941635106916707,8.081519669154517,6.869531392604909,-54.11135512927629,-31.46790463692915,-120.42831484683806,0,none
19.8062,8.088043681247,2.1825812301112757,19.11845791209814,25.107881971330045,-67.74806681423121,0.6027661135085861,-3.566649394559188,8.088045856492124,6.848704632669901,-54.17091817416543,-31.33283427112573,-120.31394147947248,0,none
19.8229,8.097933713140774,1.9708834729275229,19.84915819376148,25.486882417357545,-72.98303353764766,0.4222350261808256,-3.544777876284459,8.095863936246646,6.829938859305017,-54.23011596469938,-31.19763334339041,-120.19988150052208,0,none
19.8396,8.024018452792626,1.9488965161296825,20.44026589725685,24.31919891032021,-70.59890410532392,0.674486004423211,-3.5206895726647414,8.099810852979891,6.809979348802782,-54.28891148056288,-31.062366502145647,-120.08615484539708,0,none
19.8563,8.038151906818095,2.1874429308803305,19.14067357090113,26.42014704672853,-72.48406112444339,0.2733778723196726,-3.497951411503749,8.10547329823025,6.791542701780791,-54.34732726913499,-30.9270050980652,-119.97273608227734,0,none
19.873,8.195242494263985,1.6962734059144449,19.31255085367225,24.90370793343123,-67.26957350128214,0.5777199690264306,-3.4712742232828844,8.114174834688866,6.77007061435273,-54.40529754866382,-30.791498378325898,-119.85967590301765,0,none
19.8897,8.10228252488917,1.9069275504379213,17.354226994759074,25.76259763837405,-66.69839729858441,0.8101157265539083,-3.451016268960574,8.11779865312509,6.753245643120929,-54.46292952035546,-30.65593114081871,-119.74689670077753,0,none
19.9064,8.04516522979897,2.0243065298910663,17.903094552800006,26.0935077822636,-70.86661687750997,0.1105765101827635,-3.4273864345022536,8.123127702285313,6.733745106596879,-54.52016687381165,-30.520274908190544,-119.63444315749736,0,none
19.9231,8.166627235328818,2.2734386457160656,20.33783662956755,23.920459905567483,-68.62546984125444,0.5842652820758407,-3.402436372549978,8.130538625175019,6.715377852668474,-54.57698756123323,-30.38449491315012,-119.5222963473578,0,none
19.9398,8.049194674674508,1.855092473562076,19.841889833295756,25.30440927184537,-69.97919480465305,0.3396110000461088,-3.378629235676513,8.135976391624306,6.694894564662741,-54.63341066946903,-30.248624107409995,-119.41049160812793,0,none
19.9565,8.192353898909035,1.7946348028455,18.87957408976969,24.89751741942376,-70.87919600684172,0.4865477248829096,-3.3579828579007485,8.14098533292085,6.678604540163334,-54.68948898319597,-30.112669652350217,-119.2989589123072,0,none
19.9732,8.181250885647282,1.9835537741387743,17.520104611730442,25.18068821489096,-66.69140581188412,0.4785434754199854,-3.333221662515144,8.147336311076046,6.659281366162515,-54.745153784959975,-29.976609135955247,-119.18774891349229,0,none
19.9899,8.142155974535887,1.9492275704010456,22.877368074421277,25.60999532314278,-71.50202956067068,0.5952616241913975,-3.3129784782855274,8.15197735608117,6.641383899362271,-54.80048052554734,-29.84047111410869,-119.07683780237294,0,none
20.0066,8.083022055621772,1.8943981324472472,18.10053564489589,25.10255819939555,-68.89186331610333,0.63760802262015,-3.2874242993104983,8.157834917183893,6.622446782192347,-54.85538051134583,-29.70423527099172,-118.96624294111032,0,none
20.0233,8.03813329624623,2.146482075186932,22.357528268668084,24.49837105283517,-68.29441001340808,0.6957749741898756,-3.2676283193951803,8.162882362100106,6.606132206052804,-54.90994990427973,-29.56791513554465,-118.85592053326924,0,none
20.04,8.109530404394148,2.0833068392133383,22.10881822409412,24.049861497804702,-71.93513537852162,0.820066333642611,-3.24362203642479,8.1691810999263,6.5867087574232,-54.96411839228802,-29.43148981117588,-118.74592249702027,0,none
20.0567,8.030904872590497,1.90035891758053,20.423406525868867,24.60872458001208,-68.4437916421692,0.4012174645715719,-3.2210967079825386,8.174200363192286,6.5702948613724255,-55.01791070731133,-29.294980665110568,-118.63619857283535,0,none
20.0734,8.173766015662837,1.7809275251275891,20.401760169869927,25.73622613142183,-70.61199316166488,0.6858531012705829,-3.19779817495458,8.180542016023788,6.550984088677351,-55.07131393683307,-29.15836561344297,-118.52679713855444,0,none
20.0901,8.271276147099012,2.0191290827688517,20.18083552382408,25.30914915181328,-73.00368996925857,0.1719081784610285,-3.178475763725217,8.184210040814623,6.53491097650801,-55.12439448208728,-29.021689305761367,-118.41766412524676,0,none
20.1068,7.994212487186259,1.7107730309431548,21.60676013145848,24.39124328494176,-65.95972539948738,0.6360022943903492,-3.1538750136780656,8.19068386506761,6.516817373731537,-55.177064194815706,-28.884904885214738,-118.30883327510544,0,none
20.1235,8.098921422612172,1.7263982588910278,21.816089578504783,24.357451250230444,-70.19416098855115,0.5408343752297285,-3.132495379599199,8.195858205613582,6.4996279534325625,-55.22937686765501,-28.74803405318099,-118.20028948828312,0,none
20.1402,8.17322317131108,2.254749658976276,20.93949735411521,26.144102959573203,-66.62819263748389,0.4583193086228707,-3.1121401472038137,8.19967083252259,6.484136359135587,-55.28134960811332,-28.611099550277864,-118.09200441108555,0,none
20.1569,7.951376917763475,2.075623850211062,21.81326799078071,25.87050322916856,-67.9984822878424,0.6245913782184461,-3.0908926370021894,8.205843528107655,6.467360162555063,-55.33296751515125,-28.474061963358466,-117.98399949637088,0,none
20.1736,8.137524166411907,2.268379398835691,17.658234466997516,24.777522890618837,-65.02578753313692,0.3603395075980186,-3.065435477470338,8.211379689602344,6.447241963276857,-55.38416028762501,-28.336931922542107,-117.87633055558416,0,none
20.1903,8.258901206446225,1.9831423771019037,22.944161636293053,24.635601488462385,-74.88491875651022,0.5744996924697634,-3.047483345948429,8.215676886720248,6.433907549142976,-55.43505325950235,-28.19973011853388,-117.76888429951347,0,none
20.207,8.268473089984438,2.0984570869291024,21.98377470046356,26.18113454485407,-69.07825662768764,0.2410028335497165,-3.02665580102155,8.220713326692067,6.417288267336161,-55.48559841137941,-28.06244420597812,-117.66171558544896,0,none
20.2237,8.164141063685095,1.5460264754567028,20.77358082341001,25.38479774611208,-65.57305892535358,0.2675553852189637,-3.002900674889241,8.226419495017353,6.399019941609967,-55.53574685265006,-27.92506300041133,-117.55485195242407,0,none
20.2404,8.200870018779462,2.320549636336815,21.482354626580516,26.40050892637278,-68.97784749693314,0.4943084759693352,-2.9828015253443225,8.230286436727427,6.383839969830429,-55.58555963812331,-27.787617216917983,-117.4482418249279,0,none
20.2571,8.108709120134755,2.2469310401545712,22.17257988428524,24.485547581567424,-67.08180365380488,0.3685146387825952,-2.960891888506863,8.235660340516137,6.367253122108307,-55.63500653266137,-27.650081689231364,-117.3419086977887,0,none
20.2738,8.11804539285027,1.5050327455289292,20.89424091648548,26.5461734809022,-69.12676635350898,0.4995532841277499,-2.9419886460329883,8.240143593080271,6.351965790760083,-55.68413774305012,-27.512471291226923,-117.235830869083,0,none
20.2905,8.118185785309695,2.140031099981584,21.593281296545616,24.547486007388667,-67.29955040333763,0.3351093752914146,-2.919142447219186,8.246125820716378,6.335376065092254,-55.73288742191868,-27.37476099002096,-117.13003008879596,0,none
20.3072,7.977131614940005,2.167713189457355,18.777149016695876,23.703346346647987,-70.89541565258132,0.7451628226229436,-2.898626125655768,8.249638886004368,6.319958222383535,-55.781294478217134,-27.236992020624687,-117.02448678648216,0,none
20.3239,7.996395835556199,1.8637705211323088,21.613110023618592,24.899558997435054,-69.41853074024034,0.6121868000551569,-2.881172478902425,8.254519133345354,6.305003103396351,-55.829410058614805,-27.09914155109782,-116.91919323465544,0,none
20.3406,8.003055997879741,1.9401928410532323,17.780954711773873,24.651228601632138,-70.06188052569298,0.597633477268066,-2.857079275747612,8.260228820082549,6.2887043177867294,-55.87712328251979,-26.96119572980244,-116.8141718725484,0,none
20.3573,8.254502217456466,1.7079634760521691,19.143243625724796,24.610599818542997,-72.60989292452462,0.447267601829539,-2.838453683827782,8.262398812393792,6.273297851594772,-55.924525459039714,-26.823213669635464,-116.70940779842677,0,none
20.374,7.981041029504658,2.023536439309274,22.261613357196413,24.95784931896368,-67.93290828855669,0.4569642310236524,-2.815868716507742,8.270221311311634,6.258105141849236,-55.97155046660539,-26.68510097373656,-116.60489744255788,0,none
20.3907,8.051208497157909,1.765703304305112,20.327098126456352,22.47960951818257,-71.72165543043673,0.7830949371155187,-2.7980899781012143,8.272398582657312,6.243752405113863,-56.01827856923968,-26.546951917406183,-116.50062677739248,0,none
20.4074,8.122361042098131,2.238075657774569,18.31726847627474,25.86827280609352,-67.74852306742613,0.3738184089679353,-2.7754029216257883,8.278924755097561,6.227146020594597,-56.064627798030834,-26.408693873996054,-116.39663343884855,0,none
20.4241,8.14031627399537,1.8784247303676216,18.06950094695101,23.60055971590032,-71.4974193851655,0.724208730949961,-2.7579537511585075,8.281930832103402,6.214101112282028,-56.11068562567518,-26.270385629099927,-116.29285795027344,0,none
20.4408,8.273477601714562,1.9216304109538072,20.173019706553944,25.51164554156285,-74.58809095687434,0.6035583722733767,-2.7352767528686366,8.287516107399927,6.1983341790660695,-56.15636474744809,-26.131984110106348,-116.18934576948304,0,none
20.4575,8.302084100496252,1.8150361775952608,20.53881358325188,24.548169488490988,-64.91068689117348,0.3939298189701162,-2.7177163308152616,8.291540165915475,6.183181753563914,-56.2017506101727,-25.99351538933556,-116.08608663419852,0,none
20.4742,8.198478359961156,1.8756961321807315,18.935258109873523,24.34802112111959,-74.11220311158277,0.0723151309568029,-2.695707731204071,8.294919950606472,6.169514411655422,-56.24676892928381,-25.85499022616043,-115.98305574352388,0,none
20.4909,8.029569748982075,1.8322514740660785,21.431541778229764,23.87245589533388,-67.76123397651689,0.9170798417772656,-2.6786258242105547,8.299833101055244,6.154806051343368,-56.29150198054813,-25.71638301337281,-115.88027048246644,0,none
20.5076,8.110874212421917,2.3692724596213965,20.30772676179728,25.73788709050117,-66.04909365240131,0.4428451225106782,-2.6579142932862845,8.303571147069869,6.140057496374183,-56.33588914924601,-25.577713375216742,-115.777731522277,0,none
20.5243,7.948747616058712,2.2543800153241023,23.193216812958283,25.8283147193472,-73.58171739853378,0.3267365563595688,-2.6377129561077357,8.309051318188205,6.12638399008709,-56.37993895561301,-25.438952218203,-115.67542090964254,0,none
20.541,8.011357182741966,2.284287772335756,18.36483624133303,26.049298669329747,-66.20997864475223,0.8437852102884671,-2.6181471242538774,8.31259705021364,6.111731258364941,-56.423662012588046,-25.30013184746443,-115.57335499762785,0,none
20.5577,7.860500275566009,2.134179472552627,19.129663660620057,26.78336096816,-74.43218496404401,0.7927132377557842,-2.5997168463748634,8.317354704347505,6.098321616591958,-56.46707728392251,-25.161232023901828,-115.47151302663076,0,none
20.5744,8.145607928300846,2.0576298683015577,18.22144415459068,25.026972830939137,-70.64973454649927,0.7988537965974982,-2.579407746353779,8.321244619064496,6.083593394634534,-56.510153393286615,-25.02226723876345,-115.36991701694036,0,none
20.5911,8.071951829608649,1.8293790698587895,19.912490505928197,23.759297506600515,-70.82052479145074,0.1853939118818549,-2.56028110142696,8.325567720468273,6.070873962947204,-56.552910087680445,-24.88323025783163,-115.26853342175914,0,none
20.6078,8.100294844353693,2.191581569875094,17.564662962410008,26.29466157672649,-69.87226031386768,0.6763543865933698,-2.5427657919050466,8.328583000840805,6.056298623538132,-56.59537427640526,-24.74414292171759,-115.16739323474606,0,none
20.6245,8.130293105489926,1.9391254977384147,21.697880311818828,25.501280526344587,-69.7199347783271,0.2878943799978754,-2.523364148275616,8.33311391230117,6.043373255666662,-56.63751445768146,-24.60497991938216,-115.06646890137642,0,none
20.6412,7.977298526754171,1.9144126784248785,20.90477691756183,25.799315957398942,-69.15373535003006,0.6370980841628252,-2.504098622309274,8.33756715216602,6.029246797826311,-56.67933290467403,-24.465742547940987,-114.96578047985273,0,none
20.6579,7.957784737062405,2.1314770325890926,20.00459627927524,24.83963956644465,-69.13263032473064,0.1701248924390243,-2.4840186106117503,8.342325268493681,6.016983227877864,-56.72081601547124,-24.326425715957143,-114.86529685994716,0,none
20.6746,8.212645152675726,2.161540698503642,17.128946123050284,25.04372725665977,-71.47955042395104,0.3527549567276392,-2.4658248503932825,8.346012388794202,6.003260230405223,-56.76199529047281,-24.18704730906428,-114.7650424140994,0,none
20.6913,8.082999021456367,2.6695773164437924,22.339691618645148,25.155341338521733,-71.42447352700871,0.4382528852653549,-2.450030438895478,8.34843074391313,5.99187230858042,-56.802910798802365,-24.04762851564093,-114.6649781465461,0,none
20.708,7.93374224151069,2.118367723348067,18.10313631938116,24.56280354898938,-68.55497075292878,0.2794816974038393,-2.4286857622849096,8.352350816836646,5.975478441326152,-56.84346985103252,-23.90814425699976,-114.56518765657596,0,none
20.7247,8.197315003126919,2.033056330878313,18.948210295790428,23.993896359061065,-67.9595758103151,0.4569788368630386,-2.409907345685541,8.35716712071537,5.965099995085032,-56.88371530370547,-23.76857956608381,-114.46557048665804,0,none
20.7414,8.061345433106887,2.141426350675302,19.708293494584368,24.8368850914171,-68.79951863142621,0.5169092490992219,-2.393016700281266,8.360118968886244,5.95132707576136,-56.92367868260017,-23.62896557930341,-114.36618332449282,0,none
20.7581,8.008255586152323,2.0531920165821207,16.96010997683482,25.061508316196512,-74.41162802208594,0.5168214412590463,-2.372048050239941,8.36598587993722,5.937762067854899,-56.963291885039176,-23.48925361510846,-114.26702269795965,0,none
20.7748,8.158339988472125,2.0128841116876792,19.159132383405733,25.93303500412518,-75.21449035282403,0.7103980728591918,-2.356387873726516,8.367650142410682,5.9278651566913,-57.00264356253041,-23.3495138577302,-114.1680273498429,0,none
20.7915,8.071824269577116,2.248208202084842,19.35182463360237,25.286555447308075,-72.23788087878953,0.5032218411079978,-2.337513758605465,8.372271558948013,5.912474297345032,-57.04168004229912,-23.20969692269577,-114.06928902907724,0,none
20.8082,8.064532146649002,2.1775500382570407,19.34441674726434,26.1361106982805,-68.04548929662822,0.4664486202544999,-2.31928548605628,8.37533601146262,5.900813489814287,-57.08041210991626,-23.069828811304344,-113.97074544379734,0,none
20.8249,7.953978438301405,2.0231609658208605,18.427489601166045,24.99572895279862,-69.96449069077168,0.6374054408449674,-2.3015203280858496,8.378481116236122,5.889820251863517,-57.118847499395294,-22.9299081766632,-113.87238544559122,0,none
20.8416,8.046932473315744,1.971540818402725,20.525204543018376,26.505801615454946,-73.09429996355688,0.2825769940106059,-2.283372593995121,8.38384501720481,5.877539454432023,-57.15697982171501,-22.78989796487588,-113.7742305367022,0,none
20.8583,8.068276125364086,1.88257504261729,19.180351195921524,25.284624242071573,-68.3663522693122,0.2939281831302235,-2.2653518541672697,8.386496106609288,5.864966271312919,-57.194811197679606,-22.649843479895505,-113.67628559997128,0,none
20.875,8.173078752653842,2.107121257983226,19.984611500836643,24.278663466431706,-65.77873788648886,0.7781668668215229,-2.2464095975881286,8.38994052706816,5.852561941683568,-57.23232623795933,-22.509731473093467,-113.57854781554516,0,none
20.8917,8.01870631985098,1.7468872227225958,16.919460467966488,25.5193970102742,-67.31471995158209,0.5368287469764766,-2.230456260019883,8.393637816315936,5.841874373343618,-57.26957485750166,-22.36955772156099,-113.48098851351033,0,none
20.9084,8.143496101800416,1.9414974639386864,18.905760404340896,27.52219789418778,-70.19021490675027,0.5976413986303861,-2.2113623953601347,8.396896230010967,5.82830610515734,-57.306504609504174,-22.229329554519808,-113.3836558015542,0,none
20.9251,8.148071959821307,2.2169291597730467,19.862388347622637,25.154158630251484,-68.6752626816576,0.5033250397755349,-2.1945116617561378,8.401453138871279,5.817875298211919,-57.3431529542555,-22.089025287100657,-113.28649728407406,0,none
20.9418,8.110551081067646,1.6201743695968631,17.478910291230182,23.648528237754903,-65.81485064192628,0.475116545498351,-2.177627690483183,8.40414280941117,5.806605868655143,-57.37951933668657,-21.94867610218349,-113.18952696606752,0,none
20.9585,8.090452150907137,1.9831987714058712,22.1627303813871,25.55162651886331,-68.18456360714465,0.9112236800418756,-2.158127475144448,8.407321582156396,5.79519667852224,-57.41556006552148,-21.80827383176148,-113.0927471815362,0,none
20.9752,8.181946545763884,1.9045506665483047,20.20316709458476,24.80006217020079,-64.70260545444246,0.6524980587222422,-2.1432698317178205,8.410026548756326,5.78233295878684,-57.45135267171117,-21.66782638839725,-112.99618222112446,0,none
20.9919,8.141409678888275,2.02254977818719,20.12545774384661,24.49859843892629,-71.05741600342371,0.4170313327043897,-2.1237818693311645,8.41375760753238,5.77156944579954,-57.486819828929,-21.527316636351458,-112.8997970113796,0,none
21.0086,8.179512522944856,1.51993919927062,19.19999683354038,24.70329041973777,-74.73236963955875,0.3454804666349022,-2.1090350420334523,8.417709626984033,5.761860250316546,-57.52204071413096,-21.386740885580824,-112.80357394519932,0,none
21.0253,8.156534655402368,2.316061620202541,19.195213856369485,24.37277721868864,-70.1693585288825,0.6977337975504692,-2.089021665828475,8.420961677559742,5.748957728797111,-57.556927375950295,-21.246110825565577,-112.7075663511284,0,none
21.042,8.0581304121114,1.9983542067045528,21.785095271225565,26.91020660561732,-67.53882232764083,0.5087941690090175,-2.0716597079650123,8.424661991287559,5.739030684291303,-57.59152409307331,-21.105418970311074,-112.61172453870074,0,none
21.0587,8.093116207239046,2.037662823760276,20.67867196774333,22.838269413095368,-71.48664847315848,0.2500418991998265,-2.055337145371496,8.428070196637703,5.728004052683619,-57.625848223401015,-20.964670198027225,-112.51606687102093,0,none
21.0754,8.217988203334516,1.836817710629672,20.969366957474595,25.37714964934681,-73.45163376567706,0.748592247771369,-2.0385121654566074,8.430687530187807,5.716768992292559,-57.65989137656414,-20.82387771627309,-112.42059682884964,0,none
21.0921,8.165147626904702,1.9310892636017047,19.84354505371176,24.64096364472178,-70.52555131645482,0.2535531270684629,-2.021922629487096,8.433143919915013,5.706942220962968,-57.693657484476574,-20.683044212810508,-112.32529089375956,0,none
21.1088,7.965539978590138,2.496212169349472,21.111033893982423,25.262069726723503,-67.97489974985612,0.714697233738814,-2.0058637850937515,8.436981011709015,5.695922554599792,-57.72715540968764,-20.542146629914967,-112.23016898709774,0,none
21.1255,8.098314635096282,2.1836051861478603,21.34801381489086,25.52192805519104,-71.69572898874813,0.6057469838409391,-1.9878344808100887,8.439637654457252,5.684300576491068,-57.76035224551717,-20.40120468108553,-112.13524116747034,0,none
21.1422,8.037869080049958,2.048565312429675,20.9542284473678,27.257014378003568,-63.97779548529133,0.4331419743445889,-1.971981001174332,8.44231139135583,5.675018156082701,-57.79328432823678,-20.26021808084989,-112.04046836426376,0,none
21.1589,7.971942931674691,2.2799044734739318,20.730282919866823,24.472268940738044,-71.69480775094571,0.5329374864974736,-1.954222881268404,8.446797434622297,5.665171942698118,-57.82591985035396,-20.119156563691696,-111.9458599928207,0,none
21.1756,8.192467864946739,1.812585106926405,19.06998074145248,25.067828391931663,-72.0942471660566,0.5264979200178297,-1.938219387168776,8.44877652731179,5.655259611167579,-57.85828811411968,-19.97806199568559,-111.8514171573142,0,none
21.1923,8.243989817703046,2.1838936870602152,16.44235608010281,25.619870719206467,-69.27675401654182,0.4695648274529159,-1.9220772158273216,8.452468987510734,5.644049315028912,-57.890386803624,-19.83690576359416,-111.75716153375322,0,none
21.209,8.220055093497555,2.132849782286118,19.59916372080685,25.42709966657674,-71.14811490888354,0.2756100666583351,-1.906694501779195,8.45390123041614,5.635224666130665,-57.92222860180371,-19.69572561304621,-111.66305328182884,0,none
21.2257,8.089443886285444,1.940739568984004,25.31950728299729,25.938657728624925,-71.52061925018089,0.2913944385537771,-1.8877296827643013,8.457461253698028,5.623486810946021,-57.95375368750587,-19.554486010109454,-111.56914105208604,0,none
21.2424,8.099072794576694,1.966018294150908,22.722940156057373,26.2877458694375,-66.72757389417696,0.5014060180524054,-1.8740365732358093,8.46129787414904,5.615181372636974,-57.98505009827891,-19.413182335611165,-111.475367523163,0,none
21.2591,8.020319316576948,1.6859105224073598,22.90472107346801,26.490058785842457,-63.43165416059057,0.5605412435792917,-1.8564193775031304,8.462966179361977,5.605087537666082,-58.016052301883214,-19.27185080041582,-111.38176256128398,0,none
21.2758,8.018285933770875,1.6872239509667328,17.94644454010181,23.815522801203286,-69.04412906135494,0.763922503697847,-1.839351121815754,8.467250283976671,5.594914792062909,-58.04676946561754,-19.13044772067341,-111.28832748425653,0,none
21.2925,8.116109331266202,1.47098696327746,21.146203583218405,24.908672930204663,-70.9219051118542,0.5410894200462562,-1.824690450704791,8.468467638214525,5.585505927742754,-58.07724179614431,-18.989024311115227,-111.19504953526322,0,none
21.3092,7.934242130571308,1.98314334737346,16.978077306499195,24.101000375230655,-71.04428741052331,0.4368509108668513,-1.806890013999484,8.472681695924415,5.575771031387804,-58.1074168593781,-18.84753052679329,-111.10193415903905,0,none
21.3259,8.220500212820378,2.0279595581259877,18.434588541021014,22.776179536161926,-68.7974117135429,0.5053931171383161,-1.7938431791821836,8.474013272203115,5.56770174541099,-58.13737404047044,-18.706014505147497,-111.00895353989068,0,none
21.3426,7.980181184352131,2.249700418059407,19.409934824700944,23.49100118766176,-69.90411080211942,0.3809853308350925,-1.7760358781945336,8.4779656771793,5.556931678043072,-58.16703383963629,-18.564432478338603,-110.91615278086736,0,none
21.3593,8.205789999297433,2.118367993985009,20.415716878018383,25.92426258869828,-73.66385359960306,0.5839632888731933,-1.7599292465018015,8.479852157481837,5.54866909225412,-58.19642465805287,-18.422818947308656,-110.82349000702672,0,none
21.376,8.21005434866183,1.903011315521405,16.821791711210743,25.6438373222519,-70.01024630030254,0.5371677402741079,-1.7435153617686543,8.48256353635554,5.53913611664463,-58.225541364594406,-18.28116013625152,-110.73098643387875,0,none
21.3927,7.955705244365498,2.1663714961093863,21.13020671711832,25.16774945982605,-72.22550185797473,0.6403015516006965,-1.7278447167686857,8.486598344654693,5.5301237404681896,-58.25439637136444,-18.139433943895785,-110.63863336741294,0,none
21.4094,8.066966088136487,2.004392850735759,21.348137141242116,25.37395241566169,-68.34650240448522,0.3392182986037609,-1.7136125981439416,8.487827896565252,5.521464187274874,-58.28301370175345,-17.997687218023145,-110.54642491548545,0,none
21.4261,8.147737780844789,1.8851252863299035,21.246540687883734,25.03078995950231,-68.25565542870217,0.7412309130619721,-1.6968077181466314,8.490216426605194,5.511917715101835,-58.311350390646496,-17.85590060369884,-110.45437588964325,0,none
21.4428,8.218577323542634,2.063892272976574,22.093224050700133,23.497447885514337,-63.88658837692272,0.4544487161134015,-1.6796142818013995,8.494346651150162,5.503600900433453,-58.33939994915258,-17.71404501462463,-110.362465754606,0,none
21.4595,8.10205016409344,2.060020591033829,20.948975787934582,25.86348544576654,-74.90219553416586,0.639173671868204,-1.6672501867582763,8.495459014816463,5.494596074634741,-58.36724302727144,-17.572170849077196,-110.2707060001596,0,none
21.4762,8.101345578966125,2.039011093966889,19.48772004133032,25.19058674747767,-69.19370560257934,0.1037323807950962,-1.6495516901411698,8.498032678155381,5.486574011047332,-58.3947905404968,-17.430253703352,-110.17908021417512,0,none
21.4929,8.002536621438074,2.019119045149578,19.69949134636709,24.07152788664261,-69.92362644458396,0.4391083880991933,-1.6327493262629091,8.502433268245019,5.477289099925436,-58.42205745424539,-17.28826306777231,-110.08760948620636,0,none
21.5096,8.096205273612235,2.222383770889899,21.41165379594272,24.30099834326092,-71.79681120093693,0.4776738365101154,-1.6203233828693664,8.502980397254742,5.470292400453771,-58.44911685473931,-17.146263295138155,-109.99625560311878,0,none
21.5263,8.104166414356822,1.8611766042590725,19.08368309951184,25.213100478532414,-70.52024211379441,0.3885139291916,-1.6014630363059212,8.506238140775862,5.459277707524688,-58.47586128744562,-17.004209118187198,-109.90508566540312,0,none
21.543,8.041865321455454,2.160547663069376,21.23871508533357,23.286063324397595,-67.17055828774821,0.5777318276819635,-1.5890536998997271,8.507820218424206,5.4532901519876935,-58.50239848423394,-16.862128520539514,-109.81401571986493,0,none
21.5597,8.084783119749241,1.9424200173185315,22.72976085197573,24.745530985285423,-68.85845861193197,0.5198547604677163,-1.5723167004364518,8.510597775137324,5.444746601463618,-58.52865617313123,-16.72000153769472,-109.72308845162048,0,none
21.5764,8.167667613948847,1.9623717552558424,19.80146020788657,24.909840252546807,-73.86800828775071,0.327003355166353,-1.5586157842225752,8.51378381622821,5.437296840576025,-58.55468505672775,-16.57782134796371,-109.63228559438286,0,none
21.5931,8.059232803870348,2.382347407834529,17.762559260239406,25.88238154893736,-70.62203039581743,0.3922361571933619,-1.541134927651706,8.51505181878322,5.427364101165496,-58.58042201001953,-16.43561998259003,-109.5416486138934,0,none
21.6098,8.026038786077697,1.9863122414238397,20.44606384701825,26.6079452302984,-73.23349238616413,0.8055786988086953,-1.5280193841883414,8.517872516112583,5.420055293993136,-58.60593993373548,-16.29337151157095,-109.45113369048372,0,none
21.6265,7.872836447402281,2.107321193201737,19.42540730875777,25.19006908593041,-67.3415339077213,0.7128790252052766,-1.5114450338518075,8.520572799511939,5.4118933084955545,-58.6311810658008,-16.1510779458191,-109.36075507223184,0,none
21.6432,8.1331690661348,2.082132924239421,17.57645779742343,24.56958198549837,-66.14955534788459,0.5322238166753696,-1.4974833023639358,8.52243144135724,5.405940973166415,-58.65618903695028,-16.008753340748434,-109.27047585797996,0,none
21.6599,8.006339576193716,1.889482355682204,17.860046006478616,25.172917852014432,-69.82148967068528,0.5090125546446395,-1.481274393097329,8.524710260015327,5.396080365718564,-58.680926319315006,-15.866390679406178,-109.18036131587246,0,none
21.6766,8.126877447216902,2.3667647928149425,18.601280468695904,24.881706751784936,-70.60873588091872,0.6646518951915686,-1.4677720855415943,8.526487889885217,5.389502007249033,-58.70543811314355,-15.723998331645095,-109.0903566323514,0,none
21.6933,7.938454336306615,2.212624577630298,19.915753163408937,22.99538066883904,-67.59870914578158,0.3602806542766332,-1.4511270722563017,8.529815961159432,5.381837612517274,-58.72967193525023,-15.581550405093733,-109.00047994422236,0,none
21.71,7.989148080493106,2.156893249630621,19.53481876396211,23.992084623886665,-71.13550107845637,0.645527604344593,-1.4360798240635622,8.531126824444817,5.373629741347532,-58.75365446831209,-15.439080587125504,-108.91074032754186,0,none
21.7267,8.104778483038915,1.8271502927235137,18.54072269082792,26.424813183435468,-66.27621764842692,0.0282957488529453,-1.4228412745817858,8.534257418760175,5.367289363708996,-58.77741591759761,-15.29655848823221,-108.82110659516792,0,none
21.7434,8.097473703201668,1.597038569054657,19.26734641564489,22.546830658278434,-68.40055973908038,0.4376376725427901,-1.4071487571549666,8.534232553959178,5.358882624630021,-58.800915301842096,-15.154036804581091,-108.7316132553366,0,none
21.7601,8.124492502581871,2.2169302557676502,18.977026783010107,24.91480924325457,-70.60863853209113,0.2942783643464709,-1.3942311466516837,8.53794309954632,5.353169412643751,-58.82419896199118,-15.011453154818668,-108.64221532614545,0,none
21.7768,8.166726760486274,1.4820935392622534,19.143787781228987,24.935505888898163,-74.69648994876823,0.6964029411619963,-1.3761241562965798,8.540332219386194,5.344102557059021,-58.84718023540133,-14.868829606754918,-108.55296881344256,0,none
21.7935,8.171332993101268,1.889601747892346,20.202279582062346,25.01736336527968,-71.5965671526328,0.2681443462579748,-1.363686410172534,8.54200538144114,5.339945812504178,-58.86995379845121,-14.726178116884851,-108.46379171837374,0,none
21.8102,8.08807131141076,2.038446582750025,20.79049116765052,25.64121530129764,-72.19134084658393,0.4367398872813446,-1.3473518511945597,8.5440922620833,5.330454066260317,-58.89245457436616,-14.58349177610806,-108.3747731354672,0,none
21.8269,8.038805571203987,2.003324205683245,21.859011667972805,26.63786745834857,-71.00839454387776,0.4059126960881287,-1.3352803720787203,8.546308498414573,5.324660452891623,-58.91475375657988,-14.440768424184537,-108.2858513059039,0,none
21.8436,8.089644297447855,1.874472340067656,19.763759969176235,25.54544825596801,-70.19347577604276,0.2744071459707501,-1.319066581166952,8.547506397092974,5.316550641850201,-58.936782168485365,-14.298025067353084,-108.197064910185,0,none
21.8603,8.019498905391371,1.9404457503039356,19.66375772429399,25.21201409468775,-70.40001935723173,0.4645540232506709,-1.3042632798483575,8.549359818645362,5.309864853081919,-58.95856336525883,-14.155250758381706,-108.10839016713854,0,none
21.877,8.27351759990953,2.174279068041564,18.68724045811204,24.83388286622064,-69.99551454727288,0.2993923804297994,-1.2911229566682976,8.552306474772607,5.305652225972179,-58.98012511863519,-14.012427240253004,-108.0197857749648,0,none
21.8937,7.955938663570522,1.7155773318984695,17.95073513054582,25.50415648272127,-65.91329589852305,0.2308213908698241,-1.2752897762748014,8.554065376917817,5.297972086551144,-59.00142245789898,-13.869574348458476,-107.9313096411194,0,none
21.9104,8.10657786781529,2.047966432049369,20.29052004683028,23.60737388132407,-66.13105918198978,0.5289855412742588,-1.2643260858029064,8.554952362646754,5.290748520046535,-59.02253670353189,-13.726706644002276,-107.84295414083462,0,none
21.9271,8.060363071377408,2.249472248532087,18.83573428471683,25.446442644696685,-74.0709116114369,0.8402948729787081,-1.2459497448545025,8.557336845060323,5.28379294919405,-59.04334406427096,-13.583799118689768,-107.75471479858308,0,none
21.9438,8.122974742959368,2.099758049244385,20.11080591772124,23.28588887146801,-70.59931179225953,0.813010272965722,-1.2341601939688858,8.559031907024487,5.278918895389657,-59.06395453951024,-13.44086328584246,-107.66655685303007,0,none
21.9605,8.045156776823468,2.224648191452453,21.34807031586028,27.776730469012808,-70.52798959647987,0.3111982809567715,-1.2192688336100983,8.560860312856708,5.270703814621035,-59.08431632903153,-13.297896918617752,-107.5785360993259,0,none
21.9772,8.023283212900195,1.876314722836391,21.26680262859713,23.57335915020918,-73.0572327124098,0.4765407650006854,-1.2026963544585016,8.563796685875987,5.26620363470902,-59.10440135815099,-13.154881513963623,-107.49059049862626,0,none
21.9939,8.205940200381761,2.218727304153319,22.653161958168024,23.325081486546612,-71.82007886898595,0.3675162246000175,-1.193484868024571,8.564643479883676,5.260117623531792,-59.124332555447,-13.011851967849566,-107.40274653431328,0,none
22.0106,8.082157121203908,1.716670515752732,18.184771350462288,25.30105400863453,-68.08046141445804,0.567275346307371,-1.1754089368390743,8.566900483991276,5.253884107962043,-59.14396188469221,-12.868784729766912,-107.31500666971031,0,none
22.0273,8.049544663511822,1.876858184753728,18.674773647677394,23.4268800431504,-71.07895938502948,0.6007727805152253,-1.1625520477330966,8.568325042426775,5.247505368105036,-59.16337650388935,-12.725693701558384,-107.22737333006296,0,none
22.044,8.079453153960367,1.8252997083968097,19.7356581025829,25.382638734418748,-68.71832627369498,0.5234590154174186,-1.1479553705022951,8.569531212594645,5.240538826184238,-59.18254735857674,-12.582582530308054,-107.13985633166568,0,none
22.0607,8.06165188832352,1.8411878788474711,20.67102328800091,24.78998606093071,-70.68000157911237,0.5215311169513687,-1.1341762683790948,8.571648166968945,5.235557317993273,-59.20148810225867,-12.439436005919672,-107.0524225244552,0,none
22.0774,7.955215505100651,2.3099827019889974,17.40133019739902,23.48036283968741,-71.65390234732638,0.7359622046190623,-1.1199525240867958,8.574069962455491,5.230751990967826,-59.22019130941092,-12.296249037546666,-106.96506896620603,0,none
22.0941,8.06136663095229,1.9664462977436297,17.88353977367914,24.79941229909913,-67.3104526458189,0.2940928247686888,-1.1060851087133363,8.573998091814158,5.223051529700335,-59.238662930726434,-12.15306326941337,-106.87784400566004,0,none
22.1108,8.093589628896632,1.8397065310194116,19.343782720041016,24.540104476342357,-67.77775628950903,0.2619776107664273,-1.0934273530949157,8.578355424105228,5.220599587970868,-59.25692316752312,-12.009804733830812,-106.79065999254092,0,none
22.1275,8.11323153028603,2.1054055039241604,19.02454686687099,25.98130485686634,-69.59968976079311,0.5739800216146667,-1.07701018874285,8.577518309381606,5.211304494672008,-59.274909237675125,-11.86656017806414,-106.7036312074799,0,none
22.1442,8.219650469877724,2.006139723615145,20.953680164216287,25.00093119056165,-70.55935891175021,0.6173491007067292,-1.0651407037081395,8.580051156695475,5.209871143120812,-59.29269708742705,-11.723273323747325,-106.61662635938978,0,none
22.1609,8.177394949402586,1.8795073065474768,20.40541370104494,25.53509424231681,-70.85329284719225,0.7761863501076385,-1.0506316956835775,8.581487943396587,5.201718195388152,-59.31024263674497,-11.579962475092602,-106.5297576655268,0,none
22.1776,8.207534516665845,2.242998055304958,18.16528723404596,24.842808468732173,-70.18372394414135,0.4981598701377068,-1.0380957504073554,8.58363934638996,5.197374807158316,-59.32757883577677,-11.43661569800789,-106.44296150624726,0,none
22.1943,8.294538866261155,1.6893757807691314,20.338438540263127,24.23351805705539,-70.44290091074532,0.1629437333234445,-1.0222211703056068,8.583910255361012,5.190880729380963,-59.34464992932087,-11.29326439674336,-106.3562737980666,0,none
22.211,8.042756290275047,1.6371666636843307,21.027695923375944,25.250800987419726,-72.52060009231275,0.579839076342886,-1.009499931647682,8.585183855625623,5.185351220610684,-59.36150857817939,-11.149891826354413,-106.2696784326824,0,none
22.2277,7.99260389494047,1.976056754946479,18.412804857400538,25.456528355537127,-67.81987795913618,0.3537443191285379,-0.9959601529634192,8.58757462493036,5.182331759371295,-59.37814111273388,-11.006479330118076,-106.1831334923009,0,none
22.2444,8.027365932478808,1.9533149598802024,21.80452345349486,24.305058485926036,-64.81430286105892,0.5308360205569395,-0.9822330162725752,8.589210604192786,5.175203819364863,-59.39454440410563,-10.863039513028056,-106.0967075885175,0,none
22.2611,8.115684714795808,1.639474744617369,18.407043097456164,25.653323021450618,-71.19036806371659,0.1326587653058832,-0.968588308379145,8.590296381445803,5.171869070780073,-59.41071982885556,-10.719581563457911,-106.01033737503548,0,none
22.2778,8.16180914582224,2.2375394002273645,18.66809704239587,24.88949066882531,-71.00661527242286,0.6299233501029228,-0.9547585287614352,8.592185707619317,5.165757577133005,-59.42666429628588,-10.576092062140669,-105.92406922349736,0,none
22.2945,8.109275896537728,1.9485451327949292,19.95470008588514,25.00070569919859,-72.61861663154195,0.7252473554090079,-0.9413935908952964,8.593339106299409,5.162186301156637,-59.44238556925383,-10.432583299065469,-105.83786071226804,0,none
22.3112,8.058300503931989,1.938995963005143,20.07454761604895,25.21211407713516,-70.89344569084957,0.4259336914645247,-0.9270925990334324,8.59509579065651,5.157676781310127,-59.45786801565769,-10.289045199361505,-105.75172751002016,0,none
22.3279,7.967690385248111,2.0935619438679467,17.86101076968319,23.51137185967843,-69.01788750270373,0.4434671164519318,-0.9138059317545904,8.595968899314563,5.15220658474753,-59.47312857471799,-10.145492518742952,-105.66568566005488,0,none
22.3446,8.17045273405064,1.855647878165133,21.837526784915227,24.76022754429292,-74.06853333968715,0.3848929176443907,-0.9016281803502172,8.597864115704189,5.1471625679158,-59.48818576532984,-10.001908188010692,-105.57972804517068,0,none
22.3613,8.099513243007104,1.8542139722920317,18.04851199253217,24.64035225561649,-71.05221077360932,0.1407733441050332,-0.8854029534262849,8.598040004472649,5.14271904357727,-59.50297199465206,-9.858320919935998,-105.49384463714294,0,none
22.378,8.151252244017467,2.447440820369755,17.147975923923145,25.033116991920128,-69.60482442885257,0.1992065994094318,-0.8744996399439721,8.599410764759192,5.138046467366874,-59.51757613863912,-9.71471076016452,-105.40803926113792,0,none
22.3947,8.055373593807898,2.1419924322184998,20.4159382010554,25.358806440220267,-73.52085026435002,0.6402680691724875,-0.859878383729904,8.601549050269844,5.134582959881218,-59.53193610764741,-9.571064891025014,-105.3222917257079,0,none
22.4114,8.14576344571748,1.8174768279556088,21.09894183504275,23.62450803025456,-62.7219021761417,0.2198265729212532,-0.8460851347352982,8.602947566429515,5.129085154553473,-59.54606572939749,-9.42739566666564,-105.23663600362686,0,none
22.4281,8.05504060105404,2.1360861034920804,19.938011048214616,25.773172007644508,-68.05019413016161,0.5269447915725709,-0.8336274228573322,8.603612949835533,5.1268053281737895,-59.55998730735921,-9.283715330403387,-105.15101835464635,0,none
22.4448,7.9870423788862785,2.0705970605667723,18.345166860954997,24.51750419614601,-66.11651579423241,0.5709407257372275,-0.8197527730645019,8.605446417285945,5.121154326319496,-59.573677178669385,-9.140004375234712,-105.06549507739682,0,none
22.4615,8.135716866487563,2.1626817142059567,20.454463853774392,23.91041977890329,-72.35651245724662,0.6165558048903779,-0.8068295460097902,8.605955129517831,5.116494211826293,-59.58715123208775,-8.996284924571764,-104.98004962405932,0,none
22.4782,8.040478494992191,2.4314521806279408,21.512243530567478,24.26680951721272,-70.35017519914993,0.5135413414222348,-0.7920065702563931,8.606652655100142,5.111364647563813,-59.60037774181103,-8.852553825231592,-104.894689834445,0,none
22.4949,8.183824881629368,1.765678527898281,19.676790967937507,24.883941996721667,-64.03889770489204,0.0,-0.7814773775064514,8.608588954709841,5.110492376497471,-59.61342841401539,-8.708790389687938,-104.8093446117575,0,none
22.5116,8.143473829454926,2.3022222212031247,20.07892214556862,24.184883981102853,-68.83476096574924,0.9472946738859538,-0.7663882235713894,8.610579674671412,5.10612797840733,-59.62622709734903,-8.564993709120925,-104.7240722745181,0,none
22.5283,8.164062958544218,1.8836698918443315,20.659184978998454,22.38344115309731,-68.83492145220467,0.6166565717850635,-0.7535608459223223,8.610481847227009,5.100869270331496,-59.63881156347593,-8.421198662272234,-104.63888775770356,0,none
22.545,8.052134682191923,1.9341089191207,20.334597355854267,24.267413826136234,-68.90109380741303,0.4226568485385378,-0.7390321182643554,8.611441705760688,5.095438839183333,-59.65115339985095,-8.27738758578603,-104.5537939290892,0,none
22.5617,8.094996608049252,2.0045085277900765,21.073192594045786,24.31113418849625,-68.2313740685597,0.414719892207945,-0.7280656301112785,8.613103701645372,5.094563205944495,-59.663312095873806,-8.133548753968553,-104.46871472354992,0,none
22.5784,8.106944511696318,1.7733640973195608,19.41282307625104,25.058138498249622,-68.57620941147995,0.9798894253391232,-0.7143224786253557,8.614121486817176,5.090159384195658,-59.67524128126685,-7.989692925138706,-104.38370906183386,0,none
22.5951,8.23802093611,2.241895463625044,20.56815187839779,25.505704429540927,-69.34185057326854,0.176803484897363,-0.6984248476663096,8.615365374712642,5.085857370091558,-59.68690497622288,-7.845816323381005,-104.29877524375333,0,none
22.6118,8.068817909049182,1.8807067147450791,21.115196325040824,25.58040571591017,-74.06160010285497,0.7522088225630006,-0.6888685799340972,8.616306473827606,5.084293330297275,-59.698409081507776,-7.701924005268084,-104.21386754513736,0,none
22.6285,7.881888052777492,1.6149343209890774,21.67784889369036,23.715101801058083,-65.0383438440001,0.8515435235124826,-0.6754110927423101,8.616356011169394,5.078677045217265,-59.70968844675657,-7.558030859881555,-104.12905363848223,0,none
22.6452,8.218547753194297,1.513005875109565,20.884166591245144,24.52707873197773,-69.53720317413433,0.4968104498214732,-0.6600903802086849,8.617937532159676,5.075959316388856,-59.72071195610606,-7.414111303094488,-104.04428511789854,0,none
22.6619,8.134849210583507,2.065633578606879,19.41745112274629,25.110086657533504,-68.95941546722699,0.6490720729917429,-0.6480608860496211,8.6197863040824,5.073360256328989,-59.73153457290309,-7.270160871816312,-103.95956000161785,0,none
22.6786,8.108071002377892,2.0578832954371147,18.09597763107289,25.996295124620268,-69.89110604982717,0.3840534191819285,-0.6369183684527483,8.619466839061788,5.069783225044961,-59.74217110965625,-7.12621577560398,-103.8748946217596,0,none
22.6953,8.07072171987859,2.0550976412896724,16.860671269241024,25.1150914361784,-69.84012211791614,0.3541885983293277,-0.6205632656288148,8.621415670132388,5.067115504750392,-59.75253451619225,-6.9822381339127695,-103.79027379283026,0,none
22.712,7.901191422159838,2.037644804430172,19.367974078998976,24.043936082274502,-72.28004886576026,0.430379439325775,-0.6095643135384642,8.621278193551955,5.06186469301682,-59.76271424022834,-6.838262788080452,-103.70574065245688,0,none
22.7287,8.04222929760102,2.116048669374368,20.977637808724257,25.78597441122029,-70.62554947508116,0.1805157508894934,-0.594993010724801,8.62295488733585,5.060855609422971,-59.772650623507445,-6.694259441461943,-103.62122436377952,0,none
22.7454,8.175224419316661,1.997519318252829,19.38779946220224,24.56621594551653,-67.30453108737892,0.1149453918201113,-0.5822097868050827,8.623088855650986,5.056508074686976,-59.78237352694709,-6.550253857572572,-103.53678067893225,0,none
22.7621,8.227428729758886,1.9203515292340776,20.186557487261165,25.26687564738355,-69.58477842198053,0.6654811724744805,-0.5725272969844404,8.625120468940349,5.055956284367139,-59.79193473280673,-6.406214345741268,-103.45234620898331,0,none
22.7788,7.938488340737802,2.0412645851184044,19.286431184590185,24.97924328375844,-72.17415262017565,0.3498704153709326,-0.555218090171505,8.625172890308619,5.049359083592592,-59.801206874912594,-6.262173958473114,-103.36802191228732,0,none
22.7955,8.092823215799731,1.7272973900424742,19.128346529883157,25.50398530562276,-68.7130401785611,0.5804493095439278,-0.5460317162290887,8.626065221131505,5.052084328399952,-59.81032560457362,-6.118118669280218,-103.28365210400304,0,none
22.8122,8.059453749869098,2.178267045829444,19.126220192402503,24.32718403120385,-74.29819815238119,0.4426272203377962,-0.5311969530737656,8.626204867028532,5.044826517157998,-59.81919659368995,-5.974061048000841,-103.1994035011665,0,none
22.8289,8.072995316775534,2.4479162352425368,21.64656675648184,25.752044159973487,-71.58795813972554,0.0361527119240666,-0.5161351583893237,8.627553158043815,5.040199138231495,-59.827816050835054,-5.82998091026151,-103.11523217555803,0,none
22.8456,8.08538415112461,2.311826606128189,21.912746450090783,26.64382326160801,-71.45674272750614,0.173127280783531,-0.507315518899055,8.628728765271136,5.04649393414848,-59.83628822000067,-5.685881139881482,-103.03095572685775,0,none
22.8623,8.185972658241893,1.978534624080143,22.525061634326907,24.21563995380195,-70.19116887519627,0.6513057149054141,-0.4914901122523946,8.628907178412803,5.033485783322972,-59.84449610487528,-5.541778390001988,-102.94689651427626,0,none
22.879,8.155311816800966,1.9451451611579844,20.56350666610885,25.288567671128725,-74.68509612963446,0.3949720831120096,-0.4792358881806212,8.629770933166219,5.035991074262093,-59.8524993442079,-5.397661215418112,-102.86279546333608,0,none
22.8957,8.15676620148727,1.8412307111279769,19.915205054459808,24.74539302017513,-65.69581427860581,0.1093806159041166,-0.4685274653084122,8.63015523214704,5.0356103746758,-59.86032375287855,-5.2535376230412565,-102.778700770079,0,none
22.9124,8.046010589924219,1.9009477382020477,19.463588246899544,25.29715755312823,-74.58014920424098,0.6781195724649343,-0.4537803056222119,8.631467414452315,5.030817319502018,-59.86790188398244,-5.109392117219903,-102.69468612084331,0,none
22.9291,8.181393383149558,1.7238952200523876,18.83997659485461,23.0791203410732,-70.46626106537978,0.7553150649153932,-0.4416672729749785,8.631849267409022,5.027810093227339,-59.87527772744112,-4.965240234454172,-102.61072169228642,0,none
22.9458,8.14517185217806,1.945017267000896,18.33042795283868,24.628436676263355,-79.13689559597265,0.728923540306902,-0.4275041278074928,8.632816992601084,5.028131048482793,-59.88241704637551,-4.821072190677734,-102.52675190377676,0,none
22.9625,8.04555883363158,2.087711660067601,22.84226351501172,25.79861844031021,-65.98773932208641,0.9804738851378912,-0.4186018816118226,8.632386878210035,5.02312535266231,-59.889407697798426,-4.6769113298116265,-102.4428657103873,0,none
22.9792,8.06846495536753,2.1115144073578977,21.699214229095517,25.03910226118577,-67.13263116778433,0.6593743497288946,-0.4032032754695617,8.63346947919417,5.023049893737719,-59.89614119249877,-4.532732389509084,-102.35898077716188,0,none
22.9959,8.17229860769337,2.0766689510430614,19.041362947816214,25.503438518881605,-69.53504316216804,0.6146129235342079,-0.3918645438678046,8.633804298426735,5.019954793825997,-59.90268533038136,-4.388547857725357,-102.27514753210498,0,none
23.0126,8.321666681050813,2.121943720005459,22.387720109441275,25.433661306961337,-68.77738173134512,0.7070913445918705,-0.3780936377091235,8.635396312463024,5.01816688511725,-59.9089994941311,-4.244336739307225,-102.19134414512352,0,none
23.0293,8.088928085963856,1.9839864156158549,22.0075518749644,23.88321538758824,-72.50400474020287,0.1091510896039371,-0.3657065344370125,8.634401328769291,5.015569625225488,-59.9151067932562,-4.100142237116778,-102.10758413238226,0,none
23.046,8.011915254069208,2.131894723637006,20.34620420502989,24.16321448592,-70.60294854778427,0.2660214482424768,-0.3538975908599776,8.63615715978927,5.0172217292082095,-59.92101688302356,-3.955918412548297,-102.02379652950448,0,none
23.0627,8.184934259246075,1.9137380217594968,18.43369134315371,24.207762132976043,-70.41285721307575,0.7782793876483813,-0.3380154751317083,8.636899380574436,5.011386788909984,-59.92666174145826,-3.811682192892704,-101.94010637012968,0,none
23.0794,8.130725394961692,2.279586751564553,19.65909193165956,24.496879372357853,-73.58385854998537,0.5669259753059234,-0.3270859662056571,8.636303885016634,5.012136409974714,-59.932124077093896,-3.667455918012926,-101.8564036920831,0,none
23.0961,8.146314860201294,1.8101170629487964,19.61911041769473,25.561350141546765,-72.68715414398496,0.5384658035105707,-0.3128526541056809,8.637087903857674,5.007781740311499,-59.93734871641746,-3.523216550018503,-101.7727737370199,0,none
23.1128,8.056091357980705,1.9163928019434069,18.743477103485603,23.696625608403146,-66.2546658953729,0.901833538108428,-0.2991769607901717,8.637898594539951,5.0072336037521765,-59.942344971662656,-3.3789636434896857,-101.68915293583724,0,none
23.1295,8.184983842350894,1.9652988039914805,20.003244021497075,25.17759718100368,-69.46063719146655,0.8487922489616239,-0.2900248319829195,8.63822683259622,5.009283099021827,-59.94718838635677,-3.234705255385329,-101.60549790808358,0,none
23.1462,8.258215784757034,2.4109812322014905,19.48688384917804,24.24642219639301,-73.47814290506021,0.674448289415249,-0.2770527423359919,8.637905740319221,5.003259100902654,-59.95181516715378,-3.090452229521998,-101.5219434810985,0,none
23.1629,8.165285332494546,2.0109847601061923,20.62945301481485,24.12120693944514,-71.23981661382545,0.4502410622363453,-0.2669199878092441,8.639582588693282,5.005439526899376,-59.9562727309502,-2.94617120029082,-101.43835264099928,0,none
23.1796,8.039043646394871,1.882241952768247,17.679924554568743,24.205784978239016,-72.34727905753793,0.4561471059786153,-0.2465412528683732,8.639692963083256,5.001754951320015,-59.9603899698731,-2.8018883278073297,-101.35482333331224,0,none
23.1963,8.04032161958216,1.7257233242625614,20.55131372013405,25.16647628611104,-72.25183827518765,0.6478011217014019,-0.23963234700494,8.639319768411443,5.004202486263435,-59.96439183006808,-2.6576116876748586,-101.27125315179164,0,none
23.213,8.106519169865695,1.8598140676602093,19.15523456245507,24.8257281115132,-72.181449168255,0.6178015214390713,-0.2240965961483582,8.639463799922392,4.998852549997462,-59.96813424322376,-2.5133326422161546,-101.18777231420668,0,none
23.2297,8.081830738662049,1.8193354986880608,18.50122969801515,24.450016366789747,-70.08924587818628,0.4538040413758318,-0.2132162983948758,8.641277640439192,4.998058272464615,-59.97169495540695,-2.36902330562082,-101.10430474105652,0,none
23.2464,7.986559919766704,2.06780321602586,20.8720254075835,23.77615740477382,-71.53388359765391,0.4041353211867679,-0.2020432966514852,8.640472160371717,5.001058603059897,-59.97506907846103,-2.2247274205426124,-101.02078706238542,0,none
23.2631,8.220338976806511,1.923850896683257,18.322431738253464,24.534877029992835,-67.61432909775405,0.2518936682982705,-0.1860478613752458,8.641160670394816,4.994684156749698,-59.978176077746,-2.080420037347019,-100.9373758369677,0,none
23.2798,8.287196439191165,1.9606581874023372,23.358720747157083,25.64846395493316,-65.47721383272047,0.4708327894759234,-0.1758296007858019,8.640998830207058,4.996536714451351,-59.98111243207912,-1.936115356882561,-100.85393367383637,0,none
23.2965,8.119009931392812,2.028801588677512,19.387664066826957,24.82220428236304,-72.27069636433602,0.5557249395419213,-0.1635540741598966,8.64168643743183,4.995791456707026,-59.98384378511759,-1.7917991933774495,-100.77050395650936,0,none
23.3132,8.121103416633636,1.5648462059268744,20.03852797115895,24.748428335891028,-70.60097771076123,0.5213406561855009,-0.1480366536707982,8.641783292981891,4.993643593005838,-59.986315997233895,-1.647481412384652,-100.68711010850616,0,none
23.3299,8.023459331518676,2.0731092117825978,18.464024877174158,25.76713495039619,-71.0964550238031,0.5103126153283131,-0.1383146786448442,8.64145069606801,4.992478106587298,-59.988625852367264,-1.5031691857603162,-100.60373572412615,0,none
23.3466,8.07927657284738,1.952861440817211,20.52944646802344,23.58646533806237,-73.4596500934997,0.3224318140133275,-0.1247020901711926,8.642033976766054,4.993488001173352,-59.99070837727312,-1.3588472183483231,-100.52034447450656,0,none
23.3633,8.1229221003382,1.7113600765445651,19.90428590667781,25.004979576489,-70.13699502884225,0.3231964458838343,-0.1103733528838371,8.642399220429738,4.990930041096518,-59.99255161226628,-1.2145191513671465,-100.43699594282025,0,none
23.38,8.09940584577267,2.0823651373600014,21.806286541627117,25.33977447588908,-69.30263390905317,0.133059431282191,-0.0990457969488328,8.642229181907911,4.992737036045984,-59.99420567707533,-1.0701939240292844,-100.35361723431828,0,none
23.3967,8.134393789131632,2.0629323953147543,23.352579307476493,23.95328678788987,-63.6126276649718,0.2407481815649488,-0.0873083702146515,8.642328658785798,4.992834260616894,-59.99566372685791,-0.9258670354275615,-100.27023690216598,0,none
23.4134,8.162607282588603,2.138634531555539,19.997249797631262,25.27066286234181,-69.64461878505858,0.5759541099971599,-0.0744546527310527,8.6433694652999,4.991853783722914,-59.99690711955852,-0.7815227653570532,-100.1868729439778,0,none
23.4301,8.140815060148242,2.241425039478502,19.23531102945189,24.193919489089986,-68.2650653723306,0.4385043295539196,-0.0622641966413118,8.642326886347615,4.991296157883226,-59.99794693164243,-0.6371959063550481,-100.10351829814115,0,none
23.4468,8.115883910245385,2.23192186167936,20.1848236468809,22.57425492746992,-66.41410204053238,0.3063051672125978,-0.0476040409797483,8.642470727938663,4.988783112020269,-59.99874191912679,-0.4928666451984724,-100.02020562017042,0,none
23.4635,8.159397336824469,2.052592334408471,21.669276895322422,25.02815161043112,-71.91559096177897,0.4159989547618458,-0.0383728364866697,8.64273346618278,4.991181605663168,-59.99938274549612,-0.34853299631322,-99.93685288735584,0,none
23.4802,8.03559142715557,2.1731164249060635,20.29574941551704,27.134763324168222,-65.90914927658177,0.5426719088461197,-0.0228721143785859,8.643332884974138,4.990025181638577,-59.99976470980624,-0.2041893371341519,-99.85351946682248,0,none
23.4969,8.111345839747477,1.934411537469173,21.845023150837733,23.67697839701557,-71.32545830107738,0.549703629018588,-0.0118166878184773,8.643300939046402,4.989399739754479,-59.99996204849281,-0.059846211452077,-99.77019649116858,0,none
23.5136,8.134438332903635,1.8422806149537043,19.653414286482697,26.270481472055582,-67.94808100412007,0.4903861284510757,0.0007992735719848,8.642454448899162,4.991100071682429,-59.99994870062416,0.084482777844539,-99.68684511997148,0,none
23.5303,7.996119437289209,2.202054463010137,20.25152563565707,24.98291502600588,-67.03356067207363,0.8099016806669745,0.0121523196766449,8.643079692287682,4.992050227826214,-59.99974575688556,0.2288222087057433,-99.60347788116678,0,none
23.547,8.163611983726518,2.413968492989924,19.91726594972988,25.055029817708,-67.50666057166094,0.8781239545028948,0.0255906074897383,8.642293892558515,4.990335988626548,-59.99931839374048,0.3731485167114705,-99.52013927015672,0,none
23.5637,8.19636896445114,2.0225518130185627,23.40001583095272,23.887533625004775,-68.09655311622419,0.6852535504257006,0.0408904578814892,8.644136106788451,4.9876027917831385,-59.99863552309386,0.5175055896948376,-99.43684630353394,0,none
23.5804,8.15298735058416,1.7873860153369976,21.867868127811487,24.93279845170441,-67.18597955851394,0.357263662198524,0.0500734493622228,8.6420154386696,4.991182222684013,-59.99779929648951,0.6618272475206199,-99.35349356041512,0,none
23.5971,8.123172961845023,2.038723294382344,20.687572799703087,25.194287872134637,-73.33975015297555,0.7131695497117302,0.0631296550928297,8.642859738660977,4.991535145257148,-59.99674503124946,0.8061630051562583,-99.27013492348932,0,none
23.6138,8.184317701144437,2.016960132482037,18.553513232869985,24.749295172301775,-71.46375750743641,0.554250932067139,0.075766463849281,8.642860953877408,4.991031072271215,-59.99547973130318,0.950498783086011,-99.1867847045824,0,none
23.6305,8.216296645576307,1.684252172601244,19.915859290785782,26.695968314763867,-68.76253921523359,0.3027266827720773,0.0907212236686001,8.643091022613406,4.991232409376872,-59.99396468686791,1.0948384031636549,-99.1034311233458,0,none
23.6472,8.120567219723359,2.083592156215102,21.205602874545708,26.534624456269324,-70.6592415338085,0.4830971038058776,0.1030187413556132,8.642567117317668,4.989645558833423,-59.99224427388727,1.23916927402286,-99.02010404251328,0,none
23.6639,8.222243462088747,2.0799893058447285,19.557788029000594,25.742744355580868,-69.01062830760704,0.2353013254884152,0.1152289757495914,8.642223437042238,4.992796483521429,-59.990319949992255,1.3834944054214653,-98.93672434123847,0,none
23.6806,8.145632430251549,2.362775048629648,22.97332494749364,23.10987045969317,-70.0732435768586,0.5135694214096929,0.1256333265259146,8.641392967020598,4.996335607753005,-59.98822187343927,1.5278056679707093,-98.853285536589,0,none
23.6973,8.274911986896738,1.8435410432332144,19.64940945761094,26.19171631336354,-67.38686755924182,0.3666137159662864,0.1396012118418925,8.641326264280792,4.993165991877532,-59.98589053320151,1.6721158165841985,-98.76989966452464,0,none
23.714,8.13864669265982,1.763193097443837,18.917416158004706,24.07978001516231,-76.59365672056495,0.7001525828534683,0.1530548468824003,8.642523088158718,4.994791632410856,-59.98333451725858,1.816445952156449,-98.68648664426338,0,none
23.7307,8.00848561440217,1.663484668389779,19.589549481938796,23.60465060951258,-66.33103208741727,0.3549152058235232,0.1649028210190844,8.640999067687474,4.995291993540259,-59.98058064014756,1.96075063658683,-98.60306526797126,0,none
23.7474,8.130913679281722,2.224587672015577,23.071198624902458,24.96932262903512,-67.29843923280015,0.8370701118944275,0.1786726772657785,8.64217290372367,4.994273037579693,-59.97759680643722,2.105074924079015,-98.51966090824368,0,none
23.7641,8.16970807803593,2.101573673754196,22.35413534927604,25.107835507263225,-70.67354140358812,0.5816299184253825,0.1883185737423906,8.640958754920192,4.997083463360705,-59.97445188625572,2.2493789352861824,-98.43620961440556,0,none
23.7808,8.309119835160708,2.1501026534381067,17.351189166156843,26.135500333618516,-67.14041189075184,0.4425280767622468,0.20121321305213,8.639744820199754,5.000383945482561,-59.97109162559775,2.3936626737835183,-98.352703202516,0,none
23.7975,8.09182966341272,1.9332078226621656,21.0569461759064,27.38771781754721,-65.8630990443119,0.1724057175934876,0.2179869645542628,8.640934446158667,4.997147206992821,-59.967451243289695,2.537966279034368,-98.26925084415922,0,none
23.8142,8.067481464939545,2.032730509290717,20.950686551820144,24.08649847198831,-68.20009715843804,0.3750523541327361,0.2242824961072047,8.638956088116462,5.002652401457001,-59.963705725604704,2.682236845705913,-98.18570654905488,0,none
23.8309,8.071047804556567,1.9417741773921469,21.187111123914296,25.522732550182404,-71.93216036583023,0.5503561087270562,0.2432866045750134,8.640505530534265,4.998927176836515,-59.9596428393083,2.826533288065835,-98.10222446520172,0,none
23.8476,7.945299390773904,2.3830455678519846,23.000685387535054,23.37485045006072,-71.5411434127852,0.5934747357233915,0.252036957631393,8.638690502279493,5.004497130651525,-59.95543382211586,2.9707994194539027,-98.01864936311983,0,none
23.8643,8.143123604205675,1.8990688064196035,18.46583291549576,26.670526864199143,-70.25947963093127,0.871284531425077,0.2661751119237742,8.64063407213292,5.001495733425228,-59.95098869774673,3.1150980084585225,-97.93512438437163,0,none
23.881,8.01670165855234,2.282251807837462,19.344057151121117,25.0998143640476,-71.2546159206441,0.1750189550322041,0.2734523407448632,8.636093423798467,5.009272511179422,-59.94642204365629,3.259320768635957,-97.85146953343494,0,none
23.8977,8.0257707716549,2.325656374268823,21.91699119069374,25.7031929486048,-64.40080593712928,0.5450177112735246,0.2909216713424758,8.6383230440904,5.006222881976948,-59.94156365174487,3.4035807634722666,-97.76786561130592,0,none
23.9144,8.307249448203319,1.9218206966776297,19.08260182782325,26.107441046108825,-68.82759034539266,0.6044302843194479,0.3058136626121555,8.638931678875315,5.007575972033288,-59.93645656357925,3.5478509225094843,-97.68423909257297,0,none
23.9311,8.060238090431081,2.2779483625425345,20.601533986720558,25.73086781914764,-71.48780551816678,0.1493167142253416,0.3147668491963399,8.635685391627515,5.01164600026012,-59.93119995719767,3.692066868549664,-97.60054460436862,0,none
23.9478,8.080034717862175,1.7500251571459111,18.52925611544708,25.806024324578964,-64.17221293124081,0.2431692165385451,0.3287476648886084,8.636948368052808,5.011814539402363,-59.92570987119403,3.8363039062961457,-97.5168473015606,0,none
23.9645,8.084614944841093,2.135187995041988,20.104068102969517,24.09772622119448,-67.17577611682981,0.5459408466554988,0.344833657161001,8.637610751126468,5.011089425439929,-59.91995114911944,3.9805520058399577,-97.43316210815576,0,none
23.9812,8.081156611631183,2.098179437447508,22.47997594741327,25.73268946093528,-73.31393339791045,0.3114633453793947,0.3548657651617453,8.63598981936964,5.014503884148622,-59.91402489084124,4.124773035823431,-97.34941989329047,0,none
23.9979,8.304610806956074,2.5280217597465198,20.67271157806644,24.313506221233308,-66.64759071389919,0.7900321642595767,0.3684295601828184,8.635020273979267,5.017186029436767,-59.90787211718619,4.268977874398884,-97.26563288659888,0,none
24.0146,8.178574429679111,2.298422587928919,19.669607122859286,24.289580421269783,-70.02627359338265,0.4576746907184756,0.3787922388415686,8.633971932104904,5.020411520088609,-59.90154628679753,4.413165205665036,-97.1817920142134,0,none
24.0313,8.173695486821597,1.9088667802944248,18.10765695466692,25.226154788390897,-73.19079095962496,0.3393806935294084,0.3907790702499085,8.632393637079161,5.022786630849929,-59.89502027632436,4.557326179404258,-97.0979114774782,0,none
24.048,8.14891019318906,2.175566541424362,17.844762048277918,26.24229686107307,-65.50804188886607,0.538141641919145,0.4091093537735055,8.63671629455259,5.019226474601879,-59.88818815011634,4.701559341523287,-97.01409039535235,0,none
24.0647,8.003075393109398,1.929837630694043,20.26178724988202,25.016294383919284,-71.5925035603264,0.2945250808142016,0.4151521608779199,8.631476972867,5.025819877573157,-59.88125510902968,4.8457050069701655,-96.93015920339688,0,none
24.0814,8.089066522488297,2.074558644709244,19.116383828373397,25.473914846118277,-71.41711099438574,0.4850572299599854,0.4285736733926839,8.630487105245889,5.028677066263243,-59.87409792868402,4.989834141627772,-96.84618029639029,0,none
24.0981,8.157927522465911,2.189944322908869,21.287749330035957,25.765264426954257,-70.11098534713318,0.24150344131486,0.4433981142294649,8.63279770950599,5.028293303340858,-59.86669318017639,5.134001863376522,-96.7622077982245,0,none
24.1148,8.132252765115425,1.8590427523645623,19.963974554374868,25.200290676608034,-69.20031171825707,0.3343010348670386,0.457984146323013,8.631829643590072,5.03020465206582,-59.8590448449328,5.278153418424476,-96.678203380535,0,none
24.1315,8.031733268124356,2.3115517328117425,17.886773687722876,25.253959717161752,-72.70465744525832,0.4844820535225155,0.4712683380658578,8.632111677387106,5.032611637438991,-59.8511746636871,5.422309683436841,-96.59415876618976,0,none
24.1482,8.266463924340234,1.9437261325309303,18.49842982656994,24.610061148806743,-71.85317461568779,0.3573412857730605,0.4793379029119742,8.627601725858867,5.03772404656529,-59.84316972070847,5.566390632258684,-96.51002877461212,0,none
24.1649,8.043422646507775,2.03941862602518,19.9425724822302,25.42904528698133,-69.85604045817173,0.6785148011037923,0.4988439104572378,8.631012014635509,5.037192871604773,-59.83483902740383,5.710528532903097,-96.42590765365632,0,none
24.1816,7.99201185540621,2.0995673411271047,20.311564675630738,24.81614746580449,-70.74936716769497,0.3418609307462423,0.5076850616143656,8.627679425034717,5.041984641796481,-59.82636068687487,5.854610779301177,-96.34170651013832,0,none
24.1983,8.246734894187206,1.8658765504696275,20.378763357525035,24.82314814498557,-66.69195409132578,0.2879609296141905,0.5185462806882404,8.626890843817199,5.043232885707802,-59.81770096398738,5.998679856392924,-96.257484520947,0,none
24.215,8.105257027513225,1.8054634171516493,17.017493671742887,25.115876886684124,-71.71817819853159,0.4918838778536887,0.5312086564057218,8.624548786477384,5.048522003899685,-59.8088297794254,6.142709821127096,-96.17317420348188,0,none
24.2317,8.13950180561419,1.868797059531688,22.961142241887053,25.796220515303578,-72.78088023796869,0.2208680059906532,0.5502937914846331,8.627747724034386,5.048321954113661,-59.79963987310761,6.28679320811847,-96.08886722684818,0,none
24.2484,8.031147817681486,2.0876638248357366,17.657929586488763,25.88273952330205,-68.28249706842519,0.6250786161557881,0.5536059009758953,8.620257171981802,5.055663653548241,-59.79039465456131,6.430751502890566,-96.00443764383392,0,none
24.2651,8.153235804852402,2.0257556791529643,20.099039565674023,25.02326992440486,-67.08538136117177,0.5269698509910828,0.5769592381459168,8.6282138058061,5.051446439765158,-59.780759435284274,6.574842673447528,-95.92007848828985,0,none
24.2818,8.210068713298185,1.9188462560866748,22.03135409452759,26.27194175318068,-69.0061615876445,0.5938230129691215,0.5847848044163312,8.622197684283865,5.059157336334718,-59.77099352905052,6.718833374775069,-95.83559056077306,0,none
24.2985,8.07798708229586,2.0752771901932805,17.59781019058334,23.838316103166925,-71.91382989794072,0.6383395519201305,0.5978917114893041,8.621412487034796,5.061222512100578,-59.76100873746865,6.86281096330855,-95.75106814482098,0,none
24.3152,8.068076929672065,1.8381294465436444,23.51730042932757,25.037841271183296,-77.44453221985395,0.3275906697801258,0.6184349865672724,8.625098436298025,5.062106200935154,-59.75068087319298,7.006850107194727,-95.66653097126536,0,none
24.3319,8.066701283579336,1.8197106062224244,21.64594293576089,26.394729752931458,-74.5522976525961,0.6591697702329183,0.6216702320450439,8.620646797362491,5.06691528155705,-59.740298980317824,7.1508149087106805,-95.58191348606336,0,none
24.3486,8.084005085113073,1.660332984213153,21.3332923174776,25.584173950010594,-72.44488923285245,0.5326858484457394,0.6380194515049219,8.61901764072785,5.070905558318305,-59.72964405547769,7.294752503310836,-95.49722936323944,0,none
24.3653,8.262212419813254,2.024131332733713,23.471293654172964,24.42921222397085,-69.93339620687196,0.4649209669046661,0.6484538293709354,8.617836234377272,5.073401270318479,-59.7188148765272,7.438670368424936,-95.41250356202512,0,none
24.382,8.13177881861051,1.7345058747846178,20.37978857796306,25.11114311056002,-68.92586626782114,0.7459460911630587,0.6631256633465433,8.619515943110732,5.075780802682576,-59.70774067794931,7.582616284674885,-95.32773802262032,0,none
24.3987,8.156720411357018,1.9708167042304912,19.709036901690727,23.757782167840475,-68.13957516308626,0.4716816713151819,0.6777219651376256,8.617892815469126,5.0790225728641065,-59.69642272113151,7.72653509469322,-95.2429183456535,0,none
24.4154,8.027854156108067,2.3985036580486647,19.35533683310185,25.190244889473345,-71.23412264033401,0.3684782305481895,0.6887268745140046,8.61441411911077,5.085269905984019,-59.68492098232713,7.8703958104823695,-95.15799433822356,0,none
24.4321,8.14832612565825,2.038061484272421,19.59487112027816,25.26772330263419,-67.11815091584664,0.5057343215889084,0.7019994875243057,8.61443341724017,5.087410947377219,-59.67319759088547,8.01425684855028,-95.07303457540236,0,none
24.4488,8.098964974168283,1.926460286113228,19.313946162545303,25.62604976592444,-72.48254599269428,0.6372010320434724,0.7171122780761833,8.61500780725479,5.089535476553728,-59.6612218158416,8.158127478931435,-94.98803933294391,0,none
24.4655,8.077542597756016,1.8273493135460648,19.574425796850385,25.447881457644467,-70.0619285762066,0.2291022095488021,0.7292122453959142,8.611627936200088,5.095502750076358,-59.64904397134349,8.301941665465977,-94.90294443701764,0,none
24.4822,7.999224066781612,1.7765424132845011,20.351700529186136,23.647562374501515,-65.32505575391869,0.4646708369625874,0.7427620949363688,8.611992092000532,5.097893473736169,-59.63663984435805,8.445761933402386,-94.81780961600624,0,none
24.4989,8.126921541818524,2.1300405510218186,18.14839351935664,24.72376714765676,-68.50728775876092,0.4560355742993895,0.753201160507244,8.609528937424207,5.102590357246797,-59.62406138497758,8.58954106665737,-94.73259635704022,0,none
24.5156,8.249130697603032,1.9131581228235728,17.30973193922628,25.28589876778914,-73.55070294157717,0.6886745857422834,0.7687461733675247,8.60871207632494,5.106628393491179,-59.61122332388234,8.733306558331996,-94.64731566286892,0,none
24.5323,8.037954672065483,1.8428495608208,18.16287403899704,23.66045153496176,-71.57420229832776,0.392417496627153,0.7866079558810524,8.612140423841554,5.107798566426655,-59.59808697101913,8.87712930341015,-94.5620154268096,0,none
24.549,8.162886884825342,2.0478734566921286,19.662149052091117,25.380967185946183,-75.03130832832517,0.3682733622114588,0.7908337683459821,8.602952730775167,5.1156081908355855,-59.58488004708775,9.020798614014096,-94.47658477002264,0,none
24.5657,8.129680646604,1.8064782620490991,20.21336618938341,24.15064413073365,-76.60809237434908,0.623964835409505,0.8095726510525438,8.608294779118914,5.117111082653766,-59.57136018381517,9.164557136825382,-94.39112901494232,0,none
24.5824,8.164797383930066,1.937739665487032,20.28649928312254,23.98565771924732,-73.09800794573474,0.6669313601649279,0.8213753501638758,8.602391265790429,5.122822575086621,-59.55764321546744,9.308217070964082,-94.30557787793838,0,none
24.5991,8.037419999143292,1.9633804166736224,22.60478758054117,24.166055627744463,-69.67340846384874,0.60025021087356,0.8377593693171004,8.606831953523116,5.125451515258072,-59.54365263399984,9.451951164587918,-94.21998283763357,0,none
24.6158,7.995620192545983,1.863344081122136,18.753254818937773,24.60745894527817,-69.52891243640993,0.4372726272340863,0.8492510706303791,8.600693316240045,5.130577945707981,-59.52947014112031,9.595582742969126,-94.13430218594024,0,none
24.6325,7.902338289311875,1.9690711938381285,21.20652048259598,23.890791699556623,-67.67440604986517,0.5275364298807219,0.8635920585514024,8.602888253430985,5.133880983064051,-59.515048153742505,9.739250976801424,-94.04856637352307,0,none
24.6492,8.137387467327848,2.1774969106706124,18.13327484941321,23.889810658882,-71.86342949238062,0.4016395392432493,0.8745779555009656,8.597378197988224,5.140055836986284,-59.50044270188564,9.882827192707827,-93.9627274410454,0,none
24.6659,7.938596627934051,1.8443598053360484,20.50720581578186,24.522833913483662,-72.47803914522355,0.5890242665862783,0.8899543978951309,8.597015808830182,5.144202706973004,-59.48558046344079,10.026397356715291,-93.87681925583895,0,none
24.6826,8.092616852162791,1.6771729054115565,19.261324993036155,25.72076246971128,-67.67400326313772,0.3890827119182576,0.901931073633154,8.598891157301665,5.147795224998024,-59.47051821451112,10.16999883904223,-93.79085107558149,0,none
24.6993,8.162730357250604,1.873764915382936,19.693580865768613,25.207261162061965,-70.22258090747573,0.5472735997717865,0.9173601735014956,8.596749061504848,5.152794165643617,-59.45519829961364,10.31356454836936,-93.70479941301524,0,none
24.716,8.13049517569672,2.179553372032443,20.68714371885096,26.864223785122885,-74.49139916326212,0.8191687678722996,0.9268342891650336,8.593457658127615,5.157567266567464,-59.439720166984586,10.457075291260091,-93.61866803966356,0,none
24.7327,8.121414609311563,2.042711311378873,19.24079908682648,25.242957579264164,-69.77034389968652,0.7646471743383283,0.943150389085173,8.593370916386002,5.162788870578169,-59.42396955548686,10.600584585563738,-93.5324494655249,0,none
24.7494,8.132179854566234,1.6932354452369636,18.50423997439504,24.7243375301409,-72.3449711595931,0.7063063045016206,0.9548608197892456,8.590800434230305,5.1670214773054965,-59.40802337979638,10.744050952815384,-93.4461602068539,0,none
24.7661,8.101613339528111,2.070634198425556,18.89161273094799,24.824065080885983,-68.86516770553725,0.9767357743291722,0.9717756886799184,8.592278081026603,5.171686028027595,-59.39179472579543,10.887541996768528,-93.35979305018584,0,none
24.7828,8.165411222641206,1.88031837914492,17.323111401169232,24.948023653425267,-70.56445739499115,0.7049861011853977,0.9865116192188992,8.587847899655683,5.177191705545106,-59.37531998175447,11.030959056692778,-93.27333394870324,0,none
24.7995,8.169811317107484,2.0149425235251512,21.89496358011675,24.44361436654972,-68.62202979410608,0.6997024527793274,0.9953689067092278,8.585796222811032,5.18251492048743,-59.35869732101243,11.174341853613722,-93.1867859495311,0,none
24.8162,8.154056330010484,2.035725324200833,20.38261345142388,25.724704052339444,-70.83099716794985,0.0,1.0138247399189213,8.587620133797454,5.187079401220452,-59.34176644785578,11.31775510984814,-93.10016172353072,0,none
24.8329,7.967504830671716,1.5491473759475374,19.70667035460632,27.30579230305976,-68.94035049834291,0.4785956441824659,1.0272902135251123,8.584763483138092,5.192337014476722,-59.32461070128991,11.461120660016546,-93.01344969538896,0,none
24.8496,8.177367001358885,1.8142592909311108,20.13834566064537,24.739119086241143,-69.36929562292798,0.6141169690594454,1.0351656545724637,8.581820137443493,5.1977825931553285,-59.30732343485855,11.604437056311852,-92.92664672608326,0,none
24.8663,8.056058126124006,2.0997797951624406,19.64956826744663,25.090039239434294,-67.08662657176438,0.3899216438982241,1.0536373622765307,8.581738472019158,5.203143525716008,-59.289727690908535,11.747752088794572,-92.8397542292038,0,none
24.883,8.16822850784075,1.9910725782053624,19.716126456725032,23.97212046352105,-70.99819269728167,0.6444880476738504,1.0661063723830635,8.578628588756844,5.208573922515599,-59.27192371448974,11.891015186226811,-92.7527710446978,0,none
24.8997,8.089220634756073,2.2228328697154414,21.200734598600384,23.97656750909257,-69.79676842687016,0.4942210998380514,1.0818029223709411,8.57932620542265,5.214060606193582,-59.25385760568614,12.03428993385737,-92.66569623257436,0,none
24.9164,8.068888515660511,1.8593105680655135,19.772221694401185,25.43595056937216,-66.64264503674973,0.2568464351998606,1.0960758774111852,8.577652131518212,5.219478192650526,-59.235553138533376,12.177536724453724,-92.5785309467571,0,none
24.9331,8.127040329017468,2.095649869589899,19.815326867104726,24.004893741791676,-76.41399073705264,0.1326867565691549,1.1095026293714998,8.573723817568048,5.225276039804706,-59.21702444462287,12.32071791220711,-92.49126883689236,0,none
24.9498,8.307595709878015,2.0352095059080453,18.46109151090568,24.485521568797058,-70.09260127478676,0.2924419967483257,1.12158247735754,8.573340251503335,5.230783105374685,-59.198294017251,12.463892694407216,-92.4039147590326,0,none
24.9665,8.114485215237027,1.8579711798436445,19.35326519995741,24.818575086953377,-68.57010190950929,0.1403484294304206,1.1338875422278174,8.567471648059653,5.237630225446945,-59.1793580952958,12.606969470929812,-92.31644633426764,0,none
24.9832,8.099984563403948,1.9845519477068236,20.75833259707624,25.12222448708126,-70.6005614434246,0.4034288721925444,1.1519258158975123,8.574301454393446,5.241601516405887,-59.16012093417031,12.750160305218182,-92.22891158894366,0,none
24.9999,8.012490581714259,1.7704566088249016,18.783271594196798,25.729131653944897,-67.30221946743247,0.6555645135000927,1.1647551318441922,8.56760052491072,5.248823078595379,-59.14066952346851,12.893239233984191,-92.14125624353112,0,none
25.0166,8.114093331149846,1.9952997940639572,20.633021464801388,25.40306338621464,-67.80482634528823,0.7281498250203178,1.1790385673268184,8.56493304222377,5.254589337219231,-59.12097957939415,13.036273615789328,-92.05350460159956,0,none
25.0333,8.172963640185685,2.0394763004227645,18.497958144478925,25.826704119047797,-70.5660151675067,0.530141237506846,1.191507309118799,8.564320873549216,5.260843473101676,-59.10108140733187,13.1792977743776,-91.96564851559876,0,none
25.05,8.18675954203729,1.8461734267922685,19.998146890595187,24.932367718199007,-71.06945873989227,0.8026725776014489,1.2071876748841717,8.56319696961924,5.266600400691963,-59.0809213731613,13.322303163770242,-91.8776962889072,0,none
25.0667,7.964799824578237,1.8659006303814996,20.74872137507581,23.943223911177405,-64.69519644252921,0.7931242496424813,1.222506631992185,8.559918841121007,5.27336233216266,-59.06050551240703,13.465253808416962,-91.78963113796009,0,none
25.0834,8.062388099770454,2.0376118400033056,20.90989795868072,24.1729405716432,-69.59228245366974,0.5392068434164949,1.2351499352649649,8.559708678798652,5.278966881124058,-59.03987850848811,13.6082009433529,-91.70147239104531,0,none
25.1001,8.052504371629727,1.8763354134827528,17.14820852337377,24.750698251931272,-67.06355964434432,0.4672667521739096,1.2503081079065188,8.558107783825658,5.28517898472673,-59.01899836308607,13.751121343342788,-91.61320990200038,0,none
25.1168,8.176267104561168,1.6995383807299884,22.768638079825077,24.932990895213585,-72.00358528269915,0.3275536231254192,1.2660048318275994,8.555977463053921,5.29210114144165,-58.99785608239455,13.894006166975789,-91.5248318129383,0,none
25.1335,8.154114699541516,2.091374491608676,20.557369824024345,25.47884053513416,-72.61818592401225,0.4063659494852187,1.2771804465238248,8.553195129341248,5.298489960594991,-58.9765271689376,14.036844525635788,-91.43634703059637,0,none
25.1502,8.00060174164461,2.078388345635053,20.722036830425704,25.22334810726976,-76.19494742676054,0.6104003756149228,1.293684484915456,8.548930014722878,5.3059814296816885,-58.95492263803951,14.17961165688166,-91.34773714072068,0,none
25.1669,8.177488559248557,2.2840597824528173,20.315129991372427,25.96902054690055,-73.07638792090737,0.4055224301726735,1.3074140151282208,8.550265660479054,5.311708645187154,-58.93308882398687,14.32240109341166,-91.25903160634606,0,none
25.1836,8.078842181327664,2.150696727826988,19.545613608823928,25.450463715170255,-74.64842499468777,0.4193438988899839,1.324830829160366,8.548180717566286,5.318597878488299,-58.91096414913989,14.465155711395017,-91.1702110217753,0,none
25.2003,8.16821087207315,2.186523680311608,20.275186897849828,25.38520110853354,-68.43122644144356,0.3576600834864497,1.3359507245712248,8.545787104633995,5.325640653828673,-58.888653772039554,14.607870356042405,-91.08127282285636,0,none
25.217,7.989905687151402,2.027817746533204,20.501311607431987,27.44593184122502,-68.27221130799947,0.9874960093263244,1.3525299732536522,8.54489665818741,5.332650722409538,-58.86606652148622,14.750570130234134,-90.99221755579212,0,none
25.2337,7.957367167984104,2.2371073660213714,20.609261805732697,24.230320218781948,-67.41056941811286,0.3207412981829483,1.3640544208296383,8.539917993341378,5.338980669868719,-58.84328681265836,14.893186760722935,-90.90305657860532,0,none
25.2504,8.112647878318441,1.9704570383214648,21.46514230757698,25.40942817252641,-69.83995576053448,0.5454280016390958,1.3807523716365495,8.540060280419095,5.346533789180566,-58.82022824805203,15.035805767405934,-90.813769464326,0,none
25.2671,8.036318949497467,1.950090564515981,17.622090711186893,24.099552880778024,-73.71969943789848,0.4267971455062152,1.39629011881911,8.53751886248365,5.353967603154165,-58.79691020306775,15.178382332409411,-90.72435820535333,0,none
25.2838,8.143134961055209,1.8624717681485503,20.199482967477906,24.12183932234541,-68.3953118713438,0.3693178086322857,1.409097312299802,8.5321924829747,5.36079930574165,-58.77337827795235,15.320869946875089,-90.63483285694744,0,none
25.3005,8.151905520021966,1.9666899489843552,20.000123852691058,25.516950137361597,-64.36414188223313,0.8904515246500613,1.427008943293803,8.535980111020846,5.368353743563829,-58.74954722859934,15.463420814729137,-90.54518134942992,0,none
25.3172,7.997872984331318,2.261423560684238,18.5359398825008,26.21383225764025,-73.22271730818049,0.4886360809497146,1.4407224041881834,8.532317665450927,5.375310805297505,-58.7254871644494,15.605910519742167,-90.45541365898146,0,none
25.3339,8.121407070805319,2.19553557334934,19.745841873213138,24.790582140107944,-71.43491174934972,0.0905353379690873,1.452849796188033,8.526752920576529,5.383561638906176,-58.70122457285306,15.748307293515795,-90.36550817961172,0,none
25.3506,7.977119064054209,2.2953860942000186,20.676389320425773,26.073726499938388,-69.73476779341313,0.4974736861915511,1.4686061774742023,8.526609969942099,5.3902667261538655,-58.67669884968924,15.890701680013828,-90.27549072528495,0,none
25.3673,8.197518392481365,1.8898682761401848,20.718111674869853,25.814614869071352,-70.86213529397772,0.5369442114910697,1.4851510410841162,8.524930312875997,5.398917115098845,-58.65189682730313,16.033068016238857,-90.1853288094628,0,none
25.384,8.272742820040454,1.899614978535912,19.513203863427297,26.904943391989352,-65.56995690716097,1.0956782040511903,1.498862859822332,8.522101592857004,5.405063528394192,-58.6268658175441,16.17538711283957,-90.09506424853862,0,none
25.4007,8.061472849619806,1.9878508203477128,18.501120267429062,24.518905920644144,-71.2508176380104,0.5226165549683274,1.5147939779610338,8.518697267842647,5.414405425372814,-58.60156875811215,16.31764935721254,-90.0046436779349,0,none
25.4174,8.057685644928297,1.8904344238290791,20.62796600614373,23.35477966609616,-71.31281171350952,0.3260691569603096,1.5280733133987137,8.51639155279456,5.421308214661003,-58.57604993377839,16.45987309614421,-89.91410783075005,0,none
25.4341,8.167771886603076,1.9554456571952088,18.99252426294653,25.636694475862367,-65.14832512409005,0.4604608107570137,1.5460994577805485,8.516552190734982,5.429738815263567,-58.55023007283346,16.602099517729485,-89.82343119253515,0,none
25.4508,8.067424856878807,1.5444579178577975,18.444946516015573,24.455406649887063,-60.725967151700246,0.4872013136025759,1.5597570410661747,8.512387055981531,5.437979703558737,-58.52418213024765,16.744256381564377,-89.73261693148572,0,none
25.4675,8.139357805332297,2.391178334607103,20.726739035021357,23.69774644087435,-67.67808947842589,0.6217437529466792,1.5763954799807722,8.510239695156754,5.44548419126475,-58.49785632573197,16.886377384473494,-89.6416773454916,0,none
25.4842,8.18144411217481,2.2994735290113484,18.942752300059603,22.996227136153436,-70.96602107144908,0.4449529329623371,1.589287558812747,8.507732361907413,5.453758444502399,-58.4713152234998,17.028456514917348,-89.55059957946841,0,none
25.5009,8.097221522354614,2.002908560157891,19.66189548042545,24.80615167529095,-71.30615678168024,0.4586430453036431,1.6058187138391176,8.505871684575016,5.462091664587368,-58.44449805097869,17.17050457204975,-89.4593826486698,0,none
25.5176,8.072178638352726,2.3117755752658318,21.05756259180188,26.07322414600936,-69.55456851116675,0.7178993644194753,1.6232450034598531,8.504023908801296,5.470953247032401,-58.41738985942091,17.312521771326733,-89.36801772944436,0,none
25.5343,8.12778089882529,2.303730243699813,20.742680991687365,24.78986405298318,-74.81039743612449,0.6401289005097017,1.636006219848764,8.50052697271066,5.479280702405016,-58.39006855554943,17.454480571771,-89.2765137417142,0,none
25.551,8.013969155582982,2.112104481986117,18.255092137182128,24.9661082542476,-74.0398141130558,0.291861105844668,1.6524984799695814,8.497092366416117,5.487515225298408,-58.36247183093394,17.59638201429015,-89.18487223745171,0,none
25.5677,8.161135760622914,2.334234859156725,19.53304432680793,24.62308936683657,-67.9125632405342,0.2034756910914157,1.6685246627024577,8.496394047243198,5.495867288480626,-58.33460746906681,17.73827179487911,-89.09309125373409,0,none
25.5844,8.034127953184356,1.8669808725297767,20.78403262755358,24.297166354887292,-62.81960207906434,0.3336384033010262,1.6838207768379805,8.493575175008164,5.505156370392224,-58.306487662093616,17.880114500301747,-89.00115514234854,0,none
25.6011,8.199898408439182,2.1685907067510977,19.14067227936036,26.604252340540864,-66.7761552231958,0.9157198416756592,1.698454983610731,8.488807514109487,5.513927092349155,-58.27812346386732,18.021877585787376,-88.9090725599063,0,none
25.6178,8.076386142853753,2.351483592877315,22.93882248469821,23.383267961475276,-69.03030482712886,0.5125812677660306,1.7145205915518815,8.487819524120425,5.522589613610524,-58.2494909699884,18.163624171840187,-88.81684531335901,0,none
25.6345,8.058010812040921,1.9517728466737945,19.272527453485168,26.82852208552043,-71.09689935838624,0.6373880818100516,1.7302889737661535,8.486780849391446,5.531760798367249,-58.220595144126506,18.305353412025024,-88.72446490802628,0,none
25.6512,8.170892661444727,1.7672153195848057,20.13449465461532,24.42496435961094,-67.34116836639919,0.6069897107196249,1.74626443136965,8.481150780519497,5.540816838456787,-58.19143252812263,18.4469886300597,-88.63193326682405,0,none
25.6679,8.1229798939631,2.0814281192602797,19.361362505142097,25.44767496115061,-68.67483879559225,0.6192842101627595,1.7621880124756375,8.478682873164509,5.5494811891410505,-58.16200398831429,18.588582634041547,-88.5392569309654,0,none
25.6846,8.07019324410403,2.0972773998510643,17.718715598389657,23.032995676589305,-70.91851084863191,0.3488933792550183,1.779872972037196,8.479465824002617,5.558884810626748,-58.13228010968127,18.73018971330239,-88.44642355462793,0,none
25.7013,8.264647438277654,2.5126388401634285,18.65373837787829,25.517877691974164,-70.40721266272736,0.3279880659120534,1.7932993475685628,8.472693726652551,5.568625653595546,-58.10233201057687,18.87168369853749,-88.35342750621288,0,none
25.718,8.102760896256042,1.84092859199786,20.421376184885407,24.5330671445414,-70.02918348892794,0.4373851562576827,1.812564110059288,8.472342373572587,5.578120849489499,-58.07206218993888,19.01317181617615,-88.2602728880264,0,none
25.7347,7.989616507397388,2.0992798229706744,21.212903986238523,24.80125588317517,-70.41106193237432,0.494409078891883,1.8263974160163516,8.468366096415098,5.586735742406699,-58.04156135309141,19.154593529986283,-88.16697440112821,0,none
25.7514,8.063568761746229,1.9526347684196117,20.008459925611664,24.946285643518305,-64.89771718258866,0.6918584891257858,1.8408069362377948,8.465452688443486,5.597023655817777,-58.01081987725624,19.29596658988329,-88.07350410607606,0,none
25.7681,8.25665023694206,2.277390874936059,19.814431937283157,27.48363124277937,-74.99904092358014,0.3703836927705709,1.8619948171390663,8.464897129031838,5.606530492799718,-57.97972456381002,19.43733037193812,-87.9798750468463,0,none
25.7848,8.138254769972914,2.176329145107148,18.76848869928476,26.959431178789504,-69.48524781110999,0.4958788571716587,1.8750093732124835,8.459957868413392,5.616427518037336,-57.94841190727737,19.578611668340624,-87.88608070729508,0,none
25.8015,8.187217222400188,1.8901735114459892,21.56118053757236,24.30751299445624,-72.51098041441787,0.9035259967351156,1.8921011479286605,8.457744518195769,5.626522153296342,-57.91681381810696,19.719856001794493,-87.79211778733503,0,none
25.8182,8.257175522651668,2.4975443965601616,20.926858127449364,26.16950371930113,-71.29605924795334,0.1999265142937065,1.9072711293369269,8.453530041573071,5.635883330589156,-57.88496239024703,19.861029953488764,-87.69799853571419,0,none
25.8349,8.137315828392206,2.126739763522396,19.20543980414416,26.94358737117884,-73.68128809877695,0.8729556159614067,1.9244172279967704,8.450530656006649,5.645906562322833,-57.85282462253949,20.002153815444075,-87.6037118961234,0,none
25.8516,8.032133409338023,1.9393217039827,18.367642536860423,24.966508581723964,-69.24529663551291,0.1593729769301456,1.9425477271697076,8.44920809829311,5.65663806287001,-57.82038407549575,20.14325559068557,-87.50924604047347,0,none
25.8683,8.04512705997967,1.9785480872736387,20.09026406507205,24.083587248175167,-70.10835518186904,0.628449527711404,1.9568241885571005,8.44586797517349,5.666564038142599,-57.78770511154685,20.284301585870967,-87.41461442103649,0,none
25.885,8.078051467618785,1.9002789984721475,20.50928606871805,24.798128157737946,-75.12188448711399,0.5141278005326815,1.9756067119249927,8.44243808927537,5.6766872800214845,-57.7547124794577,20.425290301961866,-87.31981374346013,0,none
25.9017,8.0857029268479,2.187727091159547,20.303003657311237,25.77174085550613,-74.07672797562884,0.5232167274834684,1.991122735177327,8.439594979906413,5.687305201975956,-57.72146072978024,20.566231538126303,-87.22483574658713,0,none
25.9184,8.0956168621387,2.165808932038139,20.56797291782905,25.445726546002756,-65.78013152706102,0.4646930727893622,2.007634930095803,8.43574530004285,5.698023716594738,-57.68793322644764,20.70710848463702,-87.12967875052,0,none
25.9351,8.037336937217354,1.9715222457982784,16.075517871856064,25.816527474655587,-66.65783374833195,0.4831734333678632,2.024621891151953,8.432575103306775,5.70838306834944,-57.6541220408654,20.84793248886224,-87.03434875327856,0,none
25.9518,8.1799711266546,1.9185129040951947,16.62138037986365,23.89463043016035,-72.30931263593259,0.7970517232081604,2.043212927192454,8.429673967545076,5.718718454546885,-57.62000038498129,20.988708044120244,-86.93884615508763,0,none
25.9685,8.09986094460395,2.035098308634041,21.21575306405695,25.50040539469065,-75.05461872513021,0.5733458333828567,2.059612146313324,8.428416220323149,5.729972485788225,-57.585604862137856,21.12946259499964,-86.84315561457497,0,none
25.9852,8.090965911592804,2.0036519266127875,21.65002744736862,23.73932355098737,-72.90910723726059,0.5939060906109599,2.074635654913735,8.422695709188979,5.740694930211247,-57.5509584467008,21.270121613343097,-86.74728600924044,0,none
26.0019,8.167196764453072,2.125946188246595,22.68430199726597,24.98371305811772,-71.47996306651554,0.487537415367672,2.093981793997004,8.42046700838652,5.751976394036322,-57.51598895074105,21.41074341238315,-86.65122800346003,0,none
26.0186,8.063850311988011,1.9331341658459231,19.33550352441304,25.77726647325316,-66.45024062311764,0.4750230637315051,2.1093785080490544,8.415354682477753,5.76221941475318,-57.48076232965663,21.55127983558053,-86.55499893923366,0,none
26.0353,8.111825257497285,2.028379948559404,20.19419843110172,24.00339767936206,-70.39833635767391,0.308399267853802,2.128864217957799,8.414802126980188,5.774707359224688,-57.44521029721673,21.6918070311011,-86.4585613263346,0,none
26.052,8.158913137120066,2.1374098990345445,21.2539011089072,25.037023804822844,-75.42959059452922,0.3749940609450014,2.1436824396969545,8.409230836687478,5.784964387813348,-57.40941080047379,21.83224118607378,-86.36195242105812,0,none
26.0687,8.031217650320873,2.16108597845588,21.501144282662803,23.06806474193134,-70.00831966870243,0.7474627437354433,2.1622516329002424,8.407293676495222,5.797053789000519,-57.37330119820436,21.97264299047125,-86.26514162278181,0,none
26.0854,8.118905308400528,1.691960631211222,21.4287335622592,24.687868351684475,-72.13563702823801,0.7115678617313552,2.180970905789694,8.40390991028928,5.8077415797854455,-57.33687898407767,22.11298828597308,-86.1681523383994,0,none
26.1021,8.1127978834229,2.0906033749892106,18.93102797668185,25.68675781970205,-68.8097986799997,0.7260460650216096,2.1968775735180506,8.399246178652552,5.819347604845681,-57.30019112859992,22.25325569715658,-86.07096923339847,0,none
26.1188,8.031556833253486,2.0986353498341725,18.468631486339756,25.77426665148407,-72.79986109357975,0.6069067299956017,2.214425322476277,8.396533000454248,5.831388962836392,-57.263210225714566,22.393477798264165,-85.9735850377191,0,none
26.1355,8.032003521132992,2.045906492523688,18.96394259672394,25.51915965679332,-70.54437811900921,0.4551159966268034,2.2325975376362064,8.393991126159328,5.843558673360494,-57.22592584683604,22.533657450071026,-85.87599760787398,0,none
26.1522,8.354792549409787,1.7089362704831743,16.535468197650168,25.933932152772893,-68.60286628506975,0.6942898536305316,2.2505840525882967,8.38901563620747,5.854697573029906,-57.18834109315782,22.67375401119569,-85.77822415840438,0,none
26.1689,8.11522700768698,2.151024383195976,19.22051818108608,24.85095534553463,-68.27679180014555,0.5076815001559658,2.267036821477379,8.385551798142231,5.866624075584317,-57.150481578239145,22.813792726224666,-85.68025153634213,0,none
26.1856,8.093740821391432,1.8203222909978811,19.55998905828697,25.36100691632305,-66.63929357724967,0.5697556835168675,2.287894579627639,8.383399431030757,5.87938213377883,-57.11227373875936,22.95379549672288,-85.58206585470802,0,none
26.2023,8.196657036416047,1.960628658667552,19.944369427286865,23.57943450995177,-66.9930570910953,0.5640513290539305,2.3036766581522112,8.378902480082132,5.891223562900871,-57.07380233856822,23.09372316814025,-85.48368242120758,0,none
26.219,8.133448303167455,1.952895127749892,19.54718531765392,26.649217056360307,-72.79888911819829,0.3144414635744255,2.322668057718198,8.374483750276392,5.903567609130606,-57.03501378200433,23.233577046769867,-85.3850928421351,0,none
26.2357,7.979565364426637,1.78040835036303,19.885650069486275,24.495926167210676,-62.35187300200282,0.529898629217636,2.3403229635536484,8.370686429981324,5.9154446792090205,-56.99593038851298,23.373367510150555,-85.2863049159923,0,none
26.2524,8.124758973767031,1.7524012712096615,21.444728511552487,25.82816147039349,-69.9550152338794,0.6348451317151569,2.358747018050082,8.368304850242158,5.928458153915106,-56.956539313311545,23.5131182011496,-85.18729966482192,0,none
26.2691,8.19219179739271,2.290728652045328,18.965938092623368,25.76616767126445,-67.7367203428049,0.5029302353054247,2.376614294014573,8.363340034047958,5.941083240396618,-56.9168498546015,23.6527859797182,-85.0880835747073,0,none
26.2858,8.22142280300525,2.219005791369611,21.121025345228738,25.021284080437624,-75.14009985493027,0.4867329419574321,2.3947709423876806,8.360461844834184,5.953534957138753,-56.87685717986363,23.79240569252693,-84.98865954092308,0,none
26.3025,8.175976298021503,1.8324015451657047,21.501049197613156,22.839937091907373,-73.7628158106707,0.3051759878890823,2.414522289616789,8.356169523933662,5.966774295092783,-56.83653465762703,23.931953723576623,-84.88901441019503,0,none
26.3192,8.085120519924653,1.8530075501048893,18.26254752789021,26.763998956941865,-70.50252618671693,0.3835329713430521,2.431627502753269,8.352540048420394,5.979272457819807,-56.79592647833105,24.071441142385243,-84.78916056014944,0,none
26.3359,8.041538120396725,1.943577800951208,21.012545752261897,25.65453174879769,-67.53728548382364,0.5966630665447136,2.451582997757257,8.349546984226354,5.992375534294772,-56.7549850422685,24.210878577021823,-84.68908788872672,0,none
26.3526,7.956762548291581,2.1455697655632475,20.99691204827812,24.460816483909312,-70.92140813644046,0.3948976173325035,2.4700450976539203,8.34378696600492,6.0055784340490135,-56.71373528913768,24.350219819354106,-84.5887947288781,0,none
26.3693,8.176921537061197,1.784741241925314,20.087863056733536,25.588129521433967,-69.67660965682363,0.537713491109969,2.4869785503822417,8.34058622461004,6.0183558294573,-56.6722027473463,24.489507609305093,-84.48828818652616,0,none
26.386,8.135607242438402,2.1098993815129536,22.10390572886703,23.16528371068224,-67.28744844318734,0.4523157664290633,2.5079098097118826,8.338209366483728,6.032528292749447,-56.63032065352411,24.62875570572537,-84.38754496403725,0,none
26.4027,7.981997874494521,2.4183446925465337,20.88263678565152,25.938482432936333,-71.34146035589896,0.4857979178312998,2.526040261378443,8.331978019645069,6.045476707287289,-56.58813578115909,24.767899738653444,-84.28658550302555,0,none
26.4194,8.105257025518165,2.5051443664035697,19.121846921918028,24.7642256779338,-73.7259998684623,0.5215544374988617,2.5452898413183296,8.328110098001044,6.058900115253088,-56.54562944080907,24.90697917729006,-84.18540187110082,0,none
26.4361,8.03967915900362,1.7946351183514682,18.345314016686142,23.962812753427663,-64.59148500660508,0.6189837691198294,2.564691730267533,8.325649253180245,6.072939831290556,-56.502799088913605,25.04601751981817,-84.08398377591827,0,none
26.4528,8.17398392079883,1.7353386621767672,20.82114087394559,25.99808280762712,-71.9200835128673,0.2833304617463723,2.583124213696302,8.320063346562245,6.086605851009212,-56.45966091454488,25.18496257770576,-83.98233745820642,0,none
26.4695,8.212729735042602,1.896208211636824,19.854206823809267,26.21060671718642,-66.43379584343866,0.5023399000482154,2.601417059139266,8.315663656289248,6.099910287979029,-56.41621724965725,25.32383416076579,-83.88046895639717,0,none
26.4862,8.196668461168688,2.097029537632096,17.941881261868282,26.054296066138523,-69.0706795533752,0.4298454415828927,2.6219347696665185,8.31112087020656,6.114361555430497,-56.37243093900382,25.46262987929824,-83.77835911842148,0,none
26.5029,8.182207618956404,1.915123063848615,19.07384527982149,23.89999781742696,-70.1720481039529,0.5751272337580601,2.6433212552460423,8.30955587769211,6.128706996343693,-56.32828747404121,25.6013994624557,-83.67600971158254,0,none
26.5196,8.193814991682057,2.2124048919154866,18.29991962767511,24.566024088432982,-65.81276908530698,0.7364341447071585,2.660253555785494,8.302615155183284,6.142987969478761,-56.28386123965959,25.74005313554726,-83.57342181249224,0,none
26.5363,8.175652424233911,1.5678526903643544,18.02917629429251,23.320992399413573,-72.03307120890835,0.2843216050064413,2.6806087471404414,8.298801757210107,6.1570420424900165,-56.23909507358235,25.87864312489267,-83.47059921038266,0,none
26.553,8.09168450371733,2.172768738564862,18.82233082692115,25.24192472488894,-69.45815690324223,0.2418024758752344,2.7012162953622894,8.295689104004053,6.1717315266726684,-56.1939847614498,26.017181132929537,-83.36753129388723,0,none
26.5697,8.064247921591184,2.351418021729527,21.214678476674464,25.892264480295275,-67.51137939802369,0.5024249278967716,2.719945303017389,8.290335721924704,6.186120143877735,-56.14856167488941,26.15562973948568,-83.26422308748447,0,none
26.5864,8.051879688638714,2.161094974734201,20.19849454793524,23.97011175848368,-67.92116713116035,0.3336631410321526,2.740006690500141,8.2854043231438,6.200972346355699,-56.102803563158055,26.29399599168218,-83.16066684930033,0,none
26.6031,8.151931188712803,2.0762676776010465,21.75237847743705,25.53575786278094,-71.77686213330217,0.3151164665898823,2.7598602511492,8.281542171049349,6.215402872657105,-56.05671389696386,26.432297745938705,-83.05686962132695,0,none
26.6198,8.083387888269986,2.206702935995034,17.918107380376938,25.613182672124086,-69.37909387134611,0.3314788655825116,2.780848248408059,8.278327657587761,6.230886510787523,-56.01027373121545,26.57054581782042,-82.9528138165968,0,none
26.6365,8.061959034238827,1.75094370323426,19.3639313118476,26.121780653980384,-74.33552040272731,0.2257428976437665,2.8001773658644256,8.271270326539053,6.245453631004136,-55.96351076920551,26.708676032273623,-82.84851474095903,0,none
26.6532,8.148764035348028,2.618004751875723,19.873973782059803,25.298056961319475,-72.1035712934337,0.9816181334572398,2.820769602522999,8.268776761637131,6.260785255655704,-55.91640391684338,26.846764604192963,-82.74395962718958,0,none
26.6699,8.208425173286379,1.8593004976950505,22.277456382888776,25.003528639158954,-70.36929381220008,0.5198914181220848,2.8402192756392446,8.262918815235803,6.276496973635528,-55.8689722549402,26.9847553484074,-82.63914212772987,0,none
26.6866,7.954850668179772,1.840447209833235,19.38994105945393,26.301662513467942,-73.38740020058712,0.3033217192096265,2.862572952808021,8.258737663807313,6.291094746087967,-55.82116728662831,27.122676267392983,-82.5340808454702,0,none
26.7033,8.254194747791834,2.179756083982803,19.445387277559917,25.08651564233251,-66.7580394075923,0.505053796334063,2.8829097528794234,8.254834164106114,6.307391695607506,-55.77302269375522,27.260531997933555,-82.42874740415355,0,none
26.72,7.859097703664395,2.006999088636449,19.62476147278812,25.98191382564583,-61.93504085951496,0.7355366273200984,2.9025804092071725,8.249025931716748,6.322691366959081,-55.72454960092146,27.398290730993224,-82.32315845832534,0,none
26.7367,8.038929074077306,2.281694668055713,17.63336147887864,25.911313088924995,-67.62880764726636,0.3363796510696923,2.9230213706037813,8.243790904190117,6.338263846632962,-55.67573514403238,27.5359620390932,-82.21730945208657,0,none
26.7534,8.084865862125472,2.2517899719221703,20.726552552498102,25.843052476479755,-74.24632750057387,0.4577331095744583,2.944427391598506,8.24026210394367,6.354545595859794,-55.626563206592685,27.67357441622906,-82.11118854063571,0,none
26.7701,8.062488303797876,2.0644360973136373,19.08030389475431,25.75526782161143,-71.25463077649559,0.6635105825195295,2.9648584619283604,8.234824268324113,6.370548534465196,-55.57705007027848,27.81109598151007,-82.00480038011014,0,none
26.7868,8.299705762557988,2.0829240025108637,22.75786841545365,25.064439073826527,-72.42464939060181,0.4750555601390958,2.986342386897136,8.22855864147647,6.386191195467929,-55.5271781524173,27.94851291082273,-81.89815098714583,0,none
26.8035,7.96983619691904,1.892436336041376,20.496113865408287,26.31747541748877,-69.86036792915168,0.3787428274013766,3.0075216251492827,8.225439019403627,6.402988165906456,-55.476952541277306,28.08587774244677,-81.79122108477519,0,none
26.8202,8.12924280656047,2.026644242806224,21.296705931624125,24.979572204375035,-74.78892854577282,0.191152941408802,3.029087111744865,8.220554379673379,6.419411329023228,-55.42636678651117,28.223161000587314,-81.6840169155805,0,none
26.8369,8.232531402000546,2.1851699177957022,19.308676895949983,25.917719610511007,-69.3073158351667,0.831061541916077,3.05002642901078,8.214770185899742,6.435723196913391,-55.37543134514669,28.36034766269184,-81.57654033819205,0,none
26.8536,8.058722110292933,2.0539198403424104,21.151295797423924,25.130829717094603,-70.11266187575276,0.8018747404651766,3.0730352545547617,8.21122264230901,6.452376724906717,-55.32411165639562,28.4974750808184,-81.4687856468861,0,none
26.8703,8.044814578786971,1.7444273377952706,21.41234932095464,25.166923783811665,-72.46485546212641,0.482556268339413,3.0930325322614496,8.204294232564646,6.469255389275534,-55.272458013106856,28.63448679450223,-81.3607490818852,0,none
26.887,8.192939514388586,1.93085288617716,22.38528239984424,26.89476588934976,-69.56305931277365,0.3831933890997804,3.1147321885025385,8.199483735701095,6.485536294316328,-55.220441985558864,28.77141817288844,-81.25244062577012,0,none
26.9037,8.11423796644732,1.90549171098515,19.41954049372569,25.66786314993143,-68.24171719847834,0.3541241766876382,3.1376927374988903,8.195226157172693,6.503456630165129,-55.16804251684263,28.908278449713222,-81.14383290004636,0,none
26.9204,8.097481668327276,2.0849590314477244,19.469474468781,26.667352564655552,-73.73166648623678,0.4053433487311689,3.1580873064625568,8.188302138795597,6.520350229381503,-55.11530245882471,29.04502309543111,-81.03494305121569,0,none
26.9371,8.036561268643824,2.025149216667431,20.702894025420964,23.549673790675147,-75.06152819775886,0.7921312339788306,3.181678578732704,8.184815354851496,6.537562214437194,-55.06216842655987,29.18170951185713,-80.92576576223459,0,none
26.9538,8.133732515211731,2.083902289350046,20.83381447724425,25.349457554388096,-69.5412777897761,0.3813953272143364,3.2011726132848315,8.177642829662679,6.554891502372788,-55.008708843918015,29.318276147112496,-80.81629907414496,0,none
26.9705,8.034005291450901,2.061022584389883,20.075007500021343,24.4704020376261,-73.55010078503886,0.8781253102936748,3.225947399884658,8.174550430641752,6.573153307193863,-54.95483552233994,29.454791139304213,-80.70652741391483,0,none
26.9872,8.081424521241159,1.8118442947150613,20.15603510616824,24.02534952086711,-70.90981365083093,0.4618025736628905,3.247170066748782,8.166866581069275,6.589834683206117,-54.90060778222524,29.59117781120807,-80.59647717470529,0,none
27.0039,8.289401560311891,1.9047020218395203,21.165358416449717,24.462139235881416,-66.85581877396734,0.3099984468426067,3.270601312157812,8.162940139579515,6.608132400748718,-54.8459887403122,29.727498911539048,-80.48612136361278,0,none
27.0206,8.098261127277949,2.068931376919245,19.98474781597247,24.382167676598065,-69.15970179090198,0.4377755118776118,3.2917133388012783,8.157206416986432,6.626115058915259,-54.79101712755422,29.86372425870272,-80.3754652421289,0,none
27.0373,8.208427985453412,1.857628051555912,21.35114217153385,25.438778943278223,-67.11306490162607,0.4679102754712468,3.3164136942684967,8.151061608242095,6.644822806734311,-54.735633018859936,29.999846987560364,-80.26449670125643,0,none
27.054,8.125366582933914,1.88436531652216,19.293340575684077,24.707597175590895,-69.62667411058732,0.6966453626206377,3.337775512863823,8.145703996844533,6.661922243224724,-54.67989216779511,30.135880244307668,-80.15324259979458,0,none
27.0707,8.078059274548497,1.8029828640997525,18.162257086511097,25.696784931408107,-66.54832415277095,0.537798910902074,3.361933691113641,8.140137356398371,6.681609513406558,-54.62374787515351,30.27182053815952,-80.04165972092069,0,none
27.0874,8.087311506989924,1.975413843093943,18.340015144121367,24.08004505184431,-73.90036340670163,0.7357481090910808,3.383711848836081,8.13501956780046,6.699137223458575,-54.56723988727795,30.407675364941788,-79.92978412928893,0,none
27.1041,8.135276552689378,1.9327535403423093,17.322122596475452,25.91841870967929,-74.62624197454251,0.5619474218496245,3.40792228188402,8.129788074592962,6.717862152242675,-54.51032758517049,30.54344282578749,-79.81759583134648,0,none
27.1208,8.02901955324665,1.7539976905167964,19.80965126048305,23.97276100609795,-70.72109341119891,0.5468649924692132,3.4286716207591774,8.121513379653441,6.736531032228704,-54.45306876910381,30.679072099227703,-79.70509576310826,0,none
27.1375,8.105174173016003,1.9655389008590745,20.16497740014081,25.1047570774018,-75.17843877284045,0.6211961008858964,3.4541479492772145,8.118197465386869,6.755981649073345,-54.39538449835088,30.814645996899664,-79.59227086956874,0,none
27.1542,8.228698676904255,1.9441307684920373,19.83822547153816,24.7886941984592,-67.31405276513793,0.6594694405328969,3.4784818547119056,8.111227097551689,6.774665293486446,-54.33729385137719,30.950103489428777,-79.47913395916751,0,none
27.1709,8.147777525821029,2.111771238137854,19.67217060550505,23.98562754710075,-67.48006508592623,0.2862568775641951,3.5001425634515364,8.104858782156295,6.794644150113595,-54.27884147056755,31.085454631090787,-79.36566340186062,0,none
27.1876,8.20755652000322,1.8281119908008785,19.48129563950711,25.10798208104996,-69.74333756011889,0.8055979422431259,3.524429717151396,8.099395272686467,6.812692904615407,-54.21998349429112,31.22071453214465,-79.25189143035354,0,none
27.2043,8.09735978074058,1.9224233002535027,16.7650738354442,26.499457253849947,-65.72273812841208,0.3289282884601746,3.548830282644265,8.093764562468222,6.833882457063359,-54.16071802857096,31.35588040033787,-79.13776559332058,0,none
27.221,8.232140051533191,1.6848400254854967,21.50363020978872,24.650782729486927,-72.03492502502787,0.4052604905463922,3.572998367065616,8.087469205800907,6.851855984586406,-54.101048955840966,31.490941136074746,-79.02333959837799,0,none
27.2377,8.216573789113356,2.4360336296925693,18.96396854235333,23.238904236369056,-69.97914832625496,0.5739274857452941,3.597116768158324,8.082279129695493,6.8727528290786,-54.04097710581272,31.62591519754066,-78.90856462613237,0,none
27.2544,7.951906185943043,2.0382314251555886,20.896936118206725,25.605540630012094,-69.01128826014397,0.5386039763852561,3.62109822714393,8.074474063984093,6.892562351615951,-53.98050476541942,31.760758914409195,-78.79345883486039,0,none
27.2711,8.090416660940996,1.9189145343119496,18.76255472567499,26.41791918139321,-71.17229092653162,0.3923943796378151,3.644295506111423,8.068333665670208,6.912703240944662,-53.91964503046736,31.895500086625887,-78.67801669073661,0,none
27.2878,8.076835122227605,1.821109867266196,19.779697892383783,24.66923902309571,-72.1984295009604,0.6642885644114868,3.67137341877902,8.063523687254163,6.932833285925889,-53.85833309437375,32.03016093220303,-78.56223837486165,0,none
27.3045,8.106130233460869,2.108035178879328,19.25624504228617,24.26567566889546,-72.61511991205191,0.1223917531849678,3.694536573537639,8.054990174038451,6.952530779032399,-53.79663433359567,32.164679268109474,-78.44613111085181,0,none
27.3212,8.118045828843028,2.254520273512019,19.189489902711628,23.88196365561021,-69.81237340013617,0.3448419649475231,3.718949858308807,8.050001489730487,6.974079453001906,-53.73452787096191,32.29911429298797,-78.32966398398668,0,none
27.3379,8.133267120571878,1.7271884461653828,19.24118010424801,24.94564936761765,-73.39948210559474,0.4404693325110295,3.744084262657493,8.04365877302994,6.994597791126028,-53.67200166377553,32.43344339449757,-78.21285420087487,0,none
27.3546,8.229816166604003,2.0809996962436808,19.21912832754208,24.347212148179967,-73.68982393849709,0.5992236855782012,3.76959845713266,8.036937566501223,7.0150304253213,-53.60904936954142,32.56766025185814,-78.095703192772,0,none
27.3713,8.049676373522045,1.7971611175874678,21.33494137969369,25.213035973734613,-71.38622834428969,0.223147174080921,3.794312887627329,8.031333587791641,7.036687140302314,-53.54568434431804,32.701783522774264,-77.97819051752896,0,none
27.388,8.032601557188377,1.7526851467548872,18.673078345948205,26.225578047073437,-68.27233687119774,0.5486516990595842,3.820491748274656,8.023811801304086,7.057649262833025,-53.481882132121854,32.83578117985604,-77.86032777483965,0,none
27.4047,8.106206222327826,1.86932092475612,17.985863486391533,23.45079302617509,-72.95422980624373,0.7726371951054207,3.844594811449762,8.017005115675007,7.078710123991442,-53.41767739877064,32.969665165287815,-77.74211331576899,0,none
27.4214,8.104654920309759,1.809985090572671,20.762447746182872,24.82644291602659,-65.52237981610524,0.2403281236879119,3.871619151925779,8.01154973483386,7.100094787800234,-53.35302135893348,33.10345804585954,-77.62354173281273,0,none
27.4381,8.053007271946157,2.165120409520952,18.128400116630186,24.67007144975977,-72.57313146708832,0.4190018760666322,3.896897234187146,8.002858176383283,7.122008508314005,-53.28794317512256,33.23710577740514,-77.50460419072388,0,none
27.4548,8.083763369864794,2.221012394784093,20.958034002984245,24.87351944718517,-67.84564129608376,0.3423471224646074,3.922240051290724,7.997874419121183,7.143760407908796,-53.222441766266,33.370670280204465,-77.3853033919118,0,none
27.4715,8.020216180472547,1.556253180883304,18.904005843176822,23.57464435888281,-70.88098141560087,0.508523883305042,3.948530689486599,7.989643433667354,7.166053487988231,-53.156501303751575,33.50409732554671,-77.2656302986624,0,none
27.4882,8.285490075707424,2.117285658636607,19.57003603632545,25.674166984242987,-68.65338159401249,0.7051556747520898,3.974750309064103,7.983752296071455,7.1876623913475965,-53.090122973590205,33.6374259888911,-77.1455963367269,0,none
27.5049,8.146061258065345,1.8252460117517504,21.79572567642529,24.3851776204503,-69.44861238554286,0.7777149713067544,4.000347306795683,7.976399142507999,7.210250025270703,-53.02331717356672,33.770631854570986,-77.02518516130488,0,none
27.5216,8.065777949891585,2.117550835479139,20.20537937218713,24.73563515581128,-75.31493333584596,0.3287512144880761,4.028288445301874,7.9696438714126,7.232897139063195,-52.956044756530176,33.90372490722358,-76.90439577908252,0,none
27.5383,8.140054177106657,2.219586153263708,18.156072762793624,26.40045634808035,-71.21405929627764,0.6848617761984427,4.05309040556877,7.961513271607095,7.25493494900286,-52.88835814675718,34.036682178859415,-76.78323836543417,0,none
27.555,8.027402570888515,1.6488942769117676,20.404917590142556,25.199556221354825,-72.16445614386383,0.3002559747750367,4.081171676182396,7.956106987714304,7.278019618532411,-52.82020257976493,34.169549165554244,-76.66169543780468,0,none
27.5717,8.115733377975566,2.062917196410696,19.394769585504527,26.13197865250024,-67.69622839722551,0.4959591593337975,4.107357469864096,7.947377720071048,7.300673502909635,-52.7516097100182,34.30227037347943,-76.53977419030609,0,none
27.5884,8.133191144401495,2.2225546426774656,23.519568458570134,26.199316080209076,-73.56449587876654,0.6145189462626937,4.133935956061693,7.94064609614764,7.324031325170491,-52.68257297955197,34.434879163285096,-76.41746286717574,0,none
27.6051,8.027954823120984,2.174448646587842,20.51422174776209,25.44501358340228,-72.54796905851099,0.2475684648212271,4.162094689405734,7.933224693818397,7.346858798306147,-52.613065998238895,34.56736401567186,-76.29477032524403,0,none
27.6218,8.14246653468666,1.7391377316094492,19.12830559499676,27.068642671896267,-70.45118562801055,0.4418517906730212,4.18840250349202,7.926028485679845,7.370436920775045,-52.54311967643058,34.69972869138272,-76.17168402866709,0,none
27.6385,8.07505790452877,2.092249493525369,18.09298189147725,26.03307648337248,-72.13371289762826,0.4767546102778188,4.216706312419491,7.91881180304686,7.394898173101783,-52.47270068101317,34.8319728484936,-76.04818922917629,0,none
27.6552,8.178842941187252,2.095043318890728,22.030640621342595,26.2619061871215,-72.23709768769578,0.4348520882912822,4.2442750082267775,7.910037061224184,7.418139704989115,-52.401821288375785,34.96407046741604,-75.92430629610297,0,none
27.6719,8.09315602407728,2.2358459426949304,19.999728208211646,22.21286014394268,-69.78570283411906,0.7008769773538193,4.271188862189124,7.903638969985096,7.441953283164788,-52.33049243437723,35.096061238214794,-75.80002567627412,0,none
27.6886,8.07839404435501,2.0903500006423066,19.36931725267764,25.801548689242548,-74.35001262876638,0.4056961778832128,4.299403712183813,7.896350803150824,7.4666986849932195,-52.25869239238376,35.22793029662741,-75.67533180823473,0,none
27.7053,8.112688301251316,2.286922966821147,22.576416818665106,25.79502850569273,-70.0042438138546,0.6609885745527587,4.328199601453107,7.887961577634718,7.489867973680917,-52.18641145903949,35.35965925497391,-75.55025101307426,0,none
27.722,7.965778599096361,1.7057021661803675,20.25344661739985,22.65883688407912,-69.76446798286847,0.2625841890437906,4.356094448632332,7.88134553640597,7.515284066904358,-52.11366468174733,35.49127772543189,-75.42474576915696,0,none
27.7387,8.01471139078497,1.9652820267109212,18.61794404795107,24.82915299547545,-67.32386395230172,0.6114103861129152,4.383255697131951,7.872298766624546,7.539532321457107,-52.04046431160523,35.62274511483452,-75.29883557938862,0,none
27.7554,8.007013805737431,2.0673393147322003,18.03716430500821,24.354108776737995,-72.63145166997326,0.5329715192628931,4.414241641399967,7.864978825220287,7.564347391231521,-51.96674647619385,35.7540902612157,-75.17251097795506,0,none
27.7721,8.130382877291282,2.2476014327486213,20.89538151676108,26.31948096870865,-69.44358397917766,0.6874606895215474,4.441028690422485,7.856513878965864,7.5894996492339315,-51.89258129706379,35.88529404299443,-75.04576633381285,0,none
27.7888,8.080989042097967,1.93715430982877,18.759782038425225,24.436019505398303,-72.57062370936755,0.4633104489650765,4.470492671685748,7.848087570033341,7.614446262547467,-51.81792406944664,36.01635710541399,-74.9186050812283,0,none
27.8055,8.115497834133302,2.0364379815110296,19.05994783591777,23.916706882965727,-69.70224482994098,0.5769506422472831,4.499066137347898,7.841476192923265,7.639379028050227,-51.74278966495293,36.14730975783581,-74.79102745145987,0,none
27.8222,8.147466383646771,1.7755652158772253,19.459200318279844,25.31214697010794,-71.75464086262878,0.0711475880865156,4.529758337000855,7.833035731478818,7.666122495741733,-51.667142700725016,36.2781214545515,-74.66300320578098,0,none
27.8389,8.045942400038859,2.266648121566538,18.07236437607845,26.41606383940156,-69.41342594340745,0.5664987313426524,4.558268020012733,7.824423962409146,7.691274554770053,-51.5910196247908,36.408789334723735,-74.53455892071632,0,none
27.8556,8.244978016960413,2.011080118634228,19.73531023706165,26.21483397366277,-71.10613568452543,0.7180654166382502,4.586954553233765,7.8155126799206975,7.716598567505215,-51.5144174837518,36.53930839647841,-74.40569172463898,0,none
27.8723,8.082375534543269,2.134003816166111,18.92696846371699,24.54909274323025,-69.17867064704086,0.5736851752020986,4.615861561495496,7.807826592963812,7.743310483139786,-51.437332595674825,36.66969910058091,-74.27637843957055,0,none
27.889,7.944941777795518,2.052156306988207,20.29897616074493,25.449368248423937,-61.37116701643616,0.545827223180447,4.647637501865368,7.7996996228246145,7.769513106176375,-51.35971704939367,36.79995408428208,-74.1466275706974,0,none
27.9057,8.117416208765047,1.7555760263343356,20.74112246986343,26.132026276821296,-73.33781473292507,0.6510777563094005,4.677986459384528,7.791180452640309,7.79612563830146,-51.28159467552195,36.93006679784117,-74.01643227253777,0,none
27.9224,8.036942452096257,2.116841693962712,18.56453811419636,26.00806444352728,-73.94008751690697,0.7522187945532739,4.707295297743014,7.782392353812337,7.822644746295146,-51.20298284404964,37.06003275014984,-73.88579410527464,0,none
27.9391,8.153043515085448,1.8705082319116149,17.199346510807594,26.11971032922846,-74.36493511589106,0.5291868183307993,4.737294417622225,7.772695838291653,7.849004160512705,-51.12387002727535,37.18983677064931,-73.75471573579408,0,none
27.9558,7.951609700552859,2.301872492052629,19.048806410604637,24.81628175625288,-71.1248175624979,0.0467575577158346,4.767880526367787,7.766018168016182,7.876402484602088,-51.04424642248501,37.31952927405518,-73.62317981430122,0,none
27.9725,8.167134525223352,1.8663736603423688,18.91820241302824,25.28632343605969,-69.46073481425313,0.6260536625186317,4.799089915862143,7.75732047583267,7.904284476945927,-50.96410162089011,37.44907652600158,-73.49117826353623,0,none
27.9892,8.120059780542894,2.1612408314632416,19.57577436443355,24.810196747087144,-71.64777596365523,0.4090504503259436,4.827921941760721,7.74577983408105,7.930450992976482,-50.88347532446271,37.57843104923074,-73.35873973195352,0,none
28.0059,8.08436318360766,1.6984567732230116,21.285249988446417,25.244973202002637,-63.98588845822649,0.4092607428484381,4.860656616063289,7.739285125026896,7.958114294282241,-50.80230235897445,37.707677110818686,-73.225839223239,0,none
28.0226,8.044914953437043,2.2554601745025,21.305815846587844,25.52132348663964,-69.34095385368711,0.5215513747054212,4.892552889960362,7.729232500783288,7.986417615420422,-50.72059672571211,37.83675529358177,-73.09246604906149,0,none
28.0393,8.125043083526108,2.322131393162936,22.414873593003023,28.914898948970983,-69.58564536273317,0.1525123030579693,4.923348686604212,7.721367767111629,8.014314367275398,-50.63837680264582,37.96570213529253,-72.95862699912799,0,none
28.056,8.135434813933006,1.8933955784594445,22.26815147958468,24.18043023594409,-69.58220596955613,0.2993116228908349,4.954871163499843,7.711715414051033,8.043254334960105,-50.555630454215375,38.09448778270718,-72.82430465173415,0,none
28.0727,8.160777450226167,2.195333530706227,19.363098734621744,24.542511434271287,-67.9849139649303,0.586708384158212,4.985524227288164,7.70213076064965,8.070553247960733,-50.47237219961966,38.22311336641003,-72.68952641249321,0,none
28.0894,8.116540150550197,2.189123733771478,20.979843876253188,25.497832002187558,-71.78779193454909,0.4940944314844674,5.019346910407239,7.692909043412103,8.099542792285877,-50.38854910621586,38.351584947435015,-72.55426404786203,0,none
28.1061,8.06099738454925,2.2512863980935025,17.86805254723238,24.21767371933245,-69.77433503227971,0.6371312783483585,5.050113183469426,7.684472396879689,8.12814089311395,-50.30421221605192,38.479915636462906,-72.41852409494703,0,none
28.1228,8.115906491506552,1.64040930108539,20.62164966003804,24.75047708925545,-71.10101190647683,0.4885609616303126,5.083785177120518,7.67469455404111,8.157304617552034,-50.21931300359401,38.60808303551539,-72.28229710783391,0,none
28.1395,8.097822951445586,2.2421559876809978,22.51245804444605,24.41222378213557,-68.02749325654207,0.3670097502817698,5.115030901705127,7.663896638847856,8.186215133912594,-50.133891987535534,38.73607010938415,-72.14558731509757,0,none
28.1562,8.176012848806383,1.929959655192084,22.13992387119921,23.781422526169944,-73.02400186469406,0.4378516526341427,5.148433988282845,7.655815509970197,8.216300092911837,-50.04791313993121,38.863922228400654,-72.00837510354594,0,none
28.1729,8.194116324308501,1.9789022784097017,21.43516571671232,24.492004006553547,-70.74535965909763,0.2331336493986256,5.18141314376174,7.6460148175306575,8.246031603410378,-49.96138354043039,38.991610675853416,-71.87066637576899,0,none
28.1896,8.032217412222554,1.968855544493278,20.843888711215268,25.199649823636975,-70.89365029879062,0.9789522539926452,5.212915949876545,7.635872085762362,8.274499015112928,-49.87432784406745,39.11912973968565,-71.7324822422166,0,none
28.2063,8.117364358126348,2.2276901660445008,19.15803476981165,24.005047402466428,-72.48084243719933,0.4909560179216974,5.248028924585069,7.625912412489959,8.304575494451763,-49.78668576102688,39.24648247697423,-71.59379583145926,0,none
28.223,8.095277567122395,1.982161043619604,22.109424368668503,24.086105300915587,-73.87078462939566,0.2608595976213912,5.279673852420573,7.61598784207864,8.335782678841838,-49.69851520769146,39.37366947393694,-71.4545882607226,0,none
28.2397,8.032279287029164,1.842496069137332,20.651342530113475,24.665915233186336,-67.12654262401537,0.4421407951063648,5.313884574064447,7.606363740032986,8.365811982226724,-49.60977333530458,39.50069574839549,-71.31487920061942,0,none
28.2564,8.043551535142136,1.9431847934241384,17.609676748150292,23.12947198454093,-76.05491231760593,0.6838763823793526,5.348910501544356,7.596128027804685,8.396235327048641,-49.52044652992879,39.62755108645983,-71.1746620706577,0,none
28.2731,8.012718298691484,1.8880633428735365,21.33809368662273,24.808393884088478,-71.96712759490005,0.783220768846115,5.382239900247801,7.586657983320416,8.427658949304083,-49.43056312359465,39.75424827478128,-71.03392016620433,0,none
28.2898,8.171676997363488,2.4614655819051627,20.46900101680117,23.226375313046045,-68.1415009854233,0.6143953278117682,5.415388330152178,7.575835649524451,8.457641200107366,-49.34012613848111,39.88076473012834,-70.89267755816253,0,none
28.3065,8.100301033182838,2.002213363372764,19.63026708524335,24.937743385965145,-74.05150007048586,0.3451358831874446,5.451268005757696,7.565369968145949,8.490426809240471,-49.24908996278496,40.00710640859638,-70.75088743044822,0,none
28.3232,8.00597165954616,2.156044215744073,18.78786298582427,25.453851418176782,-72.03325724498943,0.7259274920839623,5.484069045799302,7.555998936886922,8.52030650256965,-49.15750600972011,40.13329159084239,-70.6085983118553,0,none
28.3399,8.092850646154702,2.281021146831273,17.99405149555181,24.438908330923837,-71.63028876154307,0.578533901882053,5.520719995464209,7.543697173245423,8.552526732253948,-49.06530998579586,40.25927133363559,-70.46577111542666,0,none
28.3566,8.192428683310407,1.748812267541891,21.5198564670846,24.14718942288364,-70.47997736780766,0.417725438887958,5.554781031049406,7.534622372448407,8.585401914281519,-48.97254514257733,40.38509952725548,-70.32239490345816,0,none
28.3733,7.977346460357556,1.852027729216668,19.439970420298952,22.135535116254964,-67.57455261584465,0.6842273449227547,5.589816423795039,7.524044321983891,8.615569059748212,-48.879195208299954,40.51075106743261,-70.17851490016037,0,none
28.39,8.108848152838533,1.793574084072517,19.94463515960492,24.55350582077043,-70.02927759818076,0.3299856083882886,5.6253082292841725,7.511912910076601,8.649633215220193,-48.78525256087091,40.63620001303089,-70.03406602546619,0,none
28.4067,8.028282473952933,1.965660458298211,17.397981868404123,24.640927379532656,-66.48935166690603,0.4840444604166523,5.660977295908471,7.502450447113956,8.680997706730357,-48.69071424002924,40.76149093549769,-69.88909336376379,0,none
28.4234,8.16459102079942,2.2088183509841954,18.581914863902284,24.27913938954526,-68.19342709783149,0.3793565069713327,5.697770672618971,7.491495964180745,8.714643222241264,-48.5955614697965,40.88659891809951,-69.74355882195236,0,none
28.4401,8.20062760593487,2.340469451141137,22.538241554179717,25.1546586859292,-72.25463723915867,0.5863617312086808,5.732864890463329,7.480691618380013,8.747016491015414,-48.49982262612576,41.011526468126455,-69.5974836465524,0,none
28.4568,7.928135122971431,2.133141149849087,19.6999004763041,25.554787317131517,-71.6169456034741,0.2337441360856776,5.768155849406787,7.467667417720309,8.780121233212446,-48.40349442344067,41.136236514002384,-69.45085562195776,0,none
28.4735,8.012418833891388,1.9637464792903825,20.74821926308574,24.527600563540336,-64.21655928611722,0.5304312838659855,5.806243829164753,7.458610134484346,8.813982033970973,-48.30653015149362,41.26079530324827,-69.30366212199044,0,none
28.4902,8.126982861026944,1.94072628617592,17.573937893010434,24.011585809215592,-69.5444640847324,0.618668210653022,5.841526556710585,7.445705192749134,8.848017154469618,-48.20897665799655,41.38513857996718,-69.1559002355108,0,none
28.5069,8.031578151484045,1.8319017322814644,20.28434974508486,25.697844080837097,-75.49344249024128,0.4061891549175319,5.8784666578665865,7.436786432312365,8.881666463647328,-48.11080626481018,41.5093329133868,-69.00757640556789,0,none
28.5236,8.140124581039736,1.958908843744304,19.39430688001094,26.55644691629963,-68.82217503393683,0.0582666259133597,5.916564212472985,7.423055317553135,8.91546000135941,-48.01199964246188,41.63329793718994,-68.85868822354519,0,none
28.5403,8.249689997846382,2.0791195003545853,19.1293847971391,26.084947503612128,-73.09528374601756,0.6675260675536551,5.953018961275921,7.412259363835652,8.949709437195269,-47.91258422580857,41.75708266856599,-68.70922807594403,0,none
28.557,8.105477908256377,1.973975287501939,19.17273077585997,24.06273771195709,-64.70709753745999,0.4813207920474154,5.99079850114671,7.401168717902045,8.984844092794276,-47.81253789083942,41.88068218615496,-68.55918117959436,0,none
28.5737,8.048092187559975,2.164071831001519,19.2877765208677,25.404321653190426,-64.91163331882964,0.4923850651238194,6.028330925908604,7.387976889475823,9.018633642217218,-47.71186476437675,42.0040614002092,-68.40856999776933,0,none
28.5904,8.182563020509908,1.9383442647502975,18.8703760485676,26.8145647929452,-64.88126635491255,0.4824150752896743,6.065570080988585,7.376818571156781,9.054010493816484,-47.61056974402424,42.12725427034752,-68.2573680225226,0,none
28.6071,8.185930060721448,1.8762606823917125,21.93893014440479,25.210117128897277,-71.6270704713266,0.1523200640232788,6.105150763222348,7.365359739056058,9.08995763453276,-47.508613726278426,42.25025577798976,-68.1055657300259,0,none
28.6238,8.209511912613397,2.0463522263165834,19.99649070936029,25.74399879619933,-69.74327099857894,0.6292082238152901,6.142639854560313,7.353171513219133,9.124759543416207,-47.40603164070727,42.37305374226052,-67.95318224565085,0,none
28.6405,8.006305076140665,1.991950299432492,19.465657330845165,24.982133319301248,-72.24480778277928,0.3395704193860104,6.179624358770004,7.340342820266112,9.160259869752124,-47.30283191391581,42.49563746735896,-67.80020590582599,0,none
28.6572,8.185030204790614,1.8316325714390564,22.760581171241277,23.78008517243328,-71.82559256311079,0.5735505329044446,6.220549580477322,7.328759583010042,9.196772917178208,-47.19894873592184,42.61802775239523,-67.64661979810911,0,none
28.6739,8.136264253144583,2.497672507041265,20.29817067938713,25.82254072283552,-70.40104829273191,0.3053873407555819,6.259099498659035,7.316637463617666,9.233124636933018,-47.09442177429423,42.74021559803764,-67.49242661667233,0,none
28.6906,8.1257172024979,2.001884729742111,19.06334453831446,25.52834213569871,-75.16374366952117,0.4707732500141968,6.297025424899516,7.303526730223558,9.268436821485638,-46.98926144969841,42.86218449443238,-67.33764372175352,0,none
28.7073,8.139163821934025,2.118726483417326,21.960518280013357,25.42854347635561,-68.73977336604294,0.4150401322241877,6.33865528773376,7.292052020153608,9.307023716628724,-46.88340590639326,42.98396176316894,-67.18221642568582,0,none
28.724,8.096934935460524,1.851226900373821,21.154580057447568,25.39448551287962,-67.60402049274474,0.1771986643434966,6.376989482388074,7.279115035712129,9.343122378921494,-46.776910182037376,43.105522984265335,-67.02618628195783,0,none
28.7407,8.176218604954515,2.044237957627816,19.34072742078441,23.72646306435605,-68.5794014675806,0.1603221916046018,6.416781512005449,7.264814798279014,9.378690322649389,-46.669749930786885,43.226845391396594,-66.86956215356959,0,none
28.7574,8.109334217627952,1.9444644340170645,18.70391951666196,24.195112509882307,-70.62442559950998,0.0930737034984068,6.457161512355419,7.252880938941263,9.417936083360088,-46.56191533353055,43.34796850307691,-66.71228262097748,0,none
28.7741,8.07427459227371,1.8442625253339309,19.6424906449824,24.266602372806123,-66.35985966200144,0.4377925492503974,6.497768389377461,7.240681159126336,9.455324575325283,-46.453402601427946,43.46888787843432,-66.55437870056954,0,none
28.7908,8.20140068427656,1.7972463778859669,18.9358914543036,24.622301914347275,-64.4015643010498,0.6381317979204659,6.537310263987973,7.227545051464856,9.49263710651338,-46.34422952001935,43.589587880793786,-66.39585166089077,0,none
28.8075,8.088060166556252,2.171411722723145,18.185994945642044,23.91757081914654,-71.55201284250876,0.7319972406137056,6.579213726690408,7.213790440727767,9.531177606075865,-46.23435665078362,43.71005818115394,-66.2366809948693,0,none
28.8242,8.159491460270477,2.2338135584723453,18.93104733360936,24.94172434203712,-67.64075128533827,0.4091333730199833,6.620783173768793,7.200660832898072,9.569778660474643,-46.12378957178168,43.83030921706334,-66.07686569123938,0,none
28.8409,8.262032967962952,2.213019121330549,20.736645269968182,24.237341612095307,-69.47524673168107,0.3130141408741317,6.659731503449588,7.18715460028682,9.607845240777896,-46.01257205567407,43.95033469888813,-65.91641467571839,0,none
28.8576,8.126200248126054,1.8677035437532188,20.99844157352979,23.28279773513615,-69.75191636792948,0.4515762015342819,6.70301011008868,7.174336070621815,9.646770177685248,-45.90063178683559,44.07014611126751,-65.75531361375104,0,none
28.8743,8.180091285555498,1.5554831961970992,21.71362273211273,22.945965740807026,-73.29514288219025,0.694900719881751,6.742453303625874,7.159045567617174,9.685367983311602,-45.78803281666504,44.18970217224672,-65.59356796842974,0,none
28.891,8.22090145428578,1.9916030147093209,19.618643893779176,23.79374124508019,-72.32348215023862,0.3944984706244054,6.787693494097552,7.147385568491748,9.725553835175065,-45.67467833531361,44.30906351124053,-65.43115121938231,0,none
28.9077,8.101007348209583,1.828805807818544,23.832583037223475,27.38249134980424,-66.55858694477823,0.4973505788515874,6.829002210444615,7.132871693601313,9.764845536658598,-45.56063399839918,44.42818246852367,-65.26807829892012,0,none
28.9244,8.138626874310765,2.1424893105570053,21.332740047790534,26.36786008267227,-70.31283876238707,0.26476495604557,6.870141585165021,7.118331231099884,9.804676950885453,-45.44590263392693,44.54705860008304,-65.10434019384033,0,none
28.9411,8.063316391702665,2.1656436746611853,20.376696396232475,25.392941600510508,-68.4356292250126,0.7350208574484921,6.914346336963134,7.10473407346155,9.84557983085925,-45.33043305009964,44.66570765910985,-64.93991901066498,0,none
28.9578,7.954832482585489,2.011228694800589,18.270376274609006,23.80731408670592,-69.47849100731663,0.3218295960193874,6.955145430225174,7.090143293990315,9.884357801287273,-45.21428212141488,44.78411305211949,-64.77485023538348,0,none
28.9745,8.002090673967835,2.116730262054632,21.351279512395863,25.47074903843904,-71.32717845949419,0.4074329147201137,6.999369875803573,7.07648708935842,9.925600373940329,-45.09739264448896,44.90229038651177,-64.60909270913868,0,none
28.9912,8.11576899930608,1.9579121422776276,18.204334747177143,23.790300068439382,-65.63290749360223,0.5522031492283999,7.042677679121912,7.061142712676364,9.966626596050736,-44.97977992724763,45.02021146981347,-64.44265004498463,0,none
29.0079,7.996732156085716,1.835363080626509,20.819511960725,24.716599423063304,-70.96582842909069,0.7104953300092982,7.08594698170041,7.047626884822827,10.00748047068088,-44.86144461265323,45.13790683879001,-64.27552512112426,0,none
29.0246,8.201151858157713,1.9543394622362489,19.257478167637835,26.62110846384932,-70.76301775471951,0.2907606053730425,7.130444518359682,7.032383997250474,10.049099046637796,-44.74236618919662,45.25534765154409,-64.10770516704541,0,none
29.0413,8.096098599240792,2.1337488546588164,19.95569216172784,25.247876282033925,-71.2343082183965,0.5503889053416873,7.173282985093521,7.017142276299093,10.090131785514734,-44.62257236334556,45.37253392755829,-63.939199966227314,0,none
29.058,8.074395574656172,1.9457033469914755,19.22148519503482,24.37282667692332,-72.66192691524522,0.636064610056037,7.219457044966649,7.003664149438915,10.133106364485158,-44.50200743069462,45.48949511885392,-63.76997708994041,0,none
29.0747,7.981906298530386,2.068941362259732,20.83311758130142,27.633013390512097,-68.79235276471944,0.7011435809514238,7.262462990174744,6.987543118350442,10.174352452330554,-44.3807242987587,45.60618708893037,-63.60006540398649,0,none
29.0914,8.041475788607897,1.9261300320822707,19.57708402686816,26.660251622201955,-63.8491910726659,0.3788726811635936,7.307669785440353,6.972610460834717,10.217071694591436,-44.258686213341846,45.72262968362631,-63.429440306686814,0,none
29.1081,7.99771359045599,1.936013800575051,17.960430987919864,24.431559844496963,-67.61779525668258,0.9442087463022756,7.353461418366312,6.957358875801462,10.259867845192192,-44.13588340765513,45.83881757685219,-63.258100513672105,0,none
29.1248,7.969906874794143,2.1465055488496545,21.495146458434423,25.550630002888468,-69.19590444646481,0.5699593000383226,7.397053743546904,6.942254625476314,10.302385013017648,-44.012352610137896,45.95475322909765,-63.08605068395471,0,none
29.1415,7.919646878386601,2.039124318397888,16.304881904485427,25.972084540719408,-71.431187527841,0.5692958067038247,7.444262481277196,6.926914853971494,10.345555022806373,-43.88803342670057,46.07043270715897,-62.91327991507384,0,none
29.1582,8.041559084106654,1.9059312376156143,19.54450147240249,24.148451867594265,-68.87992074119992,0.5220322369623497,7.488912798393018,6.91020334099071,10.389140088058255,-43.7629685829674,46.18583310295352,-62.73978127560327,0,none
29.1749,8.07319901206214,1.9608169233139452,20.83879486633669,24.920194054991278,-67.8626448871438,0.6693003679007561,7.535778877909705,6.894779629184954,10.43236401957368,-43.63712107570631,46.300975922760905,-62.56556079647639,0,none
29.1916,8.031090628755631,2.047570700577544,18.20367875319921,22.18682894059921,-70.36539603091535,0.4852204622233961,7.581440075379003,6.879008471366956,10.476903151094955,-43.51051102644748,46.41585536423273,-62.390596513853104,0,none
29.2083,8.177837748947287,1.8735930320151084,20.396944878232024,23.97577575918149,-68.37026703487005,0.4833552120950254,7.628923419328949,6.863714151269298,10.521095509059938,-43.38310800534469,46.53047939055893,-62.2148942188518,0,none
29.225,8.123788179755095,2.3663095123281144,20.4289010745443,25.89407178606004,-72.76522299311675,0.5566299359679737,7.674435427870157,6.846670681344187,10.565399527940215,-43.25494493369926,46.64481879093738,-62.0384520467352,0,none
29.2417,8.059385343577016,1.7559415967821144,22.599817124652063,25.27976377257412,-67.29071918390497,0.4069006478462156,7.72176989043065,6.830172860102358,10.609066684389813,-43.125991376529065,46.75888267770109,-61.86128063310589,0,none
29.2584,8.133756489784139,2.0460824968284355,19.08805709052792,23.290799079566437,-75.23300365345327,0.707109856984321,7.769294044788531,6.814374865617925,10.655639659218991,-42.996244165981096,46.87268273795691,-61.683331450796935,0,none
29.2751,8.152590845701923,2.056114810543912,19.161187756054076,24.12831936017249,-69.14763237824373,0.4871879658549095,7.816891419397191,6.798133631371526,10.7004495240625,-42.86570207927716,46.98621156960081,-61.50463394374509,0,none
29.2918,8.068972307096598,1.8252452457226336,23.519167328071816,24.66646227437102,-71.79247790877125,0.4388869375536091,7.8639086246334,6.780288850205926,10.745343467116903,-42.734374805245785,47.09944239339925,-61.32518670784424,0,none
29.3085,8.109903927136527,1.9279781605430983,19.221807288581896,25.3135366239977,-68.90290639572264,0.1601480484671893,7.912436716570418,6.764307870484258,10.791573646065888,-42.60223711207906,47.21240633483634,-61.14496742795494,0,none
29.3252,7.940667049986483,2.0360636686164053,18.16353330010396,23.760799190145555,-73.24577797325945,0.7650218587547981,7.960474403476041,6.747533134926813,10.837025639349712,-42.46929718954101,47.325090138189616,-60.9639890997778,0,none
29.3419,8.080537712512836,1.918892113084837,18.12720335518955,25.70543037269909,-71.11360376592192,0.7213702374394138,8.008679295376105,6.729303876217491,10.8837114022209,-42.33555224530823,47.43746951292245,-60.78223111936071,0,none
29.3586,8.140371713780198,2.144516375750728,17.923829471407974,26.750946126353508,-72.38528106754386,0.6554831783942875,8.057977678698714,6.713231259640646,10.93058894260045,-42.20098401807396,47.54958047495845,-60.59969028401928,0,none
29.3753,8.010182528813184,1.5224934520096207,20.39357423480974,24.250960569736822,-74.4192901375841,0.7385054284703789,8.106859126491445,6.69456003837333,10.976523114187628,-42.06559947066155,47.66137962759928,-60.41638234801235,0,none
29.392,7.958551423767267,1.5613322094072033,24.94246179138624,24.713822970008923,-71.72607755369141,0.3573634822450294,8.156363719660964,6.678118494109523,11.024275118511364,-41.929388196543215,47.77290420645091,-60.23227695353321,0,none
29.4087,8.191237950086785,1.7124841595867306,22.27642230871481,25.73628198871526,-71.31873157790598,0.3820488470394645,8.205178880990804,6.658860333453034,11.071187409856346,-41.79236170923067,47.884107174019576,-60.04738812378861,0,none
29.4254,8.143535512501188,1.919138489608672,16.23560721293246,22.01368960790239,-68.8487233239483,0.3550501011044242,8.254443784041765,6.642219535196599,11.118744450155594,-41.65451249803717,47.99503224025736,-59.86170509147101,0,none
29.4421,8.122981398357195,2.2470290054744955,20.293606777666383,23.56359464863963,-65.76989715802875,0.6420740736599142,8.305286957294841,6.624225532839162,11.16715245805994,-41.51581420585035,48.10565680665577,-59.67521364542141,0,none
29.4588,8.222531083314584,1.9588925852389771,19.727399127868164,22.919616537138225,-66.39920503451735,0.3034057382952703,8.356746336721802,6.60586196736618,11.215242428314737,-41.37625654202709,48.21597470151079,-59.48791909686855,0,none
29.4755,8.077285436427717,2.20665759694978,19.583574240203568,25.177108894155307,-67.2943414666746,0.5713985169094481,8.405079334802432,6.587845667294835,11.263102356354688,-41.23589171713589,48.32599172415461,-59.29982528751743,0,none
29.4922,8.177764995320286,2.1800871929752472,19.51309855762128,24.80996599506442,-68.92577900929291,0.6415850224171449,8.45695239912369,6.569660127493342,11.31200349987723,-41.09466061207053,48.43570504828375,-59.11091482906948,0,none
29.5089,8.176870037907321,2.352694975291635,19.629973304274223,25.488824728327486,-69.9476577400244,0.3519220184320681,8.507216241026077,6.550766057013144,11.360930945070074,-40.95259010084539,48.54510284143587,-58.92118728228681,0,none
29.5256,8.242343398951917,2.0637275241243587,20.56562797076212,24.646444880502862,-70.22343307117127,0.7443431935742668,8.55745658484493,6.531442037818338,11.409640678299118,-40.80968057587848,48.65417792346744,-58.73064628295921,0,none
29.5423,8.081178626836817,1.9976696924405764,20.724229936293654,23.73714788848264,-65.83324309585089,0.6899563354375372,8.610634439359313,6.5130837636915855,11.45984345500746,-40.66588298074118,48.762946422321086,-58.53926689726059,0,none
29.559,8.205217226830698,2.255029955025928,21.495512776227848,23.28079337185863,-69.91762247210958,0.4904505211617864,8.661589759980986,6.49305569240723,11.50810812838443,-40.5212344317495,48.87138045238429,-58.34708149151657,0,none
29.5757,7.966398350460385,2.198847164848308,18.40840601578789,28.314259638316205,-68.54921113025387,0.48535522001791,8.71389445660404,6.476015909955546,11.559720343412438,-40.37571239432421,48.979529918080544,-58.15403416178158,0,none
29.5924,8.05960982569273,2.3130752386259035,18.70013279390548,24.554071828541076,-71.55348945263438,0.7268677637878196,8.766790983458916,6.454433164499009,11.608819501706186,-40.22930698490045,49.08731895192768,-57.96016687610309,0,none
29.6091,8.162177154308855,2.1767648405094797,17.62050105833217,23.52528191071245,-72.27453127478101,0.0,8.81760530854162,6.435973559527651,11.6590100501353,-40.0820529762478,49.19479971037179,-57.76546140826583,0,none
29.6258,8.05292556283065,1.989789815961288,20.377709294066307,25.954827120977598,-72.64118503215286,0.695791668165384,8.8712835700737,6.416369631164692,11.710860673267478,-39.93390254062757,49.30195308321224,-57.56989003502226,0,none
29.6425,8.126344540837811,1.8770977837781853,19.85120475129665,24.55452643204289,-69.66707306436378,0.4262023096925988,8.923762222434341,6.395625527402475,11.760480709503629,-39.78487571151292,49.40876002951986,-57.37349000717355,0,none
29.6592,8.102071306940555,2.045836595469652,21.083389842711124,25.64816436443003,-68.55119940277557,0.1451562791515008,8.977858288287115,6.376778029753511,11.813184363321731,-39.63494547809852,49.515252222616745,-57.17620982830608,0,none
29.6759,8.136583229758322,1.9934570106156373,20.01274358955557,24.62008100717276,-69.1766193620542,0.6826315521533015,9.03030981359144,6.356576394980092,11.863764439623424,-39.484139304211546,49.62140704841291,-56.97808496216437,0,none
29.6926,8.083685784415652,2.025313812199342,19.95331993688392,25.2697711424901,-74.44800323071574,0.3176419772582308,9.084833616118452,6.335488992108337,11.916057711328143,-39.33242258282237,49.72720971458112,-56.77908679838519,0,none
29.7093,7.993989844289397,2.2219392634495434,18.449991349661357,25.318825744667027,-73.0297000067803,0.7323288397133512,9.137674921571213,6.315154259408677,11.967950722778594,-39.17982341163213,49.83267279071325,-56.579222021314784,0,none
29.726,8.204383947823896,1.8072564631933767,19.608807196622752,23.26992283690988,-71.5285122716531,0.7574250314341306,9.192479211306509,6.294730066785318,12.019547874945625,-39.02630900880331,49.93779478282856,-56.37849557180319,0,none
29.7427,8.007867242856227,2.089931746077628,20.72679089462356,24.81435304206241,-74.37542331590356,0.5831465094332265,9.246533013851431,6.27385579462712,12.071917453850634,-38.87189190747199,50.042568174598834,-56.17689455032389,0,none
29.7594,8.074595937720627,2.108232495620831,19.202897197095474,26.36080546291953,-70.52062809473216,0.6010825262184937,9.301203161371577,6.252177086258077,12.12553530616853,-38.716561814677085,50.146979531939344,-55.97439811071087,0,none
29.7761,8.086876460474667,1.938694384314888,19.507617735922874,24.913554473652297,-71.46773745729332,0.4906544569928853,9.355549690360409,6.232216796618503,12.177759020743,-38.56032413484807,50.25105755244287,-55.771029535064464,0,none
29.7928,8.091939697710263,1.9573307288481585,20.829210952303832,24.34868504279206,-70.08143061015764,0.3524842864353143,9.410964479472424,6.209744706780355,12.23099506951329,-38.40316102804088,50.354760289046105,-55.56677191740359,0,none
29.8095,8.200363881383353,2.041591488728807,19.356932905265232,26.222568008955207,-73.21814028411895,0.7483758068355587,9.466695800264617,6.18897172223896,12.284715006365916,-38.24506720817646,50.458116116807496,-55.36161717679728,0,none
29.8262,8.091226879553611,1.9748909998723176,23.082275780243627,25.542538529245057,-69.90903094678819,0.4735807585107585,9.521282511678988,6.166491960419013,12.337576899725944,-38.08606179023142,50.56109653254649,-55.15557964257186,0,none
29.8429,8.207822687526306,2.2258238268499237,19.350951899171186,24.41779350277197,-64.99225234397856,0.7469211568446078,9.578169633589331,6.1458863465961535,12.393026528900345,-37.92610635735048,50.66373283453465,-54.94861609953922,0,none
29.8596,8.139599312348201,1.6308957988613926,17.09482553414394,23.657167534184705,-71.08172543716165,0.5974793399200597,9.633440665311696,6.122591171882061,12.447197216514132,-37.76522789823977,50.76598010710508,-54.74074790602344,0,none
29.8763,8.033391966030239,1.9430592955869943,21.840987378923487,25.058015545333053,-63.87254825738695,0.6113582527156732,9.690319568981367,6.101053222192781,12.5000862405802,-37.60339956143778,50.8678676959157,-54.53199646580575,0,none
29.893,8.002615950654285,1.7713039493212066,19.489093372490714,25.326243743150272,-73.00972131179886,0.0,9.74573726486883,6.078909599884003,12.556215133689015,-37.44064574911447,50.96938548623376,-54.32230767307314,0,none
29.9097,8.10228520135439,1.4422439616891043,19.990397475041213,25.115434620683025,-67.24618386243846,0.8113286029091982,9.80297575211238,6.055259740891583,12.61052130362836,-37.2769360540542,51.07050832390665,-54.11171196730255,0,none
29.9264,8.090849315646208,1.8582479964442764,18.142416703378785,24.66357357460524,-72.33441521671837,0.316049485859016,9.85973051594294,6.032790044801283,12.665254506211948,-37.11227855443795,51.17125591765483,-53.90020221704881,0,none
29.9431,8.092925906963178,2.167112220290067,19.878588395484,26.20758529431764,-70.09156076188172,0.4719366909721538,9.917374303397398,6.010470553799431,12.720928250823402,-36.94665840357121,51.27163077590328,-53.68776271526006,0,none
29.9598,8.07713822886979,1.789933631575075,20.38392241401177,25.390140267050185,-70.8797439824084,0.8129519728549772,9.973656909619882,5.987700803687316,12.7768832293976,-36.78009833318056,51.37162537932486,-53.47438876532912,0,none
29.9765,7.982920195395764,2.128582557008792,16.188860773549496,26.109199174787705,-65.82355630583916,0.0958564890289468,10.033188062770776,5.964082174414331,12.833083887624817,-36.61254409253229,51.47122555163758,-53.26007626440578,0,none
29.9932,8.120890335852355,2.120845503807693,18.967728615045797,25.84095580180098,-67.9669305735538,0.528244136788911,10.088053074496914,5.9398773724001295,12.88726381700162,-36.44407360618819,51.57042150375666,-53.044858958661855,0,none
30.0099,8.188220170679,2.3355237615990507,18.495642074227952,25.09034057155141,-67.69979753414601,0.6492436252479603,10.148225422835344,5.916395687069745,12.94501622640137,-36.27459824162684,51.66922531173073,-52.82867718768095,0,none
30.0266,8.020731860946833,2.0833037658593883,17.409686876561995,24.96807957081238,-67.38113850417099,0.4819069227415597,10.205406495287097,5.893556690169898,13.00161670373112,-36.104167953155546,51.767647708456565,-52.61155018872864,0,none
30.0433,8.211591976612311,1.8175414859544143,20.31208699032297,24.89816256524349,-67.54285434187757,0.5101569160142299,10.264020851956545,5.867964447692393,13.056740713780298,-35.93275880492787,51.86564271473303,-52.39350261880851,0,none
30.06,8.186830739750814,2.131194695572305,21.406918062752275,23.86749583709969,-75.01965975084147,0.5260000707321397,10.323562013026988,5.844704778289514,13.115945545496595,-35.76035531931032,51.96324928453046,-52.17446632819872,0,none
30.0767,8.081703262634498,2.1545162879860853,16.442164059710752,25.63299231246485,-63.42503238786545,0.8508443247070865,10.380339584506276,5.820064612863403,13.17193580916439,-35.587003648249066,52.06044436356528,-51.95449500018567,0,none
30.0934,8.03142537822247,1.700319853171073,18.41662915424087,23.015353194717378,-70.11362671190183,0.7604545884527119,10.440458463543973,5.795158764348191,13.228954807838829,-35.41264799190788,52.157223514929896,-51.733571454894765,0,none
30.1101,8.098069124216744,1.7885224144988223,20.116380272346333,25.894503233375364,-70.81920325487957,0.4010092453932177,10.49920438970735,5.770831686415683,13.286585902489724,-35.23731127859977,52.25359640409304,-51.51168547032319,0,none
30.1268,8.104387427199228,2.365472309249884,18.31199468601338,24.38689466039329,-68.29334247735619,0.8093809669221431,10.560287113470809,5.745634284573256,13.3453910973828,-35.06095448380481,52.34954849664541,-51.288817438996894,0,none
30.1435,8.022719859251309,1.7958749914418826,18.517631307948363,24.65082216974669,-72.42423154574126,0.9206334001328094,10.616706740731054,5.720630377785643,13.401981750332997,-34.8836554812346,52.44508302395443,-51.06500434376633,0,none
30.1602,8.048960145608298,1.954164055937874,20.325609626735677,25.677461642986835,-71.69434253355415,0.1493743491163601,10.6784043830688,5.694307707423786,13.460582848070342,-34.70532612803735,52.54017796266841,-50.84021261020356,0,none
30.1769,8.188276162087861,2.1512321174904345,20.250058644035725,25.08099665841648,-65.62415081474226,0.7294047410981551,10.738076747857686,5.669471394712329,13.518741181340095,-34.526000246348126,52.634858134960105,-50.61444963247518,0,none
30.1936,8.096821984172893,2.0804232957713693,20.275413382229747,25.51577834153734,-70.30057513574323,0.4303819216733352,10.797481463562733,5.643646558575042,13.577129047183876,-34.34568230590663,52.72910703248831,-50.38771157738721,0,none
30.2103,8.102563858204855,1.8386862817442169,22.26832520113077,24.613223468234384,-72.03245538479027,0.8944000869442073,10.85688151650637,5.617989278950877,13.636088425640114,-34.16437238458097,52.82292745344679,-50.15998890067902,0,none
30.227,8.22013998138695,2.022115933282952,19.99955176170376,25.68357462758093,-64.73820608713267,0.4795847149332526,10.919945965148075,5.590941506350542,13.695470468348534,-33.982009286963,52.91629617660284,-49.9312745438576,0,none
30.2437,8.078447907718097,1.9327136979377435,20.323189854021635,25.31741412230881,-70.29171700428681,0.4049195044761108,10.979547329032378,5.565144033006377,13.754251784405454,-33.79865084656816,53.00923408195405,-49.701578539058026,0,none
30.2604,8.074577851331476,1.8301131862113484,19.52875280044808,26.808756357411404,-71.61762240826151,0.8108199670747236,11.039905050091203,5.538980521306659,13.812796358264368,-33.614284432231635,53.10173505665987,-49.47090483987501,0,none
30.2771,8.067076933117917,1.9717598665512144,21.232067744542267,22.802831760706283,-74.26389914212184,0.4449185027664063,11.100057811673256,5.510838693049874,13.872641264771651,-33.42891346677669,53.1937660628338,-49.239231730753325,0,none
30.2938,8.108687302811791,2.386891783758487,20.68011417755533,24.968999912373512,-75.62320649183995,0.5689302765541371,11.161654477143896,5.484794789186871,13.9324869029533,-33.24251383700839,53.28536213581322,-49.006559199474005,0,none
30.3105,8.112737302667446,1.7882037651833211,18.999147453499635,24.546073994154664,-72.11273873732686,0.4190949809957974,11.222735727564654,5.456573770450762,13.990642143402416,-33.05509415035806,53.37648691777975,-48.772915475679184,0,none
30.3272,8.060504941761721,1.9133062423103808,21.279015713429548,23.54414763116664,-68.71437221598106,0.2647743432765123,11.28391008438848,5.430005368021663,14.052225099413889,-32.86665285194877,53.46716800742571,-48.53824331651897,0,none
30.3439,8.157784699623353,2.261417567816603,21.25798510813109,25.673318909563186,-74.20956755891841,0.5163404319661479,11.34497958844945,5.402250359622514,14.111524547542508,-32.677191692821665,53.55738558843141,-48.30258085657501,0,none
30.3606,8.107846171438469,1.7864759072970888,19.024721391978225,25.39191769874864,-71.49064601581966,0.5649150921275358,11.407359006601656,5.374088137818281,14.17154850851866,-32.48668879741142,53.647132860332974,-48.06591599648275,0,none
30.3773,8.190050544171674,2.316860300715456,20.492487087541317,23.91670228508212,-69.38071191585455,0.0,11.470201963437283,5.347148624765593,14.233489735848158,-32.295136424622015,53.73643024236656,-47.82821671789409,0,none
30.394,8.148508036124957,1.6897278592230642,20.716907810717853,24.79984178136624,-75.57668213939957,0.3370176779751873,11.5300691056549,5.317879835645922,14.292126670287468,-32.10258427055758,53.825238835621846,-47.589538202500286,0,none
30.4107,8.084213569158415,1.8637926010531125,19.31036103006899,23.131713717167603,-69.43963868593437,0.4465729922684018,11.592207674487856,5.289070036479309,14.35313541424485,-31.90899440239363,53.91356630523105,-47.3498408410824,0,none
30.4274,8.020397504862965,1.9631460486490715,18.332097688848748,24.70402268919873,-69.37760575415506,0.5329227410269093,11.65430590581864,5.260609165014172,14.413436661735076,-31.71436749376646,54.00141847828679,-47.10913644883142,0,none
30.4441,8.101875860041085,2.031654052436939,21.53013699142649,24.350151638571013,-73.40778794219617,0.3299648139149245,11.717681695053573,5.231877862285332,14.475033453434694,-31.518682209459065,54.08879083858695,-46.86740339015906,0,none
30.4608,8.240293468899472,1.905818917870737,17.027009185165056,24.65307036742598,-74.50189106129255,0.3830567401447789,11.77919275935452,5.202580625192104,14.535379908641024,-31.321969690377845,54.17567393502766,-46.62466254568476,0,none
30.4775,8.147219775444464,2.0829762331689565,17.465307488336215,23.936505777475,-66.60533274719806,0.6898179046018598,11.84217832899182,5.174064152164917,14.596272770329572,-31.12420531228368,54.262080806368814,-46.38090479042025,0,none
30.4942,8.031634422367713,2.0247011492908205,20.50868615833172,25.14017656088403,-67.55451078337077,0.6021681564714664,11.902220417216393,5.142630249686548,14.657307629855476,-30.925438231316168,54.34796273153858,-46.13612775300167,0,none
30.5109,8.143395791111363,2.19038427767516,21.356881501548028,26.45734007692564,-70.39919422743901,0.499657677145078,11.967224459630929,5.114621638685486,14.719068826021504,-30.72558558284033,54.43337691290463,-45.89031930360711,0,none
30.5276,8.038543989289414,1.7489749487036703,19.5693581227312,23.043834304661075,-74.08126704257074,0.4670327854422548,12.029960370017244,5.083689627329897,14.78081327784802,-30.524685244661043,54.51827452968104,-45.643479721867045,0,none
30.5443,8.111734809985178,1.9025723724874468,20.37048768527393,24.02740697308064,-73.09821145002812,0.5596823388596028,12.0913574663102,5.053779930699744,14.841126514533457,-30.322759574973663,54.60267265452372,-45.39563290907434,0,none
30.561,8.01492353130602,1.6332317042234066,20.72138093594372,25.21944582870457,-69.82992197091544,0.4931290408079031,12.156178566816356,5.023883558942612,14.904552240410622,-30.11975139290783,54.686571509958064,-45.14672688665948,0,none
30.5777,8.1200300569209,2.1275510991731648,16.561608456471713,23.72110886890096,-68.23926510377729,0.588131115504743,12.216782001496396,4.992822632801164,14.964172669448692,-29.91573113348284,54.76995164792584,-44.896825203079686,0,none
30.5944,8.133655381193842,1.6476615040115226,20.730847152130547,24.441629374406816,-69.00212197263015,0.1412292049496814,12.278268335625686,4.961481587995058,15.025683012655344,-29.71068405227789,54.85280839044536,-44.64589629676834,0,none
30.6111,8.246706135801706,2.0830685450904523,21.767579376122523,24.482062100135312,-68.21792562082732,0.6284987087854552,12.345186773434582,4.931124209314007,15.088371991171693,-29.504519433161533,54.935158164740905,-44.393920484515775,0,none
30.6278,8.219040568146301,2.0863332003067865,19.08006763892416,25.388963649841298,-70.37275667918938,0.3570031666162094,12.404610930169651,4.898875576425874,15.14890723087956,-29.2973624306277,55.01696938686722,-44.140933733760086,0,none
30.6445,8.100861303750584,1.9828319501649865,19.018953875595034,24.868030185958983,-66.66319974995368,0.6168226435689506,12.470217475816114,4.868193262774395,15.212208819626186,-29.08910979878157,55.09826821435555,-43.88688984647233,0,none
30.6612,8.101205969952552,2.170616664041348,22.640422459866542,24.253861832005185,-66.65626515178991,0.381717849996219,12.532264151574948,4.835396821568751,15.272031035688975,-28.87982098745027,55.17901934127575,-43.63184692817632,0,none
30.6779,8.054140048831487,2.1008950022861548,18.111555483356227,24.58164575763549,-69.21523729692697,0.5137250381314279,12.594586958789154,4.804196119617481,15.33471485427759,-28.66949138523849,55.25924941647336,-43.37575719010989,0,none
30.6946,8.019225146508482,2.3986535057541727,17.70480818008596,22.581230950934746,-70.20676812061679,0.6163497266544284,12.658946252642563,4.7720117544956535,15.39766982599793,-28.45808698281936,55.33894201277344,-43.11861610401572,0,none
30.7113,8.005236027222407,1.9694059144339204,21.494546848945667,25.296488013725742,-73.5462806748449,0.3483700385426839,12.72192866120479,4.7392132719751885,15.45917355152567,-28.24563077417724,55.41808687441542,-42.86044790570524,0,none
30.728,8.130928596885555,1.8555741367522736,20.985632741087063,24.78869727579907,-71.38051074245378,0.4297528220539856,12.78435705708373,4.70711458385562,15.520770639286322,-28.03213201132394,55.49669568796581,-42.60125103602916,0,none
30.7447,8.030078931642183,2.021023983120016,21.61368920857092,23.52130806784724,-74.59518431352525,0.6782690592092196,12.84754376435096,4.674172811274565,15.581613940631811,-27.81757803045928,55.5747543739141,-42.34103808322061,0,none
30.7614,8.076446593691248,1.7115608522404775,21.213128604701936,25.50203240779623,-72.10270700638324,0.5114321958363823,12.910694214185368,4.640347024034246,15.645838279030722,-27.601969437082385,55.65224816921547,-42.0797525839608,0,none
30.7781,7.97560100194884,2.36020048231892,20.61609039706266,26.560617993876264,-68.63120252428655,0.0,12.972853053224064,4.607024052778703,15.705102084955476,-27.385322791093543,55.72918547089687,-41.81747737914204,0,none
30.7948,8.152687103832202,2.075333894132395,18.004917427201153,26.015389091434965,-77.25785795483424,0.3204965794372595,13.036685822665328,4.573977231153535,15.768055262249916,-27.167610137855032,55.80557089065714,-41.55415085626247,0,none
30.8115,8.098491756081076,2.0586023664390347,19.7035903407065,23.876403497933246,-74.00276559872646,0.7838721642808537,13.099488473283296,4.539072191225464,15.829931814879751,-26.9488486803512,55.8813733962506,-41.289790994953975,0,none
30.8282,8.037225477063718,2.0404228191103373,23.2892776903752,25.304648854355904,-76.88643688195872,0.3706706437741857,13.161737228479438,4.506685336010493,15.891637303665622,-26.729047668635594,55.95663504136198,-41.02440065198276,0,none
30.8449,8.056271027061888,1.8614765627887413,19.628553989613376,23.26739059051103,-68.74148238711656,0.2557883235155279,13.225125352256969,4.471281637958873,15.95307754905134,-26.508188075252903,56.03130544471589,-40.7579842569136,0,none
30.8616,8.047870318872551,1.9347308494712103,21.21247050835932,25.26992361023489,-65.6278494443604,0.7531448387443509,13.286655289399889,4.436545619081423,16.01329779981027,-26.286300931919925,56.10539575655455,-40.49056218365677,0,none
30.8783,8.13591104862029,1.935425529520444,19.82826940086595,26.007399806086266,-69.34425201457415,0.6597946783726704,13.34997265638702,4.402759055166317,16.076828007629526,-26.06335638855826,56.17892183277583,-40.22207915592936,0,none
30.895,8.121675913414634,1.7424983893733152,18.469247920619143,22.99394465273781,-68.49829026598441,0.8892317880533551,13.412728224963727,4.367631409424543,16.1378825601354,-25.839363827201367,56.25186127731322,-39.952576517175096,0,none
30.9117,8.22810944281774,1.9893990322117796,19.36075001764844,25.51388593601324,-66.77068788628827,0.4600776417098917,13.475504757736031,4.3318939213368335,16.199323586472683,-25.614322897747176,56.32420390579954,-39.682047813281,0,none
30.9284,8.075228061467131,2.4077466000575924,18.805981381156816,25.32432914886878,-67.22407521450555,0.3118515891888229,13.537972726428288,4.296575894143618,16.260642020796723,-25.388238753215823,56.39595672323174,-39.4104950915337,0,none
30.9451,8.00587435847935,1.8706648161731692,21.113036217230874,25.01845943340611,-73.10231325895548,0.3081297475310496,13.597752914004838,4.260888246266429,16.320458641364826,-25.161156279551943,56.46711355694439,-39.137943432222905,0,none
30.9618,8.068229204996495,2.057197911004174,20.329360475916125,26.16030062504389,-73.13283408484705,0.6202592939966152,13.662896869948762,4.225555399516534,16.38377005321841,-24.9329859018238,56.53768033211632,-38.86433447233416,0,none
30.9785,8.075206868078244,1.7800025537298143,21.070555748526765,24.704515226337914,-73.10789749916478,0.4759096331542282,13.723010368564546,4.18978166666855,16.4426434841309,-24.70381162866877,56.60764968594968,-38.58974232614917,0,none
30.9952,8.064223219601395,1.8174207610832351,20.6979031376049,25.427538950267728,-72.54518774633475,0.6437013913001238,13.784243788362764,4.151673492501458,16.503403587813448,-24.473614757403112,56.676982633274456,-38.314135486232686,0,none
31.0119,8.120946639931361,1.7260573307038534,18.056992180505887,24.69708796611246,-65.3263030584234,0.9838438893268636,13.847277559593303,4.116448025546892,16.565224643607152,-24.242365222157904,56.74572731530109,-38.03749623468445,0,none
31.0286,8.09115926064911,2.108747386394624,20.238548662206934,24.90719140319515,-78.81598963382443,0.7435822446711262,13.908345338527994,4.0795404203008845,16.625379749214375,-24.010095855004487,56.813855640320114,-37.75985239287257,0,none
31.0453,8.002822889888433,1.9078306556081976,19.6808415720329,25.899725207074443,-69.32247345741561,0.4031180928682734,13.970154320453616,4.042503132690124,16.685902392008337,-23.77679427785291,56.88136544263604,-37.48119782292603,0,none
31.062,8.129966442832297,1.889222165560141,20.09136137724898,24.518489076367903,-70.12296632110683,0.7465447009413269,14.030741332856358,4.004641360689514,16.745381606245438,-23.54248089759421,56.948242953359554,-37.20154995010173,0,none
31.0787,8.14404860050177,2.452412767010257,19.56949988519112,25.189832260970142,-68.05576334102106,0.575059108565259,14.09089906887726,3.967398857473021,16.805240367094534,-23.30716288314396,57.01449851427935,-36.92090243597125,0,none
31.0954,8.097388736727416,1.959722721473996,19.276920557196107,25.925824965299626,-69.49954361891923,0.3002055746504732,14.15083241327421,3.929878454473874,16.865224279695163,-23.07084398184228,57.08012748446907,-36.63925319050034,0,none
31.1121,8.035678592697073,2.4656252501970832,19.5812893695327,24.486427045286813,-72.96607865323712,0.3695181183224615,14.212462964492392,3.892191960167101,16.924673561495798,-22.833495850335257,57.14512709020386,-36.35661114202336,0,none
31.1288,8.038528938915427,2.227338177533626,21.40202512218644,24.102914763177093,-75.17986448365582,0.4157212860993627,14.27352985797319,3.8534748791614457,16.98416940596393,-22.595127901707105,57.20948012068585,-36.07297551294376,0,none
31.1455,8.070338475511134,1.7974409018846873,17.805103327026764,25.124471805233085,-70.04067644202819,0.5806845494909896,14.3324109786085,3.8156844918508246,17.0427742655213,-22.355776638364343,57.27320205169976,-35.78836118270956,0,none
31.1622,7.902996139134914,1.8773958748932869,17.427210098029615,25.72342653144811,-66.19079615758586,0.4707972113318862,14.39158675616851,3.776103243184307,17.10211700078433,-22.11543713953633,57.33626297586094,-35.50275582879646,0,none
31.1789,8.07837956704108,1.6905936098285763,20.335704070026235,23.602577003820095,-73.35322770206453,0.6992493700148147,14.450970470390208,3.737346759114208,17.160021972100232,-21.874105932680813,57.39867666673815,-35.216183461862386,0,none
31.1956,8.073789354171133,2.1857352268368864,23.42982849437109,25.535924982614794,-73.15658044361835,0.7130042924486226,14.511925196670818,3.699138039053536,17.218499051992694,-21.63175678189641,57.46045227199034,-34.92863452769411,0,none
31.2123,8.162535503123305,1.8523996614731324,21.82003382446418,24.863554538895983,-68.93114053656177,0.5408088358394233,14.567707955377164,3.6586199640858,17.275626921190906,-21.38847605904161,57.521551225390574,-34.64013155811022,0,none
31.229,8.33183511091129,1.9696848157714912,20.27048246709446,24.691279895902564,-68.33692179203388,0.4091213483476865,14.629554116201891,3.620633075754428,17.33566354158192,-21.14416250530104,57.58201579775567,-34.3506259769658,0,none
31.2457,8.239629875658624,2.349364290014698,22.904180555439638,25.15034225035735,-69.50298352183653,0.2033650225912294,14.685136226288284,3.579553842120012,17.39114915340291,-20.898920730322025,57.64179434691908,-34.06019378610397,0,none
31.2624,7.97252960944147,1.89105295407073,17.5133858815354,25.65190612028689,-70.50080381959988,0.5318390587296999,14.744041383721909,3.5402500600007967,17.448815694682697,-20.65269523921387,57.70091652292109,-33.76879856400277,0,none
31.2791,8.026919938851488,1.6972546974832978,21.564011646950423,24.50186142778253,-72.25972827104671,0.5638228424687435,14.801639262549845,3.499666281652174,17.504710801332156,-20.405507863529287,57.75936094982468,-33.476469893620525,0,none
31.2958,8.1113591733941,1.927446926337611,19.68247356581689,23.426651298016157,-65.96389652498907,0.6591736581142229,14.85954958355966,3.459779695456982,17.562777965873135,-20.15735338548384,57.817139270738814,-33.183171501590444,0,none
31.3125,8.15403166993601,2.0153710241540392,20.404496758576787,26.16189410714937,-68.67951584560895,0.3385937617543803,14.914820076097731,3.418453751583475,17.617140130579944,-19.90827589021301,57.87422744839026,-32.88896526140976,0,none
31.3292,8.075351240984698,1.9717909114405028,20.03007422506635,28.71352966568239,-72.40388846234167,0.7663350449085162,14.971887092511627,3.377627621914629,17.673217699331463,-19.658245375768065,57.93063382967623,-32.59382252583092,0,none
31.3459,8.114460485543397,2.300130858452816,19.942834126462078,25.785868740741414,-70.66333893205659,0.6527330753014051,15.028666653875634,3.33726305418442,17.729132749785023,-19.40726664264834,57.98636612268111,-32.29774600890951,0,none
31.3626,7.987137129314626,2.066234981094923,20.84951992856,23.64413131683259,-66.16626099734508,0.7646194409331264,15.082415834596269,3.295176073519376,17.78337082077758,-19.155390298210584,58.041395563108885,-32.00076371620253,0,none
31.3793,8.097955970473803,2.1311651926719835,20.024395739560223,24.0413461310795,-68.52784441927479,0.6753709128623084,15.140702249723688,3.254888883176592,17.839159586927465,-18.9025405706402,58.095752207457934,-31.70284975110084,0,none
31.396,8.07010876041819,1.7372825443024789,20.782637345716385,25.860823928792296,-72.79044522865512,0.2318977425907603,15.193253298723752,3.2114934763818965,17.892425836662785,-18.64881324055151,58.14938414851351,-31.40404623962857,0,none
31.4127,8.213794875420001,1.9654349210131836,22.02409015237892,24.900936483081257,-72.73501516449,0.1964553817505342,15.246682994570538,3.169779622747975,17.94466235783253,-18.394193634542184,58.2023194682134,-31.104370378252767,0,none
31.4294,8.152351398682578,2.1220868865885887,19.67545114230882,26.366986306408357,-73.99149609626889,0.6375593249208018,15.302659858260094,3.1279972006993417,17.99876042185125,-18.13863921490924,58.25455702146508,-30.80379107920785,0,none
31.4461,8.11059857407992,2.068143629446399,20.481729093739915,23.08155558012925,-70.82762487744431,0.3110880482667231,15.355901509890462,3.0861837573598363,18.05250279972596,-17.88219565969407,58.30609629021299,-30.502314282452428,0,none
31.4628,8.143145676674791,1.8414932641394768,19.07060750094804,27.099684034796148,-71.04717384986152,0.3095857402305416,15.40835533560923,3.0430810496578355,18.10401561284355,-17.624876125589395,58.35691574374228,-30.19997722171794,0,none
31.4795,8.228474353620674,2.1604927447182325,19.695870759708047,26.26840779927132,-70.06257020176105,0.3948904946746149,15.460404006820262,3.0004322082196886,18.155953556267832,-17.366687378675497,58.407022961619546,-29.896772797328268,0,none
31.4962,8.083310418356364,1.8066359229291609,20.662295574551827,24.8689158150477,-67.67261960337817,0.8218985311197264,15.513634281882174,2.9571106041327577,18.20746057127352,-17.107609686168065,58.45640670870856,-29.592708205788,0,none
31.5129,8.145329650430446,1.7989868501147137,19.01817537958225,23.52022332503845,-68.14122387693537,0.0,15.564777573479905,2.91426277159769,18.258475597319137,-16.84767790069095,58.505074896994245,-29.28779166331277,0,none
31.5296,8.221236776481307,2.0620063282617327,20.95629735612077,25.82013951209099,-66.9598782151547,0.7600638109076492,15.614968818211114,2.8710317472438547,18.308899265115627,-16.586907921426825,58.55302112717322,-28.98203304558534,0,none
31.5463,8.029320695868382,1.922898888744072,22.23539758428572,25.2948323419031,-71.90798158191504,0.8341350895117186,15.6667223413318,2.826981452687841,18.35796361124366,-16.325273658326584,58.600231717433104,-28.67545505327757,0,none
31.563,8.041887987206655,1.7901115986062337,18.98283378797729,25.21471485740108,-75.47796387779441,0.6672752624204408,15.7140358317433,2.783028854403977,18.40621961615562,-16.06284925993647,58.64670829930165,-28.36807118568777,0,none
31.5797,8.161224342965607,1.8914953955921516,19.448019200025485,23.90318038841138,-66.74006450571733,0.5216842447559348,15.766264164393483,2.740184694611552,18.45683397834508,-15.7995526483911,58.69246938370166,-28.05984205824941,0,none
31.5964,8.0796165804675,2.136917135940126,19.45654907742129,24.612576679195534,-69.99976313023956,0.0564433827087615,15.813994245618886,2.694837964597071,18.504865689216984,-15.535458944489264,58.737473177710434,-27.750810801239485,0,none
31.6131,8.238542101357863,1.635989552238096,17.47041737097608,25.77794430931983,-68.69420740098968,0.3620355107094449,15.861775190676182,2.650586922560356,18.5519475691703,-15.270567298804972,58.78173797931719,-27.44099327683434,0,none
31.6298,8.073907887613958,1.9803797632257936,19.916159887583277,24.470203950751923,-70.6037246096138,0.3416377789446567,15.908448261825896,2.6062060991722005,18.59827074543021,-15.00489621283248,58.82526162117337,-27.130402155385656,0,none
31.6465,8.012414579949663,2.1616741818940137,22.13118155509538,24.52469445837968,-67.42395237022242,0.6128234906561882,15.956304590402071,2.561426595557701,18.645440661737197,-14.738425926172765,58.86803744531918,-26.819023296334645,0,none
31.6632,8.115128701704645,2.1724225587101667,19.11968378564674,24.566298744348774,-72.15941851385423,0.4644291562296935,16.002893124667892,2.516276918202971,18.690762637213084,-14.47117761099081,58.91005926985317,-26.506887560293187,0,none
31.6799,8.173898830920507,1.7900401252267877,22.06886434269994,25.03150764563585,-70.62584816130148,0.5662686317050706,16.048731637290516,2.471938414082373,18.737541793071983,-14.20316379264806,58.95134064136835,-26.193970612348885,0,none
31.6966,7.970958829088046,1.9138553286340496,20.51171473215803,26.855227075631024,-69.33349621005266,0.6436490738277506,16.092664704912476,2.4254146000933834,18.779278592180567,-13.93441629207602,58.99184506518991,-25.88035665985947,0,none
31.7133,7.87616763836607,1.9716466112133533,19.619456686257227,25.109435055851925,-72.32023564201432,0.3055648902371312,16.139077541748463,2.381011726185308,18.825299571841928,-13.664893697128822,59.0316079610172,-25.56597415700971,0,none
31.73,8.10468841313446,2.1803866315731386,19.54637415774164,26.902820957196067,-70.88173260756716,0.7467630870476349,16.17999175126779,2.3343052463778253,18.86645348274968,-13.39468783488265,59.07059085863171,-25.25090438384779,0,none
31.7467,8.134172801461464,1.834060379130719,18.562745076907166,25.338008140048608,-69.09479598132127,0.5492308179670502,16.22427902118279,2.2889283333648347,18.910640367199317,-13.123742375228897,59.1088159617989,-24.93509668971556,0,none
31.7634,8.11546160933878,2.091125018642739,22.787664643004305,24.824738985875275,-71.03730434075241,0.4442686729470352,16.26736904107322,2.2432938052385176,18.952085624700597,-12.852077312242974,59.14627896834639,-24.61859685978306,0,none
31.7801,8.149917339071951,1.8954195013208648,17.279025779448304,23.468644959778292,-69.82349742231078,0.43813609535803,16.308050150923687,2.1969644597742706,18.992869099296406,-12.579732874722549,59.18296827482462,-24.30141594582481,0,none
31.7968,8.23839650476007,2.1358323248854707,20.810087957058112,25.275903682132363,-76.2570945864994,0.1928116266874976,16.34863015521957,2.150650099481451,19.03305727815201,-12.306710751130382,59.21888413148596,-23.983563889279672,0,none
31.8135,7.943816390734224,2.060370343350392,19.39229729113718,24.12416296998919,-77.80016269984402,0.6310896170293556,16.388089068173485,2.103040223242241,19.07135964284315,-12.033029663691885,59.2540049032141,-23.66507218324419,0,none
31.8302,8.223962876292909,2.0880946410480625,19.19169323990885,24.754572167918457,-71.79914623367516,0.5453704941273457,16.429135205386967,2.057499673757001,19.11253592026726,-11.758663105761922,59.288365147765845,-23.34589283337573,0,none
31.8469,8.231061178183332,1.6519203512314784,18.704743473857647,24.554413887781827,-73.01122170126952,0.3350339822673399,16.468347929710042,2.0105948214025995,19.151487728291944,-11.483641695335765,59.32194208128327,-23.026062988313253,0,none
31.8636,8.198336045461112,1.9948142128554032,19.894735483699503,25.28984787991203,-68.69478216777203,0.5154501697255619,16.50404945847143,1.963385514080827,19.18704156187243,-11.208024069379292,59.35473061936842,-22.705639394229983,0,none
31.8803,8.006722364830097,1.9103731642520656,18.30427298893871,23.785070787397323,-71.955332581287,0.6073040807124279,16.54249171758899,1.915846767922445,19.223699796985805,-10.931764457695555,59.38672526039272,-22.38460360762032,0,none
31.897,8.190142691274216,2.2231583068916763,21.711519705870234,23.45323796404143,-70.32370272453308,0.6202313097494686,16.577881010562017,1.8686004855837184,19.260141540290853,-10.65491384481917,59.41793088850197,-22.062959243897463,0,none
31.9137,8.113758326344799,1.72560774082316,22.441235931180508,25.78560937485797,-71.244383410642,0.4449116196164938,16.615695471560247,1.822317511904978,19.296667442592955,-10.377431730444114,59.448363590950784,-21.74070489760616,0,none
31.9304,8.277363479092134,1.891783079914351,20.266678420551106,25.002865984702208,-74.52825641792882,0.2773910788288355,16.646234670766773,1.7736140059124643,19.328093441608104,-10.099439611442309,59.47798294484952,-21.417925737131306,0,none
31.9471,8.135283039769558,1.941681505779584,18.871698349453045,25.08367235123111,-68.31747300735806,0.6886144037097351,16.682562807740823,1.7262981640242403,19.36191464402526,-9.820840812553037,59.50681212418873,-21.094581762576084,0,none
31.9638,8.230623097237618,2.2642831035689155,20.00340993902181,27.00074272918584,-67.026894634534,0.6046277760237093,16.714230238558905,1.6779182624598246,19.39552821192924,-9.541713167569103,59.534833359171806,-20.770676441436866,0,none
31.9805,8.060086171939483,2.051230048817501,20.634777514604263,25.18422808439788,-66.62300366892934,0.4363946353978299,16.74916604968255,1.6307275670970252,19.42907238492987,-9.262002094539405,59.562066509542326,-20.446210932608537,0,none
31.9972,8.213045277565724,2.1522594837522058,18.48110654269314,26.409725156225395,-71.36223095199449,0.4767307229735787,16.779220526650096,1.5820204252007446,19.458446929729256,-8.981789111744348,59.58848625064318,-20.12125486888206,0,none
32.0139,8.117700783230939,2.1893031117929063,22.52781436302847,25.12556986640263,-70.13128044265527,0.662963989507293,16.809213295563673,1.5341494768191075,19.488106347326674,-8.701075249708435,59.61410654690606,-19.795803492881703,0,none
32.0306,8.129246301896435,1.854006697163457,19.997844704566,24.20973736541661,-71.74295585842621,0.5593634942069379,16.838407987265,1.4853080767658198,19.51681452667967,-8.41987383632111,59.63891119178805,-19.469872690286152,0,none
32.0473,8.1389597942892,1.982347300853761,20.46133199146129,25.460938819899248,-65.9096696632835,0.8732461559315516,16.86742511667465,1.4369985472990674,19.54710543004323,-8.138187836872643,59.66290906752794,-19.14343602960443,0,none
32.064,8.024708883022035,1.9858493674002755,20.582522194986694,24.74591673516121,-69.77092520455363,0.725127503091286,16.895769037143353,1.3887060444321655,19.57360165476772,-7.856028493952349,59.68610045846996,-18.81655688196981,0,none
32.0807,8.104641329953534,2.174979454209744,19.265003799484145,25.179002434564325,-70.14417572649405,0.3653377446795942,16.922263547293223,1.3394766952684367,19.600069777235344,-7.573426692712552,59.70846971928094,-18.48923571668998,0,none
32.0974,8.026454893040992,1.7647850709331965,19.42504208860587,25.027256497072628,-69.90573115232743,0.4326332794261482,16.94853682862856,1.291482659021098,19.62623483599444,-7.290386127674455,59.730037479686594,-18.161477594928872,0,none
32.1141,7.989900597149098,1.7754887918732527,18.53792797118668,25.949867930043546,-72.74301730999417,0.620785143392473,16.974727646816632,1.24181990184588,19.65201700570831,-7.006908175972617,59.75077587204742,-17.833288910933543,0,none
32.1308,7.992526411786755,2.5261701834355894,20.50021806021786,25.42304694424613,-69.30647269330696,0.7098888724906447,16.99679257795755,1.1924478033769206,19.673327381409088,-6.723061739920726,59.770689750363815,-17.50474434366401,0,none
32.1475,8.102156701750872,1.9964962257609324,19.54217189776979,24.31192918024888,-69.04922571466815,0.2688095411958305,17.020856046316872,1.1440159834053132,19.6983413324169,-6.438813443947234,59.78979481728668,-17.17578204341265,0,none
32.1642,8.177731871778526,2.0147263731657485,19.39476406584632,25.562102754589528,-68.55311959929692,0.3080294974449472,17.04390379573969,1.0942658434444836,19.72050172866632,-6.154180250558381,59.808069056872206,-16.846449664543922,0,none
32.1809,8.066217920982789,2.12042879341232,21.99932480614757,23.846813622219877,-69.49492975464568,0.8846428304632663,17.063813366655992,1.0455090804388525,19.740426197243952,-5.869214567335226,59.825529058515535,-16.516784547049948,0,none
32.1976,8.21871083637659,1.9830852491784163,19.51283414821836,24.82578245506137,-72.73965291822793,0.7217238229431016,17.08560443411766,0.9959290947838912,19.76201411133088,-5.583884973285461,59.842161074398426,-16.186758911390722,0,none
32.2143,8.100116399093686,2.052928397277552,19.909701983148327,26.89189391003409,-71.51615684434051,0.5366770865038865,17.10405209323271,0.945809181962959,19.779804428421663,-5.298247303328475,59.85795608773721,-15.85643617743608,0,none
32.231,8.090368090725377,1.7788601506096928,20.48440423309574,24.282267848619647,-72.4591183322753,0.942374149237621,17.123553880446902,0.8971210499529849,19.79921953401142,-5.012283953525012,59.87293800927142,-15.52578921121809,0,none
32.2477,8.099661152743472,1.608641168004025,20.245449104460423,25.98538735949386,-67.5351850502956,0.2402765299453316,17.139321576577437,0.847068207524832,19.81487437952246,-4.726057283196169,59.88708404833709,-15.194880809080065,0,none
32.2644,8.008287772664238,1.9865697837019816,19.42124123922981,25.326002365532705,-77.70693292796383,0.3344827720247089,17.15865248430978,0.796837943935377,19.83463129153517,-4.439507786708195,59.90039124200081,-14.863642466511427,0,none
32.2811,8.129705395812119,1.821808953343229,19.660422339911065,26.87805210219333,-73.26849204928025,0.6403827730947964,17.172243378244787,0.7476629889539536,19.84714268745861,-4.152731322291507,59.91287721391634,-14.532195183630868,0,none
32.2978,8.16344527105173,2.248426699765996,22.183565812611057,25.85813056032012,-71.20880816703107,1.0513647451625925,17.18588522507407,0.698645688575675,19.861913699928294,-3.8657270390327705,59.92454459691555,-14.200501224842066,0,none
32.3145,8.013533173649325,2.3094807585066683,20.189159500017706,24.54938648119966,-74.1011487712386,0.5521583740175519,17.20290878408411,0.6470937852834718,19.876788463423377,-3.578438462338566,59.93535106312979,-13.868558857502896,0,none
32.3312,8.031824803899068,2.027990675248359,20.91284378097377,23.815867696481924,-69.10842324098046,0.3025002174228835,17.21210545785256,0.5981238172908687,19.88782203821747,-3.290996301192428,59.945339730878544,-13.536432229464664,0,none
32.3479,8.178555169773965,1.8614199341388529,20.73183429038715,25.77143161436804,-73.09235064330775,0.4202436851215961,17.226133625594535,0.5479801557269245,19.90079996575691,-3.0033198696449994,59.954490999479184,-13.204088870036523,0,none
32.3646,8.01067405950512,2.088333302174184,20.385522776717927,24.847226775265423,-68.20464148379241,0.1957680499000986,17.23474139455631,0.4974435262526325,19.90974763461393,-2.715499688355909,59.9627983063676,-12.87159608453847,0,none
32.3813,8.100932703025007,2.1449466074694645,20.577820836951293,24.52942277437164,-68.47746396841517,0.8140797740078372,17.24558401361155,0.4484140646027102,19.919532382981117,-2.427498435328596,59.97028682124647,-12.538939893742686,0,none
32.398,8.050172003632905,2.0917427287349497,19.95991786707382,27.188643770597487,-69.25626825246704,0.266055324826913,17.253046431226306,0.3974868117461551,19.928927411440583,-2.139372559927117,59.97692485100263,-12.206126805971628,0,none
32.4147,8.030770990924191,2.107693631670172,17.83259306312469,25.72091839644673,-74.09001038399026,0.4240196702113534,17.260508128312967,0.3470265211725729,19.933951967302104,-1.8511220741842904,59.98272019390621,-11.873229808117683,0,none
32.4314,8.105901539707922,1.8845324925529328,18.407416696694032,24.1439243830224,-71.37709042433697,0.7030134825007028,17.27008528912595,0.2976717301010183,19.9441356178311,-1.562711649855887,59.9876913117989,-11.540162743299904,0,none
32.4481,8.132432556630793,2.0877565708956283,19.977820127125813,25.706610942641884,-67.81753267394741,0.3108018948961208,17.27349401627989,0.2469806749697405,19.947951606409056,-1.2742442997840129,59.99181588907089,-11.207031951472873,0,none
32.4648,8.043280527669573,2.0775120119736683,18.31103675359632,24.72114315889438,-65.14829099703121,0.5439256914172537,17.27844356568833,0.1967964451610382,19.951547203827797,-0.9856942922370178,59.99510238970508,-10.873841113168949,0,none
32.4815,8.063153444958598,2.178641213375641,19.29246318547876,24.19842859617976,-65.08667300532193,0.4418178869274041,17.280700794061243,0.146977086370419,19.95547219155669,-0.697106588976195,59.99755690704747,-10.540584727569952,0,none
32.4982,8.051676024575748,1.9857382356883648,18.47789437751626,26.548239022052503,-66.39372455628978,0.5476898351849011,17.283278573557496,0.0960011450195099,19.95815215454727,-0.4084758367977849,59.99916012616929,-10.207283586589012,0,none
32.5149,8.155972673290009,2.313233409330869,19.82718784640048,26.49741748056707,-70.17010715633437,0.1947324150116308,17.285932107044783,0.04591022340716,19.960137450676708,-0.119800770610137,59.99992682690019,-9.873949291162711,0,none
32.5316,8.123544444593723,2.354411945194101,17.505776302798743,25.59807939840775,-69.0215274596308,0.2434210792353562,17.28587666603848,-0.0049182395162482,19.95903190033673,0.1688733697127056,59.99984469230027,-9.540633458427088,0,none
32.5483,8.090387064988048,2.21074152073053,21.24236009391188,24.7773908221555,-72.77433057257002,0.7766344659602729,17.285273338172054,-0.0540759812288839,19.960425341608826,0.4575374344601789,59.99894162341375,-9.20729435522222,0,none
32.565,8.07152904557,2.170531334077373,20.39694616426316,25.023421862208156,-71.1709400811388,0.3845809198163461,17.284650748004296,-0.1046779133515744,19.957968145949582,0.7461911019518507,59.99719350226078,-8.873996287184863,0,none
32.5817,8.162139745074555,2.026986612270862,19.422962719352466,23.180220851580845,-76.91416014524582,0.6412439974721502,17.279180214421608,-0.1554046350749271,19.95380438537632,1.0347534115326915,59.99459824485503,-8.540767753949078,0,none
32.5984,8.108691987926457,1.7491670406214057,19.44140926826967,26.482720696245277,-68.7869884620169,0.02587196814931,17.27895181232793,-0.2048295109615058,19.95228206769309,1.323311906798568,59.99117759202197,-8.207564643418603,0,none
32.6151,8.218934429484678,2.049402466039799,18.901633136524385,27.43786619438788,-68.18691391423725,0.4663555874434728,17.27263357563642,-0.2557844960197988,19.946888602269148,1.611764887511696,59.98690599093844,-7.874451603760709,0,none
32.6318,8.028933274089583,1.8329592406779176,17.3582567070558,26.08407579911526,-73.23831073621193,0.548272137431283,17.26725244693436,-0.3063071645589549,19.94290577782987,1.9001280033755,59.981790661290304,-7.54140507727095,0,none
32.6485,7.973590436540403,1.901162613075541,20.3265826159799,24.815288622507737,-78.62053243945302,0.5602638356078523,17.26126827197688,-0.3558003967143093,19.93515879853553,2.188391183517514,59.975848794665175,-7.208487925335406,0,none
32.6652,8.04715615696517,2.032821046382207,18.43511736738603,26.883338650985998,-73.18617624475868,0.284414518822549,17.251627007879645,-0.4055870464525358,19.926501763195503,2.476493354549104,59.96907549098942,-6.8757153458900415,0,none
32.6819,7.9464232699090465,2.01404972831143,21.34389510833445,24.713026416213392,-74.5112710042485,0.5797403417011493,17.24312803545391,-0.4566099733715092,19.917231964514723,2.764453592741184,59.961450104434114,-6.543097572082646,0,none
32.6986,8.182078131253418,1.9258401032519128,18.95568186032306,24.49940412452552,-70.22242099448009,0.028655005965062,17.23336744285638,-0.5068434610150153,19.908240944053883,3.0522508290368857,59.95298581863516,-6.210629948316946,0,none
32.7153,8.056723911875443,2.153058503102923,20.608386529947158,23.79837915666186,-72.36947946977897,0.4351327501619648,17.22424376769187,-0.5563172583114313,19.899084314162256,3.33989569995734,59.94369532042136,-5.878315240270436,0,none
32.732,8.050045919761748,2.3016305254037714,18.695918507408365,25.664418964888263,-68.53517993358044,0.5964315798225607,17.210059075084065,-0.606264099553738,19.88484200086462,3.627303686511244,59.933570709958815,-5.546238378855997,0,none
32.7487,8.05608874781653,1.9628790858891376,18.84609405240256,24.892501572686957,-68.5209377603907,0.2540351553521738,17.200569999946016,-0.6564215860779139,19.875536090324896,3.9145532055103422,59.922608469471314,-5.214316926147571,0,none
32.7654,8.078043767693252,2.088805715308402,20.63097489774696,26.822773149062773,-69.74410107476639,0.4012602322283091,17.1848128188363,-0.7058462652586075,19.859267377268427,4.201539579584908,59.910820836841495,-4.882667160947189,0,none
32.7821,7.96079710340836,1.7712880319552804,21.933854050865747,25.783217929766558,-73.1030173658134,0.4113200624161926,17.168306843954603,-0.7565093247767654,19.84485343910244,4.48825030387895,59.89818713111772,-4.551258108514178,0,none
32.7988,8.115193478841437,2.121719288395993,21.3988782136538,26.089211834785875,-70.75656147305689,0.4786807287230301,17.155989635518335,-0.8059060489248389,19.83072486497394,4.7747553307921065,59.88472850010068,-4.220085003269113,0,none
32.8155,8.108677290870713,1.93055888769842,21.79997453639241,26.714305689847432,-63.55244613950992,0.9909498794919204,17.13618674508971,-0.8551377153075592,19.812400168991797,5.060929649435105,59.87044770025504,-3.88921792044695,0,none
32.8322,8.130381412083342,1.8995183335760168,21.06644506938295,24.395225741637372,-71.7404673078675,0.808906298827353,17.120180738934422,-0.9057466217931068,19.79579555471873,5.346836667775309,59.8553217316711,-3.5586281346831474,0,none
32.8489,8.122518333653513,1.948794647534886,20.74790046353804,24.709992481712995,-74.75993855992637,0.2753095025352329,17.100794078569173,-0.9548485754840884,19.7772306085689,5.632419928887415,59.83937576046051,-3.228348383520047,0,none
32.8656,8.046466425747937,2.1203696296127563,21.078062427229007,24.14348344229561,-73.0095581667609,0.2142355575340693,17.082709991976948,-1.0041269520246794,19.75858748010312,5.91770118575343,59.8226068403617,-2.8983799726023247,0,none
32.8823,8.132749106662908,1.932637158737205,18.330098168251965,24.512401818442488,-67.82039701909525,0.3760304400262907,17.06002067785122,-1.0533524874119675,19.73650626738548,6.202603531073545,59.80501585382192,-2.5687803179369872,0,none
32.899,7.962464922214484,1.9113405054414123,21.24325113693637,25.8051558311204,-71.78329463123356,0.4410855771632828,17.040382008259126,-1.1035939191581217,19.716905764330008,6.487177910611472,59.78658583537198,-2.239507991672676,0,none
32.9157,8.101395697386168,2.051029985981354,21.067656143658223,25.55321141646152,-74.15944604353382,0.4662070774286158,17.016976842302466,-1.151435354780895,19.693714298425903,6.771361423877924,59.76735686494714,-1.9106229628889635,0,none
32.9324,8.167451048006079,1.5940295878282305,20.62678329123559,24.733274881986446,-75.47243144867066,0.394424959975156,16.99257946124632,-1.2015349523153418,19.670587481716066,7.055137500880737,59.74729123124347,-1.5821241519443052,0,none
32.9491,8.12108089863787,1.8611646194483928,19.64714364012924,24.441785506375385,-72.52480645278392,0.6809626612160049,16.970625501518164,-1.249887900864715,19.647287311534186,7.33854694675609,59.72641810329903,-1.2540144538416844,0,none
32.9658,8.098143749855263,1.9455672535735025,21.272696661063097,23.886259353412285,-64.8517868262872,0.5484599719003552,16.94362793326698,-1.299449184094147,19.62147294097556,7.621505533241649,59.70471730192466,-0.9263358557273926,0,none
32.9825,7.946814294534213,2.0455424332188747,20.33487329097669,24.016870600345893,-65.75167933852167,0.6467433868663582,16.91585726301667,-1.348574317095788,19.59485582740959,7.904000349534027,59.68219611082916,-0.5991017634096525,0,none
32.9992,8.135888242510056,2.4234270887942078,22.212744646991958,25.045869949979917,-71.93690455985102,0.366572714533964,16.89360783620389,-1.395815980023021,19.57111994290857,8.186123600398632,59.658885983962776,-0.2722640603630794,0,none
33.0159,8.188786472406392,1.9201438811880207,20.26808522122785,24.51649447534561,-70.37740037301921,0.3343190293334831,16.86123840433823,-1.4459342553858798,19.53954477132487,8.46770628175108,59.63473888189783,0.0540463373180459,0,none
33.0326,8.2968048779499,1.8413267263816768,19.044528152216028,24.936197438065527,-68.38337185334754,0.6065091237654464,16.835242342943683,-1.4935653553868395,19.51336106093155,8.74885482887824,59.60979634046287,0.3799194670356028,0,none
33.0493,7.973506513198562,1.8847989295359435,19.28743909185969,25.68553242598649,-64.38514164319815,0.5691205809686726,16.80286368310991,-1.5419507038846454,19.4831207817474,9.029462652386176,59.584045763708,0.7052875840907844,0,none
33.066,8.092262695446584,1.7219657859685014,20.043513324828776,26.196554057780627,-72.8540387018564,0.7081219880427106,16.774695732738458,-1.590314788093811,19.45367827111051,9.309600071122908,59.55748750674683,1.03016401121833,0,none
33.0827,8.038513546436384,2.174838897020567,22.483081856763484,24.228661125510435,-68.21639092186578,0.471920605813833,16.74110734000044,-1.6389356835469708,19.42171578217284,9.589176563700915,59.5301172808316,1.3545066647806163,0,none
33.0994,8.151601219761556,2.0375067288972826,20.34017564375375,23.672221548711768,-67.74328585541404,0.6641409180583088,16.709108345283465,-1.686328812538592,19.38978532377953,9.86821867306715,59.5019555896622,1.6783160796877346,0,none
33.1161,8.176291471171595,2.1673144894920853,21.06460212641227,24.23621778802574,-68.83691940177211,0.2196576019305824,16.679161149304853,-1.734307655377829,19.35865414425277,10.14676066426054,59.47299265181739,2.001605603896756,0,none
33.1328,8.021555978447273,1.7597572479209032,19.388604085947268,23.79164055912972,-72.4200520590859,0.6651017555262224,16.64179644606942,-1.7817198960871676,19.32342914684068,10.4246786649099,59.44323792955274,2.324306870648995,0,none
33.1495,8.12388635276928,2.1430232626334047,20.456060902884666,25.95508029962768,-69.5077921980637,0.2660218913002165,16.60741592045703,-1.8299461910006185,19.288984502817502,10.702022510781532,59.41267782816303,2.6464329118460475,0,none
33.1662,8.045333514156091,2.061192757873975,20.24136237017381,25.342249501491807,-74.82972027985626,0.1061806625726217,16.571424698359763,-1.8769691661140189,19.252994929453656,10.97876530324414,59.38133244308892,2.9679579271679235,0,none
33.1829,8.161906436652373,2.145499664799455,24.076081149525475,24.88019454888605,-69.32878047890442,0.6617977580584551,16.535148255659855,-1.9245745706014503,19.21780940251414,11.25490227911366,59.34919204775988,3.2888953441899096,0,none
33.1996,8.250578846434033,1.827204249664241,20.727112876276948,24.549134260306253,-70.89394691794489,0.4904086702455456,16.50078401896504,-1.9708395068175697,19.18278809947848,11.530465372230376,59.316279027996025,3.6092479054512,0,none
33.2163,8.131775261211413,1.95809230101796,18.85786248576078,26.084689896807284,-69.3662927764282,0.3066025365720413,16.458751307756945,-2.0185037975797533,19.141208123054312,11.805326519069917,59.28257001457644,3.928906081106207,0,none
33.233,8.18293228676503,1.8757657164542545,20.27800354234964,24.071603619954505,-69.65768991562192,0.6554333888846816,16.4240847561263,-2.064688135682034,19.10771456268377,12.079608734497226,59.24808972271055,4.248004914303026,0,none
33.2497,8.040853130889051,2.118223020572168,19.92818727567876,25.715812574920623,-68.98318858154512,0.44347126488461,16.381173500247744,-2.112002450815168,19.065458308714824,12.353174331951363,59.21281928178194,4.566398068058564,0,none
33.2664,8.132160178586224,1.9724665908622625,21.256657989380912,25.721527516490163,-70.11647957984765,0.4389153535199188,16.34262269729524,-2.158604546955857,19.026641542485155,12.626096130996194,59.17677058584778,4.884142981818066,0,none
33.2831,8.0353036067658,1.610306435860354,20.353285003812957,25.738173450954875,-71.30414919195141,0.1721339462014514,16.302030835678003,-2.204951602677796,18.98676456879142,12.898340045952017,59.13994789408306,5.201221950116882,0,none
33.2998,8.081591838278614,1.9576567986756213,21.643642490616628,22.790909981301656,-76.90608206093384,0.2670628854413963,16.257745441955564,-2.2506607125700797,18.94262841327549,13.169844394832674,59.10236186018314,5.517563844618583,0,none
33.3165,8.074603610846436,1.9938715766758883,20.16719327015664,23.611626871631856,-73.61992617808028,0.5366449928432423,16.21870584716268,-2.296706883077736,18.904745912170117,13.440696782480291,59.06400685523574,5.833273101351824,0,none
33.3332,8.081146112682223,1.9461657495067937,18.680000082441584,26.212782499261063,-68.71544400183065,0.4070974238923104,16.174030669435513,-2.342797740563024,18.860523399194296,13.710803094659864,59.02488213296834,6.148243842118369,0,none
33.3499,8.089680295635768,2.0079825762061505,22.4418882846408,24.654667378383216,-65.53198724588971,0.7908279533566516,16.127939545716348,-2.3882016451731016,18.81572294721345,13.980139685073327,58.984999165493946,6.462466415336833,0,none
33.3666,8.08946214469081,1.915744221621189,21.097939607337896,25.023905229881365,-72.57738821024338,0.7238760298555907,16.086333792270658,-2.434180566626901,18.772692272192916,14.248781459404247,58.94434835003128,6.775970376282455,0,none
33.3833,8.071827277966458,1.9100152756290407,18.73770046011784,27.24767723474513,-71.48574395313172,0.2638100269970275,16.04162154367602,-2.47828521091673,18.729115667641697,14.516676539183637,58.90296098700897,7.088746607932071,0,none
33.4,8.073251214194297,1.9107194727585508,21.478938249224942,23.99425032676129,-71.90353946401687,0.6428016350548404,15.993943238205082,-2.5242431599864603,18.68298239467679,14.783775391261662,58.86080612623719,7.400752413923174,0,none
33.4167,8.213286403576726,1.9629612047073088,22.26350733500932,23.781194860580413,-66.18729137054488,0.282248015944621,15.94773830960652,-2.5697961513758143,18.63707062872273,15.05010262103209,58.81789053050922,7.711991493422843,0,none
33.4334,8.10286330736617,1.9120377652774565,19.63237507806681,25.88228676094701,-66.24797906941446,0.4605389058535119,15.901906613741357,-2.6131805709154383,18.590993387823143,15.315664461481571,58.77425041497493,8.02246108299949,0,none
33.4501,8.122461952133586,1.8465091971135763,20.55647617831813,26.73686580981874,-71.3505946484742,0.624393655164816,15.853225950287348,-2.658436569324484,18.543973427306756,15.58041333485137,58.72985452426721,8.332145439235513,0,none
33.4668,8.01940134219602,2.1246635719775697,18.713060919877776,24.550715371952634,-71.57297619331382,0.5158942490661025,15.805411876576857,-2.7029827225622505,18.497060335908625,15.844363713190203,58.68471471280042,8.641046346845187,0,none
33.4835,8.215086615749632,1.9518799981252304,20.39948033008841,24.06204309968189,-72.54950278633007,0.6444185666071661,15.756581097051685,-2.746683728523623,18.447415012076,16.107498617510966,58.63884509453408,8.949118177546856,0,none
33.5002,8.060588440338575,2.244049283058944,20.180076729798355,24.7323216416382,-70.71519738547079,0.6389319597381514,15.707658941975344,-2.7909883846437302,18.39875207732816,16.369816521841955,58.592235588510526,9.256377337238236,0,none
33.5169,8.210457620734651,2.1825800159096342,20.567912102170684,26.327631726867786,-76.57627624857967,0.5504720465743814,15.65734570646918,-2.834347154683212,18.35031877462767,16.63129419513999,58.54490199102732,9.562827660774518,0,none
33.5336,8.133750399254378,1.8392650053581163,17.198592672817455,24.471508112755178,-72.68399046428672,0.4819728694629825,15.606861822724428,-2.878563757288341,18.29966949039972,16.891928787579488,58.4968299762806,9.868432141264194,0,none
33.5503,8.185857522398372,1.970719509624533,18.507729185173915,25.0344504843527,-69.67080846703617,0.4552540145035723,15.556676023464464,-2.9209484785331474,18.25034900676602,17.151725277171344,58.4480501366891,10.173212969677186,0,none
33.567,8.073264533947023,2.14357980997301,18.99974861827879,25.398008896879155,-72.36843265490116,0.6568136409909975,15.503645353015044,-2.964759986797982,18.198548508535964,17.410636154566696,58.39853864490957,10.477128729769737,0,none
33.5837,8.273149086731026,2.0644843683369194,16.519579321086685,24.73278107512397,-70.39271022666607,0.7504184181134763,15.45123348500459,-3.008110147302184,18.14643157951696,17.668671753766272,58.348303205449625,10.78017413714767,0,none
33.6004,8.140777635009998,1.5905577930403072,19.59028423045986,24.181261327954804,-74.1319241172278,0.0,15.399992988912611,-3.05035380911874,18.09630252577093,17.925851636681113,58.29736229683734,11.082382389328044,0,none
33.6171,8.07283386968133,1.9612891875187235,21.146967970880844,24.6669194779497,-71.72474434446289,0.3165816988197438,15.345847594703454,-3.092986076891865,18.042400372224414,18.18212729151266,58.24570942935325,11.383690475544192,0,none
33.6338,8.137911996800623,1.814423936907692,19.439386106248723,24.459408706782185,-68.31212732571217,0.5837623992345157,15.293414456739589,-3.135543252386833,17.990533419400037,18.43752731294021,58.19334585703839,11.684132383648173,0,none
33.6505,8.113144999208615,1.870227400456396,17.97519087622654,24.2543176861203,-72.70482828793898,0.541350474973589,15.237580510758573,-3.1766851789891386,17.935281006150984,18.69199490746988,58.14029521454927,11.983651576450894,0,none
33.6672,8.165659641866867,2.1442330250531083,21.023697513143937,24.36342860280892,-69.85539669286071,0.3088068802997988,15.184554276185544,-3.220024037563144,17.883619222551772,18.94557696388218,58.086520813121965,12.282308017467509,0,none
33.6839,8.106813442702302,2.174736671817909,21.071768850801607,24.27169488999061,-72.45220260152955,0.3861381500423673,15.131046121521456,-3.2605941048549387,17.82907190630248,19.198265434111587,58.03206889157089,12.58005351830276,0,none
33.7006,8.069843524330661,1.9319817552482428,19.312821413417065,25.87180078928205,-71.93478336200378,0.4447562763232696,15.0751849887228,-3.302915142806748,17.77526627234466,19.450021023423258,57.976910208686014,12.876900465050916,0,none
33.7173,8.189694983785705,2.011975732550161,19.540342082395632,24.963862961240096,-69.40589615818632,0.4076867730387664,15.017293226373804,-3.3433327783470106,17.719028320117648,19.7008098203037,57.92107655128762,13.17280823799688,0,none
33.734,8.061535184569284,2.0457601187750067,19.5684198563933,24.25014060068635,-64.9731848012725,0.7486326929115292,14.96247770488696,-3.3848888646257174,17.66294656340512,19.950683197975312,57.86454890724837,13.467779445605746,0,none
33.7507,7.976848902168859,2.0267066622871264,19.724731646218185,23.89316944220341,-67.02902080646696,0.5395881511471892,14.90552338497334,-3.425566959264474,17.609034504127752,20.199605438504367,57.80734193902865,13.76185032182468,0,none
33.7674,7.984300034256114,2.520555889961883,19.39246255156151,24.85296018921484,-70.41168508210814,0.4194696872923107,14.850301262950472,-3.4666115597699507,17.55361256540411,20.44760546959564,57.749449525980495,14.054995651666928,0,none
33.7841,8.136496542671146,1.8350901019619703,18.63991404085644,24.267117718997007,-72.69910129361566,0.438519435796766,14.789939635222169,-3.5063415900967807,17.493803702878036,20.69459746150385,57.69089362142588,14.347142173504992,0,none
33.8008,8.218780732604536,1.9072536075535405,19.68551585090345,25.957571620420723,-70.47146053110669,0.6063719337492317,14.734884080627577,-3.546763414646422,17.439262133776122,20.94067002565033,57.63166267240128,14.638377851139053,0,none
33.8175,8.152253619493534,2.2411731777607766,22.867332257594548,25.4633356004399,-69.39139077823286,0.4227202970454638,14.676716803887452,-3.587560855998715,17.382876509057176,21.18577119627525,57.571750406106105,14.928671888840308,0,none
33.8342,8.048644089971333,2.0598103551100952,20.65491841383436,25.6323605521546,-70.34975181422102,0.5419277292294725,14.616866464222795,-3.626476553703133,17.3227489098611,21.42987286622777,57.51118824765926,15.217961795634988,0,none
33.8509,8.08364803095037,1.7219304449628223,18.041494988931984,25.60874261682929,-64.57945522599456,0.5992595280809788,14.560352666173271,-3.665736249664762,17.267700143953803,21.673030755752865,57.44997045228986,15.506332388039016,0,none
33.8676,8.149846876641337,1.8693128349755272,19.486184119511307,25.53346762395286,-65.99887167115006,0.5155563785227146,14.50086247346439,-3.705413558347749,17.208881481119928,21.91519515905972,57.388090045865454,15.79372070877372,0,none
33.8843,8.152692266436745,2.0095540640284413,22.33026483436126,26.775095768946517,-73.20857980894012,0.4302677251472401,14.439946505190932,-3.744174403657254,17.149404903028927,22.15634226569641,57.32556233332438,16.080115770654302,0,none
33.901,8.10285002775918,2.334159310317931,22.28674962149308,24.81056000540033,-74.2211330538382,0.8377861833550404,14.38340004691628,-3.783250912452636,17.093075262657464,22.39654504647991,57.26238204308642,16.365570127540682,0,none
33.9177,8.134147735418132,1.847726551114544,21.95233104569094,24.82202752209675,-70.0618466087403,0.6745361259718806,14.322285744667528,-3.821406592694809,17.032359202742033,22.63572721841586,57.198564552988415,16.650010526226474,0,none
33.9344,8.09303917858453,1.9612697535400208,21.977777058077244,24.962406652493865,-71.94361596443218,0.0,14.262749802938744,-3.8603176304825424,16.97482486846618,22.873915140124936,57.13409724855936,16.93349010152986,0,none
33.9511,8.007796681268488,2.316494539457439,23.88775578980526,25.47792106830681,-68.86817957478432,0.3481091825725066,14.200379140049876,-3.8980244239209534,16.91284554164713,23.11106147176377,57.06900024067988,17.215934622075366,0,none
33.9678,8.117243519932225,2.0316427307409413,21.71495419118633,22.16937825147956,-71.6534910906458,0.4968343573356393,14.142047252491524,-3.9369221295328174,16.855318918986892,23.347233660880377,57.00325364111668,17.497418448022447,0,none
33.9845,8.15751238046018,1.885921742544817,17.67709806148246,24.15054329699076,-68.76028985160148,0.6176920762407343,14.08151716777184,-3.973676149432229,16.79543275264233,23.582394997582167,56.93689324942116,17.777902174991574,0,none
34.0012,8.08967701461558,2.048385498998203,20.91396770069866,25.22253657857324,-73.61233939855462,0.9785783793508568,14.020467777591463,-4.0111564514595175,16.735801733398343,23.816536809467944,56.86990693668179,18.057390063939327,0,none
34.0179,8.22394441492181,1.9528376706393689,19.067823244521488,26.06800980734086,-65.74649597032212,0.5546649936122047,13.959353268444154,-4.048636467044905,16.675640204846655,24.04965800905096,56.80229470768214,18.335873255360266,0,none
34.0346,7.978505299119679,1.6880046579960846,19.42308937390389,24.84758016621001,-70.66180286657475,0.5212257559720034,13.897953463069165,-4.086274533968591,16.61521201442027,24.281753831884217,56.73405392296486,18.613347296001084,0,none
34.0513,8.08416340281175,2.375387982724828,20.99889739601828,26.820852591029013,-75.07061627786383,0.4271118181497874,13.835342170879754,-4.122235581111587,16.55377146352181,24.51280404613791,56.6652125887603,18.8897952794419,0,none
34.068,8.037583502204678,1.725086544784348,19.215073409375837,25.55272230295319,-70.77367072090507,0.8369846035785101,13.77459140162457,-4.158768637167102,16.493585162687747,24.74283972254504,56.59576115251961,19.165238151658784,0,none
34.0847,8.139400872674427,2.203430611712862,17.1409892926754,25.149600291761352,-72.2407933152279,0.1669368683053008,13.712399113201773,-4.1948801070284265,16.432224257304647,24.97183678773551,56.52570665473223,19.43965629675577,0,none
34.1014,8.177563011509957,2.22897876712085,18.571900771006774,26.648559464297215,-69.30757246991274,0.4797564135220171,13.652221387820765,-4.231709550377199,16.37406739226062,25.199828884912115,56.45503710524093,19.713103222206524,0,none
34.1181,8.145732531517812,1.8302131305713585,19.43579540686311,24.859205749300205,-65.3488658947955,0.2471856389628957,13.589165741247593,-4.266891542069892,16.3106635588057,25.42676795279095,56.383780016488366,19.98549130363858,0,none
34.1348,8.113416183815858,2.197598553249875,21.539469453289183,23.989322332769564,-71.16822795624954,0.7289894448849294,13.525285603712264,-4.302811215053967,16.24877449673296,25.652640222372945,56.311923069196965,20.25684583773402,0,none
34.1515,8.192153350374381,2.0513952794286445,18.73890775035241,24.876838720366752,-74.38934651830861,0.648141757541418,13.46503104568163,-4.337877803218542,16.18870529709869,25.877506240835828,56.239480509883215,20.527197216195567,0,none
34.1682,7.992342048728546,2.375405166348981,20.24977359113645,24.468329349084875,-68.502144832173,0.3116889568631338,13.40114026517812,-4.373840527926133,16.127005293908244,26.101305283264303,56.16643737306685,20.796518204603835,0,none
34.1849,8.019900547388477,1.9771094579684667,20.699923664074426,24.86334791333224,-63.13031256349562,0.7659687278174652,13.339556709260313,-4.408407091111842,16.06609810837869,26.32407588030895,56.09281697464528,21.06482204301376,0,none
34.2016,8.116293008337129,1.8168556137915028,20.08642911778636,25.13699317361429,-70.50591845339581,0.8645123125250482,13.276762027081292,-4.442630514218537,16.00428627998568,26.545797806161207,56.01862504505783,21.33209362388952,0,none
34.2183,8.124144745371092,2.0005342633776437,17.33399665444757,24.46849684752637,-73.72523532249141,0.696149325111437,13.214121544269268,-4.477173515998592,15.942884306364643,26.766473635950504,55.943856247340655,21.59833979180581,0,none
34.235,8.17662779967658,1.811322714914558,19.066241439394503,25.396901043644743,-63.063698638039966,0.4543571854994845,13.151647915536328,-4.512108372592313,15.88026817868344,26.98610615613996,55.86850403751836,21.863540270389823,0,none
34.2517,8.152424979453933,2.092209730797824,21.536017616019297,25.477438744444083,-72.51347730730124,0.6480932635573113,13.088824416767796,-4.54510294075365,15.819514457181263,27.204689523899983,55.79260081840778,22.12772616182475,0,none
34.2684,8.166939681044228,1.7898774523675056,19.333868014179064,24.51421807427711,-68.99408481909786,0.6579042988208079,13.025724081886109,-4.579675318088468,15.757310668782566,27.42221911606748,55.7161202405957,22.39087324999342,0,none
34.2851,8.031489043051659,1.9495412661143696,15.91754754536282,23.815926286861323,-71.54626921911247,0.6886628315926417,12.963317124548333,-4.613078720304159,15.696757714693945,27.63870651204744,55.63908182596662,22.653009103828808,0,none
34.3018,8.032511540669027,2.0064005615361333,20.697801884657014,25.15408465819212,-72.32831871908138,0.1980660123886232,12.898541054368948,-4.646062475130438,15.632488313347118,27.8541121476554,55.56149258263194,22.914071658661705,0,none
34.3185,8.060761940786822,1.9052678648578167,20.24487005518817,24.467431885711783,-74.28477483428185,0.493105314897815,12.836119044032698,-4.679174238745277,15.571469184758934,28.068475335690746,55.483350372844896,23.17411519404718,0,none
34.3352,7.95750392156712,2.1927352732640992,19.39702793763842,25.23608698479645,-74.04835582264514,0.4038165950260188,12.773936083440915,-4.712768300743062,15.511004330640109,28.28180006828421,55.40464714222249,23.43314896636887,0,none
34.3519,8.235857797906597,2.1206675233570134,19.890325383091785,24.6348972544453,-75.83232516388067,0.8160121207645437,12.710506036102611,-4.74465818978693,15.447657875001964,28.494065519087123,55.325411350453045,23.6911248528814,0,none
34.3686,8.145326343498473,1.996969996553353,21.046611087216903,24.674919448803852,-73.52306708033906,0.5377416265007071,12.648832989939647,-4.777566431439744,15.38723262860346,28.705301030019115,55.245625991048,23.94809163777908,0,none
34.3853,8.175385524127455,2.2495165115630518,18.72745831430485,23.864161431718227,-68.53868991303759,0.167446712574569,12.58491794252494,-4.809254863161358,15.324550348149042,28.91546915965928,55.16531143483321,24.204011628593168,0,none
34.402,8.232775658560403,2.005201950811969,21.71712862054808,24.358774197238013,-77.8833702507274,0.3941480310054886,12.520051638103867,-4.841936234966286,15.261669761139895,29.124554022015616,55.08445109970927,24.458881513604204,0,none
34.4187,8.178224478223681,2.024063540997602,20.39799664164389,26.132086617686923,-70.81696424743285,0.8293883610967343,12.459501623439069,-4.873048864932722,15.202261648039006,29.33262769912705,55.00307118366489,24.712759283126456,0,none
34.4354,8.087556399899754,1.8416756055689003,20.639997540981568,25.541925411386675,-70.99555457025004,0.4535104445640864,12.394346775135396,-4.904679685274077,15.138394947180172,29.53961329027181,54.921163032920816,24.965570478744365,0,none
34.4521,8.095731732773194,2.312934951040376,19.120763737225623,26.711275795507994,-64.72872911512776,0.4745741197608407,12.333294366112092,-4.935977302424248,15.077660682228062,29.74557930618588,54.83873221197033,25.217367412137573,0,none
34.4688,8.127439313266185,2.2036296130639483,20.2158624750328,23.775766274406884,-67.62717339436179,0.5010526633853621,12.269262611216767,-4.966911064486508,15.015070600925112,29.9504759917932,54.75578479719341,25.468119091173023,0,none
34.4855,8.159023155721766,2.0885364742125274,19.578910165894115,24.946926651894305,-71.061278310254,0.4283939438447807,12.20746672859897,-4.9978459548153245,14.955065914393089,30.154340686160804,54.67232076974799,25.717868691943387,0,none
34.5022,8.121719756587986,2.249028915670372,20.65394741136156,26.10890018451265,-71.79118186919678,0.4091894349990068,12.142194458174622,-5.029095832286086,14.891311373001226,30.35711533361232,54.58833486934881,25.966553591872508,0,none
34.5189,8.200074413742358,2.0804608949838683,20.69949292627606,23.04992378659732,-65.42415146090026,0.2684598009797153,12.083376097084209,-5.059124990556873,14.832649947580432,30.558907714433627,54.50384748200651,26.2142588459971,0,none
34.5356,8.10692533773309,1.7315087364116917,20.414289937044547,24.1589577747184,-67.96896059133834,0.7644830119538509,12.018240324547556,-5.088436830870769,14.769088492475383,30.75961232785357,54.41887058693097,26.46090262382144,0,none
34.5523,8.047032068496746,2.100096455455204,21.645983740488123,25.931911469543437,-69.79533289347265,0.3959234923385938,11.95495568879983,-5.119375680013116,14.708335625721444,30.959260087856528,54.33337701307475,26.706531828770988,0,none
34.569,8.095918299663003,1.499635010360885,18.7737037282699,25.012741544980603,-74.08677394599584,0.3389361046865284,11.893829092895748,-5.148797241653382,14.647579451530412,31.157887033707887,54.24739209913914,26.951146405611546,0,none
34.5857,8.091706457769867,2.158694258308663,21.4508902799994,23.862997283776185,-67.41987840017809,0.4941934411479284,11.830859025548625,-5.178799352810292,14.586472207676833,31.35546237943455,54.16090614994721,27.19474049147975,0,none
34.6024,8.041547086554106,2.154281687822285,19.86769036512088,25.633552267787827,-67.20070899453958,0.5607925582445124,11.769180105713282,-5.20697617274992,14.524402667262466,31.55200768719996,54.073949647862285,27.437298016023032,0,none
34.6191,8.008088938259782,2.199945670154049,20.428791819708675,24.57599225232348,-71.90107961541761,0.7503207356050576,11.705246267855946,-5.237021564220029,14.463950496902456,31.747485299873155,53.98649138773981,27.678845989321303,0,none
34.6358,8.134036961187627,2.251431583466025,22.993361787668974,24.79247551155201,-71.46283435198455,0.2024238110520981,11.646158784040733,-5.265643809315792,14.405141560490671,31.941976151566635,53.89855513612424,27.919411853381497,0,none
34.6525,8.03760699887364,1.922426671554708,22.177387021551947,24.743704729807103,-70.04539985469061,0.5733416912943038,11.580228572201287,-5.294114136101607,14.342103305561873,32.1353659687224,53.81014343005134,28.15892497858438,0,none
34.6692,8.04190776199707,1.9215004206854127,21.96937565347732,25.413408700576248,-69.16801849484511,0.3332771215082748,11.52154034113925,-5.323774398080357,14.283137424108958,32.32777569241942,53.7212363976034,28.397453373567,0,none
34.6859,8.058474006137482,2.148258588471707,19.96127270975262,24.70373573158245,-69.60180341524664,0.0627894418029875,11.457667055554309,-5.349927299584931,14.220880377641326,32.51911873224718,53.63189261170033,28.63494207587361,0,none
34.7026,8.07058078624076,1.9765211518801291,21.093385765589797,24.507295083135947,-69.45779553740907,0.2608283740599065,11.396494673730816,-5.379645300992674,14.16138465152834,32.709440193298484,53.54205253517375,28.871437199554133,0,none
34.7193,8.110206628873623,1.7974332116541092,19.512169040743224,27.02569902051553,-68.37372725145181,0.7953166674185476,11.33482132930648,-5.406118445982472,14.10087002750911,32.8987317094979,53.451770357125845,29.106921729013536,0,none
34.736,8.1332358770394,1.896806948390805,19.68138131885848,25.450301030196577,-72.01139146727608,0.4159135903289325,11.274353228243914,-5.434944843221462,14.042003506206694,33.087013408409575,53.36100677824405,29.341423187567187,0,none
34.7527,8.05592824858823,1.926261002798324,18.319180271171295,24.64697130099093,-69.6378421623268,0.6881499782234365,11.212368302785494,-5.461907272267458,13.981449820317982,33.27425995906609,53.26979292679718,29.574913399566498,0,none
34.7694,8.10030968256841,2.1080110363932407,24.005791013110063,24.96161666073579,-69.87463311436902,0.6782778486550716,11.150466762756254,-5.489233658491037,13.922825675251165,33.46047275400412,53.17812272470038,29.807424588343192,0,none
34.7861,8.09665292688291,1.9219283770423543,20.424601202372592,25.75528203379089,-70.57085646234955,0.3406324506992306,11.089788936320865,-5.516224766105536,13.8612756196472,33.64567222924068,53.08600177110642,30.0389078911913,0,none
34.8028,8.07066548846362,1.7264465333489232,19.042314908296987,23.57694305568162,-72.80984272173562,0.5531347220013163,11.03048902400191,-5.542540019327915,13.803336410282416,33.82988139594151,52.99344135278364,30.269423609243017,0,none
34.8195,7.874807083780472,2.10074178190779,20.448153994438893,25.24049706696321,-69.42272100431065,0.3129388581705321,10.969121695763482,-5.5696653518498485,13.744345731762373,34.01306572826076,52.90042794140775,30.49895418296345,0,none
34.8362,8.11470382436326,2.2333081377706274,20.74340521145205,26.84862778462068,-65.25614026947537,0.785814239864802,10.909216487053152,-5.595889715967549,13.685851082757916,34.19524964359455,52.80697658315109,30.727507896045505,0,none
34.8529,8.041279513379775,1.882827260188837,20.655524178154888,26.472610120098132,-69.77946680052837,0.3239655532964502,10.847054749940392,-5.621447722633743,13.625604756185751,34.376395457918555,52.71309840618311,30.955055495473808,0,none
34.8696,8.087626479474428,1.993147568392908,20.153423614024987,25.008287597711032,-68.7543525580536,0.0756631830015021,10.78583093600048,-5.647642084295036,13.565768238400254,34.55651883454976,52.61878278337538,31.18160382505509,0,none
34.8863,8.149773837005371,2.36057200549591,19.084410758341228,25.822475996052308,-74.18669790413091,0.4104348438487426,10.727817279036792,-5.673563039308535,13.509022118515666,34.73567338310968,52.52403428061893,31.407204494434303,0,none
34.903,8.16737718742605,2.250001602414547,20.731002935396443,24.93366761923609,-66.92016723944285,0.4390703297586036,10.66929220734521,-5.70029195610042,13.452531119486034,34.91385056297234,52.42883940495205,31.63186176412972,0,none
34.9197,7.996653382356729,1.8899290631055456,21.13288099056636,24.303838370856383,-65.7871743804871,0.5919197640408871,10.60729220891781,-5.724023951042406,13.392244497123531,35.09099234286127,52.33324820496964,31.855512247231683,0,none
34.9364,7.917521915683834,2.102776492435889,19.218056515552632,25.393275994088512,-71.9450716173303,0.674174351937374,10.54801777430125,-5.750330700832256,13.33398162603176,35.2671442396921,52.237217682265744,32.078189740386414,0,none
34.9531,8.061007860493477,1.8507695580093104,20.557302084600664,25.362714925187664,-71.3630776334846,0.4342366508667257,10.490804878283974,-5.774230989728184,13.2777049696412,35.44234068115944,52.14078802473728,32.29992741337942,0,none
34.9698,8.144192786611777,2.032898710970456,22.28818277116082,25.2288853953208,-67.25191269814836,0.5851492931107596,10.428997234964704,-5.800264562181102,13.219635734348932,35.616504934983354,52.04392360654886,32.52069533014305,0,none
34.9865,8.198389643296814,1.9822945997967771,18.210289839416284,24.672168997058705,-66.70700812825727,0.2041630243482664,10.371511283578348,-5.824290807869225,13.162379207254142,35.78970917341911,51.94665795005744,32.74050706290419,0,none
35.0032,8.034919919087693,2.026677476895385,21.22511146617029,25.237155148027977,-65.51475921371183,0.6041866799953102,10.312628415712494,-5.847883151987557,13.104890244724247,35.96193006796151,51.84899830141925,32.95935872999109,0,none
35.0199,8.124061004244453,1.8652797877341625,20.58215119299922,24.881190901837464,-73.05248333551023,0.7542773458038627,10.253357007364244,-5.873053856080611,13.047140344770408,36.133161129984494,51.750918302022704,33.177245973748754,0,none
35.0366,8.087935964264483,2.30485273201038,20.174501861178022,25.59902723689696,-74.22832132795159,0.5410547426670993,10.196147662581271,-5.896849582967774,12.991780839333831,36.3034367959496,51.65244091398714,33.39420871376563,0,none
35.0533,8.125057927130767,2.203185830252869,20.762733617408045,25.965676089250863,-69.64317905875978,0.5377460238145068,10.137787850590865,-5.920717595339947,12.935773269599515,36.47273785305447,51.553564930144965,33.61023612736794,0,none
35.07,8.249957053915011,1.7264978103183628,19.154222676372125,25.888675497043288,-70.39905542402536,0.3578140429382558,10.081012494457037,-5.944048314378728,12.879414803088125,36.6410907617119,51.45429932329484,33.82532235457951,0,none
35.0867,8.109059361430475,1.8485993182674016,23.541489986933502,24.27685324590098,-72.29238856273167,0.7334357598552323,10.020807701454482,-5.968169925457167,12.82213682322834,36.80843825032619,51.354630885539706,34.039452039527426,0,none
35.1034,8.239550036968398,2.0498664204965635,20.61841883260658,25.75395969696656,-67.33427858931933,0.4913577195248086,9.964186817402032,-5.991004217061751,12.76688418082298,36.974840170176805,51.254581115114775,34.25265900534717,0,none
35.1201,8.209585525010379,2.3537859674217376,17.955098778870365,24.88438755160092,-65.14810714642854,0.553881440536943,9.908724019088131,-6.0141641484615445,12.71273254309097,37.140315861295576,51.15414457383547,34.46496163881679,0,none
35.1368,8.095224946514037,1.5472006769934783,18.9882279147504,24.93814308573371,-67.70500029574872,0.3982426287732328,9.849064138428744,-6.036510193155549,12.65459145224055,37.304795232407336,51.05333485360977,34.676293316069206,0,none
35.1535,8.05856599059528,1.821926019601373,20.614846363273163,23.62802273910208,-70.51527502535023,0.723993636736648,9.79445499148921,-6.060743050673114,12.602380455265456,37.468362630765206,50.95212044466353,34.88675306967214,0,none
35.1702,8.090776803038978,1.9161232123598784,17.812295474049247,24.813560019180525,-68.1155893608032,0.5565388081016873,9.736570777647133,-6.08145704282722,12.54591892067076,37.63096336275191,50.85056011204831,35.09626991564734,0,none
35.1869,7.991664838422824,1.984852807138059,18.29363621359293,24.704699066808555,-68.04131619952643,0.424179264583598,9.68106757604161,-6.105347382877356,12.49275243146699,37.79263719127181,50.74860081075426,35.30489888125284,0,none
35.2036,8.134873071662385,2.216311746495928,19.09351053734021,23.78456921901457,-75.22093455428711,0.7333083275739142,9.622443775375066,-6.126417942529704,12.436172786239748,37.95333200232057,50.646289631114016,35.51258296678304,0,none
35.2203,8.05425994224511,1.9090394598303768,23.873814890112826,23.84575744854694,-73.18250640766644,0.1378729282113924,9.56915797011959,-6.148549437096371,12.38297778948575,38.11313694042157,50.543608855514506,35.719378695867455,0,none
35.237,7.974695325704779,2.1906153222271287,19.348757765240272,26.230739569490897,-71.29394903075473,0.369794709282787,9.511360326256694,-6.171527223509326,12.330313386181116,38.271976657870056,50.4405443508819,35.92529492941668,0,none
35.2537,8.240988812577168,2.0949496501656117,19.577840536077037,25.63765020051129,-74.02487186466635,0.6658666436342253,9.458661928113871,-6.192258738016182,12.275399504214004,38.42993631206956,50.33713362995703,36.13029410113705,0,none
35.2704,8.140942244075731,2.029119463602974,19.183848051943954,26.06428187653455,-68.276528424305,0.2298506355261285,9.40153875649749,-6.213881232390223,12.222066499783448,38.586942009303066,50.23336181337611,36.33440261168344,0,none
35.2871,7.977237270401197,2.2214425138806595,18.35384351854464,25.99468001372117,-73.60685615590025,0.0501025587610102,9.346022978048982,-6.235169957130536,12.16848114965768,38.74302059303648,50.129234475092034,36.53761624688272,0,none
35.3038,8.093071230931649,2.020111958640582,20.21429916724554,25.12610144160653,-70.92317063551043,0.701106266048664,9.29296750609133,-6.256342751115341,12.117677376163536,38.89821315038821,50.02475355114841,36.73998145906465,0,none
35.3205,8.05888068172978,1.9737096665868867,18.6231008643548,25.473371150428328,-75.76079538478291,0.5731142549701425,9.236768774636046,-6.277429303487864,12.062433807100437,39.05246718892463,49.91992048178016,36.94142410364323,0,none
35.3372,8.134932365227233,2.1641739023588737,20.44723290440486,25.000015995137385,-71.64621826007475,0.2778635904898853,9.182688589125794,-6.297813585899242,12.01028706508869,39.20581808836303,49.81474699489564,37.14199589763021,0,none
35.3539,8.047863455948606,2.129812025195407,19.418182220030246,24.896123283455665,-69.95382224486089,0.4258873767330969,9.127953252671746,-6.31872224658183,11.958313934643368,39.35825490768265,49.709224333377726,37.341699740338754,0,none
35.3706,8.008561647749927,1.9623747108084688,21.17603229501592,24.799350286001477,-69.05678029314866,0.3483888082986591,9.076056348716296,-6.3390265590489285,11.907739759014042,39.50982504870621,49.60336258984161,37.54055899431429,0,none
35.3873,8.010745508217909,1.986348950264492,21.52421711549317,24.146483344771724,-71.32782045610654,0.3755519476188514,9.021370176868317,-6.359990677458444,11.855498868951662,39.66048193065991,49.49715074552805,37.73854582542578,0,none
35.404,8.243735626696466,2.1693540304416885,20.887224533297932,26.543983457141195,-65.93637221100929,0.5721152404742986,8.968727834333285,-6.379675165134502,11.803563863412048,39.81025968549328,49.39061017027031,37.93566534194476,0,none
35.4207,8.062423372811892,1.9540321552097983,18.701679812674527,24.469834870261728,-78.24554221078512,0.4366990062234731,8.914431018246988,-6.399345485572532,11.75240116693688,39.959130683498,49.283741100661246,38.13193044143261,0,none
35.4374,8.146102627311894,1.7038677479335864,20.77636177421925,24.34044874055738,-70.09047403688837,0.847241954515841,8.862561680821514,-6.419148593154344,11.70155429902964,40.10713546356772,49.17654131915557,38.3273463982264,0,none
35.4541,8.053723405177664,1.9120327711046452,17.443836148466332,25.7116237557664,-67.81549116859443,0.3455496846177738,8.809286242579846,-6.4394413193128965,11.651439741386778,40.254250543818806,49.06900264912304,38.52192544190756,0,none
35.4708,8.255412262842189,2.2020696712655567,17.699716535480846,24.425500514178538,-74.18119199870762,0.8056239003589594,8.756500482803036,-6.458518234193527,11.599995567053584,40.40048410188162,48.96114539461201,38.71564536787736,0,none
35.4875,8.051129148397212,2.041892108953755,21.31107379527621,25.528919152523624,-65.66414525932973,0.5696358615251627,8.706083958449643,-6.478129330161013,11.551484194950865,40.545875703987726,48.85296063479832,38.90855515393304,0,none
35.5042,7.948816375851917,2.1065786793397367,17.625427287111926,25.57775525058379,-69.62515266405673,0.3745511330013519,8.651297456738176,-6.496538422858195,11.49866572542516,40.69035237151525,48.74446844313659,39.10058287154764,0,none
35.5209,8.178777816590587,1.8648637424889287,19.242681653636488,24.93261062351405,-66.5263199141829,0.6722506831620112,8.602574881951108,-6.516922654916344,11.452015851885028,40.83401537204384,48.63563583479949,39.29183153627412,0,none
35.5376,8.21289092873882,1.7631347538234174,20.619766567443868,23.76319368987672,-71.90509352619824,0.4985020165064009,8.549120147193124,-6.534636863172281,11.400624040335002,40.97678567850196,48.52650739918451,39.48222195774771,0,none
35.5543,7.9730125479134655,2.366546622918156,19.813112236564415,24.03320749510225,-68.10769721511284,0.7071113163399219,8.499466527779166,-6.554092259908535,11.35379608784161,41.118726769515874,48.41705405844404,39.671830352414666,0,none
35.571,8.246532003736235,2.0080925076912486,20.993105498820164,25.91103419302312,-74.58066369718802,0.7574591217978646,8.448766132805721,-6.572186408064425,11.303157109675348,41.25982116393373,48.30729854542936,39.860593076146245,0,none
35.5877,7.993609840891161,2.072263509704886,21.659388340403154,25.728103042565543,-66.10044528945986,0.3976097647175128,8.396159544284625,-6.590696946264836,11.254911108930466,41.40003702832328,48.19723390642674,40.04855009166538,0,none
35.6044,8.145139373103419,1.649437755063382,17.894887004483707,23.898020288155134,-65.78558979426673,0.3646193822122599,8.346690752944312,-6.609654154037846,11.206792370763011,41.53942676389745,48.08685268205431,40.235703524257126,0,none
35.6211,8.097358966659502,1.8627450174360272,18.478396757124223,23.313269985167786,-73.01203560805615,0.4782868770001319,8.296903552718845,-6.626367609448878,11.158479818694266,41.67798505322786,47.97619234297651,40.42205013722932,0,none
35.6378,8.139788662895548,2.080664717320804,19.23196077441088,25.30259835688809,-71.47805522474552,0.4408580004798506,8.247209703729899,-6.644735726463758,11.111491727373114,41.81571345528015,47.865225256344566,40.60761204907645,0,none
35.6545,8.11529636726325,2.0674947918882345,21.516930433811694,25.10141692508005,-75.30563571945648,0.744190105718763,8.196042386619146,-6.66341827738733,11.063271417939772,41.952587363136686,47.7539461711122,40.792368681756045,0,none
35.6712,8.143106828431227,2.2979307561251168,19.625887513168884,25.349467436727583,-71.06692273411659,0.4099359253283965,8.149043514594718,-6.680537035467234,11.01645299467797,42.08867638983042,47.642381202619895,40.97634344676717,0,none
35.6879,8.060870097482256,2.196192849028329,22.066943814502107,25.223521316419,-72.69059213943773,0.2359996392044618,8.097312992504413,-6.698516193058615,10.968948061346936,42.22390151680524,47.530515982195816,41.15952487939166,0,none
35.7046,8.22308621394447,2.2154320314388927,18.331762273603413,26.157186906815955,-72.46760265582907,0.4132019213664624,8.05019468643947,-6.715123919860333,10.921514078994008,42.35833976806878,47.41837341273415,41.34191416451086,0,none
35.7213,8.12511407383798,1.9019218230963613,17.84288187706672,25.90672969914563,-74.87712147514182,0.3211472994474313,8.00102664211628,-6.7330774566383536,10.876406770595471,42.49195691299212,47.30593101920829,41.523550157579805,0,none
35.738,7.949252334836554,2.028751379743697,21.015711753944156,23.657015676313534,-72.57522382079942,0.4148812195047006,7.952077572370908,-6.750230106348199,10.82945622317817,42.62475660845072,47.19320217643227,41.70440207650688,0,none
35.7547,8.137480623861176,1.874555558327344,18.67058482515505,24.559321592072724,-67.53422562979378,0.5241344500813995,7.904651131867069,-6.766295880880986,10.784215058079695,42.7567642823529,47.08020503522156,41.88449846797681,0,none
35.7714,8.03519895200952,2.0082432959072367,21.38033247450199,23.06095736963804,-70.89112140854851,0.0206648186596771,7.8554072249195395,-6.783416924046756,10.737464235362353,42.88794958300905,46.96692197258998,42.06381412070736,0,none
35.7881,8.124795232142443,2.038973553885945,18.248113498595256,23.538648295493644,-68.75338505552294,0.8632066798133151,7.809596540608174,-6.800474830173723,10.692695245835925,43.01836984523721,46.85335404292608,42.24238213131282,0,none
35.8048,8.053786258431456,1.7982615956000596,20.654634567904782,25.660324811009023,-73.23973040616912,0.4528232408705333,7.7608953723995455,-6.81706215647616,10.647149837721576,43.14797679795628,46.739509104912926,42.42018953360277,0,none
35.8215,7.993823505223959,1.8943633134820317,20.21050174176805,25.040034512014845,-64.45091744462084,0.38198610369756,7.712668949608825,-6.833917061191944,10.602739517166926,43.27677836941475,46.62538268999102,42.59725528353946,0,none
35.8382,8.097040795287173,1.8975407860667064,20.30449689786,23.284017394792293,-71.91719348732337,0.5182782468420163,7.667246156121272,-6.848818842953819,10.557117589732728,43.404821380221975,46.51100741531369,42.773559147288,0,none
35.8549,8.2495179846006,1.9586479354602329,22.108784941170427,24.238864509474556,-73.10667780401145,0.4771187194985645,7.620465249156817,-6.8663639347766425,10.512938004798391,43.532083149882894,46.39633913760292,42.94912521196813,0,none
35.8716,8.137099192777065,1.7317554355526843,20.628091174830303,25.03514642608597,-69.85725946815413,0.4539073756928739,7.5742666737842255,-6.881980175136138,10.469936188461809,43.65857340333509,46.28141006867815,43.12397314631544,0,none
35.8883,8.08427960607588,1.912097976528285,21.524752156690447,24.689915441257888,-77.3820827344274,0.4758005340969998,7.527429004183236,-6.897467574251373,10.42500459333512,43.78428146770495,46.16622236018815,43.29807072302414,0,none
35.905,8.187525527925445,2.0367138247058394,21.08631280025051,25.502329405842787,-71.84633791610023,0.4254125244163109,7.480205009140245,-6.91388096970224,10.381500710795049,43.90920089135759,46.05076054799412,43.47144178489442,0,none
35.9217,8.08465679443856,1.88084874128666,19.361806517232253,24.750158288997188,-67.73054283652246,0.9829699248132956,7.437459148868625,-6.928037520950595,10.338997405634116,44.0334064591437,45.93506232139425,43.644103041568506,0,none
35.9384,8.026475616609392,1.7927836545076576,18.74461201056068,25.512691605813195,-71.78369017291305,0.5450430920008149,7.389569090008678,-6.945553842314297,10.294578048650113,44.15681226294684,45.8190715722276,43.81602249498096,0,none
35.9551,8.023286338553406,1.9863712164449585,18.036554393157346,25.81092825403228,-71.1750146296919,0.623784594844524,7.346193938834025,-6.959585281697673,10.252586531935318,44.27949370172537,45.70284649802325,43.98724069006428,0,none
35.9718,7.994898745455322,2.117625204274097,17.57222486875429,23.841747303042755,-69.84715048098194,0.3470372323197807,7.298517598791093,-6.975828556026719,10.209489087816047,44.40137894562518,45.5863501611376,44.15773915783081,0,none
35.9885,8.040810341191712,1.816940830035093,20.65887434939904,25.8880359388218,-68.50866574411297,0.3572889228441184,7.256686735491449,-6.989262659655742,10.16702589044478,44.52256561410789,45.46962947472135,44.32752849020124,0,none
36.0052,8.037978552951799,2.169361424589698,21.916098894741303,23.41643588399396,-73.6205607927636,0.4076606212593151,7.210196868835122,-7.00576245895239,10.12561819566354,44.64297590181744,45.35263324165685,44.49662631406882,0,none
36.0219,8.209790757515833,1.889322712663284,19.496407337805245,24.145417599315625,-63.32245289317096,0.4495860225309417,7.166124254637511,-7.020770110983676,10.083747713248934,44.76265017686988,45.23538638080342,44.66502490088008,0,none
36.0386,8.114304640375613,2.0325365326488374,19.914430235907236,25.23605351297213,-67.8788573945099,0.5319932976643237,7.124043268066737,-7.034599955179084,10.042570741839864,44.8816216994466,45.11790856155193,44.8327358322688,0,none
36.0553,8.299977232985245,1.956883980245246,21.152230815111352,22.803311810540247,-65.32752736901728,0.182604445931275,7.07909024392931,-7.050080977893169,10.000616286451269,44.99984250652022,45.00017220922111,44.99974612425254,0,none
36.072,8.02586018716926,1.8541149353334208,22.02012505915813,25.449812757796693,-73.95163821421856,0.3500104738025414,7.035325352145584,-7.063688667893285,9.959742586982294,45.11733243990105,44.882208608467295,45.16607382545514,0,none
36.0887,8.057315160453022,2.019597452684151,17.50675045633359,25.947218444963248,-66.49958623255574,0.1499316480359555,6.992572039520924,-7.078134755384393,9.91838301763922,45.23410839296105,44.764003758052375,45.33171082184972,0,none
36.1054,8.002545352743232,2.028829360956641,19.25487756603676,25.735229815331756,-71.25094670982908,0.2991898485572947,6.947893656785228,-7.093044982857198,9.87794160471384,45.35013821702936,44.64554990683866,45.49667244664844,0,none
36.1221,8.094183331330635,2.0433327230140303,18.338235121952973,25.87853231263656,-70.06833953175986,0.5136897266324654,6.9044886748170375,-7.107375136971875,9.837601123981576,45.465443177898806,44.52685674205123,45.66096038541893,0,none
36.1388,8.055294433831634,1.901405531437633,20.196109121061347,26.77452693125772,-67.20995301640619,0.3480094996192775,6.864996081097802,-7.121234389889074,9.79880628202689,45.58008861245314,44.40793212774008,45.82460045032878,0,none
36.1555,8.18773091348243,1.9452348611873056,18.702635337198597,23.789119178175486,-72.52756774027677,0.574001692497426,6.8218053810785495,-7.134273628460773,9.758399754567575,45.69401276231715,44.28878975814479,45.98756572623006,0,none
36.1722,8.205309461725921,2.2518355584331857,19.09623546973225,24.422826702979048,-73.6677225151987,0.311525179781022,6.778349228915731,-7.149070141180462,9.71760402268282,45.80721119444004,44.169400286787074,46.14984971340886,0,none
36.1889,8.071749672297507,1.867893844629508,19.166118859821715,26.28471084256689,-72.20996011741806,0.7233177881872067,6.735961399577449,-7.16260884572238,9.67986953267788,45.91970174981299,44.04978471906351,46.31150353460458,0,none
36.2056,8.045092915579023,2.1357108376201155,20.69895530253078,24.61030540165248,-71.23217067469739,0.1282824548984529,6.697097794590822,-7.1759415657075145,9.640630518968276,46.03154328298265,43.929946494916194,46.47250206427135,0,none
36.2223,8.203040667439545,2.276926574919402,17.43241640797914,24.951642356696457,-71.19828965120817,0.6935413669212893,6.653733346510308,-7.190240990657136,9.601068914844836,46.142660629869376,43.80986947037222,46.63283991514926,0,none
36.239,8.07570485984118,1.8433968242590275,19.125218195549213,25.46709318421797,-66.45559949109102,0.5983482514756187,6.613479326090274,-7.201979228233755,9.563120254571256,46.25310573461508,43.68959641726072,46.7925440234006,0,none
36.2557,8.047862798663024,1.4053245890708743,19.97333578102723,25.95875250249643,-72.4380029806085,0.49714917176261,6.5713026351764725,-7.216491706602223,9.523730833234486,46.36284648862253,43.56908100576046,46.95159032831562,0,none
36.2724,8.207633774317074,1.954688286740071,20.20683951342833,25.13695980987411,-68.19575433332322,0.6403582870193086,6.531158632080445,-7.230218000951036,9.487127245383212,46.471916837778274,43.44833636514458,47.11002535331352,0,none
36.2891,8.122282583279308,2.0049215378417578,20.89012717072652,23.51133781890045,-73.11221376812568,0.2705513018777314,6.489795152492627,-7.241494156204538,9.448648861664113,46.5802964168249,43.32740341273596,47.26781778930331,0,none
36.3058,8.179861973802378,2.1540593632259006,20.51421340469284,24.15345040766757,-69.1174630776016,0.6159078079376461,6.450976550151389,-7.255762315522959,9.41116035383405,46.68802772521243,43.20623218206673,47.42498416721234,0,none
36.3225,8.13162851924966,2.160182812917125,19.765608612371725,24.883014010438732,-69.72747465222521,0.4094215511922021,6.409712794547692,-7.26739370301471,9.373228750769396,46.795069928881375,43.08486670722638,47.581517087350186,0,none
36.3392,7.9802483883211615,1.8584168607821647,20.524161154089285,26.99059091277636,-73.01824559151238,0.6355899745671342,6.370732522604145,-7.28160888169731,9.336687259909144,46.901461162008864,42.96326383890204,47.73743976459067,0,none
36.3559,8.06729132875801,1.876833490934992,22.602833150808983,25.2948534166448,-74.09234286319906,0.3717805644916166,6.331389653352889,-7.292880595828531,9.299822794553094,47.00719536921986,42.8414727329517,47.892746805259705,0,none
36.3726,8.192870590467951,2.0443551833334705,20.074871770999405,26.286750149017912,-72.55688311668932,0.5128666434103114,6.291171416473031,-7.306329054058895,9.262914985317927,47.11225793187496,42.71945703774892,48.047437485514514,0,none
36.3893,8.224485458946955,1.80609854539684,21.71898223419491,26.385735101905325,-71.56762471739192,0.8386015642750091,6.25105977458639,-7.317745989237813,9.226090942023742,47.21665063011055,42.597250679728646,48.20151320424631,0,none
36.406,8.204164507578689,1.958450650288167,23.096753685193605,26.8075782791872,-73.64123864140954,0.608223567032016,6.214054096563976,-7.331523103715143,9.191471371289238,47.32042533352317,42.4748142438966,48.35501077614684,0,none
36.4227,7.950169696791172,1.791353692264546,21.633270615146262,25.47204891578049,-69.1109812669597,0.438299927137269,6.175371454787382,-7.3422593240654175,9.154105731252775,47.42355403681812,42.35219851318471,48.50788434185876,0,none
36.4394,8.148315619204823,1.9571154419997088,21.74873264322478,24.870985839977383,-70.14202950420386,0.4790544122986436,6.136477074409152,-7.356070058143744,9.119319239840486,47.52603320396075,42.22935214321371,48.6601769731641,0,none
36.4561,8.169554965849889,2.1482639596766675,18.834645634816425,25.8046068860854,-69.63278752732596,0.4976542408017966,6.097133613277925,-7.366335757259907,9.083137638640608,47.62785533530249,42.10633433606747,48.8118653717294,0,none
36.4728,8.11944766246645,1.8119925474371263,19.722157971389,27.07632011991495,-72.50860517944308,0.4772501853003478,6.060130488393837,-7.379535821201925,9.0492570213332,47.72905951445867,41.9830960878534,48.96298796398566,0,none
36.4895,8.133941446280048,2.3178243310211,20.837231098451053,24.346861917615204,-67.56596401403421,0.6097224703456785,6.021554519032814,-7.389736549879479,9.012317139823404,47.82961947492652,41.85968748747041,49.11349366022071,0,none
36.5062,8.181670554381862,2.133091939987088,19.46910255849672,25.24882915826142,-73.33430281863869,0.2760408817585299,5.983382893295604,-7.403348593907205,8.978185541033481,47.92954196924455,41.73605156595216,49.26342935875597,0,none
36.5229,8.209978030666276,1.9311412139085056,16.173102691670465,25.10205872679657,-63.842854325270345,0.2749594322147349,5.948112395034396,-7.413459403453031,8.94436723737434,48.02887544624163,41.612246793914494,49.41280029162012,0,none
36.5396,8.217133055386263,2.2656562394706805,19.929973858630373,25.64544279926637,-72.33664105116007,0.0853457029778352,5.909783573326401,-7.426406557691436,8.910486433349918,48.12756883191618,41.48822580440105,49.561605415057066,0,none
36.5563,8.089918580215276,2.221986658760141,23.310774756067563,23.24148194541763,-69.80612629079869,0.7131405051738888,5.872083015008567,-7.437258242487167,8.875373020949198,48.22563261826682,41.36402359175151,49.70982414450692,0,none
36.573,8.065944284437167,2.0800589488721357,21.53460934993047,24.24619568254701,-70.35805509385688,0.5626851103184319,5.835362604955718,-7.448017946505465,8.841714144982822,48.32308317376958,41.23964169204487,49.85748077072813,0,none
36.5897,8.085092236984915,1.816018610376734,19.11424189666513,26.638869912624504,-69.24995712546202,0.3935750421124133,5.8006668802564825,-7.460032103935277,8.808710508063285,48.419954310669866,41.11505915590915,50.00458623621279,0,none
36.6064,7.982162954650313,1.849447959679126,18.183648615789167,24.884469989536235,-71.7757403591605,0.576607465976446,5.762401711013291,-7.4706646628063105,8.775160653689728,48.51618641924379,40.990299056040286,50.151131419129406,0,none
36.6231,8.142214800252544,1.686659092306566,20.122708478935856,25.73330670474156,-66.33874938407442,0.5503843444952058,5.726416139891544,-7.481806966446427,8.741020665696167,48.611817568779976,40.86535287970063,50.29710646424653,0,none
36.6398,8.167466990325579,2.031979766655597,19.07295866673745,26.06070176350167,-65.1351511731081,0.4166130471058854,5.690596257671545,-7.493461348177983,8.709006163864029,48.70685052628309,40.74021207518606,50.44254686718306,0,none
36.6565,7.9981587678374755,1.4935642958214466,22.73275138872477,26.334749079767903,-67.86504868409511,0.4369804045218177,5.654839735705011,-7.503107941596182,8.675094052445935,48.801286349869365,40.6149101725614,50.58742093785891,0,none
36.6732,8.02710001752679,1.955531017551131,22.263931602658445,23.62550775455208,-68.7048786647148,0.4739144154288789,5.620203153041448,-7.515488852364112,8.644507383645484,48.89514374252516,40.48940150872692,50.73178421116579,0,none
36.6899,7.9709806358460975,2.163757477337155,18.37911959201361,25.403135652626048,-69.95236354253967,0.5363625413467031,5.582672116734947,-7.525529697374482,8.610665223902025,48.98837436687463,40.36372516278077,50.87558232040495,0,none
36.7066,8.124328355191295,1.8181312358140893,17.969453828846056,25.395102212387208,-62.84085388053361,1.0545519475171945,5.549960582563627,-7.535116953715579,8.578848192626625,49.08105870860344,40.23788870965372,51.01884908522182,0,none
36.7233,8.101863436199121,2.000995363577423,20.48013088299068,24.293262208171747,-67.84921312915147,0.6761289943837451,5.514859879121742,-7.547003805428232,8.54797625278766,49.173156868584776,40.111853746103066,51.16160028864337,0,none
36.74,8.263499820392687,1.5089251801203247,22.18705861154813,25.73616651206535,-72.42231212785101,0.6876885245977857,5.478382184923069,-7.5575870277201584,8.515492008395832,49.26464585107299,39.98564204274014,51.30380900518358,0,none
36.7567,8.162199711067855,1.769484657528514,20.544448657008044,25.007493037470283,-73.75973732012189,0.548312611971426,5.445113812301483,-7.566679413332163,8.484308296317437,49.355579251738426,39.85927849653749,51.44549695373208,0,none
36.7734,8.029628127408605,1.9369773577135347,20.10060653711931,26.298390742673774,-67.1342239113645,0.5982635163286567,5.410044570509117,-7.578323670591335,8.452792444451646,49.44592699606593,39.73272049123862,51.586658587554425,0,none
36.7901,8.021961544900693,2.076760352015519,20.741030135804817,26.55110322928865,-65.30645356751822,0.6389216631714716,5.376871298678965,-7.587434718838901,8.42196649226304,49.53572074675387,39.60601033143401,51.72730542797522,0,none
36.8068,8.080676719661014,1.7383006911155756,20.33103592176456,26.30418083216472,-66.74065507659078,0.931692056657359,5.341175199266097,-7.597743277530807,8.390324566234883,49.62491837258161,39.47912801869924,51.86742384823134,0,none
36.8235,8.061546366843439,1.9776184457607264,18.13676181847448,24.27695682141537,-68.94536889113823,0.7415627456976612,5.31018452285026,-7.607963153346846,8.36120762550733,49.71359845411321,39.35207503403835,52.00705601557731,0,none
36.8402,8.09456376164999,1.7312263609870189,18.567489402774488,24.83431402945589,-69.44246645262712,0.6845680345724802,5.273127134396513,-7.617947508089155,8.32977875434463,49.80165967725763,39.22485531065326,52.14616332077487,0,none
36.8569,8.04502535185258,2.0283721492353424,20.54150957762913,24.38657671420384,-75.0375098214435,0.3663260553444904,5.241864547327854,-7.627579632456727,8.299953726283427,49.88919881519801,39.097474730791234,52.2847725480038,0,none
36.8736,8.024810814424322,1.926554905274238,19.787729002926373,26.27011788168886,-73.89816556586908,0.8055675193439997,5.209608748942144,-7.6377860686577295,8.270953683255803,49.97619928130534,38.96992370344465,52.42289747451417,0,none
36.8903,8.224098841744867,1.987113205768652,20.55399806512215,25.383532793277453,-66.93274002839054,0.6764729283220179,5.17491781028263,-7.647793148612624,8.240604688849688,50.06262040873706,38.84220555786282,52.56051557281796,0,none
36.907,8.166224450349047,1.98029965667898,19.402887544260857,22.5808652305746,-66.78334313705996,0.34872805457208,5.140393614809028,-7.656839119743162,8.210310053698663,50.14846498210437,38.71433634456311,52.69762775071473,0,none
36.9237,8.125915570998238,1.8844030514368209,21.704036032442207,24.833098045866997,-67.44417417623468,0.4383140592515151,5.111317112471783,-7.666179343996538,8.181828798859176,50.23382397788265,38.586311149518366,52.83426429165568,0,none
36.9404,8.238214053007153,1.9849283248044085,22.15757961973669,25.26437881986333,-67.32162646043388,0.5644085520604615,5.077931693865104,-7.675533137468798,8.151880358803522,50.3186254371702,38.45812974612264,52.9704006936477,0,none
36.9571,8.178690326706286,1.7583628366708073,22.043875544585063,26.04443673164392,-70.42892447216022,0.5253265227375955,5.044452839025675,-7.685495822245965,8.122912623035946,50.40286779958193,38.32978196589113,53.1060533344524,0,none
36.9738,8.082835422837595,1.8372019225300096,19.72982074748797,25.294083868159696,-71.52198624825112,0.4796991630288861,5.014396027834829,-7.694800428937694,8.09566013705042,50.48660821324677,38.20127879872787,53.24125085874114,0,none
36.9905,8.069147106349858,1.5396151321699625,19.80926606468294,24.2671003108304,-66.4265397782154,0.7143146813919262,4.9806107381457965,-7.704492285642398,8.066053473009147,50.5697844125738,38.07261377755764,53.37595395174039,0,none
37.0072,8.105559852996414,1.7450825577493396,19.94300420920532,24.86681702866501,-72.03391467987221,0.3169336111331817,4.949301622397412,-7.713257106929942,8.03765720445035,50.65243774966784,37.94380238387191,53.51018282705471,0,none
37.0239,8.11458690035252,2.00806078455457,21.49834400734107,24.61337019851012,-66.81359777880763,0.6653101260068888,4.918055001193816,-7.722190915063346,8.010006514029806,50.73456926818778,37.814841795590354,53.64394993583901,0,none
37.0406,8.197756588913458,1.88908602685336,20.93241137135305,25.438878961015828,-67.45056610444355,0.4719443313852641,4.886595912880606,-7.730799666616721,7.981253530464093,50.81617541993288,37.685737441157855,53.77723686979776,0,none
37.0573,8.274199530149643,2.3392460296103827,19.69432569252827,23.97065205097172,-73.50088137606315,0.6892142485982901,4.854891067299711,-7.740115414650457,7.9541554874264175,50.89725210075679,37.55647751373319,53.91007126643778,0,none
37.074,8.148846662947754,1.7162792928500834,21.100756251669296,24.974783936512743,-70.59891212493046,0.3963059066694699,4.824716380625545,-7.749231456526422,7.925527915636838,50.977824864313234,37.4270653484092,54.04242758262892,0,none
37.0907,8.001758209421139,2.222156001347939,21.21950380795263,26.06942572067213,-73.89306428334999,0.8461702479119354,4.793386885631618,-7.757788021646951,7.89880388476656,51.05787442530328,37.2975102884477,54.17433760750452,0,none
37.1074,8.083688552535257,1.6286539253316912,20.160457218187727,24.646819996593447,-68.78126116519141,0.5223045290665614,4.763092318888413,-7.7669833193538755,7.872616246902674,51.13741806702872,37.16780166701449,54.305810298827794,0,none
37.1241,8.022344544120905,2.036019270045541,19.62855707330961,24.641747228680867,-72.47468129284658,0.433511365819246,4.7318812749169945,-7.774831705638591,7.844543764782814,51.21644048431983,37.03796197753032,54.43681417969967,0,none
37.1408,8.229589676789615,2.112060742753391,21.20073635516185,24.338810594951067,-72.50750606552204,0.5825132787434122,4.702893215769554,-7.7840372527104655,7.817919292024921,51.294978801023184,36.90796855541006,54.56737343187648,0,none
37.1575,8.127120934707435,2.0428200166670143,17.565906322464453,25.17336222512417,-77.76000247194473,0.3125797683013458,4.67118563285851,-7.792515978515056,7.791406856356842,51.37298760109192,36.777833538568856,54.69748992637764,0,none
37.1742,7.998159027118642,1.8809713689961227,20.843891367720644,26.00296524686904,-71.04711998842222,0.6475905205029168,4.641523386661089,-7.80076636859189,7.764776554282944,51.45050104164916,36.64756074021337,54.82716169483417,0,none
37.1909,8.03194064431352,1.851909921449725,18.11428562835904,25.26719786488975,-68.09878827219185,0.5097568038621182,4.612491716518965,-7.809174883840921,7.739380801570257,51.52752965331503,36.51714751965323,54.95640935422039,0,none
37.2076,8.104015130796187,1.969784399669131,20.16838395118648,25.56240400785905,-68.68118008016216,0.4377919898774262,4.582769486843719,-7.81771900395137,7.712407157989545,51.60406190374532,36.38659161228724,55.085206553758816,0,none
37.2243,8.10998815998443,1.8998597592225617,20.039256697181305,24.929745867295672,-71.36227304367038,0.5644558393315173,4.554035601776224,-7.825817000568117,7.6875962598451455,51.68011429829498,36.25590046837775,55.21358941129823,0,none
37.241,8.086480609240994,1.9247742673113977,20.35500957787728,23.97612199188733,-70.49971222402061,0.7418686867323803,4.523313262572532,-7.833715281293933,7.660394728239441,51.75565362977994,36.125077423180144,55.34151800325983,0,none
37.2577,8.008938850629319,2.1667586142310653,19.506219932188078,23.97516375816724,-74.75143144791889,0.9002356678213979,4.494435254854723,-7.842218016532858,7.636095866761841,51.830710698536016,35.994112382304046,55.46904080423475,0,none
37.2744,8.15044132916937,1.8314796817007255,21.543587586586337,24.71038135493613,-70.93634533583055,0.7370992718380895,4.465607888720935,-7.849769466489646,7.609619044242386,51.905286350277656,35.86302123221367,55.5961214422736,0,none
37.2911,8.083575873079456,1.7111799551550595,19.99772614871881,24.757171017473443,-74.13557052279762,0.3171922907111809,4.435132409307709,-7.858346519400269,7.585107052829847,51.979353061513095,35.731786845339684,55.72279273005586,0,none
37.3078,7.933336811583639,1.8267408216266687,20.78616671763584,25.081253243333904,-72.35430603547536,0.4393042080367157,4.40857313164885,-7.8660809095480095,7.560444386923482,52.05297623281163,35.60042329415023,55.84905215131748,0,none
37.3245,8.151813243492498,2.0323535061941005,19.29102106972577,24.291853409260412,-69.0517759867381,0.6248048989907098,4.380172391945,-7.873722834349872,7.535037232371482,52.12612511175711,35.46893212281659,55.97488727309808,0,none
37.3412,8.229917328906698,1.8277142269423687,21.728349619266545,25.91648909343897,-65.38973519378452,0.2646701973408404,4.351530370403048,-7.882594685747008,7.511367830966929,52.19879566894284,35.337292791564614,56.10032711587523,0,none
37.3579,8.197366899777712,1.931472076322781,21.201503121630054,26.46105406737447,-71.07229938418226,0.7375783802138438,4.321567958583502,-7.889371010714664,7.485193013650274,52.27096585385119,35.20554029568568,56.22532983920319,0,none
37.3746,8.098790109195676,1.9613475601761217,16.98139409740233,26.31950887898713,-69.30499122734633,0.6072360309213679,4.296921001906929,-7.896560181240992,7.462390491976727,52.34272443458303,35.073667740658955,56.3499517604192,0,none
37.3913,8.097527511956848,2.2564133188837574,19.64518832804658,24.869536267397304,-66.80432379399836,0.6834448150867516,4.266977142993022,-7.904657844272391,7.438463823232926,52.41398295287102,34.941659954659606,56.47417410626719,0,none
37.408,8.255910886142779,1.773218849371042,20.31641322997883,24.69863331985982,-65.2832421503145,0.1956121617969773,4.239158421285764,-7.912398230551575,7.4142669331512305,52.48477689850649,34.809522904209395,56.59799236405082,0,none
37.4247,8.066292205172394,2.063837338335956,17.049088448125904,26.010543703268564,-73.83785669115362,0.7414868735221098,4.211569015701217,-7.919929150679241,7.390417503245402,52.5551101010687,34.67726008739305,56.721412336355016,0,none
37.4414,7.980611019839584,1.632509538137553,21.096136241181476,25.079881366864832,-73.56676360016498,0.2937390911195211,4.184316407501062,-7.92793307311457,7.366580950690656,52.62498818507397,34.54486360507204,56.84443423823155,0,none
37.4581,8.014862182566466,2.208853265735651,19.37782788569808,25.324795933813405,-76.16012875161553,0.3884342075421616,4.15670466700378,-7.93376491287745,7.343234692273281,52.69440515301293,34.412369731026985,56.96706625759251,0,none
37.4748,8.19809056558679,2.2694914501790344,19.93493792011977,25.03039148252983,-72.95994089382215,0.7590258819792963,4.130406684794763,-7.942692121921781,7.3201197283316946,52.763382944649,34.27972677259089,57.08931225705565,0,none
37.4915,8.069135154571539,2.046234168646663,20.350397212180106,24.63912804794395,-67.82477969064902,0.5783476155697291,4.10287676882042,-7.949045520745247,7.297244839608362,52.831900986688304,34.146977712394445,57.21117624587711,0,none
37.5082,8.000764596349285,1.8853590387382808,19.60179591206189,25.21169818881056,-68.7536439326606,0.2503626672561065,4.075695676843628,-7.95620533145512,7.273743634543647,52.89996510449159,34.014109083359145,57.33264776457399,0,none
37.5249,8.00054180494273,2.04216855607196,19.464837615818805,25.270601544946647,-74.7916885397846,0.5508973668684107,4.0497962317151,-7.963648726092113,7.251507491876814,52.967596701561234,33.88111614963341,57.453747939688334,0,none
37.5416,8.187906461035633,1.6783450257254764,21.66536280495543,24.29797762098377,-72.61447434372509,0.6332668082430524,4.022289714129187,-7.970022266858568,7.228892731517308,53.03476893978719,33.74801677777687,57.57447044830467,0,none
37.5583,7.9349426329127795,1.9589780910409205,21.072485576414564,26.10293715564923,-72.44847972233097,0.2798697375719363,3.995692479321633,-7.977611439901063,7.205699483298776,53.10149700419186,33.61479066673052,57.69480562967576,0,none
37.575,8.212325003657858,1.7832661002428578,21.512657214578883,25.502535214768717,-69.82574801597636,0.4816093475397937,3.970889030283476,-7.984742400536138,7.184068140505413,53.1678108509976,33.48144546864157,57.8147795676222,0,none
37.5917,8.153248298503634,1.8862125874231377,21.10319626587692,24.787870355943586,-71.86995725126664,0.1760175848374819,3.943882484424017,-7.991167876724092,7.162632223242553,53.23367368848748,33.347992965100275,57.934395525750354,0,none
37.6084,8.2371004646045,2.4233227392472085,21.41663268669941,24.38972783903405,-66.8864309243006,0.7716452262155764,3.918889059176512,-7.998222583287901,7.139610555173869,53.299119135775726,33.21442264795937,58.05362702202176,0,none
37.6251,8.099233670808044,2.139525744395129,21.978201101761275,23.3652249608649,-70.99544262728415,0.863563896711796,3.891238524277607,-8.005489348526469,7.118206251774525,53.36410281913116,33.080730975838975,58.17250106642639,0,none
37.6418,8.259098671064717,2.2153436801265025,21.55651756983332,26.082683820862982,-70.11117483712904,0.4514250311202584,3.86808127741251,-8.01120446703505,7.096840099640747,53.42869977646395,32.94694386123949,58.29101829609039,0,none
37.6585,8.007909214807004,1.8178648105408528,20.656108881378607,25.117493181383125,-72.9151048694019,0.1731627309459644,3.840270856256982,-8.018691558798121,7.075544982554194,53.49283229976344,32.81303171220756,58.40917989729905,0,none
37.6752,8.037091815666336,2.024084613839572,23.489353294183942,27.16453368329265,-73.21417371638091,0.5125774373274441,3.816207271628084,-8.024693805815403,7.053555772426768,53.55656296119963,32.679019325650444,58.526974278698574,0,none
37.6919,8.211157746338746,1.914168652404793,21.190722895366324,24.19876314916093,-68.65747739204002,0.3057667927156761,3.789206853921886,-8.031886962529876,7.0325304930369406,53.61984271566013,32.544886813376195,58.64441753793229,0,none
37.7086,7.915589950868369,2.1261176856341724,17.854033513101275,25.624471259679776,-71.08140437982193,0.5211274855140801,3.765757522395927,-8.03814069580349,7.012136953139554,53.68273086628414,32.41064986375628,58.76152022504972,0,none
37.7253,8.186058060441736,2.000271257534588,20.077376319713448,23.560418434800688,-73.21803930495267,0.4255806797868027,3.7393520732373458,-8.045045389278135,6.991089344103942,53.7451780459072,32.27629760575533,58.87827141709626,0,none
37.742,8.13440827873571,1.8387698446041123,17.0428957782563,25.560433261609575,-63.227635002514006,0.4232581086465954,3.715310880159948,-8.050910921606667,6.970023198129055,53.807223737605874,32.1418473933645,58.99467080450501,0,none
37.7587,8.175774943359597,2.014599156169646,20.380117399663757,24.543216606622,-74.00567974753565,0.4826005621653629,3.690630967037446,-8.057670879437696,6.949751210747267,53.8688572747554,32.00728428967789,59.11073164972449,0,none
37.7754,8.194464035146211,2.0440145222555395,18.360441680463364,25.80426122513278,-66.64144430181216,0.7229523509494593,3.6649891384850273,-8.06428237536945,6.929472712159905,53.9300625933681,31.87261077400922,59.22645384401756,0,none
37.7921,8.184359649600337,1.9090239050402475,18.097209299152595,24.83873564355419,-73.20481958811841,0.3903943578575151,3.643254471008404,-8.068721421495793,6.909041187530299,53.99090494303394,31.73786312627024,59.34183483184932,0,none
37.8088,8.122849878937124,2.305365967329577,20.47363248827649,24.1911999211843,-69.93434828453886,0.2963650338991531,3.6160995112306646,-8.076018457989298,6.889328255593376,54.05129380487149,31.60299361802182,59.45688661371773,0,none
37.8255,8.096657953355574,1.983555321998827,17.517226337385704,26.21280780192285,-69.33040392051116,0.5619131874769894,3.593369414258297,-8.082836856142501,6.8685430587272025,54.111303074089605,31.46801024252424,59.57159128279847,0,none
37.8422,7.967841250193966,2.2761200119766647,18.91503165395224,25.14963183446597,-69.81803974675988,0.8197219027621123,3.567844723257805,-8.088366070808078,6.849130706971543,54.17088608096801,31.332934529141745,59.6859717656049,0,none
37.8589,8.212122755978083,2.2052654955491264,20.20047426477773,24.396105566329705,-70.0928185696485,0.3390906025369717,3.54523827220332,-8.094373842082394,6.830466665116954,54.230091560113806,31.19775848597897,59.80004055891235,0,none
37.8756,8.100777547909495,2.057717465885784,20.023823643240835,23.81868854374657,-67.31148088683233,0.2939483510123133,3.520279036987751,-8.100614691529627,6.810181463275804,54.2888802200315,31.062478220630425,59.913770589349056,0,none
37.8923,8.084106411328708,1.86518526347038,19.99977068634017,24.07920165088019,-69.40645961872931,0.3621034853296229,3.496592114738755,-8.106415575386883,6.789823337390846,54.34727330834764,30.927101080521464,60.02716063908348,0,none
37.909,8.086281575420323,1.9122093358519996,19.57462161569745,26.498985379502656,-72.67929134424116,0.6964366597555951,3.47363556086254,-8.11276468861928,6.772290626235691,54.40528302221404,30.79161791022152,60.14025789254162,0,none
37.9257,8.203796308774933,1.9858960186515344,23.36037215678718,24.92828448457906,-67.73307202564578,0.4528034793675891,3.449222105237754,-8.11859999873968,6.7534476269574775,54.46288503137151,30.65603729024257,60.25304046791181,0,none
37.9424,8.04967535306807,1.6454420746685292,17.323021743124052,24.961122058294865,-69.59833946980892,0.1296205854486996,3.4267970536741994,-8.124098589552636,6.732372635404587,54.52011254216787,30.52036484379704,60.365471090923066,0,none
37.9591,8.066066982574958,1.89603411168586,20.65235500180877,24.587245040513665,-72.79003866890179,0.4931113658341256,3.4032115027664918,-8.129174510526289,6.715401767364911,54.57694617426407,30.38460762947125,60.47761830043806,0,none
37.9758,8.160031110645257,1.9136237397344635,17.246981424789016,25.582854326948656,-73.80558812266001,0.4515252462591085,3.380303976984914,-8.135226303021604,6.695771374750112,54.63339725067972,30.24874935021079,60.58943768239639,0,none
37.9925,8.101933077425159,2.020474586765989,20.06079585167292,25.342793606526225,-70.11446726432295,0.8319497246161307,3.358177810952667,-8.141505904446166,6.678723483058414,54.68947882012263,30.11278620160654,60.70097236456346,0,none
38.0092,7.958957454782526,2.341415365026662,22.222955042631323,24.58756758230908,-68.30884552949173,0.2055891093237476,3.334349715864717,-8.147023033053813,6.658869511048936,54.74516246037757,29.97673091695454,60.81217548539798,0,none
38.0259,8.291499214319229,1.934685625895194,18.73415626822144,24.734206640647614,-70.96660980743134,0.3176246466247046,3.3094976340170565,-8.15241655521444,6.640660001166965,54.800431070865656,29.84058556048246,60.92307450741747,0,none
38.0426,8.18035677079431,2.182905093264926,18.20302745253369,23.612819388729267,-65.20079147187518,0.543790406686724,3.2891632808050835,-8.1580464451479,6.623254335376325,54.8553600976551,29.70434618484849,61.03368285481825,0,none
38.0593,8.203840273427103,2.138682325592376,19.48655806092303,25.53448599150845,-72.8649135667824,0.1809754655061441,3.266436020617149,-8.163667791665272,6.605330204201367,54.90990957919941,29.56801293272768,61.143991869228415,0,none
38.076,8.05706143078184,1.998817572742983,20.30631782594044,23.57842263861573,-74.03082496096532,0.2444826043888125,3.243862857834177,-8.168431999636423,6.586748210412418,54.96408208892524,29.43160011833375,61.2539905643423,0,none
38.0927,7.9965398919118655,1.67431761448183,19.4169975160803,25.024582163411274,-73.86970832103512,0.4558046157506222,3.220548619429526,-8.174909490204833,6.569942435034678,55.01786525086971,29.29507912984733,61.36370860300738,0,none
38.1094,8.015517962921486,1.7043524163719748,20.692690366123596,25.335492206842765,-74.8620839319695,0.6012258195752289,3.1993757708116437,-8.178600655312424,6.551603159479583,55.071294826242266,29.158496498903613,61.47312037577069,0,none
38.1261,7.988735832683997,2.067478450107167,20.07878565895599,24.05499395970078,-72.93757544798228,0.2477115427064678,3.177420021682713,-8.18550048432747,6.534974562248595,55.12435774060437,29.021798640815344,61.58225445096024,0,none
38.1428,8.131975711478006,2.200023431219491,19.702240604681545,23.95301563161418,-71.50597310969991,0.7288504819575448,3.1542499558288988,-8.190428844789555,6.517728382681996,55.17703371486671,28.88501847910736,61.69110051495103,0,none
38.1595,8.028771593514092,1.5850464922867622,22.94704137656717,26.38376746300299,-73.41229625240625,0.5756926347588213,3.1333554295576893,-8.19572522522813,6.500228370405709,55.22936075054032,28.74814986784605,61.79965432873681,0,none
38.1762,8.036181276560109,1.949230598847864,21.25511717298037,23.84320050194842,-67.52320751125102,0.2193576637730677,3.1112914804539518,-8.200317574699422,6.482747177979158,55.281319318263904,28.61120456434857,61.90791620660906,0,none
38.1929,8.079827158817547,2.2619354630961213,21.06656475047032,25.373464704144716,-70.17253079889488,0.2510008624480411,3.090563739712746,-8.20471322418736,6.465408539750037,55.33293173271711,28.47418585350464,62.015888529222885,0,none
38.2096,8.214599445404493,1.7229889993089345,18.242413921986486,26.2871517048018,-68.72535833312988,0.5330211529595132,3.0661627810629657,-8.21250317660818,6.45058436168132,55.38413665116086,28.337037050455283,62.12361328806296,0,none
38.2263,8.225936820003179,1.842753081520228,19.168890627265764,24.96747481871371,-72.39791496442285,0.2624596563703971,3.0485140144635405,-8.215279191776922,6.432947620117393,55.4350468352024,28.19984188795261,62.23104351331892,0,none
38.243,8.052709829229151,2.1506044092389502,17.90000252737581,24.173891195297347,-65.16009703779807,0.5766047951103618,3.023721812669318,-8.22103902457861,6.416233214064428,55.48554298947398,28.062550536242146,62.3381946079938,0,none
38.2597,8.07218910923645,1.8660234596587617,18.86612632593677,25.11942444733985,-71.18443180580013,0.1616388172561881,3.0058992356961616,-8.224930976108901,6.39953716121247,55.5357415067101,27.925194188941127,62.44506687858605,0,none
38.2764,8.041811664567543,2.365452600842392,20.25001525234911,24.67212733796048,-68.48660999236759,0.7747388026999669,2.982707098838799,-8.230724713917455,6.3841290936958766,55.58555271526071,27.787741086218706,62.55168183445077,0,none
38.2931,7.999953287115918,2.466871292442747,19.77216143210808,24.67358606070105,-73.42461595316553,0.7499865379253398,2.9600257201635856,-8.236437911645218,6.367470156549611,55.63498514478744,27.65019257309423,62.65801858606515,0,none
38.3098,8.315572314035792,1.6792092206244018,18.55407522847763,27.62683062539347,-64.58845839129764,0.4520875620527286,2.9411976409000307,-8.240501856707844,6.351971501918362,55.68410314539047,27.51257619208721,62.76409651014718,0,none
38.3265,8.133558740031544,2.1026210679172728,20.05532956724445,24.387445274107453,-71.86145789943804,0.2834637797332086,2.920679892411926,-8.245023685951608,6.33540789658948,55.73287849959375,27.374884296531818,62.86989782202023,0,none
38.3432,8.130134079842884,1.925165036328313,19.12069110410555,26.258726879819285,-63.6928188215698,0.5622514591030296,2.898900617709499,-8.251134939258023,6.320896630738364,55.7812901399095,27.23709034304621,62.97545679575356,0,none
38.3599,8.097934197518239,2.1300101302601684,20.034969904813885,23.439186616226003,-66.76843181959822,0.5286063359378974,2.879165203006534,-8.254251333528595,6.303921394598501,55.82937219879971,27.09924434577628,63.08073228304335,0,none
38.3766,8.169196298100426,1.761865541153108,18.028394052807496,25.11138937786412,-73.19438287660182,0.5032184052115811,2.8564941448598904,-8.259698493073097,6.28852125893046,55.87707565101887,26.96130738094196,63.18575058806749,0,none
38.3933,8.202657300834137,1.546025892222224,19.929279396540156,25.96104759929972,-73.81615815144308,0.4869889053018579,2.838386496163966,-8.26381245318571,6.273234515017697,55.92447670550481,26.82330171297376,63.29051360446829,0,none
38.41,8.176857843945305,1.779573598689128,19.24313368074615,24.46879146075946,-67.84356695415708,0.5001749427274388,2.815996168318444,-8.269620283447882,6.259163857205046,55.97150384151573,26.68519905424018,63.39504164088361,0,none
38.4267,8.195615049909804,2.085152251262884,22.800191929812254,25.18253701133004,-65.52529160828445,0.0463973210014537,2.7979533242038617,-8.272859805555163,6.242934651160528,56.01822966202993,26.547042295487408,63.49929864955799,0,none
38.4434,8.07325788914499,2.46844062291628,20.7562809778973,24.49597686592345,-67.75273822932368,0.6931365644306733,2.7761757078320195,-8.277557881520096,6.227710720663287,56.064591796350726,26.408807078866023,63.60330141859307,0,none
38.4601,8.07134239169679,1.77464526037133,18.723374711322545,28.403348999135453,-70.26190056363053,0.5683893801730548,2.7566201452880885,-8.282162004746,6.212529370834192,56.11062735277704,26.270494973386764,63.707050659086,0,none
38.4768,8.16209589031066,2.0116636932011827,19.77280722309277,23.58464123587678,-69.58587787841799,0.5122918581150111,2.7372970964636263,-8.287654884083059,6.1985599656430495,56.15634021428798,26.132091136822577,63.81056661051224,0,none
38.4935,8.196280199629705,2.080392840970461,20.36522514851048,26.76046324377842,-71.69681592564466,0.6520713638460228,2.717490924596063,-8.289895194442426,6.183842202653875,56.201722312728734,25.99364988707539,63.91383677529656,0,none
38.5102,8.252564285578575,1.7119245974470003,19.96445876976358,25.690378026063705,-71.64457614014215,0.4896060209150516,2.6967975573004246,-8.296062833216101,6.169096720526738,56.24675883193565,25.85510563776068,64.01686069052936,0,none
38.5269,8.19350512223974,2.1915927134078608,20.569452661387707,26.24674720351101,-69.08637430436183,0.4312365906747528,2.6775898138781287,-8.299895437727647,6.155105978747744,56.291474581827416,25.716497383950628,64.11965096037444,0,none
38.5436,8.0737723554741,2.151686611107954,20.961635056330465,25.79416665015588,-71.42190128404611,0.6471970231667284,2.657174988247752,-8.304854478357973,6.140125936742287,56.33584940413115,25.57780631416205,64.22219106351804,0,none
38.5603,8.0972338788647,2.0478961744466684,20.413138728651468,25.74804224112758,-71.18595310647619,0.2612645423096443,2.6384552554775977,-8.308763126605884,6.125962597635778,56.37991160689763,25.43904996994773,64.32449463889856,0,none
38.577,8.129075460330096,2.2927774227539484,18.689160855064493,26.18949961038127,-75.67440984952854,0.9181473550962626,2.6193928849166217,-8.312054902060629,6.111916862262328,56.42365546807574,25.30023865308332,64.42656365049834,0,none
38.5937,8.117440486899696,2.0395766257763075,19.662016299802826,24.336452724449188,-67.12441669741477,0.6485741906333093,2.5992528744424788,-8.317361397670288,6.098319803063097,56.467062991078926,25.161338717742225,64.52840559120949,0,none
38.6104,8.136086709166072,2.3054547674148216,18.701607439367,24.10439997592412,-73.80587216440316,0.7654296041616702,2.580542422684956,-8.320774923576137,6.084768878734852,56.510158049537765,25.022381776518504,64.63002123148436,0,none
38.6271,8.070156549262698,2.131701051381508,20.472152656834105,23.215201091779143,-69.37430047167861,0.4292062406808683,2.559313377439948,-8.325418055850541,6.070670143437538,56.55289858294101,24.8833472949858,64.73140142287977,0,none
38.6438,8.145195107647503,1.6500111341868722,21.076002119593227,26.29728731329942,-69.91477453180849,0.215429170468509,2.542700307798074,-8.328815504132953,6.055720324925569,56.59536167808124,24.74425607606678,64.83253195230603,0,none
38.6605,8.06675757663624,1.9807449763637792,21.364354087349,23.20181578969362,-69.64781194419426,0.4062076942657779,2.521370857777953,-8.333966706750573,6.042894776876818,56.63746857140613,24.605078832064045,64.93344829507987,0,none
38.6772,8.034767025568376,2.2066136664821343,19.25385976543679,24.74715483421782,-73.57128416678536,0.5511115548069018,2.5047506826044805,-8.337429633731961,6.030354456288614,56.679297907805626,24.46584375718072,65.03415521449989,0,none
38.6939,8.112656898221747,1.7348785158495437,18.203078241084626,25.049891379908026,-71.64127411918076,0.3330636770056083,2.485404675833204,-8.341955678010754,6.017346754281893,56.72080416589204,24.32653309735794,65.1346449052964,0,none
38.7106,8.076181685727022,2.2665703641705672,19.454275155019587,23.850955414425652,-78.03366985456861,0.9012912898722648,2.4665292864265136,-8.344613733432615,6.001902583217949,56.76199520497536,24.187178048009617,65.23487667843614,0,none
38.7273,8.038517058838341,2.299559633589232,21.31275736913598,26.30169846954775,-70.4269268323832,0.748900016710019,2.448339538328449,-8.34885407907508,5.990500110190163,56.80288247526545,24.047752184889063,65.33491803027631,0,none
38.744,8.043437478645005,1.5081813560188713,17.811790278098513,24.54938653487636,-70.5347809662245,0.7149675955951127,2.4293963427453837,-8.352973769449147,5.976893254904168,56.8434533941893,23.908257522939262,65.43473214763321,0,none
38.7607,8.135449722222846,2.06301985401758,21.410555529603915,26.05968192703509,-63.83655045441417,0.7014773740081327,2.409943865122916,-8.357533116701305,5.965099122301137,56.88369945673685,23.76868671989035,65.53434930297564,0,none
38.7774,8.040767609181861,2.1874425808779376,18.757142181310414,25.16172866297632,-66.52103527539789,0.5645535735826364,2.39276891507526,-8.359671810531722,5.951413742572625,56.923658697618606,23.62908020065447,65.6337379124766,0,none
38.7941,8.131754547339872,1.8493791573327345,21.08720801494777,24.765403560575564,-64.59468497267835,0.1386286022805732,2.3731007538272624,-8.365205070690447,5.939215350469362,56.96328948020752,23.48938127597394,65.73292280882944,0,none
38.8108,8.073126989975423,2.187535078406543,20.704958313751423,25.26668112901288,-67.88615996281312,0.5814948910623654,2.3546225147279967,-8.369081908993767,5.92674956505339,57.00261167620348,23.349617608093745,65.83189952656583,0,none
38.8275,8.106236913468944,1.718980340481507,18.39478723695975,24.88854690459161,-69.62846754255189,0.1946599510413362,2.338187397357697,-8.371124145705165,5.912275570312171,57.04165940573935,23.20981983486047,65.93063452859005,0,none
38.8442,8.122140700058285,1.946077096501964,20.60037358250425,24.871571747720576,-71.26319615641792,0.5984108783953552,2.320895640169421,-8.375405831773643,5.902050567073387,57.08041836293018,23.06995055746985,66.02919877306017,0,none
38.8609,7.980500243723767,2.076549565375933,17.072864360398327,25.019344874712903,-70.70923032465655,0.7949793565899403,2.300040242347249,-8.379865502362124,5.889537121581344,57.11882903497738,22.9300068035804,66.12755404299058,0,none
38.8776,8.067986377840688,1.945628292974114,18.84961037995172,25.672293700275976,-71.73639901699715,0.3675944629067621,2.283606653970887,-8.382848250448065,5.876502766258847,57.156965266098695,22.79001323779792,66.2256916391871,0,none
38.8943,8.030281378209231,2.4096254632712424,22.10298276093309,25.627041312128057,-69.70935842852916,0.2581280397990886,2.264728115918728,-8.38664211715527,5.864916431227062,57.19478622563454,22.649956314441425,66.3236357435886,0,none
38.911,8.05679256348038,2.0889802446416144,20.29990484674024,23.659187400663846,-68.96986203732745,0.3345126439388258,2.2457108307183997,-8.390548050323442,5.852246588754648,57.232289596507535,22.509834162001024,66.4213682616208,0,none
38.9277,8.239782573076482,2.4340758049088915,21.00040131129741,25.239631490766083,-71.78689573234053,0.7210823609567705,2.231680699792664,-8.393399124727127,5.842190244388388,57.26955866419407,22.36966439661808,66.51893283870209,0,none
38.9444,8.031214578520377,2.0830891212938374,21.293600528658068,26.63521467261678,-72.73409868957513,0.8260353647295959,2.2123180532367472,-8.396477261740005,5.828962873336397,57.306504375683126,22.229443226347023,66.6162765186868,0,none
38.9611,8.135785604296906,2.060154013982265,22.374403795823536,25.548531490332653,-71.37266960411038,0.2127695929177461,2.1948770617043607,-8.400218779462396,5.817667674612169,57.34315882261359,22.08915957273,66.71343156885283,0,none
38.9778,8.069749524552295,2.3336288964737704,20.556756569370226,25.543423751503152,-72.37923516383654,0.4681200173794528,2.1744692147856184,-8.405596507169586,5.8062673270900085,57.37947245850051,21.94878611106027,66.81039623321523,0,none
38.9945,8.079350941349581,2.003395083345268,21.198743840650145,27.108499915412672,-71.94884816423681,0.7243299736546945,2.1608749317611,-8.406828865475687,5.794720434543323,57.41555906986092,21.808392069006825,66.9071680644721,0,none
39.0112,7.989202514360812,1.8523981233317304,20.54337988253389,26.41606152142033,-68.17598044583285,0.7106675340442906,2.143311238946338,-8.41052811508513,5.783744953880941,57.45135236755132,21.667936249484903,67.00375660520191,0,none
39.0279,8.280129335609706,1.759738859886086,20.347503342109142,24.76450999575942,-68.60150578297477,0.873720023183455,2.122333593574385,-8.41433409238122,5.772054953989519,57.486795338564015,21.527416870142137,67.10014992293354,0,none
39.0446,7.995064805435794,2.1697631686861003,17.683786267143883,23.797277578933898,-71.71864725791033,0.7442475577855572,2.107450625295443,-8.41747392291215,5.759781588665702,57.52198976400645,21.386845055629504,67.19633827546426,0,none
39.0613,8.211355496218449,2.2952053624076614,22.1618923507606,24.89144884124904,-75.34923451646206,0.5816359713106968,2.091580627228938,-8.421035260211996,5.751187388797799,57.55691916048117,21.246213766783963,67.29238310485718,0,none
39.078,8.16493595926851,2.092012367852081,20.00824955737628,24.13525033476936,-68.01372924895307,0.598838030911591,2.0731394712142195,-8.424114359206133,5.737925723479806,57.59154058965045,21.10553105698522,67.38820646443929,0,none
39.0947,8.090153943822768,2.2257346851949817,19.90732696700944,24.82205713539157,-69.94439196320857,0.4827210974270403,2.0545068794196446,-8.426311289524012,5.727682427541239,57.62585085453676,20.96481165845017,67.48385876097923,0,none
39.1114,8.179942067649808,2.0733728909036726,20.495388777703145,24.94248792721024,-67.31846359596952,0.5787183944769348,2.038691593339086,-8.4318545832365,5.717637905921937,57.65989700414552,20.82399968691012,67.57934331400813,0,none
39.1281,8.095510252183656,1.4846548651897862,20.5916673091318,25.22944201752954,-70.17061828896766,0.5612430061422538,2.021299178924969,-8.43393234299864,5.706216601435337,57.69365270043357,20.683153016782043,67.6746371312521,0,none
39.1448,8.164958488143167,1.8899937928714443,20.677302952423204,25.239364887696016,-65.49523166241043,0.3776275379503409,2.004718239114239,-8.43624936138269,5.695330233048518,57.727131495026775,20.542267652446952,67.76974914614401,0,none
39.1615,8.25285019801788,1.8392583816819088,19.341418530129552,25.136931201561065,-72.40475432633718,0.077408208751367,1.98952217384042,-8.439989354042742,5.685831313320069,57.76035651532991,20.40131983023444,67.86470252907645,0,none
39.1782,8.168274313988563,2.1860575547337904,23.186247278627174,25.883787828806888,-70.10250747468423,0.3422300641208852,1.9709764432492645,-8.442531555297306,5.67414436576792,57.79327182193217,20.260329553260974,67.95946073998478,0,none
39.1949,8.00717247322441,1.998656488614677,19.81226390669078,21.589007329262984,-73.94314523137376,0.5730258291167616,1.9537572496137068,-8.446357038688285,5.665656689575167,57.82589956800072,20.11927539071488,68.05407720670068,0,none
39.2116,8.102222150479324,2.0052553240897946,21.519537884146807,25.800257486443336,-69.28035372248749,0.9862242053169998,1.9382540312941088,-8.449460308326353,5.654638830819946,57.85826841032333,19.97816940356583,68.14850967517538,0,none
39.2283,8.18828481861037,1.9515903088813689,21.636265020019728,24.2966755998167,-72.0163460990348,0.316743552990941,1.9224760176071047,-8.45114502755855,5.643993464866254,57.89037375981737,19.8370352816056,68.24276436603864,0,none
39.245,7.98256519975591,2.2787968644565684,22.50986288157258,24.865262101784417,-70.01192766173574,0.3023397795880639,1.9054370655620356,-8.456074650588917,5.635767599656135,57.92219455881226,19.695818834940766,68.3368816849529,0,none
39.2617,8.09457439587692,1.6395620120972616,20.203518597636567,24.613833009998142,-68.63685657287164,0.5344759170738317,1.8904301838624649,-8.457364287146675,5.62457376918042,57.95376474288276,19.554580851345417,68.43081206689821,0,none
39.2784,8.13737825012123,2.2761335566951746,19.11621103746886,25.156270403878032,-74.17564700602681,0.5464662289859465,1.8732497073197787,-8.460246624134522,5.614209945194856,57.985048012995,19.41329473272237,68.52456937298297,0,none
39.2951,8.080113205815712,2.0753278369755463,19.64872328588892,24.339406195006887,-71.37062699381121,0.4187848753606053,1.854070424488492,-8.46403368873698,5.60512878045714,58.01601098908396,19.271945370120463,68.6181750236166,0,none
39.3118,8.143725754369397,2.3989940932093377,21.42090730993813,26.11077263441988,-71.39704372979246,0.5265039173052899,1.8427187371517275,-8.465491358869869,5.594824308892571,58.04678439199439,19.130571664427336,68.7116085895751,0,none
39.3285,8.071153250173747,2.245664166721439,20.83422308875694,24.0244519872296,-70.44875094704045,0.7682762235395242,1.823418076826836,-8.469464027073796,5.585281025505136,58.0772354738774,18.989131615175204,68.80488278270104,0,none
39.3452,8.10020563503423,1.8976973832714517,20.9769540092938,24.955180544834256,-69.03038528021958,0.3567089714104252,1.8087183403332472,-8.471682669493704,5.576654182841036,58.10744107016097,18.84765451459466,68.89801290755449,0,none
39.3619,8.283930399195869,1.906496009397052,18.75146033560464,23.39742780173229,-73.90696571068489,0.230278919354475,1.7927576356945354,-8.474951761605341,5.56654131699985,58.137380122677065,18.70612282017585,68.99097414754839,0,none
39.3786,7.948972058882285,2.167081658377283,19.245138797350183,26.00534259694601,-68.77756074545785,0.0,1.7759490549264376,-8.477018144720951,5.557763991012808,58.16703847189434,18.56455661715901,69.0837888061983,0,none
39.3953,8.128865957868774,1.7758692030087804,17.41201832652355,25.356789238100724,-69.85022659205276,0.0709253820801406,1.757570865080312,-8.481385542194294,5.54888204059646,58.19638990534118,18.422917478604365,69.17645513627626,0,none
39.412,8.174509563070023,1.7457117259466506,20.53680629025848,26.634253872110477,-70.40088501261637,0.5182348840746771,1.7448438666689414,-8.48259907891153,5.539103355205666,58.22552879791455,18.281258073986542,69.2689581623082,0,none
39.4287,8.029806193670101,2.289400949024514,20.5804756364426,25.305489387026093,-70.04178698980519,0.6241775582816642,1.7295105783568672,-8.484843946499478,5.529440708859644,58.25441162457311,18.13956118008,69.36129982214615,0,none
39.4454,7.995219363656794,1.888565489001792,21.424787321732506,25.423383929183597,-69.57777575544249,0.0680325357638535,1.711064890235509,-8.488619518766283,5.521754182165729,58.28298640824004,17.997801234116604,69.45351311698832,0,none
39.4621,8.12134067291429,2.374990895406245,20.622144704904585,25.52856213153916,-74.09159599874144,0.5776834091939727,1.6987350524765543,-8.490834797547935,5.511951118354055,58.3113552836164,17.856004292997554,69.54556270066483,0,none
39.4788,8.240846550414838,2.1088435822108687,20.36215167985269,24.45946782752056,-65.00464041199358,0.638310664598619,1.68045050482016,-8.493450629745704,5.503801122721383,58.3394188070469,17.7141636674808,69.63747617941428,0,none
39.4955,8.101214872196904,2.230598883720301,18.29640387042835,25.953835718208254,-67.50883316602227,0.3275690514522881,1.6643082272491632,-8.496046500181782,5.4953054950908,58.36721275444196,17.572279690927765,69.7292477811823,0,none
39.5122,8.123208580600055,2.252635999179797,21.429911145014128,23.468353005251693,-68.69886787966591,0.5952024763266642,1.6500048075329743,-8.498826019493075,5.484677352202024,58.39476783472776,17.43034929640223,69.82084189296407,0,none
39.5289,8.011966606373623,2.180673426946149,21.374647181787974,25.06537027455781,-71.75995697559644,0.602592963827568,1.6344233121882217,-8.50126809282125,5.478927624590632,58.4220627040413,17.288378119252116,69.91233998429473,0,none
39.5456,8.060369623226821,1.9881071681380864,16.112953115703505,26.179761061718523,-68.39625586983276,0.4209154279144182,1.619677647500531,-8.502213039262292,5.468115485065752,58.44911132075456,17.146391161496435,70.00365751289533,0,none
39.5623,8.133566840921763,1.7979692564781269,20.230314843469365,25.18945068485148,-75.85825228257013,0.4801425072206008,1.602788178733752,-8.507080890090933,5.460978822057172,58.475877883339415,17.004322910631917,70.09485585922369,0,none
39.579,8.159168187352547,2.0425358705363217,21.1056315174714,25.12019397876865,-67.76571089405148,0.755372624384109,1.5888528236848505,-8.507276174128975,5.452538892969638,58.50241172549495,16.862251398523963,70.18591325873628,0,none
39.5957,8.094231014085516,1.9665971923379093,19.85847305455561,25.27892581596023,-72.62149766732472,0.4848403884777863,1.5714620521170182,-8.511224513276023,5.444217898160471,58.528655141765306,16.720113949152253,70.27683169763556,0,none
39.6124,8.129248492447271,2.003304938531708,19.184876649753008,25.056160593985243,-70.37774864307146,0.2672898732801937,1.556133608541452,-8.51418407614678,5.436961217539223,58.55464257302795,16.577927075080602,70.36762894996846,0,none
39.6291,8.14204748745419,2.015007224980226,19.66434884375871,26.411269773093903,-66.84176475851113,0.7454193862947641,1.5438198659220896,-8.514627669157193,5.427716249196843,58.58042436478885,16.435732793005677,70.45827181133005,0,none
39.6458,7.951597702557954,1.8942514514312547,20.847895236634653,24.47925220346685,-69.87639164804642,0.6709840724362074,1.525387627002564,-8.51818915451819,5.420428672866983,58.60589833815979,16.293479034125223,70.54879297016693,0,none
39.6625,8.096065690577657,1.9803206269426792,20.77416097823077,23.51028337849683,-72.41485133611808,0.4089206911821094,1.514489862812215,-8.520193997932294,5.412203186062143,58.631190318868754,16.151191794359754,70.63917676337417,0,none
39.6792,7.979865377803447,1.953065215586501,21.694547704400755,25.607249069937243,-70.8834501391462,0.6651596418175959,1.4958325720441283,-8.522053198406082,5.404422653601011,58.65617072282189,16.008873505946372,70.7294306216893,0,none
39.6959,8.136530451316617,1.8906413423576327,21.406546523112837,23.72474696367608,-70.63944470830437,0.4226857545949318,1.4823765097415564,-8.524870068451033,5.39721517142681,58.680926410534575,15.86650817580324,70.81956411505213,0,none
39.7126,7.965807591829338,2.116382297173468,18.78385593631412,25.456411283300923,-72.45641446747204,0.3756309205437533,1.4656275093067803,-8.527217931274526,5.389457480818745,58.70540238994,15.724103636350955,70.9095680549818,0,none
39.7293,8.102649572507966,2.3966152389055777,18.894616640359995,26.65403154936201,-61.74792746777172,0.5841927441436416,1.4518701509179512,-8.530837775885944,5.382821062265898,58.72964862146033,15.58163864549366,70.99946116672164,0,none
39.746,8.104131522400044,2.074857674256376,20.00112199484995,24.66165468988176,-78.76081257762326,0.3163724916692993,1.4356569434336743,-8.530344514486579,5.373628337756729,58.75362409241567,15.439181892101734,71.08920075996218,0,none
39.7627,8.130010830574754,2.062487789938078,19.039908244775518,25.500476124130756,-70.3915595384518,0.4238421696854841,1.4235689711751751,-8.53205336460082,5.3660705190701,58.777397694234295,15.2966966009129,71.17881413763065,0,none
39.7794,7.989415200318509,2.451360331360886,19.452258769609767,23.97158705936852,-65.59949176165883,0.2579145730904696,1.4076431083513787,-8.536533291057713,5.360015371764915,58.80090533414376,15.154136494952237,71.26832639433913,0,none
39.7961,8.117878037411629,1.641087368985016,20.57325315982581,23.354405328612412,-66.53859931434567,0.1632056415607582,1.3925494412981874,-8.537937048166777,5.352622794861443,58.82416090981344,15.011552946247852,71.35771519501331,0,none
39.8128,8.064414829940363,2.1905703150644684,20.478671353561115,26.24890210853455,-69.81653443863858,0.3989668910453901,1.3765413026517226,-8.53930537130716,5.344833590918894,58.84714914956773,14.868946546547022,71.44697391598166,0,none
39.8295,8.153008862100457,1.515809407399977,21.2952582588614,24.23829108550447,-73.66785259645448,0.3956885792095516,1.3646947125446427,-8.542263149099801,5.338568445355459,58.86993955126722,14.726290751957055,71.5361280090191,0,none
39.8462,8.054446140671695,2.2686010341028715,20.20574314099437,21.82554068380331,-71.95800703433217,0.337864702386301,1.3480327750721086,-8.542854778914004,5.330254916417938,58.89245169861093,14.583625077149192,71.62514326612327,0,none
39.8629,8.1559454859198,2.2282178064019287,16.628863998808722,24.09587500592793,-64.23903594139364,0.4775063095212075,1.3362259802448082,-8.545903909082316,5.324969492393901,58.914766672481015,14.440908481867517,71.71407025664625,0,none
39.8796,7.931294219909609,1.836850451288947,19.256941002766546,23.853656436700398,-67.99187190866576,0.558356205085247,1.3171023418315104,-8.549108703956719,5.318237321050926,58.9367622815896,14.29813836651144,71.8028848199078,0,none
39.8963,8.147237797047035,1.99274144652488,19.6950427194523,26.648587031997536,-69.86254554592475,0.3735793481669531,1.3059783002629564,-8.550182092278497,5.310455936402279,58.95857211920399,14.155350325570389,71.89156943404572,0,none
39.913,7.965100718938019,1.9310440362653665,19.837939564369357,25.509832609512745,-70.39132636403137,0.5784306192598117,1.291718132555688,-8.55122069134457,5.304091924101559,58.98014381201767,14.012544940024934,71.98014776917822,0,none
39.9297,8.150974940003852,2.105953086339715,19.67355562881096,25.50160069793425,-73.88557818556697,0.4849954156109715,1.2766673260040715,-8.553354109933824,5.2973560383679255,59.00146415636194,13.86970392638904,72.06861361501896,0,none
39.9464,7.971476056968461,1.8574957271627213,19.79321572840421,25.288135298938887,-71.00646371605409,0.5176660288198326,1.261930016405882,-8.555578782720676,5.290801329424961,59.02253838763592,13.726825760717604,72.15696999722036,0,none
39.9631,8.183596386320815,2.140396322151533,19.222433582033005,24.64870980933598,-69.52397359687006,0.64900130584925,1.2455760361943706,-8.558233133623956,5.284867035963808,59.043339507440365,13.583903267386084,72.24522727672095,0,none
39.9798,8.186892544193723,2.30512216328926,16.948917675622894,25.2696781096842,-69.32066504110334,0.2908315081051444,1.233208107474505,-8.559191729429378,5.278181939407961,59.06393408283519,13.440964765504614,72.33337291510907,0,none
39.9965,7.756014373792109,1.6913205643553493,19.211682741813124,24.42037891297101,-70.16635323158063,0.4113985278422389,1.2189950871267328,-8.562056874265386,5.272771236385252,59.084291300790206,13.297978415704382,72.4214281947567,0,none
40.0132,7.983056749457215,2.0069034063093167,17.222990323710388,23.86773082315959,-68.3130950824664,0.310847258013827,1.2062951617746855,-8.561933936531409,5.264088462333674,59.10443642999184,13.154994118964307,72.50933847207767,0,none
40.0299,8.172582750559586,1.7157486768019163,18.627664139602786,23.782592672556348,-71.94698759846038,0.228289452286321,1.1898345668683503,-8.564527331168227,5.260195885394304,59.124306667258544,13.011966512533798,72.59718374336376,0,none
40.0466,8.056009255570237,1.8410649168951732,20.211678682095847,25.258403046584032,-72.35680953188059,0.4882505724841592,1.1756157294229297,-8.567142472431474,5.253698661759191,59.14393944993991,12.868895233244192,72.68492051101514,0,none
40.0633,8.027968893518821,2.1384166693435804,17.922683449961653,22.943683917719397,-72.63741105866042,0.4739085080127154,1.1612365051673554,-8.56892581888551,5.248190099770894,59.1633320995762,12.725794172068804,72.77256528568131,0,none
40.08,7.97781554100808,1.916865022873868,20.843157868785944,26.123127636858783,-76.16812439660265,0.3440698711975377,1.1510158227151213,-8.568020879636917,5.239896725918427,59.182554063815545,12.582708223378868,72.86007156100415,0,none
40.0967,8.134734497360828,1.9626307249739767,20.443505825650934,24.90404421850055,-70.53578332918823,0.6651536581113128,1.134042602130566,-8.572043760920687,5.235861864180716,59.201492575271125,12.439555092571492,72.94751045413597,0,none
40.1134,8.05725241288472,1.9548454715888728,19.30720293221271,25.904123157914256,-72.93953769851048,0.2986877846884297,1.119498498983454,-8.574245718827715,5.230092879462226,59.22018820020415,12.29636518906707,73.03485300522298,0,none
40.1301,8.262668793848212,2.2507134946383203,20.292554038442045,25.8241519521952,-66.49950414961813,0.4736761674403543,1.106591994212074,-8.575000723892277,5.224568055195538,59.23866828650749,12.153162676978068,73.12210329174475,0,none
40.1468,8.089204273085517,1.844344071102644,22.79491684976349,25.829471146875093,-71.31135849354891,0.5143914645021109,1.09346804009817,-8.57652044442841,5.218983441320695,59.25692920277713,12.009934785556114,73.2092603152148,0,none
40.1635,8.032932239660262,2.0530830072343096,18.88216001325119,23.84298803327512,-69.32972437840901,0.2281018459709621,1.077571751483696,-8.578310138489172,5.213112393333123,59.27492465102691,11.866677006243345,73.29631929218347,0,none
40.1802,8.148123353921681,1.7020200615640386,18.70242329255341,25.256339223102387,-72.11527519401933,0.105485259160015,1.0660225126427807,-8.578915042665955,5.206652139946244,59.29272722698804,11.723409125030823,73.38327038292057,0,none
40.1969,8.105751120899598,2.105008443403141,18.73647246138704,25.756765695930973,-70.79439419353768,0.2741228955345238,1.0506474538310455,-8.581667897674226,5.203208043806519,59.31027303946702,11.580095271139664,73.47016395725214,0,none
40.2136,7.992633949749486,1.9890674306450304,21.70116983593745,22.76232848845559,-69.43333514812096,0.3301875756297064,1.0351506747143642,-8.58413529829726,5.197021833488223,59.32756005573475,11.4367402116581,73.5569542218714,0,none
40.2303,8.309875780024083,1.91299461184032,18.406176540931515,24.18972630580358,-72.05827754345346,0.4174692317406251,1.0232529439086888,-8.58395566444025,5.19201350789121,59.344648379898025,11.293388152061947,73.64366084745318,0,none
40.247,8.151525942771217,1.8561064788356003,22.998883456317905,25.708128490289383,-71.47542578849033,0.7259842532267877,1.0089777240185804,-8.586186645496246,5.185758164012934,59.361498307889136,11.14999883508216,73.73026300879219,0,none
40.2637,8.158636426565513,1.6663043746363573,17.213361877584003,25.14314304881565,-70.08605272996893,0.1357317672898604,0.996811896498203,-8.587480567920036,5.181287373962694,59.378145066560656,11.006587909597895,73.81679050793737,0,none
40.2804,8.01729470725901,2.0386189462975146,20.666364234266386,24.740425728634325,-65.71501551177344,0.3847352039433871,0.9823865843214978,-8.588745934488395,5.175502845452161,59.394550922518825,10.86315585249194,73.90322140545642,0,none
40.2971,8.11411777979445,2.218965804060604,21.030834148434483,24.4254475413381,-71.83596770363779,0.2730743246394375,0.9686329714842422,-8.590791561928661,5.17211069139389,59.41072709314261,10.71968963340773,73.9895956540027,0,none
40.3138,8.024839468939723,2.17986911782496,23.293559553713717,25.08766332434555,-65.82066165758556,0.53037085894392,0.9550902125361193,-8.591871878521731,5.16645798940059,59.426677099691965,10.576205373036418,74.07587550242569,0,none
40.3305,8.125121969705582,1.7167297905006338,19.33275602689376,25.609451992895835,-69.79272055070071,0.3782635874959909,0.9406106977390049,-8.592941460069532,5.16134552788389,59.442385298344206,10.432703250653256,74.16206997274135,0,none
40.3472,8.1089441339928,2.0414651766645697,17.57746969948406,24.312521971014213,-70.20311422103764,0.3356327894623802,0.926956009018126,-8.595509136663512,5.157395862230991,59.45786546369481,10.289158248070976,74.2481984836406,0,none
40.3639,8.049868068765829,2.20154593851485,19.64665618189861,22.116023837133184,-70.367326020555,0.5539957913229954,0.9131527125773716,-8.597123529727082,5.153683760117977,59.47311511399485,10.145586285124534,74.33426500243458,0,none
40.3806,8.033214598407898,2.522213733580076,18.72061960894188,26.02559945265024,-64.57417190091456,0.1572971262949106,0.9027743004478344,-8.5957118120378,5.145788688818817,59.48819144481233,10.002037897863502,74.42019967353785,0,none
40.3973,8.086395574032688,2.0783445717196614,21.48993117418112,25.60618534143942,-70.12004915830458,0.3949874128900509,0.886203117772085,-8.599104892134292,5.1425336330530245,59.50299103687912,9.85843284616486,74.50607998520984,0,none
40.414,7.950812325412087,2.564897823561271,18.610796920818547,23.030301757442107,-73.89771511312743,0.5252396876486911,0.8752869714995061,-8.598873782927736,5.138865023134074,59.517608329303165,9.714831653989966,74.59189903109618,0,none
40.4307,8.09085068692198,2.0230411827258683,21.294824308758407,24.07898992923586,-73.67235396144059,0.6859030581004492,0.856456744577559,-8.60184932975123,5.133882399027659,59.53191115693761,9.57118077018312,74.67763486715994,0,none
40.4474,8.021848476090472,1.6395125248258946,20.481296807592024,23.451919639063924,-69.8130553276846,0.7446416384756187,0.8479092793395548,-8.602591608499186,5.129853004372543,59.54607124190258,9.427517490321184,74.76330341233296,0,none
40.4641,8.099586252105608,2.3026881442021487,21.480999236267408,22.64296659190444,-67.75625720143861,0.5318049005689892,0.8344733521404678,-8.603996818492103,5.12542364820596,59.56000694688333,9.283830743452366,74.848897987258,0,none
40.4808,8.078763658399602,2.1800203107552245,19.90736776351032,24.698261752921844,-68.50801151262579,0.403365096392535,0.8175384853572184,-8.60550056080324,5.121670552583254,59.57365983958879,9.140118884086952,74.93442988548614,0,none
40.4975,8.14072860583713,2.2772785751032925,19.409225290017,24.34385761512001,-75.17841906082195,0.7283507370189785,0.8072407745587015,-8.606338302700276,5.117866024614793,59.58714076052392,8.996393034431858,75.0198982480972,0,none
40.5142,8.193689820395809,2.232005551212252,19.87952831219491,23.806975014065152,-68.16048290827352,0.894060909293624,0.7944045356937349,-8.607214724322445,5.112626546159543,59.60040731627001,8.852652548535673,75.10527911141807,0,none
40.5309,8.122997604974636,2.343702014481741,19.13846927986544,23.57152686262353,-72.36355038597144,0.4177162966805902,0.7803846903727559,-8.607955089863774,5.108185875242359,59.61343974059923,8.708899698534948,75.19058581553462,0,none
40.5476,8.1145593065906,1.808934715265284,19.421637666659606,25.879070189603134,-70.70288975028053,0.4657526658515558,0.7660390604130696,-8.609024050212142,5.104844268445474,59.62623259290813,8.565128996896405,75.27583671481766,0,none
40.5643,8.105548195513329,1.8214499650764988,20.561934857374023,25.38587054800551,-66.91015192573329,0.5285686285455116,0.7552811058977754,-8.611060031109364,5.101075301279062,59.638845787376624,8.421324294376879,75.36102467234902,0,none
40.581,8.06117625666389,2.0469468818561936,19.72688999502188,26.937951381362453,-73.83718737362378,0.3966313981770368,0.737924849031406,-8.612192454267404,5.097627463993128,59.65116913235545,8.277500680390613,75.4461550509977,0,none
40.5977,8.033825819877679,1.90494157088075,18.51071351606097,23.487722470724343,-74.9581040238489,0.3212296761706837,0.7269665907331838,-8.614201916229925,5.095518100197426,59.66330947442069,8.133643508389573,75.531250203271,0,none
40.6144,8.167787936279396,2.0048799887714157,19.53598573239945,24.38516104629252,-70.5836279341237,0.5295280854397564,0.7138085704519609,-8.613868069947676,5.089176108295144,59.67523007754724,7.989791911621447,75.61623944427953,0,none
40.6311,8.107192196634111,2.1578100796941624,18.109109565062248,25.375942990545383,-67.65838370032333,0.8048699257917544,0.7018204006138415,-8.614598149279598,5.086868969313885,59.68695047823749,7.845928122528478,75.70119015606707,0,none
40.6478,8.034029929710778,1.9230144127876487,18.66958434661518,25.0725223800091,-66.59877109042579,0.5117618248325178,0.6880959122072509,-8.615658742419775,5.081945211898046,59.69844167997135,7.702046621530068,75.78605864110577,0,none
40.6645,8.098458378756249,2.1287541963082366,19.845294918148085,24.787258305746136,-67.49781865396396,0.7443199323783661,0.6730090638144529,-8.617006254327872,5.079877170441002,59.709680931337054,7.558142617082792,75.87089258985213,0,none
40.6812,7.989103790510262,1.8888427656045628,19.36251147301997,25.915445654498438,-65.07986097063277,0.4379936838171837,0.662355794011847,-8.617200391004534,5.075230062801039,59.72074227309705,7.414235370553016,75.95564893190091,0,none
40.6979,8.118209624404745,1.9937004574760893,21.611656755666512,23.863097820985043,-69.2577674908381,0.3136361365649135,0.6483782119651055,-8.620162848557788,5.073680942618063,59.73157018923687,7.270278650982101,76.04037940364263,0,none
40.7146,8.222474878615284,2.261213051051484,20.22900107434605,24.61902829169772,-69.82035056610376,0.1681198781209909,0.6356990060928427,-8.619463828750906,5.06928442957733,59.74218636263862,7.126333605041961,76.12503645361657,0,none
40.7313,8.123392529230664,1.8255451882269609,18.87138116758305,26.242085736672603,-76.08828394998426,0.4042408794637433,0.6207438911353294,-8.621032577631643,5.066741279865219,59.75255278562058,6.982362360995513,76.20965103299032,0,none
40.748,8.117845738360371,1.8596176152533628,18.07072094359013,24.84840058939686,-71.62156493035714,0.3221706842478395,0.6094745079229587,-8.621788829449326,5.063128634735214,59.76273100990289,6.838378487543709,76.2942052811904,0,none
40.7647,8.04777396091177,1.8805298314706111,20.43939077452508,24.201690715503275,-70.57854227461281,0.4406152522651622,0.5926257693868118,-8.623838510299763,5.061400873817085,59.77262786025165,6.694360384421703,76.37873067578315,0,none
40.7814,8.185693829068354,2.1744707863485915,21.295832125971067,24.959201965140444,-74.57025100919489,0.524745690378541,0.5849017572062987,-8.623663932488766,5.05720673910793,59.782395719597,6.550345196749141,76.46318602832625,0,none
40.7981,8.084276371864927,2.006556630353804,21.28182671340652,24.66952361836242,-63.99793269831324,0.8113490174485662,0.5717644420952954,-8.623207193659175,5.053768939158866,59.79194418577999,6.406337636615032,76.5475839696102,0,none
40.8148,8.042330374679338,1.961301625505799,18.199784255931675,22.908730709669065,-69.6031429437507,0.4883380769172233,0.5540805478976883,-8.62617237138063,5.052444272920608,59.80119733092988,6.262280558012976,76.63195978896798,0,none
40.8315,8.162030987378847,1.7251384272768573,19.10642630007797,23.9292363936911,-74.46978079707758,0.2831580847699948,0.5445443497781942,-8.625825943220168,5.047134473489756,59.81029122157118,6.118229264761199,76.71624693467525,0,none
40.8482,8.028345177226907,2.1134967910533566,18.783044961451104,24.936022016470048,-73.18532032762721,0.5470866709418877,0.5317577992875743,-8.626482039751151,5.046655295484164,59.81917157681928,5.974167014697355,76.80052607810984,0,none
40.8649,8.039560755186441,1.9381847807243413,20.51707610299342,26.94513483462061,-64.6225063821073,0.357500462901796,0.5215472305142831,-8.626961707920819,5.042925182025867,59.82788141556887,5.830096754175077,76.88474292864967,0,none
40.8816,8.162999974383109,1.5773038023623345,21.273060499204067,23.892081028157605,-71.76157587333162,0.4904435576670646,0.5031902872966196,-8.628859615826013,5.041421156645248,59.83628469336672,5.685994798590783,76.96893466196565,0,none
40.8983,8.08174111800951,1.9908053148443177,16.69845130990499,26.196037409186854,-74.89498263195439,0.5610215652554689,0.4919507180209043,-8.629952973369862,5.038956659623087,59.84450027035767,5.541874583935506,77.05308523818135,0,none
40.915,7.84667388535864,2.167968187394933,20.69255156526473,25.692408331900644,-68.45013460436212,0.5259479265989037,0.4785259605668132,-8.629820393270467,5.035934006588286,59.852491653899136,5.397756583367889,77.13718533609138,0,none
40.9317,8.216071379104706,2.462358503078834,18.231150588638407,24.557606115179077,-67.39748519901272,0.3635024421431276,0.4682725251332008,-8.62973230213991,5.032307997658154,59.86031180506886,5.253640053922153,77.22122487965227,0,none
40.9484,8.219574772227695,1.8891657061926024,19.933723620738235,25.181128412752543,-74.6746272031997,0.1648157567016676,0.4554057385587759,-8.630823871123456,5.031042248329252,59.86791708090279,5.109505295274391,77.30524328519937,0,none
40.9651,8.105306057015103,2.213207465028366,17.136497396038866,24.146115640482773,-72.95658171424586,0.4753471047339005,0.4425939402952616,-8.63157473051297,5.028910965348732,59.87530839970572,4.9653579972748245,77.38922609832069,0,none
40.9818,8.087203012021021,1.7348821129528695,22.486428160664342,22.591616645733907,-69.43494632885118,0.5082039114592529,0.428755044168753,-8.632699958953214,5.026654353749832,59.88246860894334,4.821191907960306,77.47317122602831,0,none
40.9985,8.028842605974399,1.903272125855837,20.467951124520955,24.843738214524898,-74.05053113457615,0.4752717010399269,0.4153069513249933,-8.632923822045324,5.02429450341441,59.88940423503047,4.677022080132149,77.55707694423533,0,none
41.0152,8.150217278859387,2.0690258112614197,21.80033423834763,23.23067192531372,-72.67002686880419,0.5354541848262686,0.4051554601394475,-8.63248442358317,5.021896166904421,59.8961703312148,4.53285959025831,77.64094261022264,0,none
41.0319,8.141170609601945,1.8606550627773224,16.31857734201479,25.792180097163893,-68.27675620896436,0.6080968539154551,0.3886539666281042,-8.63567842991902,5.021220326190037,59.90266085245749,4.388643760478662,77.72479698967001,0,none
41.0486,8.093825452551725,1.8231532370609265,21.88880377355403,24.891368049409994,-59.39425924959348,0.3382116228400937,0.381747926975785,-8.633372157473081,5.017365563404127,59.90903604283798,4.244466445448862,77.80858699457886,0,none
41.0653,7.990340276909102,2.0249765049134645,21.384808969246976,26.292614550899195,-70.77076918809819,0.8280416658273695,0.3648280744647298,-8.635939016702629,5.017914408884275,59.91512867168154,4.100246263869928,77.89238616520723,0,none
41.082,8.077557091654239,2.0353182963359897,20.625506470118847,22.14056287218622,-65.41827618586377,0.1908899237521912,0.3535417674927198,-8.635656941274917,5.013487823316984,59.92103281919867,3.956030792950637,77.97611141185662,0,none
41.0987,8.112495931430983,2.09787708331089,19.376428753285943,23.481743651699343,-71.80665683517304,0.5440835148315183,0.3365284390853133,-8.637429205050013,5.015015129544394,59.9266528441314,3.8117857252263017,78.05986216452001,0,none
41.1154,8.13912327146937,1.9524820156114049,18.897477937117262,24.56239728660704,-70.68537081872452,0.2187287634529269,0.3243919208937123,-8.636575695161884,5.011063173230208,59.93207018921032,3.667554911117098,78.14354691951296,0,none
41.1321,8.19953262829624,2.033299888927969,17.93012189408723,25.18026969407048,-67.36066669863207,0.5697372094278231,0.3191924306569732,-8.636153753271941,5.008450510500214,59.93740070280229,3.523331143437457,78.22718804303831,0,none
41.1488,8.123043716333838,1.714214331508666,22.73785413775913,24.228060101402715,-70.94398565150064,0.426703757274898,0.3006119915993511,-8.638331538325788,5.009423418848696,59.942420923062,3.379071006747416,78.31084541413308,0,none
41.1655,8.1888697978469,2.045461300831636,19.844225016259053,24.65795363270995,-72.64884705222467,0.4143003793376392,0.2895600843991092,-8.637007716189911,5.0034630179141,59.94725657647147,3.2348329778870446,78.39440324653225,0,none
41.1822,8.078629121968024,1.8030596074862597,18.36006132853713,25.852609370859053,-70.78584284836279,0.300363490852731,0.277038916157626,-8.638962456890393,5.007139976158781,59.9518831263713,3.090562304856975,78.4780224841341,0,none
41.1989,8.01672246714782,2.1809567343381584,19.97422645742432,24.76460113913944,-67.17185604267667,0.4983469467727631,0.2632251435437025,-8.639583508726858,5.003524306589579,59.95627898626848,2.9462812602612365,78.56158134005415,0,none
41.2156,8.070215216723339,1.9076131259287483,18.81353627929473,23.71007444656443,-68.66131203139798,0.2022213479287771,0.2454523687061883,-8.640144951239726,5.003933983184237,59.96037804082587,2.801990839575533,78.64514703757332,0,none
41.2323,8.030814827582299,1.9994507539321231,17.780000111302034,26.99082037219027,-71.15429791720025,0.7202877530219909,0.2420503021027742,-8.638537359464419,5.000510847245963,59.96442028087099,2.6577272656724773,78.72865556872233,0,none
41.249,8.114603123495112,2.0192265018308357,19.068407046312394,26.052403906682063,-67.20541944479373,0.4771297592440995,0.2245615511178939,-8.639605952612996,4.999744852708437,59.96817045877466,2.5134458462638403,78.81215130776256,0,none
41.2657,7.999439935749516,1.5630904035521034,20.39290325669667,25.914567980566755,-68.78552040937228,0.0582446501018341,0.2127069614603042,-8.640435126226093,5.000012293075241,59.971722665031045,2.3691505796558645,78.89565151305692,0,none
41.2824,8.061437392728758,1.8796233959387207,20.78945958845034,24.739783450386287,-74.4583680116385,0.4027253001194859,0.2013959556292351,-8.640552570867172,4.997727602962456,59.97508597749005,2.2248533517223827,78.97911356402639,0,none
41.2991,7.966048683921549,2.064570474177406,22.648813077356337,27.30728763095192,-69.96579416601853,0.5723952243189596,0.1863480416690147,-8.641514810185203,4.998693377523139,59.978197989785926,2.08054005439229,79.06259174343103,0,none
41.3158,8.15960533889181,1.946098512000729,19.987625053739496,25.9629838851228,-69.606845673766,0.266903920753923,0.1760574349452713,-8.64121855717717,4.994170145924151,59.98113814894951,1.936231704487431,79.14599438486796,0,none
41.3325,8.09033604815692,1.8642623347884129,20.157116578400043,26.233344320212375,-69.55980741425596,0.5369599057404985,0.1627653425662732,-8.641726626742525,4.99802064710619,59.98385633017037,1.791914869820831,79.22946132967463,0,none
41.3492,8.026257177582858,2.031160856069042,19.927628148258307,25.962485766710905,-77.3307806801581,0.958174248785094,0.1489655644982843,-8.642046811668576,4.993526211851354,59.98634405509749,1.6475926880659657,79.31285321741255,0,none
41.3659,8.139568021982592,2.038098007391548,18.81236081579145,23.96267232803885,-72.07630910522509,0.637287439149195,0.1398080048427128,-8.640819011871162,4.991523173537033,59.98867884877836,1.5032910105677173,79.39621165441062,0,none
41.3826,8.031312089089397,1.771757208587286,20.02628776277221,23.933440352811584,-68.92449487963215,0.4294243568855349,0.1251064846987976,-8.641961749438568,4.992024767634228,59.99076812707283,1.3589702493520932,79.47957846803011,0,none
41.3993,8.119120330628283,2.0865212269307545,20.50498313371609,24.909485800384328,-71.03465041361835,0.8777580106565568,0.106947132773976,-8.64347476699004,4.996268415355783,59.99255414419016,1.2146242207433595,79.56301615056655,0,none
41.416,8.181687928931675,2.153856289846229,20.26727065082122,25.682690359896007,-75.16176025864911,0.5766453869132797,0.1001375826761004,-8.642025341611893,4.989426106123314,59.99422644182085,1.070302397538441,79.64633956653881,0,none
41.4327,7.986014948052228,1.7736340986392285,21.4221917596106,23.16986977310429,-73.68889616856835,0.4318873924232271,0.0859471805735957,-8.642883101835626,4.995049057242966,59.99566175973643,0.925966249737786,79.72975688579477,0,none
41.4494,8.099290605294216,1.9042688647272288,20.339657690441893,24.286880516594767,-70.74625597574773,0.8190621776739353,0.0763312071887458,-8.641876531201385,4.987324848554839,59.99693649089648,0.7816469116667228,79.81304521076564,0,none
41.4661,8.130197698601403,2.39590117006624,17.983481302258994,25.18725514466788,-71.43665714709502,0.4006259655563339,0.0580933577458711,-8.643058955991421,4.992055360970742,59.99790664997084,0.6373078271016661,79.89641253529385,0,none
41.4828,8.189434317632545,2.046224890253667,21.219931928146245,25.54958758937365,-70.86147278277333,0.1543799423381917,0.0510939524351404,-8.643191595626993,4.989558883830918,59.9987599189765,0.4929665274546953,79.97973816865382,0,none
41.4995,8.147303020658029,1.7957203231669894,20.453203440658424,24.13018003659233,-72.92120987728279,0.4163423959515142,0.0381943091907292,-8.642040145206181,4.988847503643534,59.99939776393999,0.3486444570297521,80.06305192196467,0,none
41.5162,8.101469461488987,1.9679555619738949,19.779262745349023,25.586479929042245,-70.80752689448514,0.7423218798210848,0.0247772965911895,-8.64303783591839,4.991316373111679,59.99981154479306,0.204305725169915,80.14640690539564,0,none
41.5329,8.070645460941641,2.27890165820678,19.195632701744117,26.108959635492965,-70.35513709770252,0.9294931368974988,0.0075883749034544,-8.644131624622808,4.991989534644262,59.99993827065395,0.0599487270387141,80.2297731306242,0,none
41.5496,8.04932814866785,2.2528102003187978,20.655834809132894,24.069593070345373,-69.73252028840261,0.3600764318364433,0.0007046222341461,-8.642458852652508,4.991488871311248,59.99995003784526,-0.0843803358005828,80.3131309947751,0,none
41.5663,7.995670189440725,2.260804978075236,18.097949102506423,26.0697829507519,-75.15666154455315,0.7075425029082948,-0.0150320827634278,-8.64284924114312,4.988298907701739,59.99969900206311,-0.2287159181276729,80.39643558653371,0,none
41.583,8.129560585742965,2.01102248713029,17.751763268844332,26.060285299339288,-75.71227205544267,0.6309390211140724,-0.0245400362492508,-8.64256600746407,4.9907265676739225,59.99928918345775,-0.3730467704523229,80.47978072021387,0,none
41.5997,8.070950380298758,2.347463108066222,18.987520618824345,23.99990297736473,-73.08216859561797,0.9522610282897472,-0.036443579237491,-8.64278845142623,4.988331276728799,59.99868057568448,-0.5173813375911409,80.56308585253524,0,none
41.6164,8.050394821303032,2.0522082396579293,19.79028163842708,24.86991625893039,-65.55640436010614,0.6565631233450103,-0.0496325570594365,-8.642879264547062,4.991121657227012,59.99785171198159,-0.6617174213090768,80.64643758421093,0,none
41.6331,8.041668867669678,1.659158491498868,19.34038754668935,24.43134898597696,-71.86384663541064,0.5453089237858313,-0.0626224282782942,-8.642874629759744,4.989141887330515,59.99680591742934,-0.8060534276260646,80.72975625372935,0,none
41.6498,8.113091010372923,1.9879367184186256,20.40855970431429,25.426776875789432,-64.31651431555488,0.5021188308855306,-0.0780468077942499,-8.642717777256921,4.991802626078938,59.99550253573918,-0.9503868145062552,80.81311935758487,0,none
41.6665,8.248951303119208,1.7235806000344684,19.189295764908906,25.5425411135148,-70.15304971183068,0.6474329643564707,-0.0876193227170944,-8.642006658706881,4.990981772716916,59.9940392930498,-1.09470832570666,80.89646875318924,0,none
41.6832,8.112789187211705,1.8172064083075627,19.747336449598997,26.02986719128321,-71.82107353974925,0.509493618030832,-0.1031909880188,-8.642861798114703,4.992322820785995,59.99231600354989,-1.2390441177351756,80.97984054429637,0,none
41.6999,8.014813220003797,1.903414221501079,20.841011962916728,24.882081199306576,-67.89778351904425,0.3156539002852834,-0.1143709649440864,-8.642333133435418,4.992677752098333,59.99040600843532,-1.3833710810635471,81.06321826275641,0,none
41.7166,8.11543596963576,1.968236931745987,19.81061651136205,26.14551050963429,-67.45337997889636,0.3358462144970405,-0.1316240434360287,-8.641924072129964,4.995864202219527,59.98820788690994,-1.5276912130681175,81.14664919493347,0,none
41.7333,8.034720741107716,2.3806766456000257,17.06390535086891,25.907936060793208,-67.39921878232035,0.7519907616980696,-0.1392193762641254,-8.642280662729341,4.993214476677578,59.98588292332633,-1.6720173001356975,81.23003587669399,0,none
41.75,8.18242702353197,1.87679699530834,18.835000692690816,24.56751266129807,-71.8603491695213,0.4587619330136311,-0.1513009453944306,-8.641678337993557,4.99400874296598,59.98335619753824,-1.81633332838019,81.31343582270152,0,none
41.7667,8.032155672195579,1.9731656110616744,18.40461928515377,24.26026979646179,-73.74290211384553,0.1397707971938999,-0.1678950366802254,-8.641283954077974,4.997060290333455,59.98055235042568,-1.960642770413292,81.39688672955009,0,none
41.7834,8.146908402011583,2.1006012014890296,19.71280393768566,22.91166813803612,-72.01055216795135,0.2476510747325189,-0.1752290390534015,-8.641118049299807,4.995303800882482,59.97762602547349,-2.104949441836599,81.48030830302483,0,none
41.8001,8.131176901350178,2.1239435233511097,18.59480867370005,25.19009367393601,-75.86143689513604,0.5463693863594697,-0.186785487656153,-8.640918535115059,4.9955007749757785,59.97450670782963,-2.2492527813730203,81.56373316596692,0,none
41.8168,8.232396888916046,1.948780341960247,20.3272811212662,25.82377038458666,-74.15827983428186,0.695147947850597,-0.2055421394665344,-8.640623939724476,4.999043649321718,59.97107415410054,-2.393551201166419,81.6472171949106,0,none
41.8335,8.181664524702468,1.9422265475801697,21.465431226911495,24.195610768607843,-70.51738102711288,0.4028774529570334,-0.213013065819463,-8.63992727861396,4.999570970959623,59.96751683590136,-2.537837986719272,81.73071003012562,0,none
41.8502,8.049023813629205,2.0653745504719017,21.07593187612399,23.600558822201364,-66.55221655999783,0.1165766433876712,-0.2273515617688274,-8.640268933496815,5.000021199773535,59.96372006481982,-2.682130477908669,81.81421038416184,0,none
41.8669,8.065748220325021,2.4319446346118925,22.23888890990124,25.585931146563247,-69.40316342382191,0.6065129716416036,-0.2395646103383648,-8.63965906776647,5.001398773644239,59.95971933582717,-2.826412784340369,81.8977337436817,0,none
41.8836,8.169100045498059,1.837706109274997,20.132135445366465,25.746287623166037,-69.73479951957067,0.5250022687785384,-0.2496296152202829,-8.639398041717444,5.001663117570469,59.95555052125299,-2.9706907316370503,81.98126151774512,0,none
41.9003,8.052003034056469,2.068282718448527,21.64222970426414,24.65776266068637,-68.91814562459666,0.2651502964599237,-0.2715269757705036,-8.637213277722152,5.009392078114829,59.95101602075762,-3.1149321933750103,82.06491836544964,0,none
41.917,7.957867062878078,1.8494790258205664,20.649099902873807,26.64591653786057,-71.43394373273158,0.3894035458676272,-0.2755896451359778,-8.639618962226635,5.0025761427131705,59.94641367368385,-3.259213830044195,82.14846138703295,0,none
41.9337,8.07598610204793,1.935448785726392,20.515171640937545,26.424518849028352,-69.95319274300218,0.2444109359773917,-0.2913704402986835,-8.638607152661987,5.006186778715941,59.94154778733086,-3.4034785694936502,82.23206470623751,0,none
41.9504,8.067908724115734,1.956415543026472,19.94415737648862,24.232409158626208,-65.02365663731875,0.5455861562084712,-0.3023869528702735,-8.6375406712173,5.0082974597293815,59.93649792521793,-3.547725498702979,82.31570327381499,0,none
41.9671,8.08227087109663,2.120970854183052,18.971526208314657,23.73827215936369,-66.67967339799173,0.3540875987084918,-0.3184643006265586,-8.637054317677132,5.010594870350939,59.931179571397465,-3.6919643058081872,82.39938020814985,0,none
41.9838,8.195738046555663,1.882849815323717,19.548869702770027,24.651659300053616,-72.90515545210407,0.4334303364527255,-0.3307179844841778,-8.636048749375425,5.0137479675586745,59.92565658105658,-3.836186319922757,82.48310979920808,0,none
42.0005,8.236904995589544,1.9492045513912064,21.157885820235165,24.66592806735888,-70.73614417496248,0.5771105228748014,-0.3382021160432432,-8.637501635984849,5.0098446533816725,59.92000860571866,-3.980432597243704,82.56677420491955,0,none
42.0172,8.250682760062896,2.180423792677025,21.00676976363544,25.914684268670676,-69.28590468939228,0.4753948796007791,-0.35463964341112,-8.63524595194612,5.015484816503048,59.91408612367369,-4.124641204641204,82.65053280135515,0,none
42.0339,8.17888128416698,1.7139340204377649,23.35718994762403,24.397380978984195,-67.19632536788919,0.6525110580345731,-0.3686496396116178,-8.63653026379809,5.016280934614736,59.90792967469218,-4.268871260046632,82.73430469296322,0,none
42.0506,8.140634062109601,1.628918191831173,21.22766178899284,23.630697094820857,-72.2132593000523,0.2040310926711045,-0.3807013562419434,-8.634228845307474,5.01934097505273,59.90157196204294,-4.413062881763267,82.8181276872466,0,none
42.0673,8.087490978461712,1.9953559584482643,18.85815512243985,24.24048921204161,-67.1361576486204,0.4725187987194377,-0.3890398896501864,-8.634796589965626,5.019225346070253,59.89507499588578,-4.557263984815693,82.90194875052597,0,none
42.084,8.121611433243602,1.978547887204666,22.342761408211945,25.935563868408025,-68.93427154484658,0.5084304982098382,-0.4079286461327326,-8.632620656473849,5.024029418028752,59.88826258749536,-4.701428749778806,82.98585004180705,0,none
42.1007,8.048311541375032,2.130191226486478,19.446547228831356,27.1070631042434,-71.8998374489996,0.4176943786305329,-0.418788212738638,-8.632960380123246,5.024967095175112,59.88126882434263,-4.845599188126864,83.06976699229648,0,none
42.1174,8.041598230763014,1.529990164726912,21.460643102250067,24.968340137355817,-69.00126969396747,0.4760962885451124,-0.4270709746698103,-8.632716233155215,5.024988181180071,59.87413673906564,-4.989765549220556,83.15368429492219,0,none
42.1341,8.037624809409058,1.938874085057808,19.41415940775213,24.09847953090867,-68.1903055847838,0.5010359383997315,-0.4445041210824068,-8.630201515563527,5.032452100256271,59.866713520243565,-5.133889914530467,83.23772624499647,0,none
42.1508,8.102997515748255,1.737422831223598,21.8845697788082,26.207215265143443,-71.82486842392542,0.7821610160769241,-0.4546853903541106,-8.633276851777984,5.028248047144038,59.85912027422465,-5.27806563795516,83.32169798738377,0,none
42.1675,8.116799890560731,2.2580001729608137,20.58359862163481,25.446755816358507,-67.13432915728737,0.4429942475725594,-0.4704761713631643,-8.629157513839015,5.035272113326596,59.851263322162886,-5.422172568436271,83.40578703167633,0,none
42.1842,8.12501670541515,2.013241250441705,21.066160498939293,26.032181960054626,-68.32906825616494,0.252608012095246,-0.4827826832907393,-8.628359369322789,5.038236908745319,59.84320085135193,-5.566266169903962,83.48992558805237,0,none
42.2009,8.138802227333276,2.0855624541430444,20.843773233195854,26.509968867118378,-74.7245515954097,0.6511636971673314,-0.4978525989782927,-8.629952392309605,5.037908386170587,59.83488671294899,-5.710386374855532,83.57405865810142,0,none
42.2176,8.08606384552652,2.045194779255706,19.226458007487413,22.38642879287238,-71.57704187848542,0.3144502553536613,-0.5073076973041862,-8.62757092091528,5.041685617939521,59.82641467440401,-5.854466809234817,83.65825480792101,0,none
42.2343,8.105383361088732,2.476233006044541,17.795144212346553,24.293103404614047,-73.38274660732591,0.5423129384740312,-0.5180601933246665,-8.62828558719396,5.042450242388973,59.81776306917549,-5.998559178540956,83.74246372696891,0,none
42.251,8.09217810337391,2.142127829953454,21.742761384028377,25.145762664471597,-77.85757113590061,0.3284934258326328,-0.5343913531912826,-8.626642963531586,5.046514482940583,59.8088387335772,-6.142624116031934,83.82674051883401,0,none
42.2677,8.197815275869152,2.0413014930216486,19.899922103176632,24.93270628205625,-66.93048013126308,0.5801414047080045,-0.5478812927367948,-8.625226675152822,5.05010036441561,59.79968911598849,-6.286665401506986,83.91107719491976,0,none
42.2844,8.088258207998853,1.8098523956623207,18.87395123784918,25.039108451419168,-68.34922580855125,0.5804925713748958,-0.5597067179933506,-8.624397963849916,5.053203453635814,59.790342013798,-6.43069284750328,83.99546569259547,0,none
42.3011,8.10321572579914,1.8820560152978196,21.997977931959834,26.10563765124452,-70.85873707367375,0.4911142886783019,-0.5693358910438058,-8.62369180687,5.054500328284151,59.78083410441757,-6.574708500678009,84.07987584807782,0,none
42.3178,8.210854224367138,2.0608866190068684,22.26089348136325,24.97643918836598,-74.91926156524697,0.6006003474621959,-0.5891765461753581,-8.625470909916334,5.0564038697842255,59.77099485609644,-6.718753864873611,84.16431779270322,0,none
42.3345,8.220703028322433,2.0854499071275385,20.94016385610495,26.538030072709617,-72.01825258009771,0.2421794049797727,-0.599087488074918,-8.622828310889545,5.060560301197353,59.76099009504559,-6.862755097665467,84.24882914973321,0,none
42.3512,8.025602452269887,2.2490547834629653,19.98295665730887,25.744919363669744,-72.97440865087191,0.4628734815429502,-0.6116522833072301,-8.619669685950562,5.065419420828992,59.75077550191436,-7.006703581420841,84.33342165406106,0,none
42.3679,8.122513420609728,2.075012667093392,22.14433753724589,24.087645358221067,-72.29479421366045,0.6028586414176881,-0.6247784165940109,-8.62376578694593,5.0646429282803815,59.74034170235724,-7.150720470062838,84.41800119096334,0,none
42.3846,8.046420406249055,1.9089562699085856,20.422780596947536,24.99001948847964,-73.65927575306449,0.4109145610343929,-0.6389168368672156,-8.618505301316928,5.071609294894543,59.72967179118156,-7.294649508594831,84.50269706618808,0,none
42.4013,8.025291915485749,2.023743851399804,20.51857187327641,23.39988834709961,-73.20070351755841,0.6043508087801388,-0.6498727918501083,-8.617965036467595,5.0733711942723945,59.71881891555766,-7.43856952470384,84.58742236513243,0,none
42.418,8.050849365215713,2.087382831147973,16.46052216302361,25.395609831297737,-66.79679225629684,0.4924445782927472,-0.6632092112185572,-8.617588144649721,5.077636817643513,59.70774332173031,-7.58248324671949,84.67221889998707,0,none
42.4347,8.225540682509918,1.6873534926751048,21.53004537020792,24.7733381431296,-69.26717031506219,0.2193003377146922,-0.6739132043137686,-8.615858222461734,5.079892683707788,59.69648897121827,-7.726368079034601,84.75705310780499,0,none
42.4514,8.17274546293272,1.5624746766151492,18.985589310007924,24.898899554356344,-71.05658480816442,0.4856145754840312,-0.6906156574751504,-8.616145665159614,5.08354161427515,59.68495568973844,-7.8702577116427666,84.84194825276339,0,none
42.4681,8.112175837953767,2.174327077563324,18.864341925909542,25.4492751576638,-67.49521436298282,0.2456811594535228,-0.7006857791948536,-8.616613421509037,5.085581861914488,59.67325423722588,-8.014155155781967,84.92687746985736,0,none
42.4848,7.998042527162567,2.138345178261856,20.506763819321694,26.504464272122146,-72.85706605902456,0.4048799436698515,-0.7181019849415741,-8.613209885206903,5.091546588772815,59.66126193407736,-8.157995760864923,85.01190629788987,0,none
42.5015,7.974794981034967,2.143388178126852,19.107959895022635,26.133061995812064,-72.3383824981066,0.5204104770147464,-0.7307760372329083,-8.612030166342935,5.095148896556938,59.64905797425557,-8.30181666464285,85.09699528446237,0,none
42.5182,8.200198367808847,2.2414733630126857,20.283151848757115,24.033564519133076,-69.24024710463901,0.348572467293322,-0.7402151273960224,-8.611885798950961,5.098346045705584,59.636696381628056,-8.44563515748533,85.18213766342565,0,none
42.5349,8.066877544304356,1.8450403914903235,19.72936086816134,24.377803450953543,-68.9078924488612,0.7527046337955805,-0.7561412415983507,-8.608903962610164,5.103247852373191,59.62406882289336,-8.58940385366092,85.26736190256028,0,none
42.5516,8.103845779551422,2.1152982815287507,20.400938860824983,24.59573018833193,-69.97275564704961,0.0,-0.7681694865832905,-8.611560181918541,5.103860787618477,59.61124039246742,-8.73321690869896,85.35259637771351,0,none
42.5683,8.149526031731401,1.8543524921027856,19.10190388571569,24.859897621638456,-71.62206512154043,0.6115983265307675,-0.7844206866936188,-8.609199391087481,5.109864143181138,59.59814056699964,-8.876990538530121,85.43793110890464,0,none
42.585,8.14188642468119,2.155534923293649,22.970977691099336,25.249593954499414,-71.41678602100339,0.5739123965656039,-0.793964035025511,-8.606867077079501,5.1141050531747245,59.58488136761471,-9.020725218717349,85.52333666329265,0,none
42.6017,7.965508306438061,1.700690238455972,18.621116544326853,25.22347936049768,-68.17073850612852,0.1615065866235114,-0.8084393675297902,-8.605564467470343,5.117460528210276,59.571380430176966,-9.164438145324104,85.60879825411376,0,none
42.6184,8.040448525600267,2.0045385089837238,21.58485733733462,24.361823831032584,-74.09354013177744,0.6694565773126401,-0.8249208524636108,-8.606013487883157,5.121852333690946,59.55760425194082,-9.308158570571752,85.6943331880864,0,none
42.6351,8.034358574846475,1.6740099261679944,20.659800531352897,23.126791205280053,-73.44823600883873,0.3115853215130457,-0.8326876219000102,-8.600018730356897,5.1277928310402805,59.54369836865509,-9.451778883368712,85.77996732836478,0,none
42.6518,7.994626332493595,2.02427048810312,21.89927191050817,22.88678255266959,-67.10038979769651,0.447098200062441,-0.8505857017671635,-8.605210591083997,5.129310916164874,59.52949358743558,-9.595485900239815,85.86562682066473,0,none
42.6685,8.095052278397155,1.8084766596547277,19.117358222917247,23.88500435683968,-68.95437715202733,0.4569346281490218,-0.8626656258204201,-8.601153085177486,5.134343375788401,59.51508707148438,-9.73912515676228,85.9513703550404,0,none
42.6852,8.138116435632814,2.2136461052337424,18.930179873530047,25.277677920454437,-71.93842915470746,0.7691123585362779,-0.8772406990397609,-8.601359169317153,5.138643765224196,59.50043715181042,-9.882767854889876,86.03718570591964,0,none
42.7019,8.150228003617787,1.859039319597613,21.129191441085112,26.898284216581924,-68.71991082891651,0.2433150051042276,-0.8881150182509248,-8.594694314972514,5.145644105690433,59.485605631005626,-10.026299249949917,86.12311796248467,0,none
42.7186,8.099966020232802,2.3218728223183422,17.806853925395803,25.987983510111818,-68.21695706446435,0.4836579646882262,-0.9018576031105008,-8.601521754245189,5.145369239404905,59.47054460903368,-10.169944663245811,86.20904562878273,0,none
42.7353,8.16452650453814,1.7504333670208858,18.92486355601455,25.43271500753495,-69.83929380976569,0.6656360335879256,-0.9165492633787856,-8.59388674482635,5.154166244977547,59.455238236335255,-10.313462571884411,86.29512020507386,0,none
42.752,8.044316478834652,2.2381457810767342,19.110571057629198,24.27998101781797,-73.0728428120672,0.2846523614106611,-0.9284672954068808,-8.593342976170538,5.158474672057452,59.43973283250196,-10.45697139958646,86.38126673209722,0,none
42.7687,8.048889394235726,1.7785310889168164,19.674937344370196,26.151045231943847,-67.80476413409812,0.3825936155601371,-0.9406498615879616,-8.59363461324096,5.161846412327592,59.42402397981344,-10.600485097627583,86.46746956718309,0,none
42.7854,8.116277704748526,1.8389121146150549,21.33100596795969,25.27564670368255,-68.18277798519634,0.5485152670148576,-0.9603269969060424,-8.591550606924887,5.167557359868624,59.40798651896511,-10.743963992763229,86.5537677750929,0,none
42.8021,8.259721411980468,1.966340448013404,18.683582150346624,23.69470134209595,-69.57426083073277,0.7139808784494186,-0.9668141341521588,-8.58916623727796,5.172163413715089,59.39184072292477,-10.88740306892577,86.64014290410194,0,none
42.8188,8.082600707101777,2.1161844713146154,17.74967253330704,24.374591164701,-72.11478709731202,0.7409330166448349,-0.9860186402370844,-8.58894164305062,5.177488889552489,59.37537421163281,-11.030838394364716,86.72660696855746,0,none
42.8355,8.051376443038865,1.8706725115594915,19.738340565010624,23.891660237381814,-68.86512342755587,0.4461780924176391,-0.9983582103318012,-8.587249439502553,5.182373381206695,59.35870162952027,-11.174245460004409,86.81315260402361,0,none
42.8522,8.007934342594313,1.5686613117176649,20.14560542986981,25.61631750051873,-67.1884239639577,0.5389576374987393,-1.012029282333094,-8.58533512814051,5.187153986077067,59.341800740505306,-11.317620556644355,86.8997780755911,0,none
42.8689,8.194840815447101,2.3431875689949875,22.235845014495084,23.965141487431943,-74.15729292433203,0.5319020703630585,-1.0244749914380995,-8.586051610142807,5.191582816446281,59.32469200814829,-11.46100761853374,86.98647750862575,0,none
42.8856,8.041623266312769,1.901252627190572,18.639485266757912,26.74528438308092,-69.79000789933893,0.4423067051616609,-1.0400384282268975,-8.581535113867018,5.198624748133311,59.3073233663969,-11.60431925493532,87.07329454191958,0,none
42.9023,8.046094988514028,1.938018349546759,19.177180125303423,24.061296922494527,-72.77443116544451,0.4470545042930724,-1.0511427047281576,-8.580804333323819,5.202627000043155,59.28976928322794,-11.747618687301827,87.1601784128203,0,none
42.919,8.017728079128915,2.1000787249772817,18.219303995410996,25.066808008096764,-71.00919195363646,0.7496583302563035,-1.066803789721528,-8.580159819069477,5.208835056440356,59.27195365993959,-11.890907356280287,87.24716595826285,0,none
42.9357,8.069232759416451,2.171084122643136,20.84004711723173,23.697466493632223,-63.57455109736946,0.4333031731942369,-1.0837415841978353,-8.577063441961442,5.214428707160243,59.25385517548349,-12.034144315761043,87.33424691767243,0,none
42.9524,8.185864705549676,1.9169890299762429,18.25923805540715,26.748583737701782,-62.68246635937556,0.3992126438973535,-1.0946701813005617,-8.579922080877125,5.218676195264872,59.23557418345577,-12.177429014511691,87.42139881013335,0,none
42.9691,8.146509941232777,2.3183726057280785,20.830401021437027,22.170224665327147,-71.56853443658484,0.4189502775148084,-1.1087850090212372,-8.572778878784593,5.225187057710784,59.21705747380511,-12.320594421787394,87.50865943399712,0,none
42.9858,8.041974601058634,2.1592616501099307,20.26063524901044,25.92001490346286,-72.67390268665338,0.1179623484149673,-1.1242569891421144,-8.57432762404225,5.230892442178727,59.19828238208644,-12.4637856931089,87.59601533778151,0,none
43.0025,8.10166850879567,2.1763935411678093,21.68386819980416,25.44225649103766,-71.55278841868721,0.414249231153902,-1.1337958454453814,-8.571527555629746,5.236560050178356,59.1793479914675,-12.606930203287916,87.68346589061949,0,none
43.0192,8.076373203395827,1.7272993015801172,15.698293651844352,26.169943741529718,-63.49450507867786,0.6835155437985669,-1.151137560680246,-8.570809672070308,5.24258114076176,59.16012399420414,-12.75006272481149,87.77101699567021,0,none
43.0359,8.004956754344123,2.296643000467068,19.58081811643106,24.71042511428968,-76.05808376961738,0.538628990597789,-1.1630106210451676,-8.565865460530912,5.249079181258926,59.14070171683269,-12.893112678002357,87.85867661799723,0,none
43.0526,8.13185681412204,2.123417827555189,21.3584950690222,24.71076330374229,-72.93474532549047,0.1455170216586418,-1.1788144533814793,-8.565014254111443,5.254832519616191,59.12101551546122,-13.036148416046018,87.94643232107482,0,none
43.0693,8.118503431114906,2.2465891516443786,18.817822543586267,25.47118947992768,-63.58773927711065,0.5927686711337328,-1.1935811461206456,-8.5652759105321,5.2608883459475,59.101082710321,-13.179188523751904,88.03428915645215,0,none
43.086,8.19542036502436,2.1623683857462783,20.986560127502567,25.433760629807104,-69.81055515323187,0.5330190034171404,-1.20620414285938,-8.564501121508528,5.266139026504671,59.08093910113525,-13.322215692481096,88.12223367819477,0,none
43.1027,8.088685285116076,2.3490044191992663,22.30218719205571,26.25398730162925,-71.9673595834934,0.8025337031304447,-1.2229066495637737,-8.560371544465625,5.272832978283181,59.060516560087535,-13.465173897273672,88.2102899889321,0,none
43.1194,8.041784905968742,1.791684041856675,18.114708123394948,25.164938334814845,-69.58599312521325,0.5592218859253406,-1.2353313225911486,-8.558414776469073,5.279401051997204,59.03988652700026,-13.608099424040706,88.29845598650046,0,none
43.1361,8.12680485107334,2.1423223100193427,21.50578303690919,25.94490860790132,-69.25965780700292,0.5248894097248804,-1.249497492186342,-8.55634885532112,5.285284475806288,59.01901991888075,-13.750990449924569,88.38672023724642,0,none
43.1528,8.068303136879726,1.854558851454928,19.43380410666229,25.175505451145376,-75.83158186565424,0.5856184510687787,-1.2651786300040495,-8.557438932786432,5.29245599579753,58.99789143575968,-13.893899680102102,88.47510425237624,0,none
43.1695,8.029993788960725,1.8936601630418983,20.5158645409282,24.56696142705452,-69.4965028684956,0.7245533771373166,-1.2794612619509151,-8.552754071050785,5.298567616602816,58.9765244326851,-14.03673067308865,88.56359033157351,0,none
43.1862,8.143621491920728,1.772479944649523,18.48946208600089,24.971559519578413,-69.99373086649626,0.2187803624374459,-1.2922099726157843,-8.549426830232008,5.305809485097023,58.95494452614242,-14.179506101153525,88.65219734997463,0,none
43.2029,8.075204202260421,2.1548340242800017,21.24130274706626,25.950511022029733,-59.97842011655722,0.4327612481299122,-1.308322188446858,-8.552045847917526,5.311071846564911,58.93309554559536,-14.322325266813747,88.74089224981226,0,none
43.2196,8.066095600203584,1.748589029357743,20.763893164201548,25.32498912993603,-71.52762842009165,0.5618598520947148,-1.3206911135220836,-8.546862472541877,5.3189724750468885,58.91104000399954,-14.465057870105197,88.82971909014555,0,none
43.2363,8.019214558364931,2.1817656684464506,21.45561571297101,24.719644481862797,-77.68467083356694,0.4798715527313241,-1.3387937538196812,-8.545417849218449,5.3259137662505065,58.88868214831075,-14.607766348187145,88.91866185004193,0,none
43.253,8.099148175263757,2.0671734178601726,19.714759980344684,26.879148506277858,-68.14280617687244,0.518891856871395,-1.3509320694406066,-8.542136452809403,5.332222191137061,58.86612158275109,-14.750420026949062,89.00770996063392,0,none
43.2697,8.25735473647438,2.2576747845571856,20.01779393472392,26.024063945632697,-73.07023995572912,0.5723559155211684,-1.367606655209922,-8.542734366099168,5.339397242528253,58.843282551609086,-14.893083690862918,89.09687789458414,0,none
43.2864,8.087515701791549,2.0905542536476167,21.152772069625897,24.516299870274352,-73.78577930055636,0.7367798897733833,-1.3798097842318542,-8.539195716361117,5.346678422115018,58.820239728212414,-15.035688259326148,89.18616742423346,0,none
43.3031,8.11876194492264,2.0273961998588903,19.74053867215768,24.3790169022,-70.60877708111296,0.7341489417632295,-1.396954237689985,-8.537529441702533,5.353637186007002,58.79691059244299,-15.17826500100258,89.27557316523978,0,none
43.3198,8.208746898876544,1.6607931344073286,16.88856389161458,24.322660158393727,-70.51096913591797,0.2914764716584167,-1.4079146535286742,-8.534508859615379,5.361087639301047,58.77339841772906,-15.320791298958158,89.3651033288161,0,none
43.3365,8.17628981027353,1.6169085011561013,20.383884529911903,24.342287684627344,-69.24658126771489,0.5117867807760242,-1.4252251506370115,-8.534539540443209,5.367576354798731,58.749597157713424,-15.46331810928356,89.45474185394124,0,none
43.3532,7.971106685862306,2.1269607144647917,18.724275968086637,23.879943354370653,-68.90515404446867,0.3435567872752394,-1.4391085067414682,-8.530083115700316,5.37578089176328,58.72556404565084,-15.605770497315754,89.54451739483369,0,none
43.3699,8.13552991378504,2.116473538555752,20.57060366564931,23.486559399063385,-77.05663349256267,0.9971108431696456,-1.455118805316164,-8.527728302507759,5.383191203775994,58.70126356160206,-15.748183559967634,89.63441668793675,0,none
43.3866,8.036720451952425,1.8844112665370416,19.822023829172803,24.007170451854456,-77.57434008623328,0.6433741746765153,-1.4709045931103806,-8.526648097368,5.39094425543179,58.67669945489712,-15.89057858319368,89.72444545700246,0,none
43.4033,8.20685297352978,1.991428065049728,19.74335210773621,24.259067318133493,-72.77373744242352,0.3873171573840869,-1.4833316448059295,-8.524946704298614,5.398405204929501,58.65192781642886,-16.032945193155467,89.81459882392478,0,none
43.42,8.182538958816032,1.6857230538471306,18.578541210316192,26.66101015678886,-68.82024502766167,0.5681064326605341,-1.5008410674238384,-8.522607978759954,5.405583322794236,58.62686377060288,-16.175272746400758,89.90487206541545,0,none
43.4367,7.902578205568933,2.303410134597115,19.179242353451787,25.9848367221876,-74.80158887836349,0.3132106863083573,-1.5135217902737823,-8.520035269097242,5.413540072850879,58.60158795670531,-16.31755733539468,89.99527818463206,0,none
43.4534,8.113530048492528,1.819223370972512,16.600794278608653,25.38851329014537,-74.45971884568188,0.659539755014668,-1.5284629535825704,-8.515037783178126,5.421596985098665,58.57606262538048,-16.459758466373756,90.0858188542832,0,none
43.4701,8.100311475371951,1.735215385896926,19.853922292574484,24.524479493551905,-61.9502842545634,0.6273062749650063,-1.5468192924385369,-8.517532359683782,5.429813139025084,58.55023074319676,-16.602001256780476,90.17649673370492,0,none
43.4868,8.059738193846364,2.250846454313368,19.00445562766881,23.04844934128632,-73.0751719526591,0.4111249897459451,-1.5614245937013924,-8.514265841825079,5.4379570531803445,58.52415495248194,-16.744189496338954,90.26731061649303,0,none
43.5035,7.98093589235742,1.893061805563592,21.21446010186592,23.47984908869408,-67.99462348492673,0.652092090630644,-1.5748604325872504,-8.5092984019597,5.445710544673156,58.497854783257736,-16.88629477965168,90.35825398258908,0,none
43.5202,8.11578529264179,1.976878191121216,19.679448389937075,25.09756299409693,-70.38228664166328,0.7751324997160289,-1.5893031876584562,-8.506838683124274,5.454348483274732,58.47131342002384,-17.028358985659857,90.44934160225976,0,none
43.5369,8.015179344697197,2.4198056826627257,19.79854019571701,26.55819927963565,-73.2514357318988,0.4124880354401334,-1.6063934457956217,-8.505891159799164,5.461992756992599,58.44448664947905,-17.170407368028503,90.54055688130154,0,none
43.5536,8.20122561842198,1.9251222176706044,18.4224690654501,24.58095732986148,-67.02919888540102,0.2422937807723707,-1.6217382803786482,-8.50357446860813,5.470574203043019,58.41740362019673,-17.31241706165426,90.63191547049236,0,none
43.5703,8.151129291926697,2.368241460900186,20.62273747960974,26.03598220484758,-73.76288555963562,0.8756732148372464,-1.636679075827974,-8.501034400901515,5.479028147026091,58.3900710796304,-17.454384336149314,90.7234152405477,0,none
43.587,8.067728126526255,1.842840694388488,20.632806016120178,24.66121265078126,-65.54180743856118,0.4310943612073804,-1.6496421955680884,-8.496639723035031,5.487331193733384,58.362522054964415,-17.596278219524,90.81505367148304,0,none
43.6037,8.163924800866434,1.7359740524158616,20.98484745752842,24.116964834117358,-66.18770479061408,0.3882823189605272,-1.6685262711082678,-8.495086600006786,5.4960144102607735,58.33465766623691,-17.738146165744112,90.9068371121344,0,none
43.6204,8.21086936481175,1.8294704650727676,23.01063082150696,24.544677616166084,-72.09698531544105,0.5967241094272799,-1.6847027661304923,-8.494897233801144,5.505432969254946,58.30652313004253,-17.88001094954859,90.99877784272095,0,none
43.6371,8.029355584998097,2.0811521631630034,17.913705333818243,25.65668299792452,-70.67729635150668,0.5846958096060364,-1.700096674544559,-8.490655101565556,5.5144126190626,58.278131515577634,-18.021804889744736,91.0908685334593,0,none
43.6538,8.159479086128318,1.7922100360445603,21.0782677404396,25.349301425195108,-73.52374433555984,0.4660223291461975,-1.7146191011993202,-8.485994543745168,5.52225361577562,58.249497376587605,-18.16352099862528,91.18309016884275,0,none
43.6705,8.106569561223953,1.9274960196654185,19.484159868511757,23.164547637738973,-72.16395441075537,0.7091453356248085,-1.7294932985744718,-8.485436534199,5.531439877995615,58.22061483850141,-18.305227788746404,91.27546521480528,0,none
43.6872,8.07728373392464,2.245181626387778,19.74171643002165,26.215101124802658,-74.217684497516,0.4844664622540567,-1.749204342926962,-8.483452827537498,5.5407501021497145,58.19140312597453,-18.44690145096628,91.36799574151118,0,none
43.7039,7.994664535432766,2.1373238039265283,20.372415020869155,24.193224843335543,-69.83674863176354,0.6781310909685544,-1.7603766174711335,-8.478733974331186,5.549811051007149,58.16200483646276,-18.58849630833761,91.460677586063,0,none
43.7206,8.098952212285711,1.357063714749921,17.991251054729354,25.499719798051487,-70.29630143980717,0.6687081000846451,-1.77852655378951,-8.478037848796433,5.558885743775289,58.13230344301448,-18.73007954041251,91.55351097798405,0,none
43.7373,8.114489255611684,1.965609240023811,19.85483873238416,25.06443494643084,-65.61426919752887,0.5139362022176006,-1.7953794612543323,-8.473194488842056,5.568550090854279,58.10232060601153,-18.871581888376173,91.64650576450131,0,none
43.754,8.065747521617366,1.790748543136058,18.09119159513645,24.44558223566137,-62.727096870225104,0.2973142186546104,-1.8102070371060757,-8.473788690955518,5.577559780330781,58.07209014849186,-19.01309415951513,91.73965101283284,0,none
43.7707,8.034532022462885,2.0825680904549477,20.36962244924273,26.689170638120604,-71.87256711103862,0.8997907226805621,-1.8260313043915024,-8.466951471521918,5.587245613396679,58.04159542570852,-19.154492249089547,91.83295801457656,0,none
43.7874,8.059688213996466,2.2038180370796634,21.80271163405933,26.287627901424905,-71.54928428661295,0.3915622549667115,-1.844837793452378,-8.466813264011172,5.597408926333148,58.01078663455787,-19.295888030598533,91.92643474364633,0,none
43.8041,8.005189790653137,1.8991918913016232,22.115898476652703,25.705974312006376,-71.30926967172562,0.6633390012688837,-1.8568459240123287,-8.462661641735085,5.606123494932453,57.97977730762686,-19.43721448001551,92.0200570060117,0,none
43.8208,7.9394181058830045,2.1513861258970737,20.6237960824529,23.25262912826471,-64.82373699745972,0.2847090030644484,-1.877025031207861,-8.460926409165024,5.615920778456847,57.94843098960569,-19.578511951048565,92.11384288301193,0,none
43.8375,8.222631857123778,2.021703182042678,21.37423666708393,24.936237139078745,-66.72455505309591,0.2539893677112949,-1.8919746021280224,-8.457718944539256,5.626893301290649,57.91683501375015,-19.71975585742237,92.20781200114348,0,none
43.8542,7.919483028415653,2.0430707228023817,18.012880534954927,24.137925235531934,-74.52022683077739,0.4946992984417689,-1.9082635630287728,-8.454002811935755,5.636083461361735,57.88496701224757,-19.860937704381698,92.30193459494822,0,none
43.8709,8.116621145227256,1.748340570745848,20.30124072072133,25.72364728509064,-72.87912118334468,0.1474660629414577,-1.924408265069869,-8.451459913169044,5.645797984529051,57.852829394220905,-20.00207708493162,92.39621942128986,0,none
43.8876,8.145766967939034,2.1348351983486893,21.04227104041648,24.761483665553204,-70.32611945470113,0.5235756173874092,-1.9417104459622008,-8.446885428622089,5.656988817732982,57.820402829773336,-20.14314007158961,92.490691134546,0,none
43.9043,8.14871186936751,2.037651498034272,21.14755225317917,23.64153875232605,-67.12670980426196,0.3095469906617024,-1.9572422429437373,-8.446874736950244,5.665817879762805,57.787716884316175,-20.28420287969668,92.58531029313804,0,none
43.921,8.196638602086917,1.9164740644118896,20.07524263413092,24.96716433416218,-72.42904564440494,0.1639187421107984,-1.975952056290951,-8.441488900650825,5.677129647444177,57.75471848497612,-20.425175744337547,92.68011835825035,0,none
43.9377,8.08517564246224,2.5436385308083005,20.2923010106711,24.518970621015512,-69.31868206817072,0.0320959745189052,-1.989604879686956,-8.439120246461576,5.687317167116531,57.721492083485344,-20.566109052453456,92.7750965549412,0,none
43.9544,8.032286095538216,1.6467760712882653,21.01675984265393,22.975724815354088,-67.40808006526085,0.4819615978424909,-2.00841482440818,-8.437594831462578,5.69783296699366,57.68795155591773,-20.70701688613888,92.87025036549,0,none
43.9711,8.095329495638053,1.9808347239608937,20.91262570324393,25.781235786028464,-66.54539921923168,0.9161299640059716,-2.022809909795245,-8.430335062968963,5.708028999191788,57.65417063042415,-20.847803481690462,92.9655744497765,0,none
43.9878,8.041854926374432,2.3217111098332435,22.001155422616986,25.01094577608533,-73.9528483492705,0.5882273780061168,-2.044593519439339,-8.430570157029695,5.71931716401606,57.62002591864951,-20.98859400331286,93.06108704641557,0,none
44.0045,8.120634978616044,2.184102798766966,23.680094079377938,23.43422429130089,-74.68339948375746,0.668614412864127,-2.059340526928562,-8.427544840945819,5.7293514949948525,57.5856349318498,-21.129334002156654,93.15676721638198,0,none
44.0212,8.13498578531215,1.9553753431205243,18.074234829047743,25.94215496758561,-67.57694398097837,0.696537563485866,-2.0760820492150445,-8.423586228998037,5.741309771752493,57.55096436162791,-21.27000789218092,93.25264708957025,0,none
44.0379,8.08865401092101,2.245544585498854,20.0751193483274,25.612031654719704,-72.96854494320608,0.4541635776812894,-2.091792929925345,-8.419161668710064,5.751435823127568,57.51603141969816,-21.41060789204838,93.34869606781648,0,none
44.0546,8.144622189794923,1.7266788313799744,22.19540672794512,25.3881424001155,-67.59337886024952,0.8366227111789682,-2.1123821754832184,-8.419007615383217,5.762998244324502,57.48075463736759,-21.55120531922528,93.4449381384967,0,none
44.0713,8.059978732902998,1.971115451723532,21.21517999680724,25.39722232743444,-70.41127305613726,0.2118282580169314,-2.127963529796726,-8.412923635273465,5.774741915209535,57.445217646419984,-21.691701143934345,93.5413763284807,0,none
44.088,8.134276298881366,2.171759533919642,17.717031590579193,25.66186686282796,-73.72002682869278,0.9728296449715176,-2.1436924422351,-8.409272019641689,5.784753018329304,57.40941798263466,-21.83213598666236,93.6379817038868,0,none
44.1047,8.102284637471232,2.361481222308295,20.39095752628648,24.363745851698905,-66.79818659149205,0.6540754633995556,-2.160395417780694,-8.406946329232678,5.796245202345323,57.37333937915772,-21.972531990360547,93.73477899876596,0,none
44.1214,8.060375817839148,2.094882706889669,20.58161066372702,25.947744146867034,-67.1121114079996,0.5387680585972635,-2.180258696035581,-8.403800378481888,5.808467342245343,57.336929058933926,-22.112875456681195,93.83178040338146,0,none
44.1381,8.075344193671183,1.9590372113281147,18.0084090664376,26.94646775891693,-70.06429478780134,0.2436019601147288,-2.1985820153949494,-8.398822992385897,5.819014175384501,57.30021273927683,-22.25313580065404,93.92895794011038,0,none
44.1548,8.043436611654364,2.354284734507477,21.32139096013219,24.785396655488874,-72.40660616552918,0.3098723525306722,-2.215599375439283,-8.397891207115,5.831684993759706,57.263212229706994,-22.39338058381286,94.02634707950617,0,none
44.1715,8.138036576816411,1.7746735262916435,19.792439211524027,25.3905791098525,-68.77847143394233,0.7949796320772109,-2.2323011029174125,-8.392700426037802,5.842967701335804,57.22593280128827,-22.53353868092769,94.12392464011847,0,none
44.1882,8.156355810732506,2.119215282364076,18.63301151883524,25.6693386110836,-74.20674017617188,0.742034257818144,-2.251109249600883,-8.390763658183419,5.855550438671223,57.18833927681994,-22.673664434019354,94.22171233244428,0,none
44.2049,8.139737546759001,1.9162265286909956,21.791645702180844,25.390407543770444,-76.1909932404382,0.3387167755508481,-2.267952871781308,-8.385028160761163,5.866862478245389,57.15046446386119,-22.813694404304066,94.31968893583098,0,none
44.2216,8.164497673040582,1.9034910696100649,18.096196711880992,24.084113264851197,-72.3212517513998,0.4123833252875499,-2.2835181201783743,-8.382674365439902,5.878370696465792,57.11232971125421,-22.953685066206912,94.41785772646196,0,none
44.2383,8.035357641925298,2.268186896233532,21.873996527735457,25.56961967559731,-68.10426240434802,0.4703207318588836,-2.306330881782821,-8.378381059967754,5.891774530180761,57.07381398552844,-23.093604029908374,94.51625036111598,0,none
44.255,8.026218365326601,1.85190994707223,19.86231366851628,23.42370482194241,-70.68703052243224,0.1943931018192902,-2.321000407058292,-8.375029187823602,5.902975379086173,57.035053278730565,-23.233467017345028,94.61483004994672,0,none
44.2717,8.131462526900304,2.219909894704497,19.069854670773797,23.722580646296187,-71.07388964687506,0.5473888044597922,-2.3411624150565027,-8.372031874974374,5.91580747050766,56.99595586639912,-23.3732799496571,94.7136240347042,0,none
44.2884,8.147372628553219,2.1972853756206248,21.307341869231852,25.08999560901453,-71.36881852782051,0.7311799425030268,-2.3588811991272425,-8.367836535597236,5.92838811502497,56.9565625503737,-23.513022819801574,94.81262811622511,0,none
44.3051,7.992092306740842,1.886337928657336,22.21763849497004,23.37496805549354,-74.82039707122934,0.6041136263651177,-2.377731109495121,-8.363299148329089,5.941329577528442,56.91685444084513,-23.65268991557867,94.91184832016984,0,none
44.3218,8.0573701551823,1.7414606136615751,20.093525743500447,25.680416843946784,-70.71664406281386,0.3369030098594228,-2.393684895997456,-8.360077126931726,5.953345943774803,56.87687990308197,-23.79230320359843,95.01126919743088,0,none
44.3385,7.998005773780089,1.833402276649156,18.80918698404604,24.480416062401265,-65.44902836384341,0.5299505483562246,-2.413959912481643,-8.35720582794042,5.965925151463227,56.83656677254353,-23.931868540925034,95.11090014746031,0,none
44.3552,8.189676282354261,2.365987694461368,20.43642124727069,26.939443672137237,-66.00548315101949,0.8364098966761428,-2.4315632166609182,-8.350738676882925,5.979425908182855,56.79595966682529,-24.07132587682898,95.21075656012697,0,none
44.3719,8.087979232288356,2.141767062258106,18.964250488092823,25.09520901031185,-68.19891507718327,0.7782770747336061,-2.4523790778289536,-8.349278510377905,5.993414041185049,56.755004936225546,-24.21075882795229,95.31084657461476,0,none
44.3886,8.131593711285792,2.007549510293317,19.51308956905525,25.221888839509276,-69.73989307187841,0.7823663788286459,-2.4679187453506914,-8.344965219379814,6.004668492678803,56.71379069317819,-24.350119747115933,95.4111245384425,0,none
44.4053,8.07294098459246,2.269461065515036,23.072255361066624,25.013765341293084,-69.58448504512239,0.4508425741290264,-2.489006371054605,-8.340073069465157,6.01849224332353,56.67222428678158,-24.489398967376,95.511633358906,0,none
44.422,8.050912481559136,1.8452308461462092,20.25281394395,24.29441984912357,-73.25170802865911,0.6276264606572367,-2.507632518719692,-8.338242820811844,6.032403811359248,56.63034682371896,-24.62864762248356,95.6123745025557,0,none
44.4387,7.958969875710896,1.5632911568202736,19.46026297124098,26.35491710618326,-69.05615389831956,0.630608947037501,-2.5249983615078984,-8.331540246470233,6.045256260059871,56.58817935108178,-24.76778434459961,95.7133302820987,0,none
44.4554,8.13000646294347,2.0971522365921857,23.09122980192333,25.046916792134617,-72.17876632013245,0.4113492947848848,-2.546580978547237,-8.329313920932575,6.059903775646951,56.54565144874004,-24.906883887079186,95.814530675152,0,none
44.4721,8.215346889432032,1.9879416664327496,19.80128687822912,23.09119649288272,-64.72089713693963,0.6570589776691178,-2.565494730821249,-8.32372372512484,6.073029163562064,56.50280768673532,-25.04589007328877,95.91595026218349,0,none
44.4888,8.112935656479532,2.147448269212635,21.95420358876763,24.004218936489394,-71.19080650451451,0.1732916932273999,-2.581525817648181,-8.319894731651468,6.085448284567204,56.4596962055806,-25.18483231530735,96.01757724853576,0,none
44.5055,8.118519093689443,2.095090103060148,20.39117516196169,25.118478973397544,-69.70955684968006,0.3798324826096992,-2.605217095180364,-8.318386330063667,6.101543514629956,56.41618908009109,-25.323749367019413,96.11947302523008,0,none
44.5222,7.972811534644802,2.0083935486935007,18.84989315806568,25.88499376172031,-69.00616775811896,0.251551285188428,-2.620430375067471,-8.310860896428965,6.114436082665924,56.37242789282746,-25.462540743989777,96.2215841078106,0,none
44.5389,8.00064353323535,2.0384796727293137,22.78472065352769,24.08983594375405,-68.80848625605167,0.2952271942491314,-2.641574253843685,-8.30732288065597,6.128221236663283,56.32831360278827,-25.60127303609673,96.32392540246288,0,none
44.5556,8.100318292117741,1.9777795350509608,21.56379395313092,24.683562532171173,-71.12976797288255,0.5185072210961323,-2.6602167408682846,-8.3036972796831,6.142341379380199,56.28388798321577,-25.73994478066744,96.42650250349853,0,none
44.5723,8.026010374909665,1.976245470278993,22.71382721908937,25.603298236259672,-67.9005204324536,0.3025247377941388,-2.68082943888306,-8.298683179934152,6.15730418204378,56.23911813158642,-25.87853278977234,96.52932948333866,0,none
44.589,8.187721437807966,2.239981107355101,19.695027749715017,24.508364110457148,-69.06065192979608,0.7459068258336696,-2.7004720112074496,-8.294452166973326,6.171481471290281,56.19402024899926,-26.017050140960794,96.6323932239092,0,none
44.6057,8.171536031484404,1.591891797814139,17.341890358027538,26.18415974432229,-68.56439975885183,0.52403380929648,-2.721431999894081,-8.29199312868935,6.186977993730419,56.14857233460103,-26.155526426209907,96.7357157564045,0,none
44.6224,8.10542767515882,2.1588288608202326,18.27047330030313,24.12955409585709,-71.44804298741155,0.4031384222827202,-2.738043373084113,-8.285447879868972,6.199783896264732,56.10284701027052,-26.29389340580372,96.83925214747212,0,none
44.6391,7.893808794880804,2.083804167498523,18.551180897952214,24.04479765910191,-62.66889216631733,0.3653316118687586,-2.761172910002351,-8.282004399460691,6.216326453593758,56.05673542267348,-26.432202879274712,96.94306479924714,0,none
44.6558,8.082960614645916,1.835470609693308,22.0341342112618,24.85552080804525,-72.73824633645641,0.3013945427429808,-2.7800352042153427,-8.277026739675339,6.230384712796048,56.01030883476309,-26.57042922582729,97.04711222395083,0,none
44.6725,7.934567830928796,2.1045439867660263,18.755856230857244,25.742569080972835,-67.81208009338019,0.4152883763056841,-2.7996481380424605,-8.27238511094872,6.244987774977913,55.96355471085778,-26.708578057180134,97.15140351979296,0,none
44.6892,8.01374072458639,2.4060745321922523,19.41402716309801,24.28243349370691,-76.35539945376095,0.591962508404168,-2.822920083028844,-8.268304128061368,6.261696797825088,55.9164119454712,-26.84665873611876,97.25597385631664,0,none
44.7059,8.180072021088256,2.0124740977731794,19.193358498149543,26.385471809732127,-68.65002575915818,0.1690137321738899,-2.839545033069498,-8.262461748025855,6.275366560510133,55.868991543418936,-26.98464184731079,97.36077247787716,0,none
44.7226,8.01329578656983,2.2698340325438946,16.831612265673225,24.60697733248529,-71.4292610214144,0.6295609830322255,-2.8624525663649583,-8.259796455503919,6.292577170131234,55.82118858556064,-27.122580448117706,97.46585851661835,0,none
44.7393,8.110305831027294,2.047913381492281,21.572953550823566,25.30287763216921,-70.67229936616044,0.3298801044959845,-2.8839290867249114,-8.25395037848647,6.307203113346429,55.773026969812335,-27.26042141943843,97.57118880861124,0,none
44.756,8.14697086652691,1.8922277774865928,19.92506591606456,24.793404453485717,-69.27250161791169,0.2676573059059368,-2.899705362999625,-8.247468973544512,6.322209597284176,55.72460189025024,-27.398154151296623,97.67676970888589,0,none
44.7727,7.941110846206079,2.274773025369464,18.620839149265844,24.879741593667536,-73.65572364221735,0.5388313237798548,-2.9226435164109765,-8.245290837371316,6.337075944447881,55.67579374352618,-27.535850508280724,97.78259887715816,0,none
44.7894,8.130518583348708,2.2160094407188646,21.78071692430332,25.997086896517438,-68.1559954780278,0.4659010073446425,-2.947345925937685,-8.240326398025584,6.356214570947959,55.62657306656302,-27.67346395912775,97.888747660493,0,none
44.8061,8.150189461852229,2.038678420397061,18.73744868149002,26.656448363051688,-63.57700107741522,0.7389235293031928,-2.965275924004446,-8.234074506436407,6.369849719937621,55.577052958632144,-27.81097300338524,97.99512415081595,0,none
44.8228,8.079622278179302,2.2838576407312714,19.355375088908005,24.61211840417188,-64.17640095804443,0.7885494325341544,-2.984883324625521,-8.229048024295768,6.386010475756212,55.5272054071109,-27.94839810539098,98.10177052576108,0,none
44.8395,8.060051935330895,2.1418149808467013,18.74889750409169,23.801616367288723,-70.61062288096086,0.5999304002546509,-3.007062693224591,-8.22608967626184,6.402447297010545,55.47698746013405,-28.08577380298455,98.20869139562116,0,none
44.8562,8.183288460356623,2.273447034148399,21.067483391873367,22.68202974013386,-67.16446812651863,0.3535950948605156,-3.0297723279204547,-8.219895298881095,6.420007858153299,55.426390262257776,-28.223046054475866,98.31590552685232,0,none
44.8729,8.079605130058287,2.1463945809060294,20.39288484922492,24.62841985168034,-68.78225147885104,0.3723878877050267,-3.0500266911576515,-8.216536924219987,6.435467586349618,55.37545481651544,-28.36026222111034,98.42337783554436,0,none
44.8896,8.064658665401856,1.8382552118445985,21.75590854456127,24.583304134605164,-69.89063717752809,0.4612575089442369,-3.072327194381713,-8.209212287199803,6.45285463962689,55.32414695236927,-28.497356066306576,98.53114050802613,0,none
44.9063,8.096676553452053,2.017547022419516,18.136428130221752,24.783075423977103,-73.97919510299998,0.5234157464887957,-3.092176212391081,-8.205476935740865,6.468399745338939,55.27250760962234,-28.63438753113345,98.63916278377329,0,none
44.923,8.18927360334941,2.0593989467132605,22.073537740761875,25.54335584595996,-71.05788247707666,0.4183551059198794,-3.1162171257767333,-8.198997373663186,6.486391081798747,55.220466783621866,-28.771310787273624,98.74748551483933,0,none
44.9397,8.224172028030711,2.087803459819741,16.799058081590353,25.387229625821085,-66.22276551780553,0.4574441416903302,-3.136500668529952,-8.194866695690264,6.5031792940007165,55.168087222457416,-28.90816506109165,98.85608860904914,0,none
44.9564,8.138956624763646,1.8429227795060088,19.273313187629693,25.04278770342868,-67.71412070904633,0.5527405943868023,-3.16072939671692,-8.1893117379867,6.52079557041193,55.11530304153224,-29.04492656711603,98.96498589507502,0,none
44.9731,8.173781749202046,2.006488343182529,19.700239517046864,24.399914000016,-72.11533357391995,0.5225523614434776,-3.179074306866123,-8.183878025834272,6.536883356000158,55.06221250060758,-29.18159733014746,99.07415184712022,0,none
44.9898,8.18087022789634,1.965683173344244,20.817955434853467,23.764828429998115,-73.27498754114279,0.6975391321958273,-3.202520787900981,-8.178357898006164,6.554827717631308,55.00873040344963,-29.318175907044164,99.18361747000466,0,none
45.0065,8.154191196546735,2.497852312144428,18.61702865150747,24.479862666613474,-70.52693251267094,0.4902309258808325,-3.2269684272674857,-8.174599098379323,6.573651210366181,54.954840030714266,-29.4546917119871,99.29339744521778,0,none
45.0232,7.95716671692147,2.033643333534962,20.783777715275445,25.592932820169757,-72.3766387418662,0.4626090133372008,-3.2467366120014507,-8.167638030669524,6.589797614092031,54.90061952929384,-29.59109126709928,99.40344706537311,0,none
45.0399,7.996418390926119,1.9807106278359128,20.004070692435786,23.140705070905653,-68.21019419693901,0.4236735514764681,-3.270197228597746,-8.161933285857893,6.6083438593799215,54.84600723557626,-29.727395552973107,99.51380640782476,0,none
45.0566,8.098959057871753,2.065867386464636,22.68227764292599,25.094855774880752,-70.7749410016072,0.5465889909795127,-3.293458797522177,-8.1566939562439,6.626143862320588,54.79100647365764,-29.86361234204238,99.62446301032551,0,none
45.0733,8.083763839712882,2.198896939327488,20.69963794034937,23.20059995228901,-71.10311092879422,0.494791121272548,-3.314210976644282,-8.152096219949858,6.64390296842537,54.73565915034768,-29.999752348915543,99.73541618989822,0,none
45.09,8.069333638373491,1.82691246819925,21.512150615295788,22.60391179406485,-72.66742871846978,0.6658494109422306,-3.3387321011408364,-8.145611351908979,6.662880425450768,54.67990232425863,-30.135784058492423,99.84668629300324,0,none
45.1067,8.104990608011112,2.162037027365539,20.843651338738876,24.21705972078727,-69.90641140508866,0.7900724532893681,-3.359989749306223,-8.14073684604113,6.680466719511381,54.62379049544521,-30.27173436382131,99.95825008721908,0,none
45.1234,7.989483282543181,2.075883616489699,21.509981108441835,25.089970242609475,-68.88015959638136,0.1418730917104388,-3.3827216823239983,-8.133713797119205,6.698643158296885,54.5672990433504,-30.4075673842332,100.07011742796264,0,none
45.1401,8.006244408478423,1.84500532406126,20.94417519555832,24.689889786418792,-71.60012656532446,0.2590408924956724,-3.408726678100668,-8.128886237506622,6.718542634938708,54.51037330782612,-30.54331978439956,100.18231708996612,0,none
45.1568,8.251096519589433,1.859897041548778,18.917332987770124,24.50997346661371,-69.29002297974756,0.5361475432779051,-3.4298485988355885,-8.122726533029043,6.73651976811725,54.45309483622557,-30.678969317501146,100.29481697009368,0,none
45.1735,8.15925446939509,1.979496766206576,25.001844072820383,24.95698122181747,-70.64632225433921,0.5688443335485859,-3.4537270996933165,-8.117974647369152,6.755888482067365,54.39541759366069,-30.81453949411221,100.4076403077442,0,none
45.1902,8.107938764332902,1.971270547408171,19.34461438222788,24.38888766000788,-70.61324614187835,0.9196299070561724,-3.4768714579182114,-8.110346147536637,6.775052088694631,54.337353840313455,-30.949982274776072,100.5207836776254,0,none
45.2069,8.133223748764358,2.0217043964699872,19.961854415698863,24.835958786030407,-65.36905217632534,0.8136744243125009,-3.5025798717678,-8.10650053220983,6.794901132560096,54.27886075645493,-31.085360833663977,100.63425852653916,0,none
45.2236,8.019390274358155,1.687930733537319,20.14499775504392,26.0559167414547,-69.46664629561577,0.5510461376414035,-3.5237517835452965,-8.099115537084119,6.812982631985646,54.220014101669726,-31.22061606313328,100.74803533649332,0,none
45.2403,7.963863357324639,1.8328592406648945,21.002215659318217,23.12492083206538,-66.97902607393137,0.2473486543432236,-3.550033339954512,-8.093180044081315,6.833311587624399,54.160728544892486,-31.35577216986944,100.86215164000664,0,none
45.257,8.025073724926388,2.084042842563657,18.438464279631773,25.65865923517744,-65.22210959918723,0.4222754255765045,-3.569142267224209,-8.087496184068725,6.850969654318145,54.10112386902984,-31.490833356143387,100.97656283323376,0,none
45.2737,8.006894602771913,2.19684394163341,17.320551802757826,24.83696516476792,-68.79855672266221,0.811207841382991,-3.6000559687848668,-8.081879215475537,6.874018754057921,54.041002934351134,-31.62580073904183,101.09135894642652,0,none
45.2904,8.057821187729573,2.0060788197779926,19.14197283928181,24.103985961030585,-69.34504339516737,0.3283741166520407,-3.618693998844636,-8.075351925541113,6.891421258030821,53.98057074457043,-31.760659116198365,101.20644568143564,0,none
45.3071,8.076610001107055,2.127794204105143,20.75198451168979,24.08038641475458,-75.80125780519239,0.2878318055957436,-3.6470691103276094,-8.068572761903958,6.913562041907727,53.91966469042796,-31.89540428132216,101.3219021675355,0,none
45.3238,8.08807848648918,2.601987064492733,21.427936220810896,24.242191952118404,-70.66905026398075,0.5048005350048452,-3.670696485358405,-8.062223227615,6.933095415321018,53.85836405912247,-32.03004340922333,101.43768486097136,0,none
45.3405,7.960057922500466,1.917335135279857,21.145533458540577,25.416997335178728,-65.84458959829922,0.0911941247476558,-3.693506621767833,-8.0561506447405,6.952514100215987,53.79668249853895,-32.1645811249905,101.55379184644497,0,none
45.3572,8.15993536566603,2.361175459513745,20.25603671869876,24.028223530659613,-74.36924232799657,0.7477935300349619,-3.720156004475543,-8.050344869749996,6.973818726548306,53.73455589326421,-32.29902188431532,101.67025461917832,0,none
45.3739,8.162189569193252,2.0406507059211867,20.646504270025783,24.13019546713577,-69.33415929834257,0.1455898826325081,-3.742772136974762,-8.043723410937101,6.993820008871725,53.67205159857673,-32.43335206527797,101.78705141332648,0,none
45.3906,8.114717072290334,2.0094968934092665,21.65657979880568,25.81327181399484,-71.59545931830877,0.0360143998263383,-3.771257807911384,-8.036408297643927,7.016643197389582,53.60907159318461,-32.567560083848626,101.90422935472289,0,none
45.4073,8.251691002506913,1.8925815477472816,21.73317887619593,25.9226338211145,-69.17067122191922,0.4485251886453911,-3.7939149529466727,-8.03101661919491,7.035509095841664,53.5457132134704,-32.70167806138918,102.02172235662344,0,none
45.424,8.130794452331438,1.9103175925534064,17.816240986537267,25.93812850312364,-68.55988806091317,0.850522714113215,-3.8206740268367207,-8.024747160350298,7.0577466954083,53.48190795722223,-32.83569133896703,102.13958672643676,0,none
45.4407,8.161955181846189,2.3289170716838994,21.011639915471584,24.164859609134503,-68.83248430851546,0.5356726939094939,-3.844619286993323,-8.016223101646437,7.078741302656042,53.41770281512944,-32.96956226476453,102.25780170619112,0,none
45.4574,8.16407835141296,1.983747243641877,18.891020220771463,25.726090040529314,-70.54879174986617,0.549178136698685,-3.8704997242812262,-8.010548480823166,7.100197604129736,53.35306546973394,-33.10333842439427,102.37637500618008,0,none
45.4741,8.301201665139926,1.744674576718816,18.191738929210697,23.82385250840428,-70.8633303163887,0.3909571738739774,-3.898623202112374,-8.004325454845208,7.122636270635812,53.287958462258665,-33.23701065949019,102.4953230318997,0,none
45.4908,8.103241490828266,2.1851008989683924,23.815739302528357,24.93596754928107,-71.2477372142288,0.1943787346657495,-3.921017890678224,-7.997378753173509,7.14312822857083,53.22247746348434,-33.370566884668186,102.61461327331683,0,none
45.5075,8.071242984881602,1.9580946883871555,21.38065180963718,24.670787014172163,-71.71030831194702,0.3198357360550434,-3.948240976036616,-7.990515183498691,7.165587592055034,53.15654183918453,-33.504008488232614,102.73427858610415,0,none
45.5242,8.16578951276575,1.935577946099236,18.19965033924447,26.213417056526115,-67.56224849795385,0.3340605261521123,-3.973901738071574,-7.982412142394429,7.187233444994775,53.09017768015873,-33.6373147710106,102.85430538463557,0,none
45.5409,8.05468568164756,1.8114120855150928,18.6269029658831,26.17710188716229,-66.31421200029588,0.4878607083116735,-4.001812866934239,-7.976407049583286,7.2111721403108895,53.02334740528093,-33.77052076873864,102.97473195937876,0,none
45.5576,8.106767639911878,1.8461962734444304,21.004020787488912,24.11172604445427,-68.28764363225135,0.0599506614363953,-4.026199957959739,-7.969100080463723,7.232219723907795,52.956109865983,-33.903604740082386,103.09551002876802,0,none
45.5743,8.212350559500898,2.3500534531226887,18.35497700545578,24.730891795009143,-69.75134151819687,0.5966432659053669,-4.053298655602142,-7.962062882300073,7.254663211206363,52.88841977843445,-34.0365711902168,103.21666290439516,0,none
45.591,8.231047974516047,2.1139484815741403,18.7197018749476,22.887747767506543,-68.3701115587948,0.4307451688762954,-4.082138760462677,-7.956064916251717,7.278888207314415,52.82024806113472,-34.1694374743182,103.33822033745732,0,none
45.6077,7.94397432737504,2.161435423994361,21.38279828949404,25.86769852093502,-70.04950185156854,0.2775712080922088,-4.10747796214016,-7.948340813945027,7.300710198172724,52.75165317916698,-34.30217476591108,103.4601421977668,0,none
45.6244,8.066148524503788,2.097529415959228,20.436965183013303,26.11528218412789,-70.55629797826556,0.5037301713717942,-4.134417090548409,-7.940328206088455,7.323642422810807,52.68260841375482,-34.43477824695276,103.58244702622774,0,none
45.6411,8.127485735336851,1.7187524102599927,18.430123431328266,24.83066200527521,-70.19673439883573,0.8456305502766515,-4.16030741011276,-7.933043487006659,7.346821124839298,52.61313128000594,-34.56726007318577,103.70513893901256,0,none
45.6578,8.1300490907913,1.8334115299361424,19.224747997807267,27.279123964494072,-70.11820944023366,0.6268380001851797,-4.189957820787918,-7.926310882768712,7.370929375879232,52.54315898439878,-34.69962946492801,103.82823345958974,0,none
45.6745,8.032293994411331,2.006801789623419,21.002787246961454,25.74907601093434,-65.57766996722371,0.4070337204572495,-4.217113205168977,-7.918501937734795,7.395035567298295,52.47273319387246,-34.83186844728818,103.95173055356362,0,none
45.6912,8.225620152845222,2.031719343062346,19.974910358584623,23.612032751937317,-69.325589991666,0.5002170891215343,-4.241220646534401,-7.910952158311206,7.417045454829888,52.40190480907533,-34.96398134833198,104.07559521265928,0,none
45.7079,8.02284789987943,2.174035814086426,18.08364556487677,23.201093619897417,-69.72778450838439,0.5007399351269335,-4.275065237475141,-7.902938126996715,7.442996586785264,52.3305112196095,-35.09596041505282,104.1998932556586,0,none
45.7246,8.130492352299461,1.7696625467050977,18.551761004434773,25.309840896889263,-74.32063617129431,0.4590842800344912,-4.298688924945712,-7.895951480818923,7.465810889071863,52.258723114562905,-35.2278228047825,104.3245722975061,0,none
45.7413,8.14011337090287,1.7988653775639625,19.637509686183503,26.825451970500303,-73.19646061593326,0.4083958183206915,-4.3282299319224204,-7.888505799789005,7.491258949144113,52.1864416746998,-35.359560851638975,104.4496763219568,0,none
45.758,8.350204874662754,2.1243607138842315,18.1506095971592,24.46647661126105,-67.95278810694542,0.7886349465618007,-4.354853851024988,-7.880080445426397,7.513713686287118,52.11371561538768,-35.491158195077595,104.5751553405178,0,none
45.7747,8.078416101017899,2.030268792589387,22.138539269751007,24.64274884999372,-75.48283269278139,0.8178822285744359,-4.382939185492484,-7.873233886675242,7.539309923954963,52.04052053098996,-35.62264120098507,104.70106181624784,0,none
45.7914,8.15388235295455,2.020865650795038,22.62003971009989,25.49562185003721,-65.88144075443248,0.6536469463754294,-4.414550394227609,-7.864391316128584,7.565232824624659,51.96679753940636,-35.75397653596442,104.82740120441908,0,none
45.8081,8.289775635736548,1.8203677290085407,20.633582109570145,23.66617716949543,-74.50872690387587,0.65078135981385,-4.44162858987034,-7.856966309638112,7.588807032651507,51.89262234195552,-35.885187873335376,104.95413428186436,0,none
45.8248,8.134919591814,1.7308959352043929,18.15783335043316,26.52614252402153,-69.35364968012512,0.6289484495905919,-4.469823213090469,-7.8495707488555215,7.614533342746539,51.81797629429691,-36.01627570484126,105.08129698868822,0,none
45.8415,8.108867865411383,2.1870893918610843,18.864061029564528,28.37911900196158,-70.12940020598995,0.3279005434490609,-4.500354468664391,-7.840467477682429,7.640145379554212,51.74282037467022,-36.14721151171856,105.20888741652678,0,none
45.8582,7.941944710062781,1.4872846760127196,19.75340634202822,25.82615183132149,-75.59058068024628,0.5466056772861562,-4.52824407807869,-7.831855915934661,7.665923521937805,51.6671986985663,-36.27800350551467,105.33690833934314,0,none
45.8749,8.095497390299789,1.9880783230182244,20.40068331344695,24.820693635687803,-69.93222896231411,0.4577679317929147,-4.55593994154213,-7.824795422913764,7.690105083620192,51.59111450154255,-36.40867758907733,105.4653330942396,0,none
45.8916,8.145423756878952,1.979399374470848,20.589379880649684,24.17683078286456,-69.70467695230698,0.2003470333519926,-4.58931116979857,-7.816644985901306,7.717631771187879,51.51447300500691,-36.53921556034188,105.59421754481843,0,none
45.9083,8.241184017207157,2.0826810640691757,21.89106933671048,25.25714047039144,-72.9962224884211,0.3884957150094659,-4.617079896788002,-7.808336614561195,7.743363109252648,51.43736777073055,-36.66961478180505,105.72353170874295,0,none
45.925,8.158200494419841,1.8835539576560527,16.854124156189076,24.15594500927181,-69.33456207704432,0.406396697492646,-4.64707594575512,-7.798834502301265,7.769175400537114,51.35976160243644,-36.79985531799348,105.85327693793192,0,none
45.9417,8.02599688569155,2.015302942097224,18.275238852761312,26.650188706986818,-70.61184394485521,0.2723005100857784,-4.675915006103793,-7.790327906124157,7.795577926023799,51.28167382183451,-36.92995379402576,105.98346308929652,0,none
45.9584,8.2803224400015,2.182811351317888,18.81406144323736,24.755990970668787,-66.67739845507404,0.5606404815423243,-4.70712802109438,-7.782754535149182,7.822391675953138,51.20306478388223,-37.05992579476275,106.11409703028494,0,none
45.9751,8.205086194817701,2.1314800903896414,20.00413511169855,26.42536398557536,-68.6355491311169,0.6386661137863971,-4.740088975250989,-7.773980066740798,7.85102693480334,51.12390529799554,-37.18975126187732,106.24520918009615,0,none
45.9918,8.08724106003666,2.0433116872017165,22.08628890253918,24.225387951050816,-71.59079884803397,0.7549774461397327,-4.765807577472029,-7.765408840213384,7.874701816108339,51.04431631145176,-37.31943358950888,106.37671670042516,0,none
46.0085,8.018762003579873,1.818694894189272,21.616449810082543,27.17049982503785,-71.76295144626067,0.3688989492369589,-4.800082431467228,-7.756603034747235,7.904074062954653,50.964154934846256,-37.44896886018916,106.5087147372765,0,none
46.0252,8.044818690481883,1.9116949055983647,21.05836342834712,24.79322491628019,-69.31437782545113,0.7188556305332562,-4.829330867292759,-7.747013015743224,7.93122457761065,50.88350510936247,-37.57834397755207,106.6411661877226,0,none
46.0419,8.051244994921802,2.278510574357883,20.89325568546693,24.912420583019045,-67.90766694582723,0.5780500812474705,-4.860660601412398,-7.738848045324112,7.95923614252635,50.80233207731888,-37.707582739908986,106.7740854313028,0,none
46.0586,8.171070103798519,2.08917199290057,19.22277977763728,25.824848917948927,-73.72566290947674,0.6711640336792383,-4.893654137278528,-7.729670552895291,7.986660844310704,50.72060805322633,-37.83666823814234,106.90746266740278,0,none
46.0753,8.19485802467426,2.373420560436387,20.93322756302069,25.062431489999664,-70.76899735511344,0.4835280901042151,-4.920291055742576,-7.720779005396054,8.012574092731313,50.63843919259543,-37.96560524753245,107.0412726547514,0,none
46.092,8.056105505205618,1.9547521925814315,20.61377350562916,24.44071647505249,-72.37249055196952,0.5813068286261064,-4.955888597200033,-7.711692816879953,8.043311269319927,50.55567585302219,-38.09439051757435,107.17559595294904,0,none
46.1087,8.262622720262204,2.239606952520943,19.039089889935525,24.417247243438613,-75.0039645157066,0.5761275704875578,-4.986714536377196,-7.702945493839891,8.071035087169266,50.47239772026469,-38.22302970732147,107.31038223890477,0,none
46.1254,7.917773217839754,2.0826055554165634,20.44410183368172,25.50894779572193,-70.80590698885847,0.5661333619767716,-5.017231748047567,-7.692333150457702,8.099133838538682,50.38860995007229,-38.35149167093412,107.44563777400836,0,none
46.1421,8.070565318475525,1.8985796741848056,21.43906741192993,25.67481005792543,-66.2226503388799,0.3451582615298314,-5.0533346597016005,-7.684550857823086,8.129123349339173,50.30421926125528,-38.47982367025976,107.58139413394233,0,none
46.1588,8.01786367719232,2.1932029382803258,17.856354023468306,25.468700325951843,-70.62071937641284,0.2338899932135399,-5.082064000488348,-7.674148978088046,8.15748812056857,50.21934879244712,-38.60798195819383,107.71762418555582,0,none
46.1755,8.05538024752509,2.191911734016156,19.74981277830216,25.43889204804754,-71.81313083729779,0.6949421330521446,-5.11317971751194,-7.664531552264494,8.184460947374026,50.13395869116467,-38.73597963511665,107.85430468337697,0,none
46.1922,8.010482038622884,1.451995884924996,22.022298597814444,24.654813632432543,-69.12698942968775,0.8497777415935948,-5.149965230131585,-7.655494302553338,8.21726513343422,50.047954271821474,-38.86382638996929,107.99153301110532,0,none
46.2089,8.15242206012056,1.869276335726488,18.56634119675618,25.148271146430304,-69.03180027634144,0.4488347759154827,-5.179305156876175,-7.646085456840893,8.244518957435115,49.96145987570164,-38.99151601709853,108.12921647769448,0,none
46.2256,8.05675023454011,1.7920327174971131,19.391494602379407,22.79797965359942,-73.43331158120421,0.2892587776284168,-5.214537004897222,-7.634999404320574,8.275983943822743,49.87437710771986,-39.11902050715069,108.26742540955632,0,none
46.2423,8.041992879500771,1.9142085624223744,21.61875605191853,23.393863081618715,-65.78809286404972,0.2503918112443066,-5.245851957409972,-7.625998656612116,8.30435841453147,49.78677138003111,-39.24637468471611,108.406108195079,0,none
46.259,8.090745336557141,1.9864538210593727,19.171219934716547,24.315484681872405,-73.23046354978518,0.5175280528309353,-5.280624926690238,-7.617417368556618,8.334932196114933,49.698584943755385,-39.373585554771005,108.54530156275412,0,none
46.2757,8.095988960849096,1.8935400070376835,18.7153130283844,24.86431906107741,-67.46019452419601,0.6260758990550686,-5.315029625718527,-7.605047956543051,8.366540788021998,49.609823949005886,-39.50058985564527,108.68502279391409,0,none
46.2924,8.237935203278271,1.546671459962219,22.425451806179705,24.44557286320889,-71.21419203210617,0.317790551708676,-5.347174088152467,-7.597649185226293,8.396164231966086,49.52052614173374,-39.62747059703855,108.82523873658792,0,none
46.3091,8.146084476036739,2.083525802655323,22.287922327284427,24.10079207015346,-71.24590413514562,0.4188425014530242,-5.384292610625897,-7.585490290273968,8.428017025486229,49.43060845513629,-39.75414828488613,108.96598662091354,0,none
46.3258,8.125012906412946,2.146814094498432,18.403844364022888,25.58740542128033,-68.11861859912695,0.1506164554087654,-5.415970588187976,-7.576097769092393,8.458153554041708,49.34016174631355,-39.88066911762997,109.10723778526604,0,none
46.3425,8.061590052005103,2.1646163154706124,18.12311219203248,24.838936035642654,-65.68951743434391,0.7027215290804123,-5.44940079550286,-7.564557666533787,8.48877079458966,49.24915675302865,-40.006997230661085,109.24900025753568,0,none
46.3592,8.09417243540109,2.058103664686148,20.84119639759896,26.62488519815044,-66.56268979239496,0.7388705459968636,-5.484106862750257,-7.55653096115279,8.520825853688036,49.15757216842072,-40.13319129771234,109.39129804929227,0,none
46.3759,7.93035820296986,2.1177916823282925,20.406727967883413,24.880916336882446,-67.85351609304647,0.737034282897147,-5.522029745048208,-7.544477006614082,8.553107379758265,49.065354271678416,-40.25918406372279,109.53413494253424,0,none
46.3926,8.017648933109827,1.6908707916789103,19.742930913022,25.591577623433263,-71.68957631278421,0.6469126148340874,-5.554998846624377,-7.534178125560189,8.584666147821546,48.97258579093979,-40.38500483841965,109.67749886720286,0,none
46.4093,8.142999111457733,2.1511506224674246,20.362485217063888,24.184857009519707,-71.4980217221912,0.1191148396066184,-5.589842191422273,-7.523543384711975,8.616104407476039,48.87923542634304,-40.51064801294434,109.8213878108077,0,none
46.426,7.972318665807115,2.0509912937868755,21.65651809503701,25.86861117953996,-68.00352781339251,0.6690591711600791,-5.624402977313064,-7.513301548648982,8.64877687919455,48.78530789662191,-40.636120148806775,109.96582238469026,0,none
46.4427,8.048058472297067,1.6326115193553568,18.856314545434376,24.5199828902028,-74.87599203263909,0.5856107778798695,-5.660637744269822,-7.501060807990184,8.681198517956103,48.6907752462926,-40.76138786430021,110.11079839994012,0,none
46.4594,8.011885543589631,2.1714230940640387,23.416674514443503,24.48603184567919,-74.17956554533384,0.1811660723095313,-5.696911996238726,-7.491946932495625,8.714870837650153,48.595636815955416,-40.88650337807289,110.25633674292888,0,none
46.4761,8.025709721321235,2.2894337835222034,19.352731573505014,24.14691127029012,-69.0090212733879,0.5268607096618829,-5.732854114439424,-7.480224862418228,8.746816469493673,48.49989815224428,-41.01142313327527,110.40240857796942,0,none
46.4928,7.99303480301648,1.9731054713635412,18.936973011429476,23.610192184443516,-71.07780807367125,0.2937524338834696,-5.770020840290749,-7.468720743285256,8.780873618642413,48.40353880421142,-41.136150769688136,110.54904916740075,0,none
46.5095,7.969323958456566,1.8918693647417424,17.333035808453488,23.88365143257041,-78.51013978406884,0.7633365808345324,-5.804810709366644,-7.4579346495455185,8.813623964912976,48.306598465365,-41.260698278335546,110.6962366876148,0,none
46.5262,8.051863172557566,2.0274584233154758,20.749413083706838,24.686974562730256,-67.19859558105905,0.4659565169671511,-5.842460124099888,-7.446531589968958,8.848018553602296,48.20902938129253,-41.38505535588803,110.84399859745996,0,none
46.5429,8.065529508485524,2.1087226212709127,19.34288258253661,24.52593534390912,-74.64542398016357,0.4648447851452305,-5.87832311925049,-7.435585584144582,8.880762849775058,48.11086138520105,-41.50922963514324,110.9923073370512,0,none
46.5596,8.215801919063582,2.272997534628902,17.113022944447398,25.795874747021312,-70.96681760809895,0.6343395862757448,-5.913417296096107,-7.424243307969328,8.914476336848182,48.01210731635624,-41.63321449838633,111.14117909187657,0,none
46.5763,8.12189845584205,2.2854887050684773,19.311284983743413,26.90084454962797,-71.01599842683557,0.4643634096057089,-5.956367393562494,-7.410523107910671,8.951303637358766,47.91263598088375,-41.75697023428844,111.29066586262046,0,none
46.593,8.09816462287718,2.229052552036178,18.68773417882893,24.58882574639599,-67.899988741716,1.043892123143654,-5.989040808069529,-7.4013244392030755,8.98384597912251,47.81261899938899,-41.88057235242313,111.4406960904718,0,none
46.6097,8.204443056356707,1.786227232917191,22.99495925030264,26.117773027076968,-68.83862759634842,0.7095330157231347,-6.027889831931664,-7.389103035412139,9.0190730255204,47.71195323919573,-42.00397037311451,111.591314609998,0,none
46.6264,8.204700469855883,1.934284560964923,19.158315921817845,26.96926016576,-70.00396691767226,0.2718694177509677,-6.068087877710037,-7.376344829598332,9.055081494767215,47.61061617163797,-42.127155331768805,111.7425344709606,0,none
46.6431,8.181444790560795,1.805305723976903,19.312671127433703,24.00259064695666,-68.48517663478027,0.7324191467549049,-6.103732194826344,-7.3660230089526015,9.089082050493262,47.50868384398437,-42.25016791601831,111.89432214120384,0,none
46.6598,8.035580310177098,1.8831020123750395,20.23172226635044,25.962922123936067,-68.17989738595489,0.1479461752926134,-6.1421290777347135,-7.352074927317449,9.125337819910897,47.4061102883862,-42.372947567304514,112.04671528279636,0,none
46.6765,8.195182623430053,2.0222548001599603,20.81436083423961,25.335034510198152,-63.4627980102208,0.6861931912709881,-6.179572571672386,-7.340170544644692,9.159381839158264,47.30291142643927,-42.49552841540008,112.1996769595103,0,none
46.6932,8.011875854391773,1.8868167159884492,19.80595289793557,24.68738624971949,-71.06472918824133,0.4823167021453531,-6.220629882820302,-7.330223674954569,9.197095031894746,47.199026907396174,-42.61794315077182,112.35326844654294,0,none
46.7099,8.264211264159588,2.321792702242228,20.28970880190186,26.143223769849477,-71.58710122272296,0.7967134086885183,-6.26042085898574,-7.316497963885608,9.232962877787006,47.09447787905111,-42.74012866676871,112.50745892660198,0,none
46.7266,8.087721451075373,1.6992026416735913,19.956690462131608,24.490540347366448,-64.64265766940467,0.3653972241066779,-6.296899624872195,-7.303148626511545,9.26927341236003,46.98931965531575,-42.862091248831454,112.6622557925884,0,none
46.7433,8.064085922733604,2.25373284090635,18.81838702891725,25.64683913894626,-68.48430227446781,0.5427779522593277,-6.338953457417088,-7.291243168365133,9.306938277566378,46.88345913257688,-42.98385500974315,112.81768166182376,0,none
46.76,8.143191773912413,1.7442805674702158,20.192846125095294,25.314759753202026,-73.81767803498246,0.4152357637809513,-6.376280141979973,-7.2800942917881715,9.34219557662064,46.776975254205816,-43.105432584416015,112.97369632795332,0,none
46.7767,8.153394103034302,1.655310182859843,19.94897599376036,25.556626825794257,-70.06150877894954,0.4335551324691418,-6.417427572422484,-7.265942214271752,9.38039765456526,46.66980421374636,-43.22677381939435,113.13034896878456,0,none
46.7934,8.107912991312052,1.7797733499178694,21.3898858394089,26.296950644760035,-74.59438375755687,0.5062204555676167,-6.4545903145108685,-7.252174608284119,9.41591574138318,46.56201255549403,-43.3478851353527,113.28759476166566,0,none
46.8101,8.10345794055104,1.7439712015371112,20.64289132961025,26.04934848001248,-70.68591847557543,0.539211710333511,-6.49953828838964,-7.240803889817097,9.455672103057172,46.45347026607792,-43.46880656031264,113.44550448578671,0,none
46.8268,7.926340076174614,2.088471879255663,21.598330216893235,25.450133853196483,-70.3981951034229,0.45065474852398,-6.537152148048151,-7.22573547390273,9.49364138722637,46.34429982520552,-43.58947634272682,113.6040482969534,0,none
46.8435,7.893869304307361,1.7057876848743236,19.24102446353709,25.63731448604804,-65.25214921042111,0.1372809190073131,-6.5791642479423365,-7.2152824668404865,9.530238990091512,46.23442778226488,-43.709971559923055,113.76320328808792,0,none
46.8602,8.170231550941828,1.9423265656413644,17.705656207353424,24.608659238124748,-68.21448076701563,0.0253565001983062,-6.6205043021100405,-7.19960853879738,9.570204135033118,46.12386536041964,-43.83020502252097,113.92302569714298,0,none
46.8769,8.179211516351158,2.205284663175397,19.066322944116813,25.388706174919324,-65.89839479154094,0.5519544227469291,-6.659153892316479,-7.1876311095875005,9.606808010911614,46.01265749041796,-43.95023846205108,114.0834593909252,0,none
46.8936,8.285657140492697,1.8247982601496235,20.446052790294043,24.97953037645448,-72.05357669873246,0.5513211558558676,-6.703178742458385,-7.174856119164275,9.647486134002714,45.9007144054189,-44.070058559241126,114.24457240936304,0,none
46.9103,8.058393593574827,1.98594090088791,21.269075768131543,24.42789129178454,-66.0510627716665,0.2298860080902703,-6.743492767130047,-7.159556966053639,9.684878728927584,45.78809807620783,-44.18962316057422,114.40630988413614,0,none
46.927,8.150483700784632,2.003377511013266,21.080750312174317,25.06173227123673,-68.46258607030732,0.2252422233478365,-6.786283297855563,-7.146275612475468,9.72547540321798,45.67476714513364,-44.30896596330256,114.56872532336988,0,none
46.9437,8.017139134696455,1.6726514977096114,20.47822765741532,24.058250798870805,-69.76378084297917,0.1958287117533922,-6.82934086202942,-7.13243613996903,9.764544697516415,45.56071715273775,-44.428077646840045,114.7317932198184,0,none
46.9604,8.085421345064086,2.0439154277946483,19.937068044152127,25.76064650170009,-73.4670128786221,0.9123738076656508,-6.870168518266997,-7.11889526016988,9.805299460963854,45.44598533848269,-44.54696319768488,114.8955417208165,0,none
46.9771,8.156518136539589,1.953181652463627,20.091231809062226,24.93461929627389,-69.2759675663227,0.67403377690386,-6.912639766719291,-7.104678883613064,9.844472441534368,45.33054425437848,-44.66561133504122,115.05994441059012,0,none
46.9938,8.150706702642207,2.2011113450990774,19.817931013844134,25.15384229133707,-68.83409959514222,0.2207364612304689,-6.955232382783116,-7.090505922250456,9.884953309084915,45.214391873586,-44.7840227839428,115.22502313085184,0,none
47.0105,8.044263937840498,1.9205013994639215,19.018012906697543,23.99577067986873,-66.03742613917095,0.5450589690847806,-6.99926505980301,-7.075978283163958,9.925298805247753,45.09750414708729,-44.90219162127164,115.39077562089948,0,none
47.0272,8.158403150930846,2.196002178445931,18.773386284496105,24.85242419372451,-71.31446246228033,0.5218190801021467,-7.044840648851464,-7.061064569739558,9.96799234955033,44.97985530825147,-45.02011139958629,115.55724109313697,0,none
47.0439,8.114117456098082,2.0942170127325537,20.9727877330462,24.402869385522266,-70.3893213929119,0.4377283677288752,-7.085278990330779,-7.048078514462807,10.00667898922839,44.86153114911295,-45.13781431077782,115.72435263225708,0,none
47.0606,8.116171392755156,2.012997634276336,22.34285050564225,25.12978268471197,-67.42968673079386,0.4282252674550192,-7.130625646087588,-7.032180846733387,10.049965758096114,44.742449700823286,-45.25525173091827,115.89218706041729,0,none
47.0773,8.137722653222758,2.1495765460683667,20.733820942115823,23.744220342688497,-68.67086022825085,0.4690475199900609,-7.1754036487465065,-7.017315819236877,10.090815682073758,44.62262045988922,-45.37244090509952,116.06070368230792,0,none
47.094,8.122464318400235,2.257137735704613,20.08188796964785,24.95387211560985,-70.0654406823349,0.430207787297287,-7.216771967710702,-7.003158490619454,10.131434730174636,44.50210036802845,-45.48939365189287,116.22989864230183,0,none
47.1107,8.031266314348592,2.1328817009875376,20.382611953023545,24.65817158826323,-66.94259231730992,0.6781393368052498,-7.261733711437969,-6.988247951622163,10.17394219670824,44.38082941504744,-45.60609739268496,116.39980347698686,0,none
47.1274,8.044534834432223,2.0415599694777025,22.43140991710181,25.04560352336242,-74.88984175620703,0.5018112424901664,-7.309434150239393,-6.972144365277729,10.21802035517466,44.25876186473844,-45.7225322035851,116.57044441691828,0,none
47.1441,8.165869462187418,1.99667221760789,19.51948471358642,24.955979761624388,-72.82249693841479,0.5569213511485891,-7.3535681795290975,-6.95756811814861,10.260027849254246,44.1359572761403,-45.83872359115818,116.74178688200082,0,none
47.1608,8.030830026652527,1.8358739590402176,22.23866780905651,25.28685148886041,-69.13730991523691,0.46870463018074,-7.396480687763691,-6.942196256136719,10.301448532699258,44.01243604865465,-45.95465826863566,116.9138210724969,0,none
47.1775,7.870050989204934,2.2767200785230868,21.02148368353092,23.03815450257663,-69.81530504354815,0.2975943255117896,-7.443012024586454,-6.926625794702891,10.345536301437432,43.888137747844056,-46.0703329194072,117.0865915287309,0,none
47.1942,8.022013891920798,2.173145994023648,21.499478380605105,23.773939934874967,-72.171146371159,0.4100474250271634,-7.490497472456419,-6.9108093515154,10.389541034822322,43.76304644005403,-46.18574343557751,117.26009686401244,0,none
47.2109,7.971023993165163,2.2177271261835263,22.28284009602339,25.308566250104224,-67.40532117125473,0.6245687461878583,-7.535666911728229,-6.895329199872248,10.432881852074605,43.63720080262817,-46.30089543321537,117.43432599094209,0,none
47.2276,8.207284001251669,1.7198618237154528,21.00859362402424,23.721682154763723,-67.59317996566023,0.4482292171998494,-7.582475089940246,-6.878411620866915,10.477500844993909,43.51057346862617,-46.41576490728385,117.60930025505348,0,none
47.2443,8.27299720778745,1.777611574194563,19.87463466797213,26.077225674088098,-65.22579686104663,0.6031650251702328,-7.625809996150917,-6.86389216563933,10.518505644509736,43.38322244169045,-46.53039190645003,117.7849592993168,0,none
47.261,8.021474015626591,1.9125002814203171,16.776331058700073,26.41552315781495,-70.77512595285684,0.3842733807389791,-7.677212280584341,-6.846486301166049,10.566943996687922,43.25501299660469,-46.6447282276795,117.96142726406148,0,none
47.2777,8.02181786930056,2.2615242103649056,19.798560780794148,23.66340935148509,-74.64993908544756,0.3648375784668125,-7.722146489635644,-6.829707027596376,10.609982841335995,43.126053150227776,-46.75878433504036,118.1386139775118,0,none
47.2944,8.032035639264706,2.1979822536281244,22.593705368587457,24.325539419590918,-68.64396129876744,0.5883403463480495,-7.7674278492444575,-6.815269441669537,10.654296162649004,42.99633710514539,-46.87259933471624,118.31654072342803,0,none
47.3111,8.06184810937311,1.826114057236801,22.162760726389266,25.49470533441619,-64.8711003337659,0.3471896128721337,-7.815091469972925,-6.797763235435222,10.699552947242529,42.865825077596845,-46.98612198074801,118.49522325764698,0,none
47.3278,7.995032261730361,1.9185774749344409,21.556842908222887,23.833293310268555,-74.02071149386569,0.5079290543169275,-7.86658093823106,-6.780815865225069,10.747091764456034,42.73445317592839,-47.09936160569727,118.6746996901134,0,none
47.3445,8.131455978264139,2.1818714872035208,17.438693057015797,24.63190279722058,-74.15497716843392,0.2822132779011279,-7.911511294646469,-6.763469404476522,10.790418970766108,42.60233093730779,-47.212311544752026,118.8548996869252,0,none
47.3612,8.111669710636768,1.9408847017307775,21.130175940650965,24.369353799243992,-72.48697961356793,0.6849062174822516,-7.960279047845074,-6.747357820984234,10.836770807565882,42.46939427720878,-47.32499242036246,119.03587375941154,0,none
47.3779,8.172722301923345,2.2359190353931884,20.79164195942007,25.72761823378122,-72.35221796952884,0.3085385842695908,-8.009367749500047,-6.730006326948367,10.884528069105118,42.33563783579213,-47.4373835260225,119.2176453781656,0,none
47.3946,8.079949305672756,2.094857803562304,20.732117125720958,26.199424357892923,-68.97888549809798,0.1739298101341409,-8.058078502934436,-6.712663768094623,10.930071942469706,42.20106792479312,-47.54948501094968,119.40017757960484,0,none
47.4113,8.106510261577034,1.7663159500583543,19.822521479057382,25.88391203413913,-69.92634140192614,0.335598585397068,-8.106324659161384,-6.69517514192019,10.977073726041704,42.06569230298513,-47.66129443581975,119.58349471082974,0,none
47.428,8.01535824785174,2.158510579317959,21.30704561595756,26.381454886017444,-71.22091864135417,0.948623891043511,-8.157468012121925,-6.676940219599387,11.024785548632527,41.92946258718269,-47.77279933748706,119.7676086294919,0,none
47.4447,8.07547854145557,2.371121333171926,20.12817376547938,26.377030285787107,-68.32064292769621,0.1799296872088656,-8.2050383107691,-6.660707911142755,11.070972478307963,41.79243844739285,-47.88403315960314,119.95249386987965,0,none
47.4614,8.22316983274464,2.007905232828195,22.34567290948657,23.95968103899358,-68.71613111454833,0.4806900593445424,-8.254106279459718,-6.6414059517836375,11.11811210074433,41.65459487252587,-47.99494463899793,120.13816634196208,0,none
47.4781,8.27116849483699,1.8519537624196716,20.177118457713014,25.31683267653524,-69.93879510246981,0.2535894554850044,-8.303852172833807,-6.623904454279016,11.166156865228716,41.515920541239545,-48.10556384338439,120.3246411616114,0,none
47.4948,8.032138797886901,1.7298010668961423,21.21357768972928,22.2283715793515,-65.85017572806261,0.8044021602059035,-8.357726682044966,-6.605503759255395,11.216346256730448,41.376346505649394,-48.21587575616395,120.5119541440988,0,none
47.5115,8.061788660172994,2.28283191108566,19.65019302570384,25.05446093698212,-69.31425534730828,0.2015589772207391,-8.40575517229342,-6.588946563966117,11.263320670215837,41.235970394272094,-48.32591116378219,120.7000515992914,0,none
47.5282,8.080593570103382,1.432457587631489,21.476640722940765,26.0474389192996,-69.32623175617113,0.4438887863955003,-8.454974080680921,-6.56904969183486,11.310831532508198,41.09477232712472,-48.43561429363583,120.88894248588429,0,none
47.5449,8.135706982799306,2.3086886769804966,20.98358272633389,26.82709899836307,-69.65656686467123,0.7304883828523846,-8.506647946284247,-6.550254400684129,11.360148567765256,40.952711306421776,-48.545003542127255,121.07865696696597,0,none
47.5616,8.024321522238127,2.256829459536662,18.6745129872756,24.45124883966405,-67.97506066551074,0.324251188922245,-8.558036584686565,-6.53220588612877,11.410504515007895,40.80979209545751,-48.654091380425605,121.2692123923666,0,none
47.5783,8.035167199038355,1.7442052043211855,20.85466487495069,25.470943786344183,-74.51000317713836,0.3297328191759315,-8.612528187713504,-6.513069870318427,11.45985845129356,40.665962874722695,-48.76285964725992,121.4605920285032,0,none
47.595,8.158255174206172,1.7579637133876302,18.675551982064345,23.75244197486016,-69.32346957754662,0.4552673902792318,-8.660875327766625,-6.494453022570238,11.508807237578331,40.52132625674899,-48.871317012736846,121.65278910937076,0,none
47.6117,8.18237848716262,2.119758510905964,19.995860649105087,25.696689177604465,-73.98728689238841,0.7347022729197457,-8.714574176579248,-6.474463728603846,11.559285227153676,40.37579286800012,-48.97944055700453,121.84582917266422,0,none
47.6284,8.032067021369691,1.8149649933011112,17.421797632544763,25.419522330418378,-68.40413100530252,0.801949357231809,-8.764094524503927,-6.4552059451264165,11.6079554016524,40.2294324894409,-49.08724249628814,122.03968202787182,0,none
47.6451,8.055979545534896,2.2929593329092324,18.163208688997223,25.14912962887457,-68.4856526957518,0.3662313176955126,-8.82055265680599,-6.435498533139871,11.661019627165537,40.08212926007224,-49.19471532179158,122.23442105564548,0,none
47.6618,8.020682184334031,1.829302047866527,20.23107665868847,24.162597654118716,-71.2654941470431,0.5015391014060839,-8.86864171851234,-6.4162730493643565,11.708879588900109,39.93402294337309,-49.30186708171596,122.42995934478012,0,none
47.6785,8.025805642134443,2.366723022781404,21.735139933657774,23.68856311075063,-67.61234172032167,0.6076897687744408,-8.925932826406937,-6.396406696289816,11.762329283415962,39.78495986517209,-49.408687073544,122.62639024381316,0,none
47.6952,8.085059805204587,1.9747015039150175,17.652872029317095,23.88677315068483,-69.50924344064225,0.5297206643390318,-8.97683348236098,-6.375997111780935,11.812310717063324,39.63504674601666,-49.51516622531074,122.82365583278812,0,none
47.7119,8.065959750359278,2.101432181755289,19.284814826782476,25.740215542079174,-68.58920723599024,0.5600647596976485,-9.02856440730434,-6.357166472023022,11.863253513858709,39.48426972041468,-49.62133090539353,123.02177216646956,0,none
47.7286,8.051379435927256,2.212510836008719,18.54868393303828,23.77140290777137,-73.81217574549136,0.3206508960566285,-9.08493976391777,-6.334666508067329,11.91582353484507,39.33255122635725,-49.72711983607825,123.22076641950147,0,none
47.7453,8.066687533840566,2.343721424601232,19.24974434329993,25.102225011071877,-72.07419890935448,0.2915602634555391,-9.13894791992901,-6.315254567019837,11.968325273799476,39.17993079609444,-49.83258458734748,123.42063745157392,0,none
47.762,7.998536474113553,2.091434229500997,16.11588597431662,24.682358318149543,-68.10402317626952,0.3602368157711904,-9.191753777264145,-6.294599507561474,12.0192001719539,39.02642850801413,-49.93770439912376,123.62135809444555,0,none
47.7787,8.053866563791699,1.8311734732553144,20.506256115343707,23.852257939269883,-70.03556474218875,0.4028443973794584,-9.246039024191928,-6.274273634968927,12.071158983329276,38.87201965631012,-50.04248476882774,123.82294644946715,0,none
47.7954,8.088826609666729,1.988165145472556,21.60721703089457,24.300937194896942,-70.016724705599,0.4965035581128738,-9.300973625453745,-6.252666282935814,12.124655854313051,38.716693396765045,-50.14690429575277,124.02542820223418,0,none
47.8121,8.007273456159927,1.8559061059719568,22.696234581786157,27.05967444849938,-69.71811463956733,0.0546184964308824,-9.357203363995428,-6.2311732063008405,12.178888646429616,38.56042810058632,-50.25096488829799,124.22881564262956,0,none
47.8288,8.197269473708888,2.6214205977855545,18.7791892948664,24.802508965881927,-71.48502040455145,0.7074059238623535,-9.410599946830107,-6.21054829376286,12.23140040187774,38.40327108147426,-50.35468104480383,124.43308002934091,0,none
47.8455,8.201437693022259,2.247956423590467,22.22906029080709,23.462655119734265,-77.6865755099372,0.8315321994532054,-9.46622076660675,-6.188746226895577,12.284111943286948,38.245185194671926,-50.45803310679299,124.6382246987938,0,none
47.8622,8.150204834278009,2.1352446830186067,19.81550694932163,25.676433118116236,-70.29593846981729,0.4616102423587562,-9.523502602073943,-6.166659076545407,12.340229270987384,38.08614270121729,-50.5610163133713,124.8443065276193,0,none
47.8789,8.21554278091115,1.9076476479827784,18.348056403034366,24.510282292289247,-77.77080107202714,0.7648739029407569,-9.576018910876911,-6.145844493917333,12.391818875393357,37.92622318540565,-50.66365191641972,125.05124990283836,0,none
47.8956,8.063324298290068,1.9261538311816384,18.474505273189365,26.299059585216614,-74.68495844407082,0.6906917773001195,-9.634669580796997,-6.121757622902813,12.445818525774488,37.76532420340634,-50.765885268722194,125.2590950722188,0,none
47.9123,8.070068256858184,2.2529485475791238,20.05730720092249,24.999587502611806,-72.76280735589559,0.61519550430443,-9.690701129687168,-6.10112461818508,12.501769992522275,37.60348949454056,-50.867774049845885,125.46787463109392,0,none
47.929,8.043913033020093,1.7626529652708232,20.239076043219637,23.919553879193963,-73.33487862141766,0.6552315626655821,-9.745242577537624,-6.0793243737578,12.554643515525871,37.44074394349568,-50.96929876688764,125.6775371778032,0,none
47.9457,8.076572834435687,2.0163543943201643,19.80717142837016,23.28274330437681,-69.2772992317372,0.5240092403870014,-9.80235099917137,-6.055752785262476,12.610502550256491,37.27704468180952,-51.07042983840152,125.88813257039249,0,none
47.9624,8.024372512703602,2.08076664393232,19.513744964979665,26.203846405227768,-70.55638893552639,0.3926884283855876,-9.858915745409211,-6.033162643814483,12.664607230212445,37.11240078886119,-51.171183654553225,126.09963151113703,0,none
47.9791,8.115498988544777,2.225939021645371,20.312002650563848,25.89267757232339,-65.39607974560593,0.7140473608334883,-9.917692526551786,-6.010047539900232,12.721915206172891,36.94677532366777,-51.27155144846956,126.31208749508012,0,none
47.9958,7.987212971237692,1.6237570259218637,20.671089758692176,25.52740861766316,-69.90418192583287,0.5891667160140506,-9.97453672114486,-5.987237320116059,12.776676908474569,36.78020056042465,-51.3715383117155,126.52545799945165,0,none
48.0125,8.124717648063466,2.2232541651037114,21.15981494216309,23.472773285697045,-69.26535348446575,0.2925500615984866,-10.031726582672,-5.963869614124484,12.832450899046323,36.61267072649403,-51.471134934271376,126.73975992946572,0,none
48.0292,8.175273270369853,2.110482750032164,20.5504486976985,24.356588104990017,-74.16741166365384,0.4684027942264705,-10.09038559893042,-5.940624831656881,12.888915961118943,36.44416128699189,-51.570343368960046,126.9550048260164,0,none
48.0459,8.142569021162853,1.6999952971747163,20.775887888177348,23.772190327570343,-70.69440670792271,0.1845941419343846,-10.14631700154986,-5.9165073867811016,12.944537322692929,36.27471779306601,-51.66914904231929,127.17117859930538,0,none
48.0626,8.140232573852913,2.41010965645365,21.864233097148286,24.009749703228024,-66.44943553880044,0.0304495470597897,-10.2065141549603,-5.892798792864638,13.001057831880289,36.10426900667817,-51.76755878216013,127.38829626509778,0,none
48.0793,8.12820031246303,2.65501622107948,18.211653511520183,23.43966010741392,-72.15331145090195,0.7720484368270131,-10.262226381612834,-5.869313244127467,13.056433250547729,35.93288982610524,-51.86557631333706,127.60633870038193,0,none
48.096,7.980339426961717,1.9332803876372595,20.02484750144176,25.19873107206277,-72.2384708573394,0.5200750618331047,-10.32330462870858,-5.844311043812901,13.1154762622462,35.760490638805805,-51.963176307768734,127.82536715396144,0,none
48.1127,8.12358719827185,2.2466513373461985,19.5195685120238,25.18206665648014,-73.45133858012206,0.5007686120285225,-10.381129656316247,-5.82002375547583,13.172267503046225,35.587125773545324,-52.06037070448518,128.0453440212623,0,none
48.1294,7.977038420866763,1.8763545002590047,20.489143647302395,24.08515423485133,-69.07678865567918,0.6268847217617801,-10.441349844739308,-5.795921105049043,13.229631719008818,35.41275523113818,-52.1571625869395,128.26627887096976,0,none
48.1461,8.125584608575387,1.794812552506076,19.610925734063315,24.272236944127155,-74.29654321594282,0.5281301080638849,-10.497174177267295,-5.770071578069917,13.284776268506674,35.237452422377814,-52.25352278229327,128.48813463465382,0,none
48.1628,8.22030880867257,2.0778120452620863,19.878271203973632,24.161768929776315,-69.737962784889,0.6000046941331083,-10.55995447986727,-5.74535844939761,13.345825441035686,35.06110118256403,-52.34947026839821,128.7110099195191,0,none
48.1795,8.130554518368724,2.046102364582287,19.590052848612483,26.476455136679743,-72.24004433181979,0.3931709822145974,-10.617127089535067,-5.720518386818139,13.401459871991523,34.883795160168795,-52.44500292545807,128.93481429938137,0,none
48.1962,8.17730427120884,2.0423889411091207,17.487744167246536,24.38564599517813,-64.9569272709181,0.8182709472512424,-10.678756653975537,-5.694799101761701,13.461568421372087,34.7054599240474,-52.54010607045749,129.1596224920183,0,none
48.2129,8.09966515647937,1.7477305584237692,21.659661958700063,23.333410928211084,-67.89706926110733,0.0741239444091968,-10.73794663034252,-5.669007797056416,13.51836923248754,34.52613621532068,-52.63477850066833,129.38537925820083,0,none
48.2296,8.02316552477809,2.223501253574596,18.95350071915562,24.690252407400013,-71.18444599664373,0.3740946821197105,-10.797643662315153,-5.644223176409401,13.577021330261124,34.34581556616002,-52.72903702771437,129.6121155144162,0,none
48.2463,8.006788941565699,1.68554503468905,21.4274784661733,22.5393349223934,-66.62905778925914,0.5423950947940738,-10.857921285553706,-5.6171856239996405,13.636387241663323,34.16448828069127,-52.82284402763516,129.83984318135197,0,none
48.263,8.159935915025883,1.8095711338755036,22.184425948696276,23.412865896843737,-70.10312121158222,0.5386998174340047,-10.917741504873128,-5.591500002296187,13.694437961200702,33.98216199755989,-52.91622207767351,130.06854029530402,0,none
48.2797,8.098861097032076,1.838875084616121,19.5339749886488,23.8562215787112,-72.30509490146238,0.7221727228816606,-10.98098684095548,-5.564865767937107,13.755084439075192,33.798779517315936,-53.00915533599806,130.29825020543657,0,none
48.2964,8.09909752577502,2.110906517681049,18.842585549094395,24.50550741038553,-69.37905950933107,0.7586373122090955,-11.039081687636848,-5.538444065339798,13.812660328330333,33.6144268531324,-53.101647351889234,130.5289216329197,0,none
48.3131,8.12278206355697,2.1092628313276287,19.54103589499221,24.882440334220263,-67.89613974610673,0.6767271954557857,-11.099574252227995,-5.511936362385845,13.87255736703733,33.42906396312019,-53.19369668914108,130.7605933409492,0,none
48.3298,8.157939963445733,1.9487112197082757,21.753692923765872,24.164426905076244,-71.18266243700275,0.5426942495182958,-11.163505861245516,-5.4835112832248125,13.933364296872789,33.24263341523739,-53.28527132757093,130.993280524707,0,none
48.3465,8.12998577722214,1.9178827461131036,19.91398440864365,26.088590757760763,-67.86356102916514,0.4747189853655666,-11.220492860710817,-5.4579848686876105,13.989815332231885,33.05525118446352,-53.376419674878015,131.22691044075526,0,none
48.3632,8.07240719792111,2.0840787551985773,21.418746236793957,25.816721887810928,-74.43527371227665,0.4456479238843032,-11.285969508672972,-5.429394272224731,14.053146190609644,32.86677549366868,-53.46709055922417,131.46159798213844,0,none
48.3799,8.117378452544534,1.912442121404488,18.649572881014883,25.374963235608845,-72.16258208482562,0.9219015349573012,-11.343497669817785,-5.403505621109604,14.10959904727783,32.677339082582726,-53.5573291030967,131.69722828622798,0,none
48.3966,8.049211045398629,1.9304304800679688,20.438470050067203,25.94592239913472,-74.82611905693466,0.0921441206778404,-11.406991608771069,-5.373154165963376,14.172681820040626,32.48684232271625,-53.64706077766829,131.93391207262266,0,none
48.4133,8.072160715941747,2.078085124417755,21.317028275101052,25.15039412799469,-71.69456704305783,0.6737481375979941,-11.46977594288203,-5.346254125776382,14.232245746151063,32.29529706447012,-53.73634322156875,132.17159057658338,0,none
48.43,7.918307700388341,1.885490979045498,20.85049985781262,23.92316677203819,-73.60490931731466,0.5019637142417329,-11.53176037655978,-5.3176583426323445,14.293251260049672,32.10271666618157,-53.82514811589071,132.4102878726262,0,none
48.4467,8.092218558493368,2.147144383322807,19.6987300247861,25.05905734987537,-68.69127293520506,0.3538277674053952,-11.591165195169284,-5.290139503815875,14.35246704272039,31.909144207422244,-53.91349344560444,132.64997407223964,0,none
48.4634,8.0869384507069,1.694373835229783,18.38397706415171,23.90486159015731,-66.92696248706207,0.4750242943088579,-11.65553353509969,-5.261704294293887,14.41463592162668,31.71449679738608,-54.001363907319146,132.8906984921308,0,none
48.4801,8.100714722226659,2.1231465588353746,19.06252235936356,22.37801309955251,-69.23961161700845,0.2297911394058902,-11.716261548375575,-5.230547587195887,14.474015403328044,31.518835229528207,-54.08871405202532,133.1324145493664,0,none
48.4968,8.093485255818933,1.9309805552972428,19.597302793135924,27.00044659714151,-70.75312675004308,0.1945820725302358,-11.778753685560774,-5.20341021182,14.535224876158418,31.322130042979342,-54.17561100256271,133.37515280479823,0,none
48.5135,8.084804661723826,1.9301634516397133,19.594851955613585,25.71399958176541,-68.69016665578843,1.0643564546667474,-11.843173804573706,-5.172991345315785,14.596882526673458,31.12434904044296,-54.261999958029485,133.61892074299368,0,none
48.5302,8.148567336586279,2.101951893069464,18.18514401712524,24.947312509018147,-71.37761737855806,0.3648077465184618,-11.90565196295936,-5.143898702311027,14.65934943005452,30.92552465266154,-54.34790306635808,133.8637318784756,0,none
48.5469,8.135857144916026,1.7497717132873414,18.537592713963743,25.57695347613849,-69.4744057263577,0.6051187663853815,-11.964391107096354,-5.11327394339551,14.717101736895296,30.72571932117303,-54.433294741212784,134.10950747748174,0,none
48.5636,8.074387316971444,2.0113767280575723,20.96014586389551,23.38834943774638,-70.86344772900944,0.6887361754620394,-12.029594688317978,-5.085211558289173,14.780488434032142,30.52482508987812,-54.51821777423621,134.35634163433008,0,none
48.5803,8.116637141277844,2.099410463016787,19.452347945627693,24.338815689721425,-71.47731581027621,0.5932989321896873,-12.090220775162978,-5.053102265642209,14.840204964549612,30.3229184029329,-54.60260458207244,134.60417305723806,0,none
48.597,8.090131565741146,2.0537704079157244,21.75095229798462,25.25878803157819,-69.72514570687171,0.4268869026273445,-12.156608605669906,-5.023909998876022,14.904500218807096,30.11990303921821,-54.68650387905367,134.85307821089214,0,none
48.6137,8.068387843717433,2.0602650099524213,20.39161319748068,25.372847855589427,-64.98316580716369,0.4061163659092826,-12.216291475170038,-4.992448150860777,14.964017340412353,29.915890971582872,-54.76987776317304,135.10297730047702,0,none
48.6304,8.16220007497677,1.973270422923301,19.04439425462401,24.637684577474165,-72.56256007321065,0.5275545334834014,-12.280380745201755,-4.9620400241823575,15.026620707423165,29.710808613138003,-54.85274383157689,135.353921866291,0,none
48.6471,8.113891885624659,2.017451490415187,19.64500326668954,25.512389443974552,-68.96431580853374,0.535660492982602,-12.341939500277626,-4.9306621972048505,15.087265556468209,29.504698223483366,-54.93508589027021,135.605879201084,0,none
48.6638,8.013586492692516,1.6592845669732768,19.05162334009596,26.248297710226154,-70.98557292768811,0.4222929119320407,-12.407458332300417,-4.899917425769597,15.149847496394829,29.29749366933395,-55.01691451128056,135.8588816542738,0,none
48.6805,8.194097102477087,2.2461439646037284,19.601899140074178,24.02411097064626,-73.54719336467888,0.2349449193971484,-12.469718921251404,-4.867700395966004,15.21194439657315,29.08924936334905,-55.09820510789319,136.11292112569657,0,none
48.6972,8.14455830717074,2.0527741717442565,20.632068047860965,25.91792679559648,-71.2456132676357,0.2297377616522165,-12.531856879727084,-4.835976400975866,15.273220028701392,28.87996735345761,-55.17896591378949,136.3679839001759,0,none
48.7139,8.04525656425481,2.0926580228895046,20.372812662122183,24.763196632166107,-67.71575815929224,0.4644329538976395,-12.595025193627858,-4.804219535752886,15.334671385179144,28.669630432724023,-55.25919638003656,136.62407291230838,0,none
48.7306,8.160167557012375,1.9544836483163608,21.11771045601366,26.04467217495753,-67.11808875104553,0.357798001814527,-12.658232778487012,-4.771348934149713,15.396695350126649,28.45823794532329,-55.33887790723686,136.8811977246555,0,none
48.7473,8.172050444121579,1.8512869510687424,19.28801905020345,24.3512319819296,-68.95665285130393,0.7932926534554514,-12.723075299430596,-4.738880153593873,15.459739434148933,28.2457625878228,-55.41801720580188,137.13937537320578,0,none
48.764,8.148463996663573,1.6898730903734478,19.67841421907,24.216173343456852,-77.716676641614,0.4988702008473052,-12.781851826598606,-4.70790359126534,15.519431434591878,28.032305662318603,-55.49663919577601,137.39854987816346,0,none
48.7807,8.042907409551603,2.097389304343164,19.379047242780185,24.72436955571558,-70.40493753827286,0.8967192532307804,-12.847024237528334,-4.673362353392736,15.581222170433575,27.81776035755188,-55.57468434707767,137.6587562884097,0,none
48.7974,7.98037411571729,1.9701645812921305,20.585553723342198,23.410133816713707,-71.18259398114422,0.2468171988315167,-12.912220719702807,-4.640909849846496,15.645739265313203,27.602126271532843,-55.65218754157011,137.92004013414044,0,none
48.8141,8.033346115692538,2.000054563040173,21.03132263135556,24.17498769269101,-73.5514790283454,0.639620290225766,-12.971764748356948,-4.607142322947238,15.70493339147016,27.38549780023528,-55.729126818363326,138.182312521778,0,none
48.8308,8.159601737301482,2.029977118430871,19.50772659692124,25.112896496554686,-71.48152671855765,0.3604855546316987,-13.03854181179527,-4.573145994030596,15.769259195741473,27.1677541519783,-55.80549835646364,138.44565915034687,0,none
48.8475,8.189991454867366,2.137116289867222,21.60889825274889,24.81119467538205,-67.94622747621084,0.3354458259296011,-13.100331495522724,-4.539704502952434,15.830016244401278,26.94897861600307,-55.88131142166294,138.71002042162837,0,none
48.8642,8.105102040351465,2.0346416213415863,19.39088176805144,26.75477382173696,-71.23755121496194,0.6448620121051163,-13.160088735122397,-4.506205465515483,15.891184702466948,26.729205134126527,-55.95656505293705,138.97540320615957,0,none
48.8809,7.957380464956724,1.5004146091087365,17.934834284767952,25.157869171721025,-76.32165652971727,0.8126251595895293,-13.2251624655115,-4.471904687543439,15.953315444652096,26.508344920952485,-56.03124586121903,139.24182357408526,0,none
48.8976,8.150263860375723,1.829397229700944,21.04599435734003,26.633745053060235,-70.71775202759218,0.6140449533862574,-13.286232433913426,-4.436849451416363,16.01394971428424,26.28646483930613,-56.10534124705768,139.5092565343138,0,none
48.9143,8.094917452908442,2.026687876079226,20.59498508028928,25.952576193284923,-67.30413088940675,0.0020664232482249,-13.349498088997937,-4.403218553355276,16.075971575751243,26.063528221219865,-56.17887499689871,139.77772525962885,0,none
48.931,8.12102793925616,2.1464612616095557,20.33389804518587,24.637147698912344,-70.45292734858435,0.7366030321267876,-13.41290182860335,-4.366950713509527,16.13688760108447,25.83953276068219,-56.25180307381432,140.04721128256696,0,none
48.9477,8.112033491750294,2.020424981362555,16.847663862380145,26.73459932616798,-71.01490960874926,0.8158606508550732,-13.476248885263852,-4.331575089042667,16.200494334549955,25.614479404298283,-56.324140377801335,140.31775953795395,0,none
48.9644,8.036814544280155,1.9555810322962213,17.638473946569743,23.81085688033353,-73.44509194284808,0.6845919734593746,-13.53479200592353,-4.297926520201558,16.258167868320374,25.38844837779936,-56.3959157506887,140.5892709413549,0,none
48.9811,8.088933174634107,1.959580526709725,20.30560624632996,24.967123264355937,-76.5329418736084,0.3668979015561695,-13.600881093347862,-4.260476958705454,16.32266137019264,25.16131366354045,-56.46706571589908,140.86185938623711,0,none
48.9978,8.077317159481185,1.783279507333064,21.295974229794908,25.699276278198603,-68.85950157090492,0.7990921367179129,-13.66138634345185,-4.2245431968021805,16.38329262101547,24.933168511604805,-56.53761558728568,141.13546037300807,0,none
49.0145,7.994609740211731,2.033230072157476,20.22511127994103,27.370503853672016,-70.85683054933979,0.5592918387274258,-13.724253211802424,-4.1892487644211895,16.443270819920286,24.703973482967704,-56.60757604165151,141.41006299570074,0,none
49.0312,8.108515878921184,1.7889281921589038,21.22823125227146,24.914383493428463,-73.35467824557381,0.7540432165226676,-13.785409004594236,-4.151992194331043,16.503781624038368,24.47375715259098,-56.67691431129684,141.68567614882218,0,none
49.0479,8.149109445349483,2.0348621298846408,19.83671227217146,25.06173619135984,-68.29185731133529,0.3305429500638091,-13.844822708474064,-4.11833180433595,16.563217359816576,24.242548613359464,-56.74569045242925,141.96228187873112,0,none
49.0646,8.164717049627477,1.8741477416162444,20.051707047827357,25.2180572644997,-69.77899539708669,0.632478612261268,-13.90896488951756,-4.078412963358759,16.62566736720618,24.01026889970452,-56.81379994891734,142.23993052376346,0,none
49.0813,8.103242663014283,2.1331656505056174,21.385413511080333,24.7311004799286,-68.47894709835566,0.0364159462742155,-13.969689516818622,-4.041754663835113,16.68611716841716,23.77697508477365,-56.88129725180339,142.51858868047603,0,none
49.098,8.120100891265686,2.0159364647313347,20.09648693058112,23.79899683645176,-73.86176715593882,0.4985801393582189,-14.029228854940408,-4.006247385588214,16.744268872153423,23.542686962896145,-56.94820158314271,142.798217970641,0,none
49.1147,8.176650095792088,2.1778700081624325,19.4098219643908,25.353965059661004,-67.16936885443361,0.3253934995143271,-14.092486490804928,-3.965948837411687,16.80691245548824,23.307342438499703,-57.01443292872749,143.07889340864764,0,none
49.1314,8.109277105728763,2.347040797302673,18.953344761115407,25.66463312258445,-73.68696219362077,0.0776133931847561,-14.151272223088329,-3.9301156968199353,16.8648021802083,23.071016192374127,-57.08006586086438,143.36053560505712,0,none
49.1481,8.208333912318723,1.6618151898029851,20.837657686356543,24.895862666096864,-69.17025244930943,0.529035792500238,-14.210429151001543,-3.893331098881528,16.92335754870351,22.8337020255524,-57.1450844902157,143.64315567612047,0,none
49.1648,8.047672310091823,1.97419704108714,19.61884571454001,25.0025323696694,-74.51854495166945,0.7809980466237578,-14.274234947212824,-3.852322177788956,16.98455776156906,22.595322301933948,-57.20941827058478,143.92679779073868,0,none
49.1815,8.108809566925885,2.0320001936966263,19.400283801497984,26.55956956725968,-70.44888346658678,0.3870867157372274,-14.33461566132438,-3.815931825799649,17.045199810073306,22.35593422038983,-57.27314433207563,144.2114526275669,0,none
49.1982,8.116635257254437,1.9285469994638025,18.956939310851517,26.3234399083312,-70.42375978536867,0.5387615347704633,-14.389666222936873,-3.775628431981629,17.099909855586223,22.115626794466785,-57.336197326889724,144.4970211221552,0,none
49.2149,8.05820127836955,1.5702163790411734,21.767086941964056,23.84692133735201,-71.89290231323905,0.2478305348330305,-14.451867258259668,-3.738668993274879,17.15944810806019,21.874280611253848,-57.398633099077415,144.7835839055598,0,none
49.2316,7.946267412317407,2.330217178370518,18.6554829887794,25.077465527201294,-68.36099325193774,0.6940261242029812,-14.511792403416797,-3.699155654902223,17.220279727742724,21.631933678116788,-57.46040899851428,145.0711625770131,0,none
49.2483,8.100713173792952,1.784510768947431,19.965285103172167,25.3866105983959,-70.45029634723447,0.6156257304768195,-14.570059797884252,-3.657861296456908,17.27644011935185,21.38861367949212,-57.52149528216511,145.35967912700627,0,none
49.265,8.116791432336901,2.050300994877849,16.991609945058208,24.005524545759265,-67.8895568722559,0.3173338178730097,-14.627541420162624,-3.620371236687912,17.334896343545402,21.144333737775405,-57.5819554818178,145.64917189594348,0,none
49.2817,8.11511804982024,2.5028051571440018,20.12513075181476,24.79419542257734,-73.64430403773348,0.4323021637402579,-14.685250614846735,-3.580733414299452,17.39012924464666,20.899090052507464,-57.6417537298366,145.93958705432908,0,none
49.2984,8.04383544616817,1.9795140534006777,20.10616428809682,27.63492932724448,-70.95649320214082,0.7394693841613453,-14.74418893370255,-3.5401329886033768,17.448931035060586,20.65286209731463,-57.70087395074628,146.2309842026146,0,none
49.3151,8.14156311944507,1.9848816671435243,19.41041213823856,24.27397553708036,-69.9738699259179,0.3057901116771948,-14.800919213200304,-3.498749196220653,17.505662638134158,20.405686746454187,-57.75930306232316,146.52332876867143,0,none
49.3318,8.155637123839487,1.608465531741088,18.659558902816823,25.04271654107838,-67.11937752659847,0.6171303657342153,-14.859180913978836,-3.460027608216046,17.561473996368786,20.15753842519074,-57.81708552338037,146.8166053844108,0,none
49.3485,7.996255464317661,1.803532393590093,20.415201359138315,25.107839633285003,-69.54329773089032,0.5453606943906482,-14.915520000391584,-3.4184576043563726,17.617891157732164,19.9084492411842,-57.87417376537312,147.11082416674492,0,none
49.3652,8.004887650265117,1.9920125078881856,21.365966797524884,23.74480098057745,-68.97875490878887,0.4198920069083305,-14.972070688633725,-3.378263509514716,17.672552695016694,19.658415660684017,-57.93059076598202,147.4059557967517,0,none
49.3819,8.112945980668243,2.02080967877501,18.94369558217153,24.501798325991764,-69.01776250095644,0.6862668579428172,-15.026022029585482,-3.3373284360200404,17.728287416417913,19.40748109278994,-57.98632415086355,147.70201819660588,0,none
49.3986,7.946606729555322,2.29699915950984,19.99978304004536,25.072869098713173,-71.83239280419505,0.559499645356062,-15.084551682812586,-3.2945720865131785,17.784991053424605,19.15556907968697,-58.04134350470832,147.99902754719807,0,none
49.4153,8.204127946700952,1.804941623528622,19.758046463460424,24.789350485406832,-70.70283677873238,0.0271008408798594,-15.13923546519576,-3.2545252296407243,17.837457597023988,18.9027438474182,-58.09569407604332,148.29691308906837,0,none
49.432,8.163836132703775,2.1539104693193245,19.28700991663201,24.802487942344627,-71.89555397225867,0.7933826710477593,-15.192997152991104,-3.2118736891289847,17.891267605599737,18.64902079496325,-58.14933236665178,148.59569725808188,0,none
49.4487,8.121778438602554,2.0356567346983034,19.05200459137368,26.120157176057983,-71.38475396789025,0.3526726223226977,-15.24790382456157,-3.1704937386563645,17.946635805175106,18.39438080109307,-58.20227961208734,148.8954060760283,0,none
49.4654,8.206394479546335,1.7952687519415638,23.04306705653501,24.738862657233707,-67.5739875499297,0.7204446519232699,-15.30376818351272,-3.127491672115557,17.999365981985235,18.13880787242841,-58.25450872301167,149.19599548792746,0,none
49.4821,8.10471429076616,1.9297468787141507,20.673348680605592,24.346566015037567,-75.07995347579283,0.9640718723829056,-15.355237702697243,-3.086291395782934,18.05225835323688,17.882375402793365,-58.30604978932124,149.49746820242652,0,none
49.4988,8.133749806135256,2.233700600520042,20.78126318375473,24.19400375245435,-72.6665462969477,0.4863575049467339,-15.408121951774657,-3.042854288311954,18.10421653508756,17.625059766198728,-58.35686545593605,149.79980861856248,0,none
49.5155,8.165528663727612,1.8705523877330168,18.933489833268112,26.16449186721227,-75.73928128667897,0.5243779135492734,-15.459473918524752,-3.0002536355877174,18.15534130028374,17.366886551759364,-58.40696969165037,150.10300281827722,0,none
49.5322,8.323570815344208,1.7695159638405549,19.707030652698894,23.460508665587028,-68.43221167911453,0.5234371446985483,-15.51365712677696,-2.9585496463530734,18.20687543031992,17.10780847774219,-58.456377470744464,150.40705763796356,0,none
49.5489,8.159968916675242,2.1012380100211807,19.480307546350836,25.47097069589924,-70.69443765907242,0.7579035440913788,-15.565387794634256,-2.9132535280708822,18.25939593480158,16.847866501571797,-58.50502880466325,150.71198955007475,0,none
49.5656,7.923070014336589,1.6989119797514232,19.697635046733144,26.06299198150808,-70.66682684342562,0.3525860859771224,-15.613320690230674,-2.8706011033133856,18.30749856554088,16.587124046044945,-58.55296784308858,151.01772477611928,0,none
49.5823,8.054352322009784,2.070605893064286,18.461872534983748,25.44038502039928,-63.98634293065323,0.3188293947733317,-15.666861663369886,-2.8276672662971234,18.358220660981328,16.325487456266668,-58.60018988643574,151.32430706115767,0,none
49.599,8.07405953038369,2.423583816110201,20.625575210000804,24.67057882307908,-77.27198482414116,0.2764219504918358,-15.716953150082192,-2.783390271896744,18.40753631280572,16.063014338660295,-58.64667250397642,151.63171291758152,0,none
49.6157,8.102198530155695,1.850462236339662,19.053033868325635,24.621926137878376,-68.38691502714707,0.6017920898747293,-15.763850457713104,-2.7397357851265847,18.455572837792293,15.799758036016486,-58.69242609158803,151.93992098397266,0,none
49.6324,8.061148466475291,2.037290585164937,19.15934686232554,24.353004958835022,-68.93473503711495,0.928971918512668,-15.815218244083995,-2.6947401728649933,18.50671009728427,15.535643891340284,-58.73742825247488,152.2489830425973,0,none
49.6491,8.041979720639537,2.009228534431457,19.87529461770074,25.579998683801865,-71.29225899754636,0.1808832638433709,-15.861589938098886,-2.6501177140254426,18.55056566892167,15.270755339374032,-58.7816852182991,152.5587774892683,0,none
49.6658,7.947928700133967,2.334377635384449,19.59744432387861,25.80587660090801,-73.65033938947452,0.6676534734952518,-15.90933828226871,-2.607453194163148,18.59909172581664,15.005069390060145,-58.82522968664163,152.86938232108943,0,none
49.6825,8.09693413688467,2.035176166907449,18.32605966412661,24.74615377787656,-66.99134062896015,0.5879818855484049,-15.955223114361113,-2.561108416470578,18.64469060608793,14.738617164050314,-58.868000197196686,153.1807486542111,0,none
49.6992,8.161086929638536,1.8103446233951388,20.857604489406476,25.648085896866885,-68.24119377311526,0.5224476473952762,-16.00295661371765,-2.5158785244793718,18.690200304855534,14.47136778860123,-58.91001536855549,153.4928749993022,0,none
49.7159,7.991894636233428,2.0764075586573183,20.17853561763743,25.008761454007185,-70.59431255712262,0.4582740280305951,-16.047733904033866,-2.47170358375064,18.736839247248792,14.203370632403864,-58.95129281840413,153.80578021473124,0,none
49.7326,8.0617770288788,1.9542950650567132,17.261052513567,25.470143453902025,-63.89141223175324,0.759824259047814,-16.094351229718328,-2.4261500376975853,18.781314327431254,13.934594966867568,-58.99180952403368,154.11942816399934,0,none
49.7493,8.131752560900118,1.912773115685162,20.249105647522992,24.685473151142485,-72.46704685147384,0.6410322238320477,-16.13712919329168,-2.3800265924244477,18.82343433039124,13.665104909339597,-59.031555968127165,154.43377951731688,0,none
49.766,8.1563915974277,2.0644838130187395,18.41058832008781,25.712429790604464,-61.59765216621844,0.2000984165377508,-16.181296434542844,-2.3354633517192718,18.868164130482796,13.394877258882731,-59.07055820610088,154.74887785829594,0,none
49.7827,8.173899385502391,2.110537652458285,23.020412580977467,24.075495889641477,-70.29008969719756,0.420660883528266,-16.222942944540414,-2.2888974090775123,18.908145329826063,13.123954111708906,-59.10878279283247,155.06464388530404,0,none
49.7994,8.080197657937072,2.431578602805552,19.7061268716657,26.017754108741443,-69.57793796638367,0.9290217790807448,-16.266490485422953,-2.244380152554228,18.95287749899304,12.852303720602343,-59.14626394138013,155.38115693953722,0,none
49.8161,8.056707977238029,1.7730388449154182,18.288720311572668,26.10047754270389,-71.18192378998884,0.6037434181417186,-16.309374280017167,-2.196019910913801,18.99358768720569,12.579937170126057,-59.18293747389239,155.69834985391356,0,none
49.8328,8.022200159190064,1.7803207255198248,19.560223016913916,25.6394775990503,-73.86452763674158,0.5636739296790553,-16.34862204803407,-2.149270644796041,19.032202575663057,12.306915181923888,-59.21883029366048,156.01618763692713,0,none
49.8495,8.21904083609286,1.6955461395589098,21.00400445149817,23.417342386532308,-73.1837274626119,0.711713480495409,-16.389961441532222,-2.105225056493884,19.074988257327963,12.0332028258503,-59.25398755210393,156.3347399408245,0,none
49.8662,8.089587315402381,1.7109082899558603,19.799045666114,24.523321848078904,-71.83457841781055,0.5589218929128943,-16.428310179844473,-2.056891777128956,19.11047567403501,11.758850045846897,-59.28833764478198,156.6538848845809,0,none
49.8829,8.094956268729225,1.5440237111197113,18.674651190244436,24.978527451733854,-65.50912953880396,0.4178429887482866,-16.466620794766555,-2.0102856122286723,19.149954901182152,11.483857478574295,-59.3219094145062,156.97368913143063,0,none
49.8996,8.201160261107114,1.766785111652742,19.17404215768183,24.3120570802192,-64.08730832074646,0.4541635968099158,-16.505022133405348,-1.962342006088689,19.18689780584877,11.208223608946426,-59.35468052600788,157.2941103247883,0,none
49.9163,8.207184397138985,2.083544339553957,18.980425530348946,24.610427101192972,-64.8679423167049,0.5823970831756574,-16.54080001354343,-1.917186936777856,19.223623512719023,10.93199224872025,-59.38669754785207,157.6151448374507,0,none
49.933,8.083312888322872,1.9820322278846012,19.682498443300627,23.995489294866964,-69.64554288691028,0.4363458769400252,-16.579547032814656,-1.8692208125165863,19.2605848305756,10.655113813272246,-59.4179135354211,157.93679660412133,0,none
49.9497,8.130089954736006,2.391346454980054,19.69660219007613,24.31945959708154,-65.84768994401438,0.5366981674620431,-16.612736855477685,-1.820834098650922,19.29505570772135,10.377681107785769,-59.44832146486857,158.25902403444027,0,none
49.9664,8.023740976071764,2.255712425676713,17.137345115140608,24.82216857797205,-71.99539142049993,0.2035567600781271,-16.649208374496762,-1.7745591608093003,19.3300666916604,10.099639327931673,-59.477956602854086,158.581836148191,0,none
49.9831,8.060869927174544,2.155694338346275,21.22867776910217,24.44485472445712,-75.03363576870254,0.5219562556367857,-16.682360544038083,-1.7260212765501206,19.36370871881068,9.821043906846237,-59.50678115817247,158.90521008379514,0,none
49.9998,8.169797128996926,2.247316007722637,20.07708886897336,22.81566458156544,-73.48234694262739,0.5682300126676145,-16.714693868970944,-1.6780994171845252,19.39453351403999,9.541908519234422,-59.534805418439454,159.2290987934796,0,none
50.0165,8.223987618414498,1.868218233583021,20.27318058913345,24.2455349516514,-71.24029334053368,0.6240636898542333,-16.746120615215172,-1.6312929360953228,19.42622494496589,9.262248304960329,-59.562048010472246,159.55351675006054,0,none
50.0332,8.214683115236195,1.9575549724747907,23.10284503446924,24.9669668457875,-72.12305236389687,0.8299881416856238,-16.78092304802071,-1.581907356847076,19.4593880442931,8.982006890058383,-59.58846586333159,159.87848853040023,0,none
50.0499,8.107081877577318,1.7176949830321695,17.625093270979853,27.066356365776475,-67.4371625122849,0.4184064765276312,-16.80790763249539,-1.5344766078439709,19.487162020907988,8.70131483259571,-59.61409162268259,160.2039241361494,0,none
50.0666,8.161982632642832,2.0531744547019324,20.009336292060148,24.138793801259304,-72.40893925163572,0.4243807857883515,-16.839998438173804,-1.48493858832321,19.518527982816995,8.420086858678207,-59.638890097107584,160.52988355346244,0,none
50.0833,8.146786285077477,2.4166483767183045,21.87606274508597,23.921648234368185,-67.64778052296002,0.6071402583527036,-16.868552448659113,-1.4358013280342905,19.54707212064307,8.1383820327856,-59.66286797928576,160.85631965787718,0,none
50.1,8.020109768093675,2.323058318413445,18.39297950580224,26.005376290174468,-68.06734304573877,0.4999029695542683,-16.894300136148157,-1.390159883470517,19.57274158219057,7.856247220511926,-59.686083649339714,161.18318444229976,0,none
50.1167,7.973561698890786,2.147267795010131,19.84447318568249,25.97979863620382,-69.08713189743636,0.4866526011491922,-16.921908517693947,-1.340100886339057,19.599838289233883,7.573651348266437,-59.70846333414158,161.51050174172997,0,none
50.1334,8.047006438463407,1.958568720455044,19.710082398705296,22.97832992763171,-67.23024443869927,0.686739867164334,-16.94900872719828,-1.289970657450657,19.62696978358157,7.290602902522226,-59.730005844121,161.83827213711578,0,none
50.1501,8.208682159488632,1.9031568063339483,20.616508642102755,23.022030344447472,-70.68796027955574,0.4083701163680419,-16.97395459232696,-1.2423709439127335,19.65170595828076,7.007137860830365,-59.750753438884345,162.16645562661907,0,none
50.1668,8.033719591857265,1.836357421419472,17.254909033792945,23.87083958175577,-70.59227398252564,1.0064793694334055,-16.99669882003445,-1.1917444459479878,19.673706708024287,6.72329299053579,-59.77065557113168,162.49500652864307,0,none
50.1835,8.058814342849121,1.966439927564456,20.273828314699013,25.65667137579446,-69.94694104873193,0.44584139590466,-17.02111901796942,-1.1451407458391891,19.697735498994348,6.439040302935701,-59.78977942158719,162.82395871147628,0,none
50.2002,8.192929136351406,1.7664881948893365,17.99847216443871,23.86822855148428,-71.36558262557263,0.8834477035563661,-17.042147959970592,-1.0954181726487298,19.71916644412592,6.154436432004192,-59.808072905070425,163.15326879109318,0,none
50.2169,8.085865995824275,2.335782348521749,19.82586176107353,26.034976543376374,-69.66564184707548,0.6126016992955681,-17.067240729981304,-1.0441811282246594,19.74259476912176,5.869413511813504,-59.82551072991178,163.48297012373752,0,none
50.2336,8.110412459381688,2.0093444926468105,22.20323378658692,25.878464754864524,-70.66179132280243,0.5865183024595797,-17.08431613714043,-0.9960217406761266,19.76049359510176,5.584105432323259,-59.84214429298107,163.81297036677572,0,none
50.2503,8.100202151559856,2.0075610060784927,21.8653034556609,23.86050884807413,-65.2224144764257,0.4630733500905006,-17.105099033958226,-0.9474459825085462,19.782321705525977,5.298450278456157,-59.85796664088896,164.143335139258,0,none
50.267,8.10992925549049,1.648294946581785,19.956517958850444,23.884240297126844,-67.70305343492068,0.5617332341171222,-17.121802833117734,-0.8953627631905431,19.797501601994792,5.012516171143091,-59.87291919903424,164.4739534160113,0,none
50.2837,8.056243159230906,1.8641543459053969,21.387358164878904,26.039649445696217,-69.15757612849674,0.7868339964994744,-17.14064815311468,-0.8475304653375385,19.81637495385041,4.726267346986075,-59.88707295780538,164.8048868777406,0,none
50.3004,8.013881605907656,2.019182314469744,21.33622204175385,24.581680480983103,-69.19104236960712,0.498388846745018,-17.157558221415833,-0.7965477091036003,19.832318083932755,4.439736124688431,-59.90037530454741,165.1360865897423,0,none
50.3171,8.318391564351408,2.0986886134704106,17.249685839852077,25.399179548526288,-70.12612276944323,0.3469343198158364,-17.1730559092754,-0.7484918037618231,19.847631659857683,4.152946091003532,-59.91287511767023,165.46754203846191,0,none
50.3338,8.07368209347266,2.0330679521244,22.08316979444745,25.932850419215857,-70.6343521655077,0.2498029478778003,-17.185968993726842,-0.6983959432766893,19.862033685353914,3.8659404088082936,-59.92453832992295,165.79923800100732,0,none
50.3505,8.027918168326208,2.354241842867893,20.16708252605524,24.913271812235624,-68.79648772259773,0.7341488683840778,-17.200825898767217,-0.6484584684487201,19.87609239346264,3.578686616298881,-59.93536758634605,166.13116874397815,0,none
50.3672,8.093537036398308,1.8903140740294728,19.843260142868807,25.43407510441168,-71.58288934518315,0.1790839888543687,-17.215344364871395,-0.5976536186971954,19.890482844347048,3.291190365405529,-59.94534840177829,166.46333980747875,0,none
50.3839,8.160130779818727,1.8569781117193755,17.706442487663487,24.663615828018067,-69.35304886319628,0.2938328941772694,-17.22466342851256,-0.5462481363155713,19.898345291049264,3.003538486149369,-59.95447074565476,166.79564217383927,0,none
50.4006,7.938128583561635,1.9764378995360636,19.728557907862385,26.25120877493806,-74.05442137096723,0.5421857546956541,-17.235302576838137,-0.4982193987267648,19.91102633099273,2.715708933116172,-59.9627910096135,167.12815631356685,0,none
50.4173,8.160280343244079,1.7964131943238908,20.37199863041588,25.07112271184863,-71.2290203825179,0.3184775730118976,-17.24494877381931,-0.4479844268798931,19.919704593523413,2.4277182885933897,-59.97027234954239,167.4608153802787,0,none
50.434,8.181403190428933,2.138356418059168,19.486969863838997,24.20182392933067,-69.28008240017584,0.2673439281816304,-17.253230486723933,-0.39777955945997,19.927115610648105,2.1395893394651,-59.97691526818537,167.7935982109765,0,none
50.4507,8.236234915368424,1.7411436461516805,17.414098477377788,25.271834709777213,-74.66882652528398,0.5256608498689911,-17.262766124928092,-0.3477791196304846,19.9370914456754,1.8513011451788008,-59.9827231794832,168.1265476381193,0,none
50.4674,7.965015586291557,2.0215978917404427,20.90882280232252,24.391226952345264,-71.04149578626816,0.3650254308196184,-17.26734599082428,-0.2966069883067784,19.94197091054949,1.5629364671320354,-59.987676516187925,168.45957855232547,0,none
50.4841,8.179627206288211,1.999054730403934,19.112476317325747,23.628834792075907,-69.69794975049462,0.1908298294901594,-17.273873305234904,-0.2454909452115849,19.94773658215272,1.2744627829346125,-59.99177621497296,168.79270575324742,0,none
50.5008,8.24788774383807,1.8617129622227224,19.38923507232056,24.424210707127795,-71.42966786276173,0.771484534662433,-17.27837539198819,-0.1981987282532375,19.952646564105496,0.9859139138884097,-59.99508613373479,169.12591495086798,0,none
50.5175,8.099331617765225,2.2599672562296838,20.771600560720252,25.552495753894693,-69.83815953781898,0.5634769726196689,-17.279726997210805,-0.1478990040805491,19.954448490258372,0.6973424730349892,-59.99755604710293,169.4591542406553,0,none
50.5342,8.067739709944071,2.0900405969469698,20.062407124613134,25.17967529763767,-70.10975516743788,0.5033679784201941,-17.285672300318385,-0.095153566384156,19.959155012155275,0.4086717456196722,-59.99914511166155,169.7924721293583,0,none
50.5509,8.128117058104154,1.937544929950828,20.01356263347164,24.78276186360285,-70.39911930525714,0.5177113170990072,-17.285206749600157,-0.045884938599672,19.959299199585388,0.1200087929013496,-59.99991139013616,170.12579242599136,0,none
50.5676,8.050032050961226,1.6283787796598792,20.75511642537459,23.34534385603719,-70.222794020126,0.7382815104841199,-17.28513200490915,0.0042884114365248,19.95885083116041,-0.1686529115806332,-59.99983977366517,170.45910523487174,0,none
50.5843,8.029168872016697,2.0382441728493057,21.53573408638017,25.03943612301552,-64.3308588253488,0.4950644636578055,-17.28658911278345,0.0541551466524285,19.961302868253227,-0.4573389497641168,-59.99893538271608,170.79245899277157,0,none
50.601,8.145371208293048,1.858635476240125,19.746501740366725,23.82403394614434,-74.21201999045306,0.4641676891035568,-17.283636698110474,0.1052881083288087,19.95729457369309,-0.7459756826225618,-59.997177071306986,171.12574581215225,0,none
50.6177,7.912831032079453,2.1670312750674974,20.187386351918068,26.205947249957944,-71.59875525560292,0.4064020640029395,-17.279849316265068,0.1543098896112514,19.955211787871807,-1.0345491662041884,-59.99460009615048,171.4589978490097,0,none
50.6344,8.168818375243784,2.134832441101337,19.244286504211257,25.57837874212087,-73.53102074720064,0.4077620916939164,-17.278640887491406,0.20514933537458,19.95237357824962,-1.3231024690252948,-59.99117410224972,171.79220248776647,0,none
50.6511,8.137935831570745,1.996119297642733,20.296169899360677,23.613392040893512,-65.4555488040912,0.2080791838055555,-17.270970989076485,0.2552555767644191,19.94508231928568,-1.611527684542872,-59.98691133411776,172.12528536249854,0,none
50.6678,7.9128469618755135,2.161605000086505,21.00304637696262,24.917668903431977,-69.25125161002765,0.2226882717535401,-17.267866516452496,0.3067419458768096,19.94302041455394,-1.8999010553676288,-59.981788743621614,172.4583338034216,0,none
50.6845,7.974116340009433,2.011370489473854,21.02858169780083,24.24953605172844,-70.69300447342452,0.6300296407815191,-17.260414620296824,0.3548492852543266,19.93423880730609,-2.1881499795265857,-59.97586276055787,172.7912355915036,0,none
50.7012,8.22212556860568,1.914250410414658,17.81233573575762,26.66128083502347,-66.35472621804314,0.4336019296363753,-17.25250656500982,0.4073878157550449,19.926898188054743,-2.4762668391622498,-59.96905938403476,173.12401479124412,0,none
50.7179,8.172893942344082,2.2435774196467357,18.053519298158093,24.756055945507057,-71.5790998408833,0.4632698795487713,-17.243278903682796,0.455242922380033,19.91852581437264,-2.7642295968537525,-59.96145682723101,173.45665417234414,0,none
50.7346,8.2074498824512,1.9710110572668156,18.494146998723863,26.12659881725276,-73.1123200562024,0.8055889715987508,-17.233425685779917,0.5067462003472588,19.908237753793266,-3.052027805806277,-59.95299416568521,173.7891217428325,0,none
50.7513,8.163992027951066,1.9902076890619251,20.808214817924824,25.180498301970417,-70.59934295415655,0.3762467378866674,-17.223347982528324,0.5564082041182714,19.89755616189549,-3.3396577171145,-59.94370214867644,174.12141093073615,0,none
50.768,8.030733053678034,1.7794861819161487,19.973211040303333,23.01547433709257,-68.04504509862731,0.4486290447414929,-17.212785558723002,0.605729574284661,19.88800703142891,-3.6271112359451743,-59.93358646478588,174.453540648161,0,none
50.7847,8.170465926617055,1.8312162820239712,18.86925420747409,24.763865663653675,-69.56325995807188,0.4770275950383622,-17.19737642244172,0.6581583918310757,19.871754043263312,-3.914307422199951,-59.922595219642304,174.7853989406835,0,none
50.8014,8.131200662351569,1.703728221568752,17.862989502255054,25.051587456716074,-73.75646768025142,0.3216431783331519,-17.185583428649757,0.7046080075527353,19.86076613426648,-4.201306665458402,-59.91082826591617,175.11707373512576,0,none
50.8181,8.079022022315025,2.0456851503091498,20.67570721185224,27.151363510918507,-71.36114606929435,0.3831320574993554,-17.170833068904656,0.7566842264547895,19.845611427385197,-4.48805957770911,-59.89819163933438,175.4484954459631,0,none
50.8348,8.182591113060242,1.7925780530968505,18.868601440208213,27.02804323427373,-67.13338024034712,0.3315910563965257,-17.153041136024115,0.8049667546614985,19.828944722872937,-4.774515364680712,-59.88474869453153,175.77963882283507,0,none
50.8515,8.031414861317993,2.4992504787463914,22.20475125129373,26.93152572358869,-76.63393873202261,0.6556866061189338,-17.138366233740264,0.8567792996693371,19.814289719194218,-5.060726080784175,-59.87044048022705,176.1105374611456,0,none
50.8682,8.029119176925976,1.805972289556819,19.11526268076244,24.422737819896017,-73.063282050425,0.2681747454798588,-17.11888145437041,0.904895629890426,19.79487500893661,-5.346611401072161,-59.85532872320788,176.44111187379485,0,none
50.8849,7.9474013488203585,1.948635393741034,21.21488017452439,24.820019553730692,-72.40737841792098,0.672659508997737,-17.101894283511307,0.9537726726921868,19.77797704058785,-5.632213035606799,-59.83940071957392,176.77140409037267,0,none
50.9016,8.056721512652372,2.0052516603364863,22.153473538732023,25.60222601388903,-74.20101674522692,0.8210876807887806,-17.081185197890505,1.0053638703098415,19.75788624936817,-5.917468828411571,-59.82261114293975,177.10136079073712,0,none
50.9183,8.073207706283656,2.0929871645437514,20.6960203721744,24.08514418975633,-69.83401863493661,0.3942803054066789,-17.062175158034886,1.0531178650841744,19.737336152498308,-6.2024071535507534,-59.80502407459284,177.43097430448384,0,none
50.935,8.169402101408247,2.13406652188119,18.905317257701174,25.75709880869898,-65.76506046529427,0.5121551965199748,-17.038946348166284,1.1025997565047636,19.716854628174527,-6.48695755756513,-59.786610658659214,177.76024577677435,0,none
50.9517,8.036880478916093,1.8411734289271533,19.097055778766027,24.90337033116924,-75.34170670072632,0.2344318861503126,-17.01698426386183,1.151996893067158,19.69377189347412,-6.771141194771623,-59.76737231054499,178.08913176739537,0,none
50.9684,8.24060966970162,2.264081100867208,20.879983951233104,23.499506930604163,-66.93402762925598,0.4259223267985394,-16.99353855012149,1.202216526141223,19.670639604696195,-7.054933288558652,-59.747295294558434,178.4176314487938,0,none
50.9851,7.855075942055673,2.328902654848824,20.18751072241729,24.81703651421871,-67.49809296830159,0.7607410559254789,-16.97008652363452,1.251294954520845,19.646640355240702,-7.338333733503348,-59.726398668817936,178.74573034272632,0,none
51.0018,7.991929766682717,2.115219967021635,19.47105115803998,26.5605612659626,-69.21216997605588,0.4639265697244426,-16.943836707410824,1.2966511362432986,19.62222622844236,-7.621295806517109,-59.70474459484267,179.0734215207413,0,none
51.0185,8.026490373082341,2.114617179954976,19.83856669423537,26.080797511926807,-69.9505342796565,0.4599431642326366,-16.916995818058375,1.3492534244623235,19.595606304114867,-7.903809636678684,-59.68221206265415,179.40066814602002,0,none
51.0352,8.13225540514856,2.0721784069923714,19.10106738184116,23.707907721011125,-74.59065305426392,1.0133114837992534,-16.891353856591596,1.3970423909838845,19.569608208791426,-8.185895246083764,-59.65888145472472,179.72748060310684,0,none
51.0519,8.133453723192925,1.980074188743436,20.7286855106664,26.253417416925583,-73.67136439339657,0.5942396735720745,-16.862821886228033,1.444698979115625,-21537.345961577576,-8.467504371583772,-59.63475498177349,-179.94619695523866,0,none
51.0686,8.213015117602646,1.985938273226888,19.091979774215435,24.79117710731881,-70.93303934566265,0.2686909362670088,-16.835627247179595,1.4941324819751387,19.514913380612324,-8.74865934661167,-59.609802969324505,-179.62029790178244,0,none
51.0853,8.142815733604202,2.186943728037879,19.69597238290889,25.750245863295284,-69.9044141655142,0.3054859024619473,-16.802755534924092,1.5415554095501611,19.48243265400185,-9.029265364044903,-59.58405899398502,-179.2949412764606,0,none
51.102,8.17034721414323,1.9034185721270056,20.68323661594106,25.18237843504859,-67.06991875281543,0.4298076607595963,-16.774285156757422,1.5906401383432809,19.45368589504707,-9.309395926162752,-59.557495303674685,-178.97006472201332,0,none
51.1187,7.9930018673062335,2.3823173405917517,17.71101092112119,24.53145288109692,-69.3712456027001,0.8679534805563058,-16.740885169973872,1.6377559214666877,19.420950820894447,-9.588968708501316,-59.53014477978619,-178.64573484330438,0,none
51.1354,8.023372545391814,1.97086288655459,19.975357933558517,23.79392508323388,-70.42304741587334,0.6223796424651992,-16.71020993862605,1.68839870366219,19.39053480261653,-9.86802921447637,-59.50194852143503,-178.3219129121007,0,none
51.1521,8.25207078108184,2.1218907493272607,20.98436812134959,25.45469281060258,-66.930958964336,0.8840571352444384,-16.676145995338832,1.7332785088307914,19.35624424598342,-10.14652085259853,-59.47300277033756,-177.99866363319276,0,none
51.1688,8.074175133317409,1.7123808590632632,19.76596163221319,23.023164226638077,-74.59052049052443,0.5566331454819604,-16.642574183851195,1.7818743997106887,19.324260933121728,-10.424451841468844,-59.44324546786239,-177.67594847560963,0,none
51.1855,8.181482054194463,2.182145713505026,22.13544585850569,24.243188904493685,-66.37944942128648,0.0750352096168225,-16.610322918342025,1.8282671215815467,19.2907799027868,-10.701844234205156,-59.41271340693198,-177.3537924512331,0,none
51.2022,8.14123386040495,2.237663702450059,20.42206460161274,24.932253375409143,-68.37307533304524,0.6118053445437994,-16.569014822894964,1.878214463887103,19.2512681426738,-10.978546781747502,-59.38134722538506,-177.03229627325044,0,none
51.2189,8.068623860958468,1.9209089801852115,21.500995305821757,26.43113858492221,-68.70811711114568,0.5142036906287639,-16.536607036214466,1.9243993962834984,19.21949212003882,-11.254708119252284,-59.34920975546713,-176.7113307548458,0,none
51.2356,8.066580196700729,2.2415780856795067,21.751147462448984,25.49491264387724,-72.80615306160733,0.4925729203399693,-16.499031829506176,1.970342742327002,19.181215390590378,-11.530241950805037,-59.31630503167027,-176.39100445782293,0,none
51.2523,8.035106604070336,2.026220795254421,21.99688529920308,24.085562770860825,-66.84095769200478,0.6650561559155773,-16.459665891620013,2.0188748887302164,19.142834729754743,-11.80511837119509,-59.28258982102847,-176.07131911783603,0,none
51.269,8.100922411863698,1.8906223045356108,20.103575381041697,25.934871447528987,-72.31348750015322,0.2710818109772023,-16.42245482169579,2.0663337188770656,19.10588704152382,-12.07937336671741,-59.248082047923226,-175.75225080424258,0,none
51.2857,8.153377497946463,1.942809565058232,19.647244637870685,25.668546700245816,-68.64111122546713,0.5320522998180731,-16.383211949118362,2.109908717364974,19.066683786436894,-12.352973006267687,-59.21284657234323,-175.43383718500908,0,none
51.3024,7.926688110443396,1.886407625902221,19.773948618431785,22.258895344733094,-70.52560296810543,0.4620020762881486,-16.343117025599838,2.158831049627167,19.027220250850856,-12.625903060595205,-59.17679409381446,-175.11608260681987,0,none
51.3191,8.18155235915685,2.1727376403201397,21.35261244952876,24.843608614172823,-67.25012532140667,0.5609097153841802,-16.30035385955283,2.203756944860015,18.98474443845408,-12.898118970049737,-59.139991352835295,-174.7990373746977,0,none
51.3358,8.09368170539897,1.928809733059756,22.125931132637557,25.38822455409756,-69.38146443440452,0.7416275867138408,-16.258553081176267,2.251472216038096,18.94569176030899,-13.16963680650538,-59.10239176682746,-174.48264432230053,0,none
51.3525,7.940450565380334,2.0710146614473,19.65995107590812,24.069622137207123,-65.67405281584838,0.3216832757365045,-16.218363280508676,2.296984189853761,18.902268506775197,-13.440483473289875,-59.0640321308569,-174.16697643823738,0,none
51.3692,8.077972039224182,2.140448082804738,18.85887079807597,27.060333305827186,-65.98105351160905,0.5331832185516749,-16.173431825185315,2.342425622175396,18.859796771537304,-13.71057978477047,-59.02491362296657,-173.8520178321527,0,none
51.3859,8.086261966214021,2.151765844388087,17.79201082587639,25.753299351491748,-69.19128954981682,0.5055837798757143,-16.12992965985004,2.3875906346404463,18.817501023185528,-13.979949610089966,-58.98504085936808,-173.5377655650655,0,none
51.4026,8.159019305545202,1.8638208862770165,20.73377737422849,25.45521172636171,-75.38275196067418,0.6653829203997306,-16.08561258183504,2.4343622909554203,18.773388981152763,-14.24857934020661,-58.94438700910912,-173.22424996908026,0,none
51.4193,7.926543599772732,2.1958714442281995,18.86135702491544,24.80088278737656,-66.75044758953783,0.2360094927840809,-16.040090424470467,2.4791222174735155,18.727457665606572,-14.516448850295268,-58.902985668077314,-172.91150142606463,0,none
51.436,8.026841131878182,2.008999712219792,18.42262805692592,24.26668144203647,-68.97700618206451,0.6602951469462304,-15.994607663729608,2.525514142214985,18.68273301092684,-14.783558798279552,-58.86080958190232,-172.59949978478215,0,none
51.4527,8.159284233123607,1.9015809276122824,20.66396623492211,25.94379330436641,-67.61222980188299,0.7445039588588115,-15.949091517505416,2.568194944261078,18.6390715001822,-15.049908626621892,-58.81792072633316,-172.2882272907291,0,none
51.4694,8.036921163292023,2.217293239165216,20.47963981263833,23.91135263753048,-71.89726410210514,0.204342125423983,-15.903345329059572,2.614089132028303,18.591621973651748,-15.315494493617187,-58.77426543782829,-171.97774720376913,0,none
51.4861,8.152069010012173,2.2501802728427345,19.542303281543525,24.30194404450889,-66.53630139371066,0.6107827747260655,-15.85035615230651,2.657836002867187,18.54169364275357,-15.580195441360706,-58.72987957658041,-171.66810091993514,0,none
51.5028,8.073985712974572,2.037292417225808,18.706232781870693,24.33837996533015,-67.20155780444517,0.4485736397402233,-15.805950762299808,2.703545071034018,18.496130347001984,-15.844154819091113,-58.68473037389414,-171.3592155431402,0,none
51.5195,8.256792523176676,1.8069794864294444,19.506162481788937,24.846009116788515,-69.45503301949864,0.0,-15.758619255364891,2.7462784821748363,18.45078974744088,-16.107323760655706,-58.63886752324182,-171.05108735435795,0,none
51.5362,8.126525672575662,2.161608954307275,20.25484908639397,25.83466956140895,-73.77543008783391,0.1443500450601473,-15.706533023358451,2.7901938158849444,18.39736045970899,-16.369622862145793,-58.59227128651654,-170.7438514346808,0,none
51.5529,8.076073023363966,2.099826300482535,20.87066860435913,26.176658863891745,-71.3850945674539,0.2920677702325993,-15.656926550718964,2.83425608595801,18.350372150124,-16.6310935355428,-58.54493920988104,-170.43740021977374,0,none
51.5696,8.142584834527764,1.6181599259910764,19.537665217400924,25.28685373024685,-68.06455778725761,0.7413167054497769,-15.606444083274583,2.877998508845745,18.299047951775457,-16.891721151733485,-58.49687663478332,-170.13180611897909,0,none
51.5863,8.03034695164505,1.5600290166964357,21.01556816904701,24.88117700316352,-66.13484339134698,0.2424301508156275,-15.555943394572086,2.9223844798054244,18.249153162269216,-17.15150540642284,-58.44807281397057,-169.8270452611692,0,none
51.603,8.188506625764669,2.0822182596006718,20.74342191155878,26.076352049843116,-69.32525818592636,0.5974656167917987,-15.505297342922256,2.9640887577608126,18.20039240969292,-17.41044387204964,-58.39857253171596,-169.52309870792732,0,none
51.6197,8.298653566817679,2.0487141198582663,23.303751955641243,24.86591029578713,-70.40778320969974,0.6392738780390909,-15.45161409401902,3.0087831110273284,18.146944263385866,-17.668485827419758,-58.34832585376181,-169.22004473872877,0,none
51.6364,8.129572784815544,2.068920074115764,20.31486495251221,24.957692643447157,-69.4955688301124,0.6016037372033566,-15.4001626230578,3.0489025560700407,18.095281772778225,-17.925668543224823,-58.29740918107544,-168.91785353312338,0,none
51.6531,8.02839815072214,2.1276605850258723,19.371505524423995,25.881685328744936,-65.99898597524029,0.4628123780690056,-15.344792710905098,3.093186563111959,18.04167619714709,-18.18192658149694,-58.24575296547147,-168.61655754063102,0,none
51.6698,8.088824183496843,1.898983209658728,18.072967024771625,24.89579196108788,-72.20986250527454,0.3080974595126688,-15.293655577537647,3.134864133553754,17.990792235871155,-18.437330629641817,-58.19340073444112,-168.31611131029197,0,none
51.6865,8.110393590522243,2.148435133919244,20.770841015222004,24.05417722605832,-67.71617608351423,0.7911062967348008,-15.238358362957513,3.1787388830621017,17.936922755712565,-18.691811214303208,-58.14031579509398,-168.01656470027157,0,none
51.7032,7.960942858322187,2.088720189174513,18.8303565571594,27.38812704445539,-66.74453819467837,0.568354444974573,-15.185280211276266,3.218806265477019,17.883257990205383,-18.94540539383152,-58.08656173046052,-167.71791429183514,0,none
51.7199,8.055470669345507,1.8539073092446343,21.177630703051868,26.8809796756914,-72.94159619432013,0.4264185195957444,-15.128792873483802,3.261245594495404,17.828062807942747,-19.1980562348187,-58.03209892903244,-167.4201856429425,0,none
51.7366,8.066128640477558,2.0560973860210776,21.701045617866587,24.83511434782692,-69.82597550259028,0.5375940697603901,-15.076865661380504,3.303030464145919,17.77674436621913,-19.449839891363755,-57.97693832028121,-167.12331401202664,0,none
51.7533,7.976415264549871,2.3333571518573164,19.908890981459457,24.909444501428908,-67.71344239410567,0.3472690324324337,-15.015854400263786,3.3428721581727787,17.717843773326507,-19.70060465984816,-57.92111235523972,-166.8274260210121,0,none
51.77,8.149421922583874,1.894451909371672,18.980400446365536,25.49474572942032,-66.52217308182895,0.4080857522290843,-14.964107885887929,3.385852074248385,17.664903947309902,-19.95050526154249,-57.86456862559977,-166.532422125092,0,none
51.7867,8.137132710839847,1.870310488957316,17.94687708569193,25.454044355465623,-74.18713191759225,0.6158931627973254,-14.9052494453668,3.4246982158807096,17.608587041634028,-20.199422927280114,-57.807376165394565,-166.23835872149672,0,none
51.8034,8.018062539926364,1.9693177385536929,20.64548445386047,24.156906998297075,-67.08644844085404,0.3633654603067131,-14.848471111400483,3.4657837387254498,17.55086933243292,-20.447392394840502,-57.74949757695785,-165.9452592036451,0,none
51.8201,8.116774128178143,2.0954322504182006,22.801085448191927,24.65769100203548,-70.83345924677162,0.4358137245752868,-14.79235152202635,3.5081752297755178,17.49687829922987,-20.694424665258342,-57.6909110506206,-165.65306133604795,0,none
51.8368,7.94794744263277,1.6514751859296108,21.42761288177173,23.7135533787841,-69.89078031219474,0.6518835050191785,-14.734587795208276,3.545209880152028,17.439231951966494,-20.94049228143832,-57.63170604562206,-165.36182616245011,0,none
51.8535,8.013540599020134,2.1473763919174598,22.54962779956172,26.715174318561825,-73.43663456427716,0.0085706208862848,-14.675358628697571,3.587581111345602,17.38129466919494,-21.18557077053757,-57.57179344106259,-165.07155854147456,0,none
51.8702,8.177321249990701,1.9318447236383165,20.26483401916476,25.55196966779,-66.65672706243681,0.5398405553246369,-14.618307957882353,3.626944059776375,17.323379762305926,-21.429696513434205,-57.51122347526432,-164.78225809944405,0,none
51.8869,8.151070082888058,2.4021640633781467,21.78644509380726,24.90790783982164,-72.5145828930486,0.4136545220458618,-14.561062840460076,3.665629229242803,17.268572452020702,-21.67286626286989,-57.45000746713597,-164.4938729394953,0,none
51.9036,8.128739776013116,2.105669919344325,19.68851797780529,25.189066517634096,-71.35850374120685,0.6200607983557954,-14.499274939531574,3.704154853394415,17.207864719674642,-21.915004154360066,-57.38814808108428,-164.20650159867674,0,none
51.9203,8.115116882572638,1.8892499500228213,19.110273240825983,27.390358587213285,-71.55516822666101,0.2072398334994583,-14.441771141127834,3.744904348553372,17.150596696791048,-22.1561817324169,-57.32560817846344,-163.92008663384033,0,none
51.937,7.900019524124807,2.2489227256128674,21.230392411037226,26.7622951940072,-72.85300810837295,0.5711731172809948,-14.381124341248352,3.783109585896057,17.09088823947886,-22.396346508915748,-57.262430248378976,-163.63466880024103,0,none
51.9537,8.235272467492129,1.727469734947801,17.543287422140605,24.931240523205272,-73.18860003262985,0.626178876329938,-14.322192792353311,3.8224975403037327,17.033480622589927,-22.63552712854805,-57.198594539455904,-163.35020967384378,0,none
51.9704,8.054814760600236,2.02073528883484,20.890492478941987,24.783446969063505,-68.16474906467353,0.3905802323296169,-14.2629372989006,3.8593508827106207,16.97382266888202,-22.87371818143969,-57.13414337971464,-163.06674683527345,0,none
51.9871,8.048597345822234,2.535791166046461,19.05125962210302,25.989010613582792,-71.89067242574875,0.4232441889438206,-14.201232880896676,3.8988185628039367,16.91397591912051,-23.110878770550663,-57.06903310971581,-162.78428343742414,0,none
52.0038,8.102060335701328,1.8215355878865749,21.172299169292064,26.9871273791256,-66.18847749755835,0.5665179311969589,-14.142880864567816,3.935522812764226,16.856022160433763,-23.347064880988945,-57.00330987874265,-162.5027878673449,0,none
52.0205,8.080606516248322,1.9511143944410625,18.42796891737361,26.535965085647245,-72.01731715888467,0.5935977012537704,-14.081255147867942,3.974349554386543,16.795248349524513,-23.58222184195834,-56.93693824118439,-162.22230721990783,0,none
52.0372,8.131555346066225,1.934795275912812,19.559612058736224,24.844752411524087,-68.21956589255616,0.2951473516268632,-14.018616755320329,4.012995827239137,16.734002954393475,-23.81633274177219,-56.8699212108695,-161.94284937056946,0,none
52.0539,8.13871121957406,1.9038391702674933,19.06730191662331,22.958251503730843,-75.25871549641884,0.2645975588221027,-13.960246274378422,4.047183580352513,16.676392446265776,-24.04946885455431,-56.80233324507761,-161.66435361671682,0,none
52.0706,8.079080132563993,1.8780492231942385,20.157817975739977,25.20353667887377,-70.07844113546155,0.6891306056324101,-13.89751861819475,4.086245103758625,16.615253456704924,-24.28155741547816,-56.73409295184484,-161.38687888398985,0,none
52.0873,8.187965416162259,2.1460148660693683,22.51550072941553,23.141480192208142,-72.69909497815283,0.1974961093597241,-13.83647831776826,4.1223215468248045,16.55454646361093,-24.51262660338489,-56.66525018201287,-161.11041795804755,0,none
52.104,8.168980184369095,2.056744070710565,21.22903766596916,26.88278068224005,-70.83375225168174,0.3951305874590406,-13.774672297969362,4.157427231644395,16.49499672822515,-24.74266363076098,-56.59582114724441,-160.8349515126862,0,none
52.1207,8.084236227172811,2.53830819277064,22.132240854878187,25.112872707825765,-71.06092100472517,0.2979017751009065,-13.712980914075438,4.196499494336375,16.43218567496429,-24.97167041202604,-56.52573960568899,-160.56053401191429,0,none
52.1374,7.997987878396929,1.8143039386748403,20.000144923452638,25.412735823112108,-68.71515667226704,0.1987569438436898,-13.651774653330724,4.230158650079166,16.37266568025438,-25.199655048736663,-56.45509595623267,-160.28711049505404,0,none
52.1541,8.183938823010134,1.9906361215531303,21.044892841969308,24.77613909470781,-64.93964583331955,0.4938366461038186,-13.589748192892031,4.267098903999728,16.311374946038093,-25.42660384355796,-56.38383540453587,-160.0147105334552,0,none
52.1708,8.116116661412875,1.7187438023106154,18.57602199950361,26.40892920474989,-74.44855021959863,0.5754160807718693,-13.52455242826318,4.303639425258895,16.249138133725307,-25.652463869109955,-56.31196462613405,-159.743349926622,0,none
52.1875,8.153328564688413,1.7902818707756798,19.47346555476834,25.670383688631144,-68.25506012581111,0.558328603807674,-13.465038528608218,4.337211404694688,16.18752413500244,-25.877330012537712,-56.23953319567565,-159.47301827356745,0,none
52.2042,8.136504231310836,2.343089564756488,19.76085207837996,25.373335233335737,-71.83837677733494,0.4735503459518819,-13.401032548361522,4.374573540670927,16.12752292150609,-26.10112725609535,-56.16647781754644,-159.2036886407783,0,none
52.2209,8.067355912579739,1.800050377364631,19.35102141614142,23.801496943528505,-66.26784841367493,0.2522768818965319,-13.340243349991118,4.407620508758525,16.065672567117485,-26.3239093200402,-56.092870555050176,-158.93539190890743,0,none
52.2376,8.142422384868055,2.053318892476094,20.663508799907937,24.62232991189046,-66.7847708151043,0.6860814592397484,-13.27638337188898,4.443217572718501,16.003976921766906,-26.545624922350747,-56.01866882158578,-158.66812549431393,0,none
52.2543,8.282271973831545,1.4763827357841095,21.41155964555709,26.477921388402045,-69.52354773675206,0.3064132444348924,-13.21441016165645,4.475976274992483,15.942937221786892,-26.76630557205041,-55.9439200177934,-158.40187844271009,0,none
52.271,8.028667639181693,1.857273255395646,21.606952763012195,25.960570432112075,-70.98774799692634,0.3797669112300822,-13.151334083810266,4.512880808175062,15.880632833268928,-26.98593285125004,-55.86855490829688,-158.1366718743945,0,none
52.2877,8.199386100608509,2.224229434718016,19.305524282362004,23.56524263379876,-69.849609771924,0.3977062788490756,-13.08818747174035,4.545889778404546,15.81896059859789,-27.204505582028105,-55.79263854899752,-157.8724952323979,0,none
52.3044,8.053687661432054,2.213247428742129,18.531957262577126,25.08067385965308,-69.63908669140561,0.3833368593600575,-13.027142827208104,4.579106561626181,15.759363025894343,-27.42205886724248,-55.716167469418366,-157.60931386986547,0,none
52.3211,8.005589690665838,1.7841145287556446,20.07112808857012,25.046792060668803,-73.84379678901263,0.3436185896187258,-12.962550387306864,4.612038421648052,15.695062611290885,-27.638533458710505,-55.63914642777684,-157.34720632425692,0,none
52.3378,8.121573328459935,1.8283526133239827,21.039137175603518,23.886134868912297,-68.12918960645402,0.4761677074779146,-12.899049559587931,4.647120204291649,15.633328231485086,-27.853947586355623,-55.56153952036517,-157.08612974279112,0,none
52.3545,8.065750161304225,1.8608042349249188,19.36497095178064,25.20482185675072,-72.47012352731984,0.7139154257020437,-12.83789692436018,4.678527817543148,15.573354893715424,-28.06834046499244,-55.4834081058122,-156.82605471606607,0,none
52.3712,7.87149003262385,2.060496810884592,21.58354653143705,25.92674056563232,-69.24881155136973,0.7714730275466593,-12.772029145172572,4.713389726479639,15.508403597033192,-28.28163335171682,-55.40469449737999,-156.5670643759956,0,none
52.3879,8.140117701174137,1.805925790631225,20.85056518981981,24.74007257848289,-69.17508601142622,0.5191767226340519,-12.71030509676282,4.7452131712120575,15.448116164345842,-28.49389544683276,-55.32544943742075,-156.30908083605104,0,none
52.4046,8.160449217150628,2.0046985197447293,19.66513776619168,25.93932475155041,-68.26737366345523,0.3144582175468562,-12.648014485283234,4.775413638846984,15.386285595822162,-28.70511728873699,-55.245700029652006,-156.0521298666008,0,none
52.4213,8.16076616579873,1.5745757831557363,22.483881035683986,24.343502171374016,-71.63308572359146,1.0942687559708393,-12.584435505213657,4.8102479158567615,15.324728178117704,-28.915277361674057,-55.1653688894572,-155.79620690602624,0,none
52.438,8.193861729786832,2.1636043293403704,20.147843038836797,24.9259805805501,-65.68697409487852,0.6985894264087594,-12.5219239651816,4.841930621327657,15.26326724502495,-29.12439349189259,-55.08450864808103,-155.54131034303433,0,none
52.4547,8.0932742444081,2.0311865764196315,20.9579104312699,25.22461079882829,-66.62851288730685,0.3328498543714357,-12.460193360950573,4.872497690308377,15.201872241710292,-29.332478721020465,-55.00313793665288,-155.28743907659776,0,none
52.4714,8.007377023266397,2.242806599394273,18.684217462428748,24.869854231990768,-65.66772328443544,0.1968394403792967,-12.39427245633449,4.90422245262255,15.138730901578366,-29.53946307104125,-54.92123742169408,-155.0346222705414,0,none
52.4881,7.918268259930133,2.2411554120154995,19.776102306557544,24.63056354245958,-68.53071380287791,0.4901096034709956,-12.332543113963538,4.937060420908677,15.077083159538375,-29.74541654104444,-54.838788512664905,-154.7828349817771,0,none
52.5048,8.068917067825602,2.2409548647042,19.813090320027875,26.37806246642149,-71.06849989918308,0.4396625723406272,-12.269544411443354,4.966801345313467,15.01584148028886,-29.950317932715546,-54.75584293019817,-154.5320704290563,0,none
52.5215,8.13883447378624,2.0480756364098296,18.19433589342161,24.69294847569519,-77.77242556728652,0.4525523549528332,-12.207147275626154,4.99807025611802,14.9542747390894,-30.154177292218503,-54.672375156921,-154.2823340409135,0,none
52.5382,8.069438331811961,1.950419736624451,16.781712539488254,26.458562380841677,-74.0039105317163,0.7988263982127567,-12.142039980832886,5.029696069653175,14.890816939942418,-30.35694935989841,-54.58837923255779,-154.03365739801646,0,none
52.5549,8.182221667396584,2.0190941780997025,20.12617290222188,23.760130109017343,-64.4997646664412,0.3940579979791457,-12.081432241975552,5.058971433837065,14.831336197003685,-30.558709278339403,-54.50389440961271,-153.7859740835265,0,none
52.5716,8.191201042831164,1.8625442432059405,20.95554447187304,25.461923271797392,-65.62981927232488,0.360572970231385,-12.0202574984682,5.087250292275488,14.772160758934184,-30.759447578563822,-54.41893732973171,-153.5392789988523,0,none
52.5883,8.150321000007004,1.8236998987094115,19.33282786479525,24.21971643486563,-73.83413504932969,0.5763818086780083,-11.956211443441232,5.1187688370527225,14.708015233281571,-30.95911630966929,-54.33345389015293,-153.2936551444565,0,none
52.605,8.062919510865731,2.169881043404978,19.302528687652792,25.199458635078383,-69.02242172130917,0.1076040875298824,-11.894932817676034,5.148349460110758,14.64870611347031,-31.15776168772448,-54.24747645416908,-153.04902175236154,0,none
52.6217,8.12373758684354,2.02593775205605,18.154432385441616,25.098020516371815,-63.10759921418776,0.0321982422730602,-11.828889562861423,5.180133364301477,14.584118871022394,-31.355304143424267,-54.16096822698525,-152.80546696721547,0,none
52.6384,8.15652113743844,2.24625538234573,17.82005207487635,26.023971562468656,-72.56523065589667,0.526779704909989,-11.769522368647497,5.206779014774972,14.526787931506098,-31.55185516698068,-54.074015017438505,-152.5628696087593,0,none
52.6551,8.075263765462097,2.318220640631825,18.406639817169115,23.42067973751643,-74.65704188909402,0.4410872427215727,-11.706890018074306,5.236468304126801,14.463604402139335,-31.74736023028252,-53.98656599675959,-152.3213274152436,0,none
52.6718,7.889086755995421,2.0678940841965594,18.66154756843324,25.29545898150493,-68.52079278335614,0.4098303534252681,-11.642741505917824,5.26651217511587,14.402995089606842,-31.94179401343135,-53.89861524343515,-152.08079739724715,0,none
52.6885,8.09517710123504,2.1199869870010293,23.196793297370665,23.884612502998998,-67.85145768322286,0.2050937842778643,-11.581590551388071,5.294557573620806,14.343243772915056,-32.13520657563953,-53.810196131955685,-151.84126522623947,0,none
52.7052,7.997629376098086,1.9995507089586415,22.99998188837193,25.814937386704745,-61.76493175781224,0.4627436100636853,-11.520321518479523,5.322738199277534,14.280945460820714,-32.32759594499814,-53.72130640402775,-151.60277343704377,0,none
52.7219,8.281056526854227,2.174856014260153,20.874699845554357,25.30761719189326,-74.49814805023709,0.5946533560481283,-11.46034557769016,5.349777454270651,14.223340471935405,-32.51898371614556,-53.63196512054143,-151.36524365116244,0,none
52.7386,8.174876005835735,2.114571408872384,22.0308856858579,24.38065920610893,-71.59006990868991,0.1585541715741834,-11.39597626360375,5.380347787580431,14.161553091996408,-32.709296519747745,-53.54211331248884,-151.1287457145261,0,none
52.7553,8.154330613704289,1.6193088464808776,19.452260349070865,24.98446308998705,-62.95398209772021,0.5624298155522034,-11.334255719078923,5.407131056317323,14.101017954684556,-32.89857859025636,-53.45181422384834,-150.89325871468287,0,none
52.772,8.099185450897226,2.190653073487053,17.89446930438924,25.436751929109185,-74.20932285801032,0.0427521934929966,-11.272920691413358,5.434752058145203,14.04140032735734,-33.08683636580297,-53.36105386447731,-150.658767329216,0,none
52.7887,7.929775744748504,1.964557795502384,19.74992814878552,25.522160478327145,-69.79280224983943,0.2034463387348447,-11.214569448285827,5.460454871989223,13.982467371229218,-33.27411967558934,-53.26986426811509,-150.42526012411648,0,none
52.8054,8.239887569173318,1.885454082256427,18.56685035381418,26.516999027818468,-73.04305680486188,0.1702231168922072,-11.150572720382002,5.4900528502339805,13.921569021751926,-33.46033424001972,-53.178180385516185,-150.19276992145322,0,none
52.8221,8.091778462879923,2.0317720032138107,21.532799915497527,24.106771503007057,-66.55123850422237,0.1850503674494771,-11.090458825406332,5.515161894851638,13.862778986095805,-33.645544902404005,-53.08607718187216,-149.96126151238542,0,none
52.8388,7.975319743799559,2.0239211703241597,20.643424070626285,26.63064942115282,-73.2224454173901,0.594434210345235,-11.029153509695393,5.5433534276886745,13.80207839107579,-33.82973176601592,-52.99350317962976,-149.73076680325445,0,none
52.8555,8.098171213348543,2.036875037030679,19.081014788393848,24.96205508141903,-67.62697655367313,0.9710248077241252,-10.968859656929787,5.570261243432899,13.744786047214657,-34.012911722286645,-52.90047981686443,-149.50122887626597,0,none
52.8722,8.042441285588621,1.8311098319906944,18.59251939728017,25.055973322998195,-75.45788540182983,0.0,-10.907695972861632,5.594971204089576,13.68429244696322,-34.195070245033435,-52.80704379775614,-149.27270119240168,0,none
52.8889,8.205313915054964,2.0407370491365127,20.14466303035868,24.91210842868876,-71.81482282773456,0.3681957535380886,-10.848425894418776,5.621298346954173,13.627175288000744,-34.37623895747023,-52.713168115362,-149.04512736509207,0,none
52.9056,8.16463834303731,2.132621815839085,21.829208272235444,26.54399182392438,-71.50334711642661,0.5438616146588168,-10.788335754619297,5.648733512581866,13.56788721293871,-34.55640416457237,-52.618834265701885,-148.818543648636,0,none
52.9223,8.121248174302803,2.2470202105425785,21.40715295010356,25.184590335753377,-71.37941570652025,0.2125699177314399,-10.725069785725076,5.673407998714253,13.506870447162749,-34.73551282999398,-52.52408835212336,-148.59297891216838,0,none
52.939,7.938833511556955,1.6999060624829236,21.454640033559965,24.29006506782253,-72.07294125416695,0.6252801908417592,-10.6709383876076,5.699099561870545,13.453509525470237,-34.913717501067026,-52.42891338944012,-148.36830530309302,0,none
52.9557,8.153718924701788,1.9652740038610583,20.61194926758104,25.631973998304957,-74.66321593794822,0.6792296686292818,-10.607044244318484,5.724611527602055,13.391144887659555,-35.090855139947145,-52.333312376929165,-148.1446731834691,0,none
52.9724,8.054621036365866,1.9667240040606824,21.24934709858148,24.173490801202508,-65.19256581266843,0.3893304082673775,-10.54828505330678,5.749779769339042,13.33456290650733,-35.26701150033737,-52.2372910547812,-147.92198598293044,0,none
52.9891,8.052323219898614,2.0956931772029543,17.771784974442518,25.889508924122257,-73.09616092936403,0.947607781230116,-10.489676975167388,5.774388982139513,13.277495858672554,-35.44218910582266,-52.14085875877947,-147.7002518020906,0,none
53.0058,8.052636879925767,1.8096815701863225,21.53302524619478,24.657775748864317,-71.45798418250023,0.5325809316440108,-10.428705486470545,5.800233153410428,13.218817333663427,-35.61634848744672,-52.04399486511752,-147.47949755261843,0,none
53.0225,8.06152979291444,2.2780280603573035,16.901715110996342,24.70307215364157,-65.05864515656222,0.6360459256484507,-10.372427566982417,5.824638530382151,13.162992931184847,-35.78956802781533,-51.94672340166014,-147.25967557066764,0,none
53.0392,8.196826376143527,1.721576424746201,20.79506668890684,25.50208587415161,-71.14026901198086,0.6958066985000034,-10.313797236614487,5.847529329177199,13.106078790067087,-35.96180844166679,-51.84906966186288,-147.04080405487352,0,none
53.0559,8.105778212678478,1.9676884693680596,20.26301462739835,23.64641363639332,-66.65488029125346,0.4037123162103364,-10.25321900845034,5.873935390675128,13.046218382520308,-36.13303719910791,-51.7509749408386,-146.82293220788543,0,none
53.0726,8.018495679925627,1.7372964987170243,19.669329102112968,25.14395478559476,-75.49698570901786,0.3699723193849321,-10.196186427618334,5.89548120231853,12.992944265395003,-36.30331351244914,-51.65252040475988,-146.60595003865333,0,none
53.0893,8.122114638012306,2.257237594919114,21.168993375498378,24.58147442296285,-64.2351923129294,0.2197268183188575,-10.137407960642916,5.9211015321351175,12.935480152412412,-36.47260822539187,-51.55363800917323,-146.38992752010805,0,none
53.106,8.060990128080284,1.7854603339060764,21.30937792188933,26.67784372805667,-70.8719521106033,0.3900765313547843,-10.07943643983524,5.944611846586186,12.878316542432533,-36.64093481393712,-51.45436299133524,-146.17485963384942,0,none
53.1227,8.170584912273371,1.8969205389522288,20.874431471567554,25.191789745328244,-64.80943657724629,0.5130017804669704,-10.022533268457885,5.967574814238951,12.823314849251895,-36.80831111952037,-51.35470449193745,-145.96071027586692,0,none
53.1394,8.160958300195837,2.106265908634203,20.04475289472197,25.63506252080853,-71.73598178550903,0.6030818696995024,-9.965476784542776,5.99084684614641,12.767260774215565,-36.97473458182223,-51.2546573496068,-145.74749702093752,0,none
53.1561,8.029650190489495,1.7073283700842246,20.82985381682544,23.352820865453975,-63.95788540750139,0.4188366621232218,-9.906604962125442,6.0138953179472345,12.71125624104562,-37.14017488468973,-51.15422529779708,-145.53521904171205,0,none
53.1728,8.082733713136756,2.045251137988115,20.440876762698185,24.926563182057453,-76.21428654526082,0.648095943753479,-9.848934480535592,6.037679686364145,12.655890767923992,-37.30465209051467,-51.0533960470348,-145.32386566588772,0,none
53.1895,8.126040145116402,2.0104503683849093,18.38415100209048,23.21351317963948,-71.76782536500043,0.5879973421819443,-9.795141522102062,6.059767309406063,12.601836551244126,-37.46823095393378,-50.95219793296772,-145.11341499548195,0,none
53.2062,8.066226851964183,2.044672117142873,21.26947222541976,23.629085361022646,-65.62114546223803,0.6454538466810641,-9.735476765691612,6.082519082253842,12.545029178514136,-37.63081341592083,-50.85061986429408,-144.90391300820076,0,none
53.2229,8.004234231908777,1.842875151767965,19.890651192494243,25.253035627188872,-72.27309168199342,0.441853963550325,-9.68207571828887,6.104840277871119,12.49321496991812,-37.79250408041625,-50.748669031653634,-144.69527631820313,0,none
53.2396,8.046306817032939,1.797196435716942,19.02335176219501,26.470011901818825,-65.99522131791825,0.2641567583405382,-9.623242620526796,6.126560659456736,12.438122503987373,-37.95321223217905,-50.64635546864071,-144.48755967238654,0,none
53.2563,8.278512944866645,1.7845294458969878,19.52780379878972,23.87110141700969,-68.40688705826774,0.1068203752706092,-9.568912447047218,6.148731147060439,12.382302643269025,-38.11301307004474,-50.5436716584848,-144.28077521824395,0,none
53.273,8.272353825406164,1.9045883387914224,18.54240439890765,24.741940849950755,-67.8188208233351,0.6145110494474624,-9.512625008672066,6.170036912112375,12.330134895307085,-38.27187390768956,-50.44063204205252,-144.07486196549232,0,none
53.2897,8.161860457547983,1.576344445683297,18.564272143391577,25.485830689788973,-78.28509750914833,0.5051771138143223,-9.455578164563034,6.193355846315268,12.273923564380366,-38.42978206303776,-50.337202999419056,-143.86988744196717,0,none
53.3064,8.13148800811347,1.5201774037531426,21.26683574179302,26.2048618989919,-71.53068044498136,0.2960958878928408,-9.403769366200663,6.212885498697518,12.22415409475326,-38.586825011453314,-50.23344781159081,-143.6657440685848,0,none
53.3231,8.063026341708532,2.2688383528264398,19.3239937576355,24.63898499427603,-71.360416842554,0.5788458921536236,-9.34558017664423,6.23574592852375,12.1682120057502,-38.74289620040327,-50.12931085458446,-143.46253492808876,0,none
53.3398,7.992840440446181,2.2117916395161035,18.931659714129943,25.283781799218765,-70.09316097522166,0.5047041294530892,-9.292068674167416,6.255723172029553,12.115891402208195,-38.89807374726187,-50.02484027761157,-143.26019954167188,0,none
53.3565,8.166072059251478,1.8855640635347135,19.258430220338184,23.678116727481044,-72.99663467718884,0.7225194353154434,-9.238193633001844,6.277525927156185,12.063985160738778,-39.052351580933,-49.92000559462806,-143.05873098948754,0,none
53.3732,8.288219443731125,1.8961540949647768,19.199850538702613,24.70085304566432,-67.6076250763152,0.4495309375056942,-9.18175770792671,6.299210285115618,12.010347670482446,-39.205686934655375,-49.81480878286663,-142.8581581833905,0,none
53.3899,7.995960959916581,2.0044078090429096,20.294296589331086,25.05121681002216,-69.1500332571104,0.5165390374617247,-9.128755534794852,6.318547511498847,11.958599313979658,-39.35813715208645,-49.7092890394246,-142.65844957484703,0,none
53.4066,8.13175383336028,1.729395252799709,17.616053459701096,24.0537212784948,-74.81142114858908,0.2476613800496939,-9.075898452476713,6.338688977666148,11.9074235825061,-39.50970465624281,-49.60343293349757,-142.45959560101917,0,none
53.4233,8.031394294360812,1.8796479781999669,20.27076789378715,25.778222288589152,-70.29704417973086,0.507930189305181,-9.02202662729819,6.359378141552641,11.85596960519643,-39.66037250091869,-49.49723131853364,-142.2616009086124,0,none
53.44,7.925512561196411,2.2194219004487774,19.929710152609264,27.053334300099102,-69.64189367161231,0.2724818158123532,-8.966768268007234,6.37996881336295,11.80257309535576,-39.81011753099441,-49.39068583935048,-142.06449793791995,0,none
53.4567,8.172999367477312,2.0150809930400118,21.05734900675537,26.160524526731194,-74.26026489327518,0.4931129218970662,-8.914357843005899,6.400089289405589,11.751105809002004,-39.95898730697261,-49.28380434821741,-141.86825447090962,0,none
53.4734,8.036940814608831,2.2598223946567884,20.062924909435697,24.2556306195555,-66.61942075237442,0.43187730807599,-8.863724994444192,6.418419417370107,11.703524486086438,-40.10701151437983,-49.17661674394733,-141.67280561199198,0,none
53.4901,8.05993521052564,1.69610086582724,20.986503765445654,26.43601635529157,-66.15911222761032,0.2696672809514822,-8.808497720601862,6.439731937710534,11.649169623997484,-40.25411342631388,-49.06907322058756,-141.47826447927122,0,none
53.5068,8.073883786364094,1.941673486680452,20.63102480713884,23.902411480299268,-71.67526073797322,0.5436689125414125,-8.757045651819766,6.458172495559744,11.600977061239254,-40.40035608869927,-48.961221739911714,-141.28452816234852,0,none
53.5235,7.973349671232383,1.9301164269834288,20.34943566981948,25.288412148666357,-69.60401863616018,0.1853459564997129,-8.70609279410898,6.47861095621098,11.551169820275058,-40.54574783836089,-48.85302893694299,-141.09162362634993,0,none
53.5402,8.06529153652122,2.0648900058461286,20.073709118434635,25.52525036700474,-74.44615756241511,0.5190789225846976,-8.653023321705335,6.496156695230165,11.5019150206274,-40.69025332783337,-48.74454312013265,-140.89954164550545,0,none
53.5569,8.004062575262065,1.7439831394992824,16.647654138053134,23.812468860363268,-71.22083680969335,0.7504099610704398,-8.601320227246667,6.516474098175,11.450965177020604,-40.83389537562839,-48.635718002693125,-140.7083105270492,0,none
53.5736,8.109256567356978,2.01115706023759,22.12855017138261,25.694205060174266,-66.93675270424835,0.6455526376792657,-8.549830506349318,6.535975403333547,11.40099365854016,-40.97667754508442,-48.526567213457454,-140.5179139329516,0,none
53.5903,8.16639335111056,1.972188931653933,18.644563729325625,26.022914119942936,-68.61827054577616,0.5078753060138853,-8.4980674067685,6.553570233329552,11.351966606495528,-41.118595270777455,-48.41712259056085,-140.3283360906231,0,none
53.607,8.10195650874418,2.063023425158929,18.976811819943983,24.888762437213597,-71.43442584923952,0.4487604681905339,-8.448943402378475,6.571298266414673,11.304011051924636,-41.259692625597175,-48.307381909511726,-140.13955910605597,0,none
53.6237,8.077805312438514,1.8049370698339204,21.046406899660017,26.496584450538947,-70.92615405518809,0.496068126877858,-8.396637715252464,6.590572302861532,11.255899977968538,-41.39991647544189,-48.19731935205394,-139.9515855764239,0,none
53.6404,8.031570261240176,2.031484486935717,18.51140318084058,25.242570612457328,-63.0808894938966,0.995389048863436,-8.347665608747898,6.60884532497823,11.20598893522014,-41.53932249110798,-48.0869516351268,-139.76444556120572,0,none
53.6571,8.119720809518382,2.252668404250678,22.372142853605997,24.588904653734755,-72.20756013188038,0.955632430647424,-8.297694611653927,6.627572269238923,11.16033125024993,-41.6778939911226,-47.97627117823051,-139.57806802932654,0,none
53.6738,8.11343992645967,1.8904943850577165,19.104023040866284,24.076693873700822,-74.62316273094973,0.1670508567329796,-8.24468882298067,6.644991394119428,11.109895177427772,-41.81558029446638,-47.86529982194872,-139.3925327798635,0,none
53.6905,7.979664709201025,2.3511387424745576,19.56264966535037,23.525416144629435,-72.94515890417036,0.5371352796427818,-8.196811284325795,6.663149625934044,11.061962362777274,-41.95246704291462,-47.75402522319562,-139.20779800840512,0,none
53.7072,8.033742243120605,2.030410714403551,20.78893144962341,22.884328669845512,-71.19311248197452,0.329541762135309,-8.148584157716115,6.681065984380752,11.016711081814622,-42.08854839834848,-47.64245142125646,-139.02381893333882,0,none
53.7239,8.224411182675215,1.90063585362495,23.43576530098686,25.225383469610005,-64.4816032785178,0.2628832431975496,-8.098981829772816,6.697317494934435,10.970219101050285,-42.223801394905685,-47.530606219091055,-138.84061627435128,0,none
53.7406,8.143562918570431,1.9332467292682949,19.655139066682832,25.51777719114752,-68.49100039722664,0.8699267347744487,-8.049569610370002,6.715581828493288,10.922469808156778,-42.358229207398864,-47.41845600255522,-138.65821102855506,0,none
53.7573,8.028138401708496,2.13443788311512,24.5784124385071,24.524914395939994,-74.5147001858877,0.3113536303091063,-7.999187153900293,6.73341822464022,10.874625707307777,-42.491815632869,-47.306007918203726,-138.47660477924302,0,none
53.774,8.109587138927166,2.3260693503929324,21.069841924467287,25.15535915919313,-67.69153825426899,0.5078954786830618,-7.953953097787849,6.749546981118202,10.830134699291303,-42.624646649602056,-47.19329048361905,-138.29574152976485,0,none
53.7907,8.143943343551747,2.277730063889403,19.9475073905986,23.583233508851336,-67.26414818752492,0.9066906050754528,-7.9044777559378865,6.766170106608073,10.782991432454867,-42.75665142812622,-47.0802954428387,-138.11566557284286,0,none
53.8074,8.08446168133992,1.8681756935779097,20.8047804787818,24.55866912008556,-70.96823861430731,0.2164398021247728,-7.855493391470851,6.7843993713595605,10.738010093611068,-42.88783816776378,-46.96699597333699,-137.93634080427955,0,none
53.8241,8.188218334139883,2.12639782211815,19.505957130911597,23.584935534462456,-73.40840206302103,0.3543244791037473,-7.809587934964285,6.80004994095993,10.694492722177053,-43.018258286277685,-46.85343513932296,-137.7577427758192,0,none
53.8408,7.966557861024763,1.9806805316749403,21.234125771552964,23.790279712640423,-70.84993262095934,0.6484789584585091,-7.761416448273625,6.817407025975346,10.64683506307871,-43.147873940963855,-46.73958444198917,-137.57994063026578,0,none
53.8575,8.174916720825605,2.063839985134217,19.914884090832015,25.61457660860881,-68.08858003937317,0.6337662050560944,-7.71315219866349,6.83291261863519,10.60226800057094,-43.276683582681535,-46.625474801257965,-137.40288275465625,0,none
53.8742,8.009325956932491,2.3319345468451536,21.359913810522134,24.785699864315127,-65.5475616481146,0.3598646667186173,-7.665924363728847,6.850205373561618,10.555892469559542,-43.40470451955581,-46.511076371519486,-137.2265993504146,0,none
53.8909,8.081480978790363,2.2183912574932285,20.602191368701348,24.888716236175476,-66.1194430210962,0.4219307479879201,-7.621692218866789,6.864852646944252,10.5149578392125,-43.53198677961088,-46.39643333231552,-137.05099955449975,0,none
53.9076,8.127071918935568,2.157661363381421,20.69197800032905,25.939489760351517,-64.81156182642039,0.6103107406929871,-7.572816865094463,6.8832570022134725,10.468079661379107,-43.65845282125796,-46.28148294037855,-136.87618262415472,0,none
53.9243,8.062731611682402,2.0611942302272896,19.23655953487403,26.103564162696816,-72.66822957814742,0.4466626244766243,-7.529373495399742,6.897098347481656,10.426850106998184,-43.784193358631136,-46.16630139797561,-136.70205422736785,0,none
53.941,8.090533090957264,1.683780693621215,19.3141666603691,26.168837082966743,-71.63918395469258,0.6509504131322216,-7.480296326744741,6.912989606619787,10.380202610386885,-43.90911430728777,-46.05085447154506,-136.5287048437744,0,none
53.9577,8.043803279342645,2.235963568416118,19.26952463748028,23.035420336383314,-70.2866638682445,0.7905800675684269,-7.437025607987346,6.928640881755905,10.33978210259164,-44.03331263494116,-45.935146168819735,-136.3560304826611,0,none
53.9744,8.07000572118333,2.07865212451728,19.361818897474272,23.89352013187456,-65.74535926029469,0.3151259329210845,-7.388884243241279,6.945103381406068,10.293686880480166,-44.15670700180329,-45.81916294235025,-136.1841259117571,0,none
53.9911,8.145273232866199,2.1848022839021857,21.68727162400479,26.13461478069966,-66.43504128836601,0.5816386141581618,-7.345752176149149,6.960189801093545,10.253365014034648,-44.27938106314498,-45.70292777267199,-136.0128947160227,0,none
54.0078,7.986553954371587,1.8462904706491896,16.229115322624875,25.049117026038186,-75.7232463107889,0.4850401731525208,-7.300698559465693,6.974497365558682,10.21020300522773,-44.40130272908806,-45.58645366666716,-135.8423843258354,0,none
54.0245,8.0112602204919,1.8840394649368024,18.42430515586715,25.17741822755383,-70.39277439780723,0.5816508628592013,-7.256689302073499,6.990822646101976,10.167788137369731,-44.522489440432686,-45.46970692847726,-135.67258226394134,0,none
54.0412,8.137506600968974,2.306225268540504,19.58405385206171,25.228304557416266,-66.26059785334267,0.6995875624595287,-7.209781530018157,7.00536901504606,10.124467441110069,-44.64289279198399,-45.35271726592599,-135.5035036576748,0,none
54.0579,8.260923670316304,2.060173621366684,17.701161832914927,24.797350166570567,-74.35386163519979,0.8798356185430478,-7.166864916051495,7.020327456340889,10.084311876528114,-44.76257943608205,-45.235477797405096,-135.33509564933678,0,none
54.0746,8.137645152156841,2.1785168538825346,20.352900426842524,22.6328818635685,-70.19928352381338,0.5612260795640093,-7.121051058731128,7.03588826320807,10.040473977130116,-44.88150098876286,-45.11797846340952,-135.1674197339187,0,none
54.0913,8.014034297795927,1.895873840061846,16.234265216529664,24.27658582499282,-70.60198456857663,0.2803091560860694,-7.08020192218758,7.048967899567026,10.001747378158164,-44.99974036086339,-45.00026069948675,-135.00039055270346,0,none
54.108,8.05303980193366,1.9544959190362776,20.574838772039797,26.2506706872358,-65.5156997608709,0.640907040135069,-7.03631135848058,7.063423331738374,9.960649952999294,-45.11724676055002,-44.88230152984672,-134.83404769848838,0,none
54.1247,8.137219622791926,1.9453390333972007,19.822516034747167,24.566365701784655,-78.18799365569156,0.6850819431899546,-6.990507323333681,7.079264442947369,9.917269137567288,-45.23398823284969,-44.7640778136495,-134.668429303891,0,none
54.1414,7.999588224051056,1.7544953073413814,21.40687655993004,24.824158965272836,-69.285829960615,0.900952898829436,-6.949750302683011,7.09264191543579,9.879191997750588,-45.350049062904496,-44.64563069366172,-134.50344679752857,0,none
54.1581,7.976428927047314,2.144343754083104,15.64501995714317,24.332858254290816,-67.88152988048616,0.6173386061276571,-6.905611141703901,7.1068234772110745,9.837553581667112,-45.46537276897095,-44.5269467415923,-134.33915965271473,0,none
54.1748,8.08422173551669,1.867596434609225,20.60016173636012,24.440961005398847,-70.09788898737894,0.3071264785726263,-6.863296457195053,7.12074438631773,9.797769516355626,-45.57998981980611,-44.40803031034079,-134.1755369017916,0,none
54.1915,8.06232075214574,1.874473354320995,18.95840308871415,23.859974444602965,-69.07957042836787,0.6838903131018121,-6.821811363284631,7.135084615057027,9.757807910829913,-45.69391406957296,-44.28887439726934,-134.01258150968073,0,none
54.2082,8.016538758124144,1.9604155539931745,18.36047657018708,24.885879244323576,-68.01146148456618,0.5972188107534635,-6.778974714762853,7.149945421097457,9.719213077151087,-45.8071229473095,-44.16947030873701,-133.8502706512923,0,none
54.2249,8.242234416717357,1.8938121239887016,19.851309709510573,25.63235247787808,-75.23650574062849,0.4358038575376033,-6.736650138426928,7.160656645182714,9.679079873568574,-45.91962500462123,-44.04988734276246,-133.6886300174037,0,none
54.2416,7.99127508236551,2.3909310442367224,16.841825851777248,25.48568260024414,-66.33859642111469,0.2115291907523412,-6.695270998048335,7.176594181379091,9.63998926510012,-46.03143603028864,-43.93003821993343,-133.52764219667654,0,none
54.2583,8.11288099316105,2.002364389308498,16.13580206137673,24.82120837294983,-71.03499740091338,0.2620831647741525,-6.655043961637898,7.189898335428235,9.602259443450302,-46.14257526444799,-43.80996691773178,-133.36728446397092,0,none
54.275,8.033212025991748,2.001662598675027,20.207929082558948,25.55675706903708,-67.37849142674588,0.2734921503850786,-6.611737098126354,7.203579456384835,9.562128765779986,-46.2529912739867,-43.68966714081015,-133.2075969135824,0,none
54.2917,8.089864331122374,1.8913303418741745,18.123846601747427,24.99655997137862,-71.86899578370922,0.2868828401999092,-6.57283913155214,7.216003688013277,9.525579347229348,-46.36275768748362,-43.56915987922033,-133.04851973848366,0,none
54.3084,8.034349180026679,1.7813585421714095,19.460350162089075,25.641009778734155,-68.588614061694,0.6160336850025241,-6.530009095803978,7.22836860994519,9.485950204559495,-46.47180883938355,-43.448446123434245,-132.89010437006752,0,none
54.3251,8.102580927707475,1.7505112450253808,20.263441448071056,24.83652985554354,-63.76155466653225,0.8936331133204201,-6.492846481309496,7.242288364176528,9.449806825016994,-46.58023937562142,-43.3274999077525,-132.73229259608974,0,none
54.3418,8.227001850060207,1.580776857887549,19.98037389104796,25.003016749495774,-67.4132279942099,0.5089748826145731,-6.448218540189394,7.256314537431984,9.40907685868306,-46.68792462524258,-43.20631945497738,-132.57516101254973,0,none
54.3585,8.069246392365576,1.538607698936767,19.040634120342748,25.5484730612879,-69.76648972604674,0.1090886259625405,-6.4113921310559485,7.266993303109436,9.375192414922196,-46.794994873831214,-43.084960666815455,-132.41859529922053,0,none
54.3752,8.19914704982898,2.2253745326954126,18.00382318137431,25.43878995204282,-70.82427030142759,0.4923580951845844,-6.369748521243326,7.281172531589594,9.335924453916402,-46.90136967413598,-42.96336508553791,-132.26268536084012,0,none
54.3919,8.035988482247218,2.4095588422118217,21.832719441124823,24.29804834358493,-72.00337188384357,0.1784875691500731,-6.330254565201354,7.294695269433368,9.299614793018216,-47.00708492537484,-42.84154367453837,-132.10738179379672,0,none
54.4086,8.191804876997114,1.8047118718061008,19.736523174491136,26.69384481243357,-70.73230607810135,0.3029300381498915,-6.292483322743569,7.304966997437845,9.26310396619816,-47.11216939686466,-42.71955072568116,-131.9526879575612,0,none
54.4253,8.081560839296786,2.4171174230523835,21.23607415965933,24.655498313654544,-71.42155084337693,0.5450112925685403,-6.252319918575122,7.319648386289678,9.226498748186978,-47.21658313950486,-42.59731259763012,-131.7986054284665,0,none
54.442,8.034111994527466,1.6349007463167191,19.997279966576823,25.55884899341769,-71.76318389859942,0.4233329083478065,-6.211764072676624,7.33036385474708,9.190333654041506,-47.32031959951856,-42.474895521255846,-131.645126856444,0,none
54.4587,8.149650448981046,1.7309649070850668,20.93727494734324,24.96404787326198,-68.28565223346965,0.3215217456310875,-6.17537921502412,7.342604406642755,9.153868503049493,-47.423448432409465,-42.35227402766491,-131.49225725244307,0,none
54.4754,8.154355920137572,1.9330374535828985,19.47281782045053,24.59595528553478,-72.76754245701323,0.9335001733445548,-6.136370377013535,7.354969228152429,9.119962187110254,-47.52592581770559,-42.229446041554766,-131.33995388391833,0,none
54.4921,8.11217662255805,2.0763276405940347,18.69746990238554,23.14141264695397,-65.74343255819124,0.588067684755256,-6.098697438349598,7.366510988500416,9.083482578033797,-47.62777406492603,-42.10642530804681,-131.18825972486516,0,none
54.5088,8.030228303904126,2.616123864554724,19.40808954753413,25.89902944068399,-67.27853903035555,0.7122532347665167,-6.060613256977802,7.378777019223442,9.048839129979957,-47.72898630631756,-41.98319973182578,-131.0371441113945,0,none
54.5255,8.057021336759737,2.322446855138597,18.73622861937662,25.13372656294103,-73.60081798291769,0.5100553588346661,-6.020026827537219,7.391305249344947,9.013452974506876,-47.82952075433743,-41.85976493416172,-130.88661944672023,0,none
54.5422,8.287942314872057,1.7733534206614097,21.176707730576616,25.702649470055533,-70.93153742468537,0.9095236327352456,-5.983328171904113,7.402912883464097,8.977028553209824,-47.92944233480823,-41.73613628900787,-130.73670306988163,0,none
54.5589,7.995196451843794,2.2700601245469603,21.04034291748705,25.296605650745867,-72.28545030558703,0.4961413661073028,-5.94915397633119,7.412723339316495,8.946362536355496,-48.02879320621296,-41.61234380924128,-130.5872988155245,0,none
54.5756,8.115148070957753,2.048732148766469,21.397606130118422,25.764060651630576,-76.3295855557202,0.4416615467249907,-5.908869077069635,7.426816921622163,8.90886130559614,-48.12747131980002,-41.48831596665019,-130.43852083172104,0,none
54.5923,8.111285194736812,2.3912376781566893,16.94538291288949,23.36156860708978,-67.99496005031588,0.5024298027174019,-5.873282690891885,7.437585068487947,8.875859089938647,-48.22555514073792,-41.36410829600644,-130.29029398491906,0,none
54.609,8.186163288908473,1.8172052660984703,21.89345976183229,24.170180012681406,-74.5621329276326,0.6831412658378051,-5.834547277763238,7.448597991501026,8.840722027705016,-48.32299208027656,-41.239716709548375,-130.1426539270564,0,none
54.6257,8.020597222357381,2.014472740636158,20.495215227603225,24.943818983775543,-72.79986700477443,0.6580755440385082,-5.800063585652056,7.458984630682391,8.809815127172655,-48.41985314215695,-41.11515166621598,-129.9955300144326,0,none
54.6424,8.164107232494294,2.07572202624329,18.88356105075506,24.88246837298059,-67.07578635866723,0.7775979552311056,-5.763224525213724,7.470511587521328,8.774932100752885,-48.51609899172802,-40.99039412270437,-129.84898864835003,0,none
54.6591,8.04239076981954,2.004016883013797,21.76558342073162,25.160585537461458,-69.57650713854731,0.5355088642608499,-5.72684976617538,7.4831262747389,8.740871696977184,-48.61173738282315,-40.86542591391623,-129.7030160910105,0,none
54.6758,8.084033945446317,2.2284756149823104,19.89387667110308,25.087830800312197,-67.23282944012638,0.2376883255221374,-5.691538034241887,7.492131664820445,8.709197875046419,-48.70678606799499,-40.74030731511373,-129.55757248649724,0,none
54.6925,7.992099781029873,1.9836196684549616,18.360145220293195,25.912884533820502,-73.99165357026084,0.5740901293275412,-5.6537363622476855,7.504008626213476,8.674975020754712,-48.80120346524453,-40.61499037105597,-129.41270040365063,0,none
54.7092,8.059725084765978,1.9793698328855995,19.73907086490445,25.145704180421085,-71.61471316283122,0.4450153986665164,-5.621691701523582,7.514610750341561,8.645438673633844,-48.89508571665997,-40.48949637152526,-129.26832157780095,0,none
54.7259,8.024874873760188,1.917408731616786,20.93380384339559,25.603754352113636,-66.51270684093359,0.5581057720377708,-5.582539628201216,7.525376894452869,8.610437913494243,-48.98831412845093,-40.3638225773879,-129.1245272646456,0,none
54.7426,8.054467204792948,1.7461772662265531,15.66930441072239,23.562890260199847,-66.33450434196045,0.5251709741346974,-5.549407768442334,7.535374375302593,8.579397147632893,-49.08098923818392,-40.23798182532035,-128.98125133228012,0,none
54.7593,7.992852313669614,1.851224293314174,19.160002077945947,23.77894341447423,-66.53026868399995,0.6460357355203817,-5.514395184747796,7.546551178395584,8.54766180652063,-49.173079637769206,-40.11195442064114,-128.83850538011123,0,none
54.776,7.9340317401724,1.983294543615259,19.596015837632606,24.12243853099113,-72.13236177374604,0.7517859148916346,-5.478127879711821,7.556797344320502,8.514831011908852,-49.26456437336039,-39.98575590499099,-128.69630770221235,0,none
54.7927,8.051983057933139,2.009390277935567,18.939275831071438,24.859519387542125,-70.93371562322517,0.7414480182970433,-5.446040399644863,7.568173044798337,8.48466228834291,-49.35551324803446,-39.859367415142856,-128.55461384199702,0,none
54.8094,8.169257397692204,1.8348644987150275,21.634997989903667,24.8097768605798,-70.16173977391449,0.1619441128243702,-5.408205991271731,7.577943119789286,8.452105270895052,-49.4458302880887,-39.732815765042375,-128.41346368397308,0,none
54.8261,8.113593154845809,1.918045812396059,20.593597931706714,23.7129333096,-72.19416467796754,0.4077274854223442,-5.377634329863123,7.587575891243872,8.421433915477015,-49.535636781397415,-39.6061032476586,-128.2728257375846,0,none
54.8428,8.170212646190857,2.088707245917524,19.029568871232264,24.47617848517992,-67.54842061899728,0.3493588023429821,-5.342612576561821,7.597750749301235,8.392228886845066,-49.624858411426,-39.47922081014527,-128.1326755151743,0,none
54.8595,8.206669861749718,1.951320407976824,18.683192050795903,23.994060470422085,-63.898543714694895,0.1333827936330527,-5.307947317016764,7.607765502743257,8.360231740992734,-49.71350113162018,-39.35217112624946,-127.99305964509972,0,none
54.8762,8.167073573307283,2.0634615659562785,20.098581855906502,25.49807426978721,-69.7458087981622,0.4776986726202391,-5.274765610564403,7.618539667669875,8.329968612946391,-49.8015897173166,-39.22494151379937,-127.85394916926352,0,none
54.8929,7.9791424272595295,2.179365528367887,18.912873559686545,26.16502523893879,-67.07336170203796,0.7197432536573081,-5.2422847063442015,7.627579915804151,8.300365166537482,-49.88913587191255,-39.09756092920544,-127.71533307098234,0,none
54.9096,8.037450215356603,1.9598554177554504,18.367281487039502,24.99546140172812,-74.42908760497798,0.2363172264741882,-5.208706549742591,7.637452207833713,8.271218222265581,-49.97612127129325,-38.97001547733462,-127.5772037266705,0,none
54.9263,8.011336144711683,1.9725692320542525,19.023624384437355,26.18879068005341,-65.63700970964726,0.4750826367052891,-5.175113965884731,7.646820647697005,8.240149928468215,-50.06254567452353,-38.84231357251808,-127.43959322286508,0,none
54.943,8.113853163674818,1.9631158425133528,17.90232935023111,24.93784056754705,-69.21145387206886,0.5296782876864495,-5.142498539904677,7.6567296452197695,8.21053935947936,-50.148425400139935,-38.71444618744291,-127.30247721556178,0,none
54.9597,8.107590821211222,1.996361307680572,19.433985903012097,22.425520059044626,-65.93635432665835,0.3526599295499474,-5.109806435630836,7.66726846965433,8.180994762554832,-50.23375916761497,-38.58640280399968,-127.16585460302711,0,none
54.9764,8.096429626190496,2.245248399558537,19.77288573701422,25.264336919923466,-72.46382292532725,0.3076384261752793,-5.076925819185214,7.676085729490174,8.152105291866782,-50.31854382879536,-38.4582121723172,-127.02971444465294,0,none
54.9931,8.0924406194475,1.8140458524560517,20.860599864264664,24.526051912390862,-72.6621836747155,0.6789053712602003,-5.045242991417575,7.6849964049836625,8.12384753609916,-50.40279938675204,-38.32987273235397,-126.89404619080008,0,none
55.0098,7.99467427423019,1.734966930438115,22.022969388539167,24.824553414383796,-68.31709871809957,0.6822602321817888,-5.014287949356872,7.694196242522571,8.095122139851691,-50.486537995506296,-38.20137965510384,-126.75885765106456,0,none
55.0265,7.930870949481528,2.1648278544970885,20.022383672826454,25.92834064797985,-72.29304856634386,0.5402394984035885,-4.98072801557806,7.704443880536314,8.065722909580808,-50.56971615336645,-38.072715442298886,-126.62416007847456,0,none
55.0432,8.039428109902246,2.020813178103831,16.72012178877169,24.07474889693381,-67.83607973675883,0.5299651735359057,-4.950016904684252,7.712328169840456,8.038650433927083,-50.65238143567468,-37.94391956186255,-126.48991461622798,0,none
55.0599,8.07453304351979,1.9569438901114904,18.137915058442417,26.049336587641164,-68.8515187637495,0.7803031575059136,-4.917090474374684,7.72259701243555,8.008901967239222,-50.734496846596734,-37.81495219175488,-126.35616595337508,0,none
55.0766,8.092552509429447,2.0465299727088238,20.37790401089657,24.449217076577757,-70.32670210180483,0.2478051147867936,-4.88694102752682,7.730782711247715,7.981975891042366,-50.81610876175643,-37.68584812047704,-126.22286695599468,0,none
55.0933,8.05170876618479,2.0684074341470406,17.7994477892576,24.76794224088642,-71.33636074302032,0.4544719734003151,-4.855708781738361,7.741116839366703,7.954688415413294,-50.89719909841146,-37.556571469259616,-126.09002365945727,0,none
55.11,8.06938994710779,1.843251764687503,19.45941939610735,25.632403122116056,-71.80569549832539,0.2793788452130276,-4.823823506545883,7.748970521407694,7.925421760352993,-50.97775695097078,-37.42716366155211,-125.95766911605938,0,none
55.1267,8.062339575523417,1.557524161718142,20.80845092887209,23.601866589693056,-69.90502372214112,0.3775297498841465,-4.793042779912263,7.758031965806567,7.898558843243892,-51.057800765395314,-37.29760452772314,-125.8257631833772,0,none
55.1434,8.219111889760935,1.7247097735601034,16.101015288372473,24.96025652169605,-65.82301501146709,0.7067511582445649,-4.763065818234659,7.766274163878348,7.872198652383551,-51.13734396455983,-37.16790774918637,-125.6942974658824,0,none
55.1601,8.119501143852833,1.8749410605908288,19.409216392047764,24.997199729808028,-69.56080603610592,0.5624181086089513,-4.732176022720963,7.775007832898168,7.8444693050081,-51.21637130413927,-37.03806511837697,-125.56329482848876,0,none
55.1768,8.304962313832387,1.8107497256716385,18.810836398680745,24.31391358303313,-67.14385101278387,0.5766782878741641,-4.701717682825167,7.785119599392738,7.817867909563947,-51.29488998944245,-36.90805362106711,-125.43273643439905,0,none
55.1935,8.179339697208867,2.136771371177188,20.356809876096914,25.29720869496156,-73.02209825575153,0.6601375969140337,-4.673284031030274,7.791301144638873,7.792701161576702,-51.37293383276066,-36.77793889195164,-125.30259832500072,0,none
55.2102,8.145859289818553,2.266682123030452,16.16550399064298,23.91724254372065,-68.24330806544262,0.0534477800035093,-4.641048819974463,7.801318538692138,7.764205529010901,-51.45043934805423,-36.64765687235548,-125.17293609266623,0,none
55.2269,8.169015959799324,2.434989225793247,20.57576470426136,23.867424268843493,-69.65742654929028,0.3754906523632325,-4.612622957430277,7.808880954347322,7.739312023996441,-51.52747015144332,-36.51724856041788,-125.0436895818655,0,none
55.2436,8.126367147480435,2.053113331032452,21.21913683009524,24.78419340845047,-70.66329989698679,0.3037531103829285,-4.58255747366114,7.817580835603656,7.712565084559091,-51.60399886125346,-36.3866949604633,-124.91488974495336,0,none
55.2603,8.250650804343902,1.8767161391283884,19.05890130164843,25.710673259077808,-72.56966629625344,0.5949459508378594,-4.5529106137586455,7.826804090282089,7.685785922415427,-51.68003246850323,-36.25598733215559,-124.78653712004902,0,none
55.277,8.06425336586403,2.1236648224110266,21.79697720140904,25.738073623308143,-72.08831808145753,0.4916522438554067,-4.523219768593506,7.833563152887986,7.662419103568792,-51.75557023863874,-36.12516682750236,-124.65857472101942,0,none
55.2937,8.09268770193578,1.60790560183237,19.58100190633767,26.147202957519852,-63.86490616188424,0.6012282446928197,-4.496183607074981,7.84192465275509,7.635345652976402,-51.83065650487689,-35.99420668580135,-124.53106444861471,0,none
55.3104,8.038045202593507,2.2616913442866573,19.089877587802523,23.856693630612373,-73.92907676162068,0.3833461989612449,-4.464999186434435,7.849945239484954,7.610903740198442,-51.90522199129035,-35.86311260030195,-124.4039623561534,0,none
55.3271,8.010766279014385,2.042726292359645,19.80802285417979,24.335973122963782,-69.6982322689302,0.3690845031581264,-4.437052893136414,7.8583253713611,7.584750996073978,-51.979320774605725,-35.73187856660022,-124.27729701451896,0,none
55.3438,8.03308022066329,2.112658921456774,17.998382996062137,24.89398094967809,-71.35812253675495,0.4837031566560874,-4.407057406057557,7.866488958143747,7.560121249813386,-52.052918633286886,-35.60050820099922,-124.15104298964708,0,none
55.3605,8.14890756770834,2.316777487008252,22.635087907186097,25.08019168616377,-75.31174117888149,0.3080433093728963,-4.379583341495066,7.874513760430482,7.534600718071805,-52.126057675089854,-35.46900382120003,-124.02521515765528,0,none
55.3772,8.195814397383968,2.1022208684643404,17.845840582498656,25.139969743529495,-70.0518752610656,0.7668361947432918,-4.351505125969279,7.881666599194621,7.511969693249097,-52.19872781069354,-35.33737998899348,-123.89976526377802,0,none
55.3939,8.065007170581207,2.102550419296955,17.22835218330583,24.386873373929845,-71.26568125051529,0.495906214827276,-4.323756060518938,7.888321925769602,7.486600206324304,-52.27093453690421,-35.20564501283313,-123.7747390403324,0,none
55.4106,7.890602795826647,1.8995520218586015,22.39538121148118,24.200656206199337,-67.09860559577103,0.4398511511453224,-4.2951999587419145,7.897341374001292,7.461286137123308,-52.3426643762152,-35.07375941188731,-123.65013556184245,0,none
55.4273,8.051238679710659,2.2851985052505137,21.870481651857084,24.70457709180893,-71.34671336277614,0.4984356728010933,-4.266668689482145,7.904452235613563,7.437531900690065,-52.41391774332955,-34.94175505955256,-123.52592877910092,0,none
55.444,8.05053297611141,1.917959084807552,19.009365056606924,25.45045986135049,-68.05682700085593,0.4191740820715451,-4.239246114649605,7.912553558703352,7.414500016191577,-52.4847131534442,-34.80961541512222,-123.40210662883052,0,none
55.4607,7.990058326468986,1.866822119045572,16.97013641262051,24.207525609732148,-72.7877809694005,0.650236925655861,-4.210795048715919,7.92013244270836,7.389828328424535,-52.55503343075775,-34.67734920332899,-123.27869649574583,0,none
55.4774,8.144918508582023,2.122507094765448,20.16994783196202,24.716733909904217,-70.0157416236913,0.5878469293031015,-4.185118520355017,7.927544338036643,7.366616482792308,-52.62492491004768,-34.544959212883775,-123.1556740004832,0,none
55.4941,8.142962766929102,1.849161529423538,21.97551285745065,26.540343948318693,-70.68404493887698,0.7155050769674075,-4.157034081985725,7.933789694381139,7.343604392965218,-52.69434737921684,-34.41246492498761,-123.03303580712068,0,none
55.5108,8.09507225113264,2.0100381400159657,21.21009257558939,25.897439160913063,-68.38360331013685,0.1732767649709348,-4.128419701767947,7.9417434266708815,7.319688563061554,-52.76329198823637,-34.279837809762206,-122.91079700811756,0,none
55.5275,8.26796283386972,1.7458820842052127,22.983247810006368,23.613270071247648,-72.13205964768864,0.5255306125425824,-4.1041583537808375,7.94977666995684,7.297638414503885,-52.83183143274451,-34.14707653937393,-122.78892644659534,0,none
55.5442,8.12698668215243,1.899147484839491,21.253822398090858,23.19796168083436,-68.2746214275711,0.5766136682799126,-4.076053027558661,7.956605255262298,7.274387999483602,-52.89990151830474,-34.01420123161105,-122.66744416700396,0,none
55.5609,8.126114099356373,1.905476517151524,22.32369043720828,26.686354073709165,-70.79276611070655,0.8223768574291055,-4.049876530613436,7.963204416898232,7.251218517842279,-52.96753445636598,-33.881215717848846,-122.546348817756,0,none
55.5776,8.010793288484676,2.331213125254393,20.257415709591204,25.600093696730895,-76.01060905176183,0.2821040026057097,-4.022715019416808,7.970535966143461,7.228362687660837,-53.03471379719024,-33.74810776721425,-122.42563516087206,0,none
55.5943,8.11973746834967,1.7148431403907582,18.16815368622254,24.33665876013645,-70.44235785353013,0.5273256224828866,-3.996252203827579,7.977767561448263,7.205927998921062,-53.10145120899416,-33.614879048938064,-122.30529616329008,0,none
55.611,8.14020926651052,1.6596634857829011,21.36485336485696,25.098389636342787,-68.4293209716295,0.0,-3.970616047379543,7.984643627991291,7.184563786687661,-53.1677604969854,-33.48153550035061,-122.1853139480524,0,none
55.6277,7.988251480195089,1.8681054207926215,20.66662482498908,24.31304730231209,-72.10822994983464,0.4287328427493505,-3.944027024352679,7.991071062523949,7.163124844989008,-53.23362574829209,-33.34808461360646,-122.06568976314108,0,none
55.6444,8.103217177849348,1.8949459828026085,19.11302675110248,23.09982202641883,-65.63217542527246,0.5396927555058212,-3.919605342676357,7.998024487031484,7.140494349295987,-53.29908315751479,-33.214517604673034,-121.94644350750784,0,none
55.6611,8.161492028868865,1.8710295707553055,22.310461196060707,27.50873936380246,-70.22061054662633,0.3143059180522914,-3.891451060450698,8.004431722305455,7.116469286553023,-53.36407039022431,-33.08084359491053,-121.8275984704224,0,none
55.6778,8.006537561271049,2.131035929080394,20.01335022834175,24.92533976838026,-68.74720483807087,0.461765035814809,-3.8660535608891182,8.013059963429134,7.097090658700501,-53.42863348469116,-32.94702549352127,-121.7090770564221,0,none
55.6945,8.06131735523975,2.0786442397275406,20.87125836202624,24.244560087652548,-73.35952550866114,0.7332317021065943,-3.8408563787435255,8.017553466072377,7.07484798255024,-53.49277578621618,-32.81313235063786,-121.59092709511351,0,none
55.7112,8.081800821462686,1.906501579574072,23.490840178891244,25.72765744053357,-69.0070948437221,0.7591187238639411,-3.81476631575918,8.025579290404634,7.054535444558769,-53.55648238368936,-32.6791051764881,-121.47311635318938,0,none
55.7279,8.086054401670696,2.332183808641417,20.246115601877012,25.168068457914902,-69.94120288309081,0.8894980081381669,-3.791519179831503,8.031226855992994,7.032472518760383,-53.61980075399254,-32.54498368799302,-121.35567406212608,0,none
55.7446,8.031691227653624,1.925185227080143,21.92364759849973,24.54002238400465,-70.96684372129559,0.1430663098376501,-3.764102019732003,8.039133231102097,7.011769729879105,-53.68266125772207,-32.41073016303361,-121.2385775076371,0,none
55.7613,8.078922547506112,2.05304546288777,19.57285067829516,24.93646141019873,-72.51047074285808,0.3123308289203257,-3.740990785303296,8.043837737745774,6.991699736452929,-53.74513580383663,-32.27639807281326,-121.12181612203834,0,none
55.778,8.101542509327833,2.007627442696009,17.41234817948844,25.02964314303721,-68.94797395444198,0.4706003526271863,-3.715087086981256,8.0510358974142,6.969901351905724,-53.80717775818922,-32.14194577332644,-121.00541876946151,0,none
55.7947,8.05741322712716,2.0337043471610654,21.56243949695281,24.891945467753303,-73.30248233547752,0.0039262731251289,-3.690790721518175,8.056929196738938,6.95015757390415,-53.86881396323857,-32.0073950557409,-120.88935113797731,0,none
55.8114,8.078556605458324,2.212641155388909,19.314571685227214,24.071322326830128,-70.79227817719739,0.6540677150672585,-3.6661115337487575,8.06377821295767,6.928876905277378,-53.93003802585218,-31.872729959584507,-120.77363889365918,0,none
55.8281,7.967268119207079,1.878759461530466,19.665482043916494,25.194633479687177,-68.28920362678943,0.2669599036336819,-3.641803374254004,8.070218873046707,6.909653241780029,-53.99085614220222,-31.737957304404627,-120.65824768452146,0,none
55.8448,8.126625954774852,2.015833407465715,18.4989269243028,25.262840408505102,-66.28387440784797,1.0402510684892787,-3.614772776893103,8.076350389958472,6.888331948836466,-54.051222847576334,-31.60308225289232,-120.54321254097589,0,none
55.8615,8.11981527276426,1.4476261153805052,21.804459546027346,24.743114751829957,-71.1286652288716,0.4229423110182028,-3.5931333239896315,8.082912013331716,6.86922507527184,-54.11122817408696,-31.46809762226968,-120.42849648221885,0,none
55.8782,8.12381118855131,1.9587172043228749,20.88035117592804,26.0601620622094,-70.0868714633457,0.762403695475631,-3.569248666462903,8.087913273918488,6.849610255389445,-54.17083462681689,-31.333029470595243,-120.31410799095384,0,none
55.8949,8.119159454047347,2.0683384024361,21.443500769195985,25.799799533328404,-69.55368661232426,0.5388560485629327,-3.5441996229577204,8.094470588949466,6.829249093774894,-54.230022760520285,-31.197851811759787,-120.2000595310878,0,none
55.9116,8.104322394846164,2.26894884619456,21.01711337549372,25.40606871276137,-67.12854182595761,0.4211365357411455,-3.520750457049488,8.101053463984536,6.810483077470768,-54.28881929315301,-31.062564218911245,-120.08632446369404,0,none
55.9283,8.187683803242027,2.2211100957595136,16.461560279708678,25.92073725250594,-68.38959247852175,0.2787575377723822,-3.497344190180625,8.10560773005624,6.790670945977065,-54.34722494112903,-30.927200569819306,-119.97292025889622,0,none
55.945,8.163299423526105,1.6978751618403358,18.89845904998613,25.54657126363193,-75.4864796424557,0.6036545651784859,-3.472607599215292,8.11264692535959,6.771299767388211,-54.40521748803592,-30.7917193661658,-119.85983955278084,0,none
55.9617,8.027278591212161,2.2435595026451653,19.233846122683055,25.56585255229715,-69.01730086670015,0.4186696455951993,-3.450463514424459,8.118730384157539,6.753414422282806,-54.46284022872681,-30.65613656875037,-119.74705753192872,0,none
55.9784,8.02824491355308,2.3404660131139443,18.196617173431417,22.56507860179317,-77.45011710322626,0.1668596983098135,-3.426009035286784,8.123538388131681,6.733241377408112,-54.5200545796161,-30.52047347766857,-119.634612400926,0,none
55.9951,7.972194104139244,2.3388278730469607,23.42985464655105,23.70025745068057,-68.11489350787579,0.0997644828827937,-3.404754142906511,8.13010104338338,6.715846282305164,-54.57691397380264,-30.384700790244068,-119.5224577680115,0,none
56.0118,8.042512938341948,2.0257189857760376,18.98270214606228,25.20457254766331,-70.62449995347436,0.325392521496662,-3.37987341649684,8.134821615830594,6.695453217270721,-54.63335785985814,-30.248849269259697,-119.41064369928309,0,none
56.0285,8.158275806251183,1.973464423360404,19.78130178848041,23.45307759167292,-73.58630818397292,0.6982339396777053,-3.357215326179322,8.141594307612417,6.678360876239645,-54.68942335580533,-30.11288464432257,-119.29911507264988,0,none
56.0452,8.101230711723687,2.039365081396769,20.482681514047965,25.51916018097304,-69.96512985328327,0.4276066144681782,-3.3319143805248066,8.147942454693474,6.659040733900881,-54.745066325960096,-29.97681400532919,-119.18790909239374,0,none
56.0619,8.103947261699794,1.9498137917588936,20.750997713246857,25.39578208939977,-72.04737035318638,0.2753065212466229,-3.3126951338789605,8.152144149278655,6.641596647028622,-54.800388334695874,-29.840673198036235,-119.07699442838836,0,none
56.0786,8.153832847275718,2.198904811453549,18.69177418150197,25.397892267374285,-69.2333965270669,0.3276161601233076,-3.2891161725684106,8.157087646410728,6.622490554050076,-54.85531657477777,-29.704449834341176,-118.96639883613572,0,none
56.0953,8.056614880292699,1.7432617706087523,20.4692804313468,24.851209699850017,-73.44501798863794,0.6593378708441608,-3.265307204550581,8.164220520501013,6.604768233200535,-54.90984720509376,-29.56810735164881,-118.85609920664128,0,none
56.112,7.900174160020091,1.571888534041889,20.26096776862096,25.890281650311778,-71.63058057355933,0.6377826404518601,-3.244263410663565,8.168601150637015,6.587966436001806,-54.96402640405184,-29.43169171243317,-118.74608016716004,0,none
56.1287,8.06946119254242,1.9780807773972908,19.305841461466283,25.82493287722019,-67.16182182522724,0.1651526661490668,-3.220946122713733,8.174029798936234,6.568086522929696,-55.01781620430116,-29.295185414790936,-118.63639312222712,0,none
56.1454,8.262763031349564,2.1628492350345176,19.37195397813513,25.856672708749983,-72.18520327948421,0.1997282306634773,-3.199801742826191,8.179819848611663,6.552109720523235,-55.07125289340636,-29.15858242331912,-118.52697288989438,0,none
56.1621,8.037702320663096,2.0647287935240315,18.90423175655492,26.6587152837554,-69.12572082049707,0.3003344118056154,-3.177548654650304,8.18457832950242,6.536295491318407,-55.12431795593902,-29.02189996521643,-118.41781675518936,0,none
56.1788,8.146595106386348,1.9277958528295736,21.71767738921306,25.907290311810875,-73.18511992612531,0.3555973045711701,-3.1539926290746623,8.190053598479203,6.516005902547689,-55.17698963284457,-28.885126070121828,-118.30899945661682,0,none
56.1955,7.961588324540615,1.8409134451557936,18.44066987047368,25.03509947396469,-68.37487262087798,0.089586995382607,-3.1336330453632164,8.195310321021438,6.500936154971995,-55.22932130470213,-28.74826438776077,-118.20043382282878,0,none
56.2122,8.096925368930854,1.852658625131509,17.752114186886136,25.777340032654653,-66.94526660563574,0.4911065199605692,-3.110515615683464,8.201535316124138,6.482609535280749,-55.281266915484046,-28.611298747981497,-118.0921742435896,0,none
56.2289,8.088689133824992,1.6973563508908636,21.59458247498912,24.47490707148345,-77.30021952790914,0.5617955503044627,-3.0888509038328564,8.205709781956255,6.465130648325408,-55.332850725578055,-28.474263394622827,-117.98420656176256,0,none
56.2456,8.05360809749436,2.164871143955311,20.24900080863875,27.09852402187444,-74.21042176718112,0.7024719706175593,-3.069901635903492,8.21038741508675,6.450920660249395,-55.38411808289764,-28.33714992479088,-117.8764761867364,0,none
56.2623,8.004794815492678,2.2753438145751885,18.7389617033972,25.084007819308276,-69.35934583451446,0.919898221964226,-3.046576762875917,8.216146998291581,6.4335316561391735,-55.43499591483767,-28.19994026991941,-117.76903620807887,0,none
56.279,8.091935144939018,1.9763509912997488,18.19793777054452,23.54897463597213,-69.98992960956497,0.8435916500730956,-3.025333843328377,8.220408475183133,6.415877729983028,-55.485518990021255,-28.06265944838385,-117.66189104998816,0,none
56.2957,8.190118275535225,1.9459950073286136,21.45722691534922,24.658002528604865,-64.66289007540138,0.6605355369085941,-3.0033568384181737,8.22601281340798,6.399446516160074,-55.53567504922284,-27.925285034399938,-117.55502029316828,0,none
56.3124,8.097308405144606,2.0977581684085878,21.84779522192502,25.444412574802666,-70.27792726872497,0.6118777097554415,-2.982508233139482,8.231790835613557,6.384782154909234,-55.58548293671627,-27.78781412744519,-117.4483944311813,0,none
56.3291,8.174100991688478,1.940370757749877,22.81135688342437,26.056561810730333,-72.91207224917734,0.3144129824622999,-2.9613673921951302,8.235509465503746,6.367054107083542,-55.63493777216593,-27.65028111937128,-117.342064627593,0,none
56.3458,7.945764529720802,1.8010160609435344,22.31011643391248,25.002603148411573,-66.90991290353114,0.7055217822267972,-2.941740641616464,8.239645493706469,6.351392765416181,-55.68406484088092,-27.51267903962638,-117.23599636841055,0,none
56.3625,8.085895579314254,2.032328513037716,21.357100981251676,23.7212273510722,-65.94708595807383,0.1625042495428867,-2.91968775020343,8.245885712480861,6.335993261439352,-55.73282362630932,-27.37497274822795,-117.13018528094452,0,none
56.3792,8.184836875546633,1.8852801240121235,19.4846804223664,25.35898367758709,-70.33524218611335,0.4224346565075493,-2.89952335383835,8.249490039729979,6.319757692847565,-55.78124566631842,-27.23720626456446,-117.02464532747396,0,none
56.3959,7.99236175363725,2.0809610240306027,20.33322893571821,26.02262419959448,-73.31219081045239,0.6711582439784736,-2.878493307602389,8.255883881109787,6.305717471849074,-55.82931650455538,-27.099333003749926,-116.91933984569408,0,none
56.4126,8.066446587984242,2.103715581942681,18.81365742591313,23.32851195610322,-67.81107223346704,0.4434000105554494,-2.8585128974020555,8.258601538437174,6.288547343806515,-55.87705366994199,-26.961414358058025,-116.81432110505251,0,none
56.4293,7.950456605366187,2.3943860605590417,19.667850716633016,25.36280201972933,-69.23202635106576,0.5409517783115662,-2.836724365475712,8.264542497145312,6.273226813623684,-55.92442696684544,-26.8233964983557,-116.709558217265,0,none
56.446,8.064512490242596,1.930689147212557,19.21694478469881,25.27697708433555,-68.25095801350065,1.0574353369933482,-2.81636245760876,8.268948286537176,6.257412799083603,-55.971460219887504,-26.685305061970528,-116.6050594235203,0,none
56.4627,8.077101083475384,1.858791399828927,20.146097634312003,23.451854109737862,-76.03643238023963,0.661044951842138,-2.7983052960082717,8.273276119600968,6.243872986557935,-56.01819191833084,-26.54714135077319,-116.50078674464478,0,none
56.4794,8.158927837368251,1.778924352197486,19.583017013157374,23.42327018778098,-68.99302133311875,0.4994033104549614,-2.775734248425078,8.277788690149738,6.227575408059158,-56.06454668027954,-26.40890227964769,-116.3967862353302,0,none
56.4961,8.056534384734547,1.8872222368058356,22.671642089378064,23.85798057224556,-66.97011619583031,0.435037450324155,-2.7567834973568863,8.28232570876172,6.2127304465579805,-56.1105849646854,-26.27058744031137,-116.29303363687268,0,none
56.5128,8.138754470461926,2.419758096586867,19.856098311526903,23.40744863266181,-71.94752629826898,0.9132591229747252,-2.736657371125215,8.286942824925076,6.198559667743965,-56.15628714278319,-26.13219549513512,-116.18951769042135,0,none
56.5295,8.044352206131576,1.686440826058216,17.246241131646645,24.804159086297577,-67.14459413014706,0.44020422541263,-2.7191230134889453,8.29034004521496,6.18438820166068,-56.20169649710846,-25.993746816380032,-116.08623840745362,0,none
56.5462,8.13964420771791,2.272422128547199,21.84362726955033,25.69432099228233,-67.04943488932417,0.6143294470682921,-2.694537144602953,8.296461851906074,6.168704751593952,-56.24669526742333,-25.8551959034532,-115.983221038102,0,none
56.5629,8.009006458595241,2.0912749613182275,16.765603579735817,25.63289569313048,-69.11300666701068,0.4346755577866418,-2.6804761878966468,8.299219997020318,6.155781864564998,-56.2914592197612,-25.71659892950296,-115.88041948096377,0,none
56.5796,8.235365866145566,1.8892283151076648,21.771192823696506,23.797968949384742,-76.39273460058243,0.391082174717795,-2.6560472004709728,8.304845632721893,6.13987175804211,-56.335815208009066,-25.577908007436505,-115.77788362260446,0,none
56.5963,8.032972454333873,2.3125957824871843,20.398340173049345,25.42667833475165,-68.36994614294133,0.4971769325350155,-2.637671657359947,8.308145156346914,6.125244669455001,-56.37986432468698,-25.439161983325512,-115.67559203662456,0,none
56.613,8.016888451820314,2.078317900172714,21.29911386805088,24.629400800116542,-75.07985799681782,0.4255390509577407,-2.6199557729145506,8.312710990892754,6.113582796821547,-56.42361758609465,-25.300339709777603,-115.57349520391764,0,none
56.6297,8.079403764115558,1.9606375791884283,19.81795372219516,25.025772637104424,-72.83700578217194,0.6240117548602908,-2.5979706218846137,8.316998086701965,6.096996231549948,-56.46700369548012,-25.16144584172968,-115.47167536685076,0,none
56.6464,8.044184796937017,2.3136325502916386,17.866381081831946,24.62453216021968,-71.88187595044161,0.4998440825741101,-2.5798939544798345,8.322015599135977,6.084526329747171,-56.51008792451994,-25.02246818122411,-115.37006377714398,0,none
56.6631,8.159452332549662,1.706046531537848,17.164672412770116,25.99523558762037,-66.384579233034,0.7996815617071364,-2.560351756594638,8.324480643015015,6.070358680537782,-56.55284579885507,-24.88344935448576,-115.268688787179,0,none
56.6798,8.054815347057069,1.9853663140701376,21.189519428735395,24.116017285711266,-71.38844297261979,0.6439642253029899,-2.543253629663845,8.328558575677702,6.056242662787794,-56.59531813447045,-24.74436242627194,-115.16754953471045,0,none
56.6965,8.044694115716815,1.8823056384107728,18.347429301126912,23.18517384848304,-67.11080105942857,0.5608567337477651,-2.5217659315225305,8.333948008120917,6.043534821685456,-56.63743162552688,-24.60518549453632,-115.0666225031883,0,none
56.7132,8.022836237803777,1.799499540333272,20.791504366080737,26.3616086271434,-68.38635166979208,0.6270531724256914,-2.504365109787639,8.337420055439525,6.030719523881111,-56.67925452286033,-24.46595057961048,-114.96590948713948,0,none
56.7299,8.054026876970422,1.8112071599266413,23.08336507610049,24.923683123469715,-67.85804102537425,0.849673816567827,-2.485540292590469,8.342003811084487,6.0157201098010376,-56.720763045746594,-24.32663911596537,-114.8654469613058,0,none
56.7466,8.212048332350381,2.3307812633050977,20.3307562074814,25.17030898783229,-72.98548465577291,0.3670134703777178,-2.466183473818424,8.34511678894773,6.003788449121627,-56.76194830975936,-24.187275665589944,-114.76518369420548,0,none
56.7633,8.027474257397662,2.079825689279793,23.16203307770388,24.08151518475921,-74.23380957411015,0.4420517050565937,-2.448533737357948,8.348183232879826,5.989050604843007,-56.80283882317324,-24.04786100560085,-114.6651665491046,0,none
56.78,8.106284516147285,1.9594485346299664,20.67123135537567,22.30713819855348,-65.42182186910962,0.3441245206764121,-2.4298684852959083,8.353199641765235,5.977378836347273,-56.84341762687768,-23.90836257158337,-114.5653443225376,0,none
56.7967,8.149665496218269,2.3736838107276377,23.19210952490336,24.89404487106348,-70.05227204897075,0.4706201771115106,-2.4113518902781745,8.357526299382645,5.965459011566246,-56.88368720344533,-23.76879188238368,-114.46572115704444,0,none
56.8134,8.083735305392473,2.044299716634164,21.545442910877647,25.18266873115832,-69.80470732916656,0.7209480485831983,-2.3913853735233297,8.360413415059716,5.951660491940071,-56.923623339183166,-23.629172978352184,-114.36632842682904,0,none
56.8301,8.04544758479027,2.0656464466915194,21.66371570783484,24.7344548966911,-70.99797552706465,0.5331261551377587,-2.371789758696312,8.364827977324467,5.937926019792807,-56.963232228153394,-23.489480351130865,-114.2671650622985,0,none
56.8468,8.001491375921702,2.157251030887916,21.204841416911567,26.554042077103286,-70.799823401387,0.4716321106848884,-2.3564978423494125,8.36914103124444,5.926436277354799,-57.00258574212063,-23.349715695909083,-114.16819357646668,0,none
56.8635,7.941374857115564,2.084907384865593,21.92956570799465,24.39758785425747,-63.994712757551234,0.4291338706756709,-2.337293539729463,8.370711653355798,5.912937296481441,-57.04161854423411,-23.20992481129804,-114.06944752361544,0,none
56.8802,8.058111428065528,1.7856546627633036,21.73071207819476,23.386954998930136,-74.83289864438451,0.4191582721067139,-2.319147793904096,8.376353582483278,5.901233210845286,-57.08034831239231,-23.07003970647057,-113.97089692899432,0,none
56.8969,8.142290340008717,1.8822744660117532,19.640283619633664,25.71148661627829,-69.99804152245368,0.4408693865059884,-2.3014549984546973,8.378157908924402,5.889442425660991,-57.1187826108665,-22.930124469391533,-113.87254324048578,0,none
56.9136,8.235125423420874,1.884146405327472,21.986174897518577,24.877392623209666,-71.54659126579506,0.6200293633557745,-2.2843679426740757,8.38365914346031,5.87806912270071,-57.15693155550916,-22.790117361695746,-113.77437948613668,0,none
56.9303,8.275683161201545,2.146864267412134,19.621494539541597,27.183750837023062,-73.89404790705193,0.5385463706234599,-2.263755552802538,8.387374573674446,5.865171862838732,-57.19473627324096,-22.650048206315383,-113.67643111602727,0,none
56.947,8.193137277438677,1.9737560393508264,17.271589299240972,24.18186376061257,-66.30563235481884,0.546689943201209,-2.247589108172449,8.389484602154583,5.851965599058626,-57.23227101134744,-22.5099438134594,-113.578703290523,0,none
56.9637,8.042624631886865,2.114339696455404,20.231127898720427,23.43988430431431,-68.2477017093234,0.3566882606066979,-2.22961141323031,8.394053608356627,5.841572429551706,-57.26950552194839,-22.369763118199845,-113.48114903094948,0,none
56.9804,8.1638371687575,2.027435741960873,18.894984958693417,24.987651277286,-70.25345485540701,0.1787350345586518,-2.2135068174293,8.396768153218149,5.829722912453602,-57.30647108579946,-22.229537090041102,-113.3837926583115,0,none
56.9971,8.014839775183612,2.135412740171655,19.75142928500975,24.96372968351232,-67.69102946560271,0.8548823246500581,-2.193906947615819,8.401299680237642,5.817594906510365,-57.34310933182464,-22.089235385381134,-113.28663882337278,0,none
57.0138,7.967258443599094,2.118346370174641,19.598949740709376,25.771206697824574,-70.29768449917492,0.642337416630898,-2.1768256486490385,8.402919552320393,5.805875792686015,-57.37946232015708,-21.948906628857383,-113.18968069763493,0,none
57.0305,8.063350314412794,1.9510294421773544,17.660740519984323,25.42920796643036,-69.16626119311552,0.2108437159175727,-2.159260777763356,8.40744278170755,5.793718465127144,-57.41552197514573,-21.808502334402867,-113.0929255992673,0,none
57.0472,8.032882770031906,1.9531839976735244,20.46351447455958,23.08597771299625,-66.81298894275015,0.5221232752212116,-2.141557989958698,8.410681422334234,5.784630156756147,-57.45128599357804,-21.668043954649885,-112.99632227564948,0,none
57.0639,8.039648568993654,1.92244426801804,19.580114427582107,25.688963652318208,-69.72609821271092,0.404131784965082,-2.124253087634929,8.415421340276236,5.772065315680212,-57.48676102014154,-21.527506418267272,-112.89992878487762,0,none
57.0806,8.234672311032629,1.8207948455110965,19.663968119227267,25.493221712246548,-69.69936939888333,0.4442578875262166,-2.109236059334461,8.41640445789038,5.761717448852372,-57.52198526233243,-21.386952463820503,-112.80370810348178,0,none
57.0973,8.03979690189532,2.100455417082653,22.1373535381252,23.983863151265627,-68.5803911218132,0.1974280791596476,-2.089114843778089,8.42130766887635,5.748638723764476,-57.55687348022352,-21.246316625750268,-112.70770583679491,0,none
57.114,8.11113166188279,1.7864478411581657,19.04311950026804,24.425039553122744,-69.40814099362613,0.474562875256837,-2.071033316867299,8.424777507155675,5.738332798631995,-57.59145973661521,-21.105622841380768,-112.61187567905776,0,none
57.1307,8.011034530768185,1.6002767372674944,17.09204190697355,25.448071018467225,-67.95324103905925,0.1895591788659121,-2.056562118923977,8.426566157776769,5.728381920286535,-57.62580432400124,-20.964899186545896,-112.51621170098898,0,none
57.1474,8.07617539292055,1.6756997092267971,18.25404855909816,24.283622666608736,-71.23595328619908,0.6370608508661876,-2.038538663271594,8.430712734401455,5.716747772731096,-57.65984791967787,-20.82410628388139,-112.42074201318437,0,none
57.1641,8.145340299595084,1.854740372764804,18.636309400823645,23.69974701967956,-72.33492641751201,0.2696216962131952,-2.0210547617736467,8.434906016018747,5.70760353099331,-57.69359953419949,-20.68324335341388,-112.32542503421678,0,none
57.1808,8.108992478708357,1.7714704520875757,21.709693070729557,25.545594783065045,-65.28741673888844,0.61232138874293,-2.006186269602682,8.434996968755081,5.694878292257193,-57.72710284490186,-20.54237890403567,-112.23032056673608,0,none
57.1975,8.00812822889792,2.066000519781069,21.788044052881165,24.19738286794984,-68.0809072533843,0.6596131166204848,-1.988631773873542,8.43984420180643,5.68596463621818,-57.760312995525545,-20.4014335058655,-112.13536495731124,0,none
57.2142,8.087255570358986,2.4034504970953163,19.405819783172788,26.56320568628158,-72.27074051282382,0.7878286076417935,-1.96984396484674,8.444047436277488,5.673434326943962,-57.793209389738486,-20.260417913679667,-112.04061860405128,0,none
57.2309,8.086839163952165,1.7920449872413509,19.40052294548457,26.0816824403214,-69.01273384345602,0.1749365491832895,-1.954880981998456,8.445719914200508,5.665232541186421,-57.82585590213786,-20.11937439111252,-111.94600922061346,0,none
57.2476,8.03598571876993,2.137944214965802,20.040768701738717,23.370572344640337,-69.08195688552897,0.2885667711393432,-1.939967346179789,8.44801774276543,5.655028635624217,-57.85825335681906,-19.978292494808336,-111.85157024239854,0,none
57.2643,8.209245431843854,2.027995570561318,20.206104176153996,25.60630166667479,-66.94275125399696,0.2781586750029841,-1.9222684065099287,8.452412143631083,5.64535534113156,-57.89035523920778,-19.837137212009697,-111.75729280820164,0,none
57.281,8.067889837757866,2.39246815639206,21.17715407950813,22.64802568365795,-75.08153000054335,0.6879389473574546,-1.9053890842721428,8.455279130032821,5.633981573123186,-57.92217523691512,-19.69593405053815,-111.66320531593048,0,none
57.2977,7.9805683598315325,1.8770249572766144,19.08306639528323,24.61981808069934,-70.06806210783768,0.4026345545842718,-1.889770235571958,8.456937150837012,5.6249590883335046,-57.953734399849175,-19.55470320011917,-111.56926849915531,0,none
57.3144,8.165237533289105,1.8182593553827835,19.11420548155623,25.9653619786014,-67.53639616060705,0.5298091165413058,-1.872738676585349,8.4606113634784,5.613551002830762,-57.98500913574815,-19.41341099034908,-111.47552219740804,0,none
57.3311,7.9263514285371475,1.75771748754777,20.88238913627478,25.88834193163332,-71.40742247591643,0.750184462781454,-1.85716530104855,8.463573383770143,5.605790477561382,-58.01602379627566,-19.27206931484012,-111.38190549643276,0,none
57.3478,7.989118281603333,1.91923752949871,21.60542100048414,27.633951650366583,-69.98977219971479,0.5404915365906595,-1.8410652050632024,8.467125984649433,5.596847341533141,-58.04676958520022,-19.130668310896475,-111.28843814582916,0,none
57.3645,8.189031172559813,2.524249447803221,19.26424764436599,22.727611957141832,-74.08328811383335,0.3854367903993634,-1.8227242401680763,8.468784954735527,5.584393696007008,-58.07720908001102,-18.98923960215239,-111.19517877110584,0,none
57.3812,8.199210800730112,2.023931817959182,20.560473279620663,24.715002772396744,-66.71191617378746,0.6131530850111078,-1.8080204137373168,8.472618993751805,5.577062444474504,-58.10740302092044,-18.847746864956736,-111.10204182828312,0,none
57.3979,8.201165710395777,1.7795896573688863,20.2036115888294,24.021201574558543,-70.78859261860713,0.5386903596660608,-1.7915760978075514,8.474010745523358,5.564816714670535,-58.13732234175382,-18.706230885506496,-111.00910938914812,0,none
57.4146,8.289102077425653,1.9372922807487292,22.19704835067383,24.974209820419816,-66.01718686545644,0.6198586280714741,-1.7765788665322064,8.47811597036675,5.557704541142791,-58.16699120882491,-18.56464634880137,-110.91629572331104,0,none
57.4313,7.949595869972954,2.0131394644748446,21.674263317808947,26.375513791418275,-72.19800874129139,0.7128976119865671,-1.759345862767188,8.480131498026465,5.549736536291739,-58.19637228473312,-18.42302815278433,-110.82361512315497,0,none
57.448,8.041837392627132,1.8024420761018705,20.27489665401534,24.037631448253443,-68.0010252369262,0.5509061049675193,-1.7456924389659754,8.482308854785549,5.538700437945337,-58.225525348463854,-18.28137359490941,-110.73111882584128,0,none
57.4647,8.007466545530383,1.903971630415418,18.67288298893514,24.296078386716477,-68.37237409993253,0.5096470303843597,-1.7267437568573976,8.486209157811354,5.529560502985773,-58.25436196920337,-18.13965390197396,-110.63877516544142,0,none
57.4814,8.210383508367235,1.7890040797064255,18.25973367195981,25.450269187634337,-71.8139025902104,0.4308649731375461,-1.7135321654606204,8.48759268880747,5.521094681548205,-58.282977956366565,-17.997911104070877,-110.54657288425956,0,none
57.4981,8.06656199765442,2.490819121595948,20.564330924983395,24.613936614282547,-71.70826075823088,0.3341316402323973,-1.694899801306919,8.491246959812758,5.512491489300767,-58.31128278304839,-17.856107279842004,-110.45451427638824,0,none
57.5148,8.151535703686063,2.2291395432261503,18.96396116098987,23.55133373092452,-74.0714506904494,0.5133121130212948,-1.6826795408034971,8.49348581639807,5.503770792567347,-58.33938353137981,-17.714266066708156,-110.36260130415236,0,none
57.5315,7.944469933403668,2.045747710443117,18.20723648956653,25.627970128653864,-72.19332144531661,0.1807634274654248,-1.6637386368726486,8.49606892516985,5.49463720215109,-58.36716796661558,-17.57238171565782,-110.27084086287644,0,none
57.5482,8.03384741111745,1.6594965725615296,21.848613452661624,22.660793271599864,-63.82208140315182,0.4308437838138922,-1.6501247526770906,8.498849088349441,5.4868449691572,-58.39472504998529,-17.430450935882384,-110.17921055189152,0,none
57.5649,8.058440605561902,1.8525281134762723,20.009776404410477,22.42758335880724,-65.23347129690595,0.7016900817224294,-1.6354091032989724,8.5006153137191,5.478267897777148,-58.42203638201038,-17.288490660143275,-110.08772347799864,0,none
57.5816,8.123414998701882,1.9156386958636775,18.35094602726293,24.02855565712747,-63.9168201146006,0.6177366807166245,-1.6181503149183671,8.503060938618553,5.467635552435694,-58.44905949226952,-17.146489542468345,-109.99641396427296,0,none
57.5983,8.1441373105482,2.168231421260271,19.857975318782163,26.46870716204217,-73.62473867688135,0.5116219266969444,-1.6051183298566638,8.506501462177486,5.46154783082893,-58.475864968378126,-17.00443096804998,-109.90520611549812,0,none
57.615,8.2348577101021,2.122499275586516,21.962137490953666,24.583735440806503,-66.70227525090282,0.3098179131375713,-1.586378527099373,8.507968869021505,5.450748194165496,-58.502357489780685,-16.86234788793732,-109.81417862065555,0,none
57.6317,8.161310586000628,1.9270697333749376,21.277614640155768,23.640813696481157,-67.36625937763299,0.2897901538062745,-1.572763900193491,8.511756221009566,5.446178937901125,-58.52862264691392,-16.720201559046462,-109.7232274323926,0,none
57.6484,8.193203529389917,2.161695489524838,18.78026740986074,25.612017461208342,-67.45028758011794,0.5729360670672472,-1.5568300598736655,8.512656586850586,5.435754216599363,-58.55462170891381,-16.578040194046057,-109.6324503369754,0,none
57.6651,8.041717714788808,2.251716349457496,18.824467719788117,23.855957232419943,-68.84063328687589,0.7676766690939452,-1.543244090991389,8.515344382097155,5.428955025145782,-58.58039388523336,-16.435833942865035,-109.54178678805546,0,none
57.6818,8.125632243880663,1.9541389115721008,23.294895359301147,23.84549912490097,-75.05333258925813,0.6988304375736026,-1.5254388866038913,8.517707465265023,5.418433744244102,-58.60586871463965,-16.29358822819511,-109.45129894452658,0,none
57.6985,8.043577480279362,1.944279694382803,21.47544564688936,26.688233763234173,-65.52581996274625,0.6278892948983504,-1.513835831935227,8.519637784551152,5.413217986950893,-58.631149773032966,-16.151310277193105,-109.3608982041445,0,none
57.7152,8.167434879935199,1.4527057115444042,19.180864791989237,23.080990843826243,-67.41034707902166,0.5809747165584487,-1.495685609868898,8.523677641969964,5.40427628472471,-58.65612772271778,-16.008964860572206,-109.2706467901896,0,none
57.7319,8.022228238998617,2.2988570194493656,19.30942649214524,24.89797728440282,-65.74055356746709,0.1134316686270912,-1.482530317866276,8.524728601039461,5.3979638680456565,-58.680885979026144,-15.866601892934847,-109.18050079359324,0,none
57.7486,8.119174249762228,2.071162974434685,20.08045279350894,25.623596788256545,-68.63984891127224,0.385392866316961,-1.4660960609215332,8.527392734777457,5.389945082639488,-58.70536978324353,-15.724194434264064,-109.09048871071316,0,none
57.7653,8.066228619829598,2.02647269456214,22.35197919130318,25.08752531013721,-65.48386150856454,0.4026847486017889,-1.4522327612515673,8.528107462564618,5.381402322263613,-58.729622070356434,-15.581775039639234,-109.00061929193136,0,none
57.782,8.143411354262323,2.1488495382471577,19.741836785625644,24.18556852271723,-75.48796488815226,0.3033608515629948,-1.437334664417078,8.531185293100416,5.372945016028905,-58.7536255592522,-15.439304245244458,-108.91089111016367,0,none
57.7987,8.059253553496072,1.666403160044023,19.070727667016666,24.683982473619164,-71.15007944753523,0.2768086457451287,-1.4215283536004846,8.533666958429539,5.36830574913783,-58.77736508275733,-15.296792007038684,-108.82124040415307,0,none
57.8154,7.99026760802077,1.7406079810797983,20.78630959330969,25.11705638773062,-66.72404277525067,0.1838215629755684,-1.408982086235051,8.535988288879077,5.35989795018608,-58.80089508359745,-15.154241002614404,-108.73173010838497,0,none
57.8321,8.081305351752217,2.1769302537386794,20.67476122886818,26.12422463341174,-71.06745683040555,0.308821514015405,-1.3902696722644083,8.537769976694804,5.35095249949978,-58.82411258712427,-15.0116602440036,-108.64236920164332,0,none
57.8488,8.138278336879644,2.1154712839378016,20.239674813540248,24.65163724085627,-72.02840573329662,0.6506471459800911,-1.3790999305493794,8.540040897808023,5.34549732249675,-58.84714355596444,-14.869041561010206,-108.55309939635762,0,none
57.8655,8.174229427752822,1.8900827233248527,21.74386570464267,23.47539896355828,-76.23564429637739,0.8132926591765048,-1.3641282627117084,8.542047987768388,5.339902733634951,-58.86992449795173,-14.726389359614474,-108.46392302070592,0,none
57.8822,8.124705322498945,2.1680466406740955,19.94698755445944,23.027827761486183,-71.89268428295901,0.8814811310008508,-1.3484302600881346,8.542718164518996,5.329734882524147,-58.8924432832952,-14.583725966267007,-108.37491644816777,0,none
57.8989,8.139917155431835,1.609510587512782,19.78237919704513,25.07360021385792,-70.13471160418148,0.6515353695083931,-1.3330661347063693,8.546939486366282,5.32415724669039,-58.9147054877448,-14.44099207684469,-108.28600302214804,0,none
57.9156,7.975168852887373,2.0403487911349454,20.841983305441826,23.81944244721448,-65.52594963462579,0.2935042701680037,-1.320590099966719,8.547260758822691,5.317350076503074,-58.93675934241424,-14.298252822172351,-108.19720327587044,0,none
57.9323,8.18520837616562,2.0181838073670724,21.104904332943367,24.215237107531596,-74.64640822525477,0.6095206175952567,-1.3055498901571625,8.550212920201227,5.312125127789013,-58.958562025579866,-14.15546426640499,-108.10849078623636,0,none
57.949,8.072322973115954,1.8476020532119344,18.02331178497839,22.174572179648614,-68.11159708361697,0.7683876888247524,-1.2898249229154255,8.551551298032622,5.303292233937516,-58.98010210179255,-14.012653359727846,-108.0199258059296,0,none
57.9657,8.134200953885035,1.9995587848218144,20.641275855060197,26.467008079823152,-73.88677541154797,0.5433405706224522,-1.2758294800750682,8.55441868839269,5.298304085048181,-59.00140845410981,-13.869794567631688,-107.9314441277093,0,none
57.9824,8.101376485760492,1.8605073651483424,19.18361400652861,24.72429219080115,-72.812960269336,0.6495415426032946,-1.2625594676320335,8.555241306392809,5.290439838717361,-59.02249319721926,-13.726922037814928,-107.84309378240272,0,none
57.9991,8.171353929372168,1.6930201521299726,18.822555505905644,25.302468815856408,-62.60167177071274,0.7717725650957177,-1.247424702740629,8.557376589695956,5.284362318823657,-59.04332518975503,-13.584013848767006,-107.75484493167836,0,none
58.0158,8.10520313560796,2.1700087085484148,17.88232932880608,26.42184675072567,-63.715484979620285,0.537790080112457,-1.2348558876902258,8.558807431408534,5.277854335625404,-59.06394728307946,-13.441081764662483,-107.66670476427342,0,none
58.0325,8.182911561917821,2.1372905963585134,22.185343212699955,27.878986680633048,-74.69805147473414,0.3567370548941625,-1.216067218414013,8.562036698186986,5.2722474018655925,-59.08425560562697,-13.29809575180276,-107.57865823266226,0,none
58.0492,8.082418728460853,2.039041361192679,19.94750780308425,25.13512110245801,-69.61917382617885,0.5847714884788959,-1.2056706140984086,8.562749648918786,5.265222466595664,-59.104390304882415,-13.155097832665817,-107.49072901747012,0,none
58.0659,8.126347458279886,1.7427013746298157,21.792122583450556,25.310651796423237,-68.92969192730133,0.3723406408052241,-1.190682768970917,8.564684675192185,5.25946801506811,-59.12427470712423,-13.012067598590107,-107.40289590161848,0,none
58.0826,8.104970219591118,2.2901089441735896,18.941678684664424,24.8283618144916,-70.20365029424667,0.8748532058037666,-1.1771842141351538,8.566293382256537,5.254316372730694,-59.143933683500286,-12.869010499106423,-107.31514881819388,0,none
58.0993,8.102869898079467,2.27347477160872,20.43915253875422,25.12398099143117,-70.10040202717387,0.5284815105098208,-1.161932040983124,8.56917883232198,5.248599709230751,-59.163337948584704,-12.725905212606646,-107.22749720304972,0,none
58.116,8.1927715694944,1.8546628139711128,19.378981306844537,24.550699595250865,-71.14466580404088,0.2705364798139046,-1.1475260979316446,8.56997319220375,5.240202297864935,-59.18250163442016,-12.582786660296843,-107.13998582467538,0,none
58.1327,8.098805587782753,2.3379576795512995,20.82089196549861,25.49614313668761,-65.81132072142547,0.4971988281485904,-1.135401944189468,8.571038936394029,5.235380954533123,-59.20146284688813,-12.439650310059063,-107.05255496273467,0,none
58.1494,8.22327445147483,2.0057392136084,21.592926640871383,25.09018694179808,-67.18607616740115,0.181484354573594,-1.1198650361204368,8.573472034001277,5.230041242245301,-59.22016459299134,-12.296473327091242,-106.96521327398918,0,none
58.1661,8.039586845697974,1.9703141357455705,21.22385750234842,23.306007886420797,-70.48188281628414,0.2811987444118983,-1.106912785154307,8.5750939242843,5.225089510482844,-59.238650036503415,-12.153269258555694,-106.87795427916411,0,none
58.1828,8.072841077520069,2.267015218141519,18.81487658593956,24.19747002913636,-66.59549128399752,0.5328533421019704,-1.0929175258322468,8.576190349100202,5.218685470073657,-59.256901759184814,-12.01004687972572,-106.79080223181388,0,none
58.1995,8.198873972748073,2.0634586879197685,19.53270501310288,25.43681379908276,-72.10502839949591,0.5331754239227885,-1.0773576569508287,8.57863418115248,5.212800664912482,-59.27489363205589,-11.866783688900474,-106.70374846070985,0,none
58.2162,8.052066220863361,1.7443362483478952,20.55374283639491,26.657705853527084,-72.52706333252436,0.4554743878236531,-1.0641755304044649,8.580503169223109,5.207832211815927,-59.29266536341365,-11.723489285974448,-106.61677766277252,0,none
58.2329,8.187210466958646,2.21922784783524,20.719005649343565,24.671215115102733,-72.14464338408189,0.6079495610504616,-1.0510172876616717,8.580867907855804,5.202055610373737,-59.3102173521176,-11.580188791913256,-106.52990333407928,0,none
58.2496,8.238415286853135,1.845362695285532,21.92307285484249,24.504581125812923,-75.05579752872967,0.929938010780572,-1.0374349114200443,8.58421828021922,5.198650503346044,-59.32754251513831,-11.436832346633595,-106.4430858706734,0,none
58.2663,8.041323142078717,1.5367603852033356,21.333291251266264,24.324334985958725,-69.20571683641744,0.5298903196245099,-1.02307267491295,8.583741149013457,5.190459553823033,-59.34462782880936,-11.29348386944507,-106.35640519612456,0,none
58.283,8.124370652219623,1.7699991841307348,19.574112027123828,26.02681483654084,-71.7412510198702,0.3121447959172759,-1.0103432178007647,8.58498463193743,5.184877605919852,-59.36150056054663,-11.150114626091716,-106.2698177401057,0,none
58.2997,8.109604821573734,2.180314774318582,18.550971842724525,25.974242909632046,-72.59405448340117,0.4295357584962493,-0.9941724812368412,8.58916671905242,5.182921695083445,-59.378103240983286,-11.00667554188354,-106.1832629477978,0,none
58.3164,8.239889894388805,2.2608613768473163,18.82026698175796,23.59988326997893,-69.91422636389778,0.3875125639572943,-0.982702717325504,8.58778693042905,5.174529136945762,-59.39451437636262,-10.863259500145375,-106.0968483112108,0,none
58.3331,8.074499445181614,1.839839733353294,20.56646630346641,25.027070759757247,-72.44693570373823,0.6819616414349459,-0.968928815031906,8.590625822510411,5.172209753279398,-59.410695487573655,-10.719796048909451,-106.01047240833104,0,none
58.3498,8.249426858384192,2.066727908999187,20.35991416266495,27.41981648799269,-72.77780683431762,0.5848744088682474,-0.954864796102124,8.592083256319444,5.166815224375871,-59.42664172966856,-10.576308258528917,-105.92418659408396,0,none
58.3665,8.076078864572512,1.943252905440082,19.390437735001505,26.385470215956357,-69.97668271792384,0.2661682731018453,-0.9416606386408632,8.592406512447045,5.16110286285054,-59.44236746233386,-10.43281506977105,-105.83799617627436,0,none
58.3832,8.057814985662448,1.81480993966358,19.568664449471093,24.21097943587005,-71.35594901914001,0.9375785316240868,-0.926706340001647,8.594841146303214,5.156227377962872,-59.45784345821189,-10.289281222627787,-105.75188717906238,0,none
58.3999,8.124143294842266,1.738918761031129,20.353472133890197,25.61076854501838,-66.35466346011718,0.2729756544523677,-0.9142542454677692,8.59606432018763,5.152119456233253,-59.4731115041112,-10.145726948480654,-105.66584678414328,0,none
58.4166,7.9379464480125135,2.2853536421440057,24.8319280864867,24.99745699999013,-67.19402403036605,0.3501581296437538,-0.9001826487503285,8.597791959655282,5.148256321363106,-59.48814455434533,-10.00214382275441,-105.57987090357652,0,none
58.4333,8.053990466917085,2.141341169557204,19.85969614464809,25.464071140726315,-68.46047893929618,0.3453411004612349,-0.8871404823689922,8.599585407717862,5.142791208544021,-59.502959800400895,-9.858530746445522,-105.49398629039383,0,none
58.45,8.127599848071977,1.7541863262562176,20.132780672823987,26.007828971560933,-69.18852197660105,0.5183125557915523,-0.8739965903850772,8.599222235592464,5.139206560160173,-59.517555543460325,-9.714923735111128,-105.40816154083916,0,none
58.4667,8.093478303321033,2.144373164998984,20.48240811201623,26.7144318043966,-70.45131266842583,0.2552783819893293,-0.8601486370192455,8.601640487237967,5.134567376126891,-59.53192002569855,-9.571276338974254,-105.32241426565784,0,none
58.4834,8.10413342227543,2.205051113534616,19.848165120274487,25.30629053366856,-74.19848135050613,0.1884993840097191,-0.8449946905020788,8.60207872043253,5.12795495357827,-59.54603143702993,-9.42762162434303,-105.23677741793308,0,none
58.5001,8.191661856160824,1.7138493819162648,22.879760008418277,24.613024220030816,-68.84290392361702,0.4690433089924462,-0.8342184565320284,8.603691787852366,5.125595761841081,-59.559962885254016,-9.283939971485896,-105.15117996871034,0,none
58.5168,8.011668327947504,2.158906164812766,17.509673652572978,24.546996706817552,-66.79689387132741,0.5491682560850826,-0.8213180511088474,8.605298824241093,5.121213527188958,-59.573678896707534,-9.14023148112107,-105.06565570280628,0,none
58.5335,8.081935088855376,2.0318155632651824,19.916487671731925,23.48778575139101,-72.3961982651384,0.2142031363390795,-0.8056109441403709,8.605814858246772,5.117670003576297,-59.58713259947468,-8.996514372988349,-104.98019061374656,0,none
58.5502,8.128409129074479,2.16894396211743,23.562972848332773,25.23363575452823,-67.52928966189714,0.6102142967419848,-0.7926301880849609,8.608208765071986,5.114128537670722,-59.6003695236157,-8.852757286611647,-104.89478466716746,0,none
58.5669,8.156420019192769,2.0705808420833343,19.665966923133247,24.42548673721973,-69.88047475351772,0.0779150926713895,-0.781176246322697,8.608458497738521,5.108924510076561,-59.613415166929286,-8.708996029699414,-104.80946562784918,0,none
58.5836,8.204820774493422,1.5619690126332215,20.371191455800528,25.011463575552074,-72.45410723274728,0.6249387231971141,-0.7668561170997558,8.608718463766946,5.1034013136922125,-59.62622166408485,-8.565230431354506,-104.72423882591052,0,none
58.6003,8.084819814240028,2.069029031029887,19.53052450275869,23.987873715171386,-64.02906473596337,0.4743149725143334,-0.7515927548883065,8.610958299954127,5.100632385726684,-59.63877326309149,-8.421427427745272,-104.63905826506888,0,none
58.617,8.008207372699044,1.93582183158808,20.73076961482687,25.17484705569989,-73.47110929342213,0.1852229026458337,-0.7407845066626317,8.612159296336552,5.099776574684903,-59.65114436435275,-8.277604367496451,-104.55389199627164,0,none
58.6337,8.170747650792249,2.09985362031241,18.63403122691272,24.844165421431065,-67.68447036875537,0.3377254238481051,-0.7259397636388798,8.613220017807343,5.092867175569085,-59.66326755840552,-8.133763593199069,-104.46884111443964,0,none
58.6504,8.094068394751465,1.7317586273595926,21.430479300907084,24.82050925899259,-70.1885007780337,0.4378759411092139,-0.7152867902436436,8.6136111634491,5.0908797421449705,-59.67521284780259,-7.989916286769469,-104.38382342274582,0,none
58.6671,8.10033798864362,1.8628243725931304,21.02579354236388,24.98064440157115,-74.42941286763521,0.5492335879926364,-0.6996839932157058,8.615693096959054,5.086731087869712,-59.68689757048929,-7.846034212050252,-104.2988750135784,0,none
58.6838,8.180627334254531,2.131970041865394,18.77259860057064,25.886868715223365,-76.0143794400289,0.6306112872353522,-0.6890674774155229,8.614900832222684,5.080757002133907,-59.69840499736213,-7.702165368152134,-104.21402637164276,0,none
58.7005,8.23615650214614,1.7664399060787868,21.30952022879344,22.995893076109425,-70.84497215046405,0.5953813112188804,-0.6729371181054484,8.618521041153773,5.0811700637116095,-59.70964304723449,-7.558236066764866,-104.12917083157878,0,none
58.7172,8.08700593541224,1.935812772884951,21.003520852966016,24.350608446182854,-72.28463510437359,0.7505356716830344,-0.6617603577177772,8.618006975565592,5.076355221920713,-59.72069444520838,-7.41431535027292,-104.0443956993727,0,none
58.7339,8.012452151645768,2.097233692973428,22.381904285705343,23.69221868046344,-66.29506583912001,0.3739952313034724,-0.6489236129642527,8.618897408080326,5.073296683067152,-59.73153146954488,-7.270379763557979,-103.95967164476548,0,none
58.7506,8.054884931095236,2.0495091970881685,22.20226396993304,24.32410641790824,-65.69693467010543,0.4895785346552058,-0.635161163030407,8.620015329340454,5.069994353069565,-59.74213866096749,-7.126425507557993,-103.87500273906922,0,none
58.7673,7.923712038690428,1.8961653375647705,22.138887445040677,23.7867184499503,-71.00374785826273,0.191829498821988,-0.6204136676387181,8.621260497642014,5.067613777267078,-59.75249956921706,-6.982450457247372,-103.79037358898886,0,none
58.784,8.001515925124911,2.2285748508609373,18.98349789780965,23.03457083434653,-69.09587675430605,0.35258175255121,-0.6103775956081243,8.621216823790999,5.060297115849773,-59.76269287506371,-6.838476136290062,-103.70586662715417,0,none
58.8007,8.045379841751014,1.8738704357328184,19.56501077544508,24.656515888271763,-69.2919055297411,0.6015397796883748,-0.5945949225273448,8.622692291985834,5.059392974933491,-59.77262261026992,-6.6944771750138985,-103.62137476447278,0,none
58.8174,8.078811976459864,1.9175535030027155,19.722710221159826,24.801331947441422,-73.10797271875958,0.9168738218461004,-0.5843949740797504,8.623582887217035,5.0597579925829175,-59.78238200633705,-6.550463340797374,-103.53687680599664,0,none
58.8341,8.111722908943117,1.9156543479801469,18.3662620591627,25.22148434286019,-69.54940179793783,0.5821098381615841,-0.5712537839979838,8.624435917239808,5.054690332299546,-59.79192194452982,-6.406435260979469,-103.45246347744724,0,none
58.8508,8.141018554069971,1.913619320374607,16.24935314970132,25.578600732406795,-72.2982004102661,0.3883000830447167,-0.5556024591749303,8.625656619549181,5.050600442197589,-59.80120050559804,-6.262386795432998,-103.36811845006254,0,none
58.8675,8.133702936036652,2.213156069256816,18.30563708120205,26.567808337911192,-65.07292311708702,0.0,-0.5447186938890789,8.625354705925446,5.047851613826703,-59.81029730778599,-6.118343371844043,-103.28381932811163,0,none
58.8842,8.051966917608882,2.411694312402078,18.81542687437572,25.487190295860103,-73.06051804160121,0.3542182444241456,-0.5308350638244463,8.627199929469759,5.047818511023437,-59.819162253351855,-5.974269133021898,-103.19952075897754,0,none
58.9009,8.018318436338317,2.1147177482203774,23.065411981327127,23.864676894776046,-67.5666255636247,0.3466743838312155,-0.5177146433761446,8.627533596763316,5.042643284265589,-59.82780808789624,-5.830189321955951,-103.1153086161303,0,none
58.9176,8.09055992587443,2.1446272649363185,21.68320115352975,26.46395697991089,-63.504323001293336,0.4848679804170585,-0.5060508590027821,8.627329526296442,5.038517286858062,-59.83625913724158,-5.6861129188668,-103.03116537743978,0,none
58.9343,8.10134473241045,1.7760153134410126,21.10740231047193,25.962482072441837,-68.88216421547813,0.6396058751817355,-0.4928443055880125,8.629503340960738,5.039638994336421,-59.8444896371449,-5.542000213072756,-102.94700340623436,0,none
58.951,8.15976380206268,1.946887322271308,19.304894184805057,23.611890862454764,-70.40676662001202,0.6654488478626871,-0.4798900944301933,8.63006337603433,5.0348219920258845,-59.85250380172189,-5.397878154692982,-102.86292187896753,0,none
58.9677,8.121862639324627,2.005151527575025,18.20740289099524,26.25975691917753,-69.05536435862972,0.5000267950501562,-0.46777468548468,8.629839201081717,5.035216090310589,-59.86031563896948,-5.253759840034918,-102.77883377025934,0,none
58.9844,8.140904250178101,2.0345014344614523,19.78995524260758,23.03098789636759,-68.58060262062543,0.4637926586999248,-0.4554136109451115,8.631633764528704,5.031649538348242,-59.867921046272265,-5.109611556167288,-102.69480522296892,0,none
59.0011,8.024776744630227,2.09725897516877,23.89385654180124,23.967069736512794,-69.55703197553287,0.4504974288684226,-0.4408758910246146,8.632181865819843,5.027606108148452,-59.875283673652376,-4.965454119008097,-102.61084420096284,0,none
59.0178,8.01242817563611,1.9873517133993368,21.44137466487783,23.17039709552597,-69.46321923403183,0.3619624479849556,-0.427764073675012,8.63182492462202,5.026506471318794,-59.88242733368275,-4.821302642766909,-102.52690154289182,0,none
59.0345,8.18582670765878,2.3688489872202,19.66204159231196,25.753723233874,-70.39901966147134,0.0148346038837647,-0.415480732968972,8.633177514590033,5.024675332191839,-59.88936586192333,-4.677128578273256,-102.44298946484422,0,none
59.0512,8.314044881508229,1.68253983465228,20.54825611992947,22.777838757626448,-68.08440529046322,0.4674308707455079,-0.4041373349969308,8.633030842142327,5.021660668258741,-59.89611495541778,-4.532956963209479,-102.3591277316843,0,none
59.0679,8.090426602815612,2.0151685876806344,19.32084052562353,23.707209858380043,-68.67977722323768,0.6357273399598147,-0.3923956656805756,8.63438109186503,5.020689187004283,-59.902667963034645,-4.388762798975333,-102.27528222226132,0,none
59.0846,8.135386262091975,1.7970724276256609,17.08924865652522,23.387607007815067,-69.54485624457683,0.9555178777031432,-0.3788854053701657,8.635033142636091,5.020622869942954,-59.90899534930433,-4.24455774549331,-102.19143782033328,0,none
59.1013,7.976178186299619,1.8243506237248264,18.94415793207832,24.95479429791483,-67.94952426033906,0.4108437095644107,-0.363418932278426,8.635127899373478,5.014284278584177,-59.91506444547338,-4.100351109573773,-102.10769927288092,0,none
59.118,8.210817049609718,2.0451995764917337,20.96591384338021,24.43927708178332,-80.25396402498703,0.6552577841190049,-0.3541158235137487,8.63604616848139,5.014711348054106,-59.920978179726056,-3.956129138560134,-102.02395359336842,0,none
59.1347,7.934728579829146,2.1784658844872893,15.78203978767588,22.86077057627157,-63.660367316620025,0.4357219838369146,-0.3387099510964012,8.635866275766215,5.015027596137528,-59.926634635909366,-3.811910171754838,-101.94020263251292,0,none
59.1514,8.145729489694823,2.192629241369601,18.123727277273204,26.6073680576768,-73.75701444063658,0.2944963437072826,-0.3263844160672757,8.636689808127349,5.0090291564720175,-59.93208525565769,-3.6676774519591113,-101.85655184559984,0,none
59.1681,8.210260905767049,1.9358050541540237,19.47481017416699,26.763462958533918,-68.58467126749053,0.2233561823890195,-0.3142954052863215,8.63744100248612,5.009959890766603,-59.93733398892597,-3.523432187217593,-101.77288551542404,0,none
59.1848,8.221111317916854,2.025489356063502,14.742545324785194,24.79044303471059,-74.00635821385465,0.4080509356798704,-0.3008838410604036,8.63828460013933,5.010329079746084,-59.94235874907168,-3.3791728343952663,-101.68921301979228,0,none
59.2015,8.117216441585331,1.985626995874089,19.20451611726044,26.86043058467221,-68.03609359067433,0.3271152872692937,-0.2890283587875441,8.63727684024203,5.0066378844357455,-59.94718552266343,-3.2349303111632244,-101.6056021671222,0,none
59.2182,8.223916834139432,2.02816956339857,20.217308426564752,24.938304090798013,-66.47386376662358,0.218092845503906,-0.277857243241114,8.639031376234504,5.0037791574002135,-59.95182573862556,-3.090658487180108,-101.52203905519362,0,none
59.2349,8.140928721929715,2.238571112262417,18.184064570072923,24.79099482806045,-71.25796521043327,0.2912745950203554,-0.2638135338977334,8.638504666368442,5.00232932891354,-59.95623142464165,-2.946395459251755,-101.43850015540076,0,none
59.2516,8.190614869033777,1.956767940712824,17.54700951396999,24.43442450201106,-71.7523756293707,0.3625612439164674,-0.2504998808295332,8.639851568971386,5.005369086050534,-59.960414772651504,-2.802109938049933,-101.35491049166372,0,none
59.2683,8.073734022276318,1.889618646070835,22.938120288789072,25.22451195598044,-72.40821688219123,0.3588882399426063,-0.2382961731250034,8.639574477013465,5.001620931653487,-59.96439431874269,-2.657829044283808,-101.2713834221051,0,none
59.285,8.046781871776123,1.9442331850871943,20.634491449162127,25.32839794805708,-76.03591794126699,0.4006445328590388,-0.2243010993460742,8.639416499187806,4.999299549723957,-59.96814014710177,-2.513550788747372,-101.18789511962471,0,none
59.3017,8.189290828756818,2.105716231493234,19.112372515825715,28.18104630194809,-70.55557480245118,0.1624086406452334,-0.2138869316100507,8.640487048766799,4.998532674054722,-59.97171205885966,-2.3692546550329663,-101.104419623968,0,none
59.3184,8.028944836852821,2.357851056288648,17.891230842268943,24.539077652942744,-72.87546943996884,0.0,-0.1995585231235806,8.641009124023117,4.998984331582866,-59.97504468619582,-2.22494980266178,-101.02093658563057,0,none
59.3351,8.071384991527587,1.9763909281080336,18.82324684134765,23.64717294974728,-67.59693764027416,0.6295363429166004,-0.1892355195871529,8.640744360311963,4.996464336672371,-59.97820491937293,-2.0806493718445704,-100.93749563120814,0,none
59.3518,8.182750117927231,2.2805011883058453,19.59796502488225,26.025703348106877,-72.7197298893649,0.4299068142544414,-0.1742181827481799,8.641222665166355,4.994471863774535,-59.98111436302482,-1.9363409533362923,-100.8540879510831,0,none
59.3685,8.110595209610013,1.9183484295520812,21.59605233275802,25.263484660072315,-70.40766100318393,0.549411780220057,-0.1626906931106875,8.641612302451826,4.997063591006138,-59.98383129759977,-1.7920260278853468,-100.7706369891133,0,none
59.3852,8.020253798167536,1.775755870924819,19.84695383500152,24.50573773019843,-68.16055485685823,0.777499753903213,-0.1504805776100809,8.641743434382608,4.995869024805822,-59.98634432324586,-1.6477089125311573,-100.68720597639904,0,none
59.4019,8.081115027099004,2.244059929983921,19.64729583238003,26.77250374578565,-70.98301231643771,0.6647832444151451,-0.1368572620957232,8.641402288526267,4.989973431323672,-59.98862983952286,-1.5033974943127686,-100.60387342009594,0,none
59.4186,7.992659323781921,1.9808251996896424,20.6030266159349,24.66106174903661,-67.41470682013376,0.634163713480358,-0.1247499974055133,8.642714308315433,4.995542890006975,-59.99071316447953,-1.3590641653639008,-100.52044785383282,0,none
59.4353,8.122301589958424,1.7708736133465326,17.94257813208422,25.68591163110479,-74.31048321307235,0.4412175938760531,-0.1125073529504199,8.642318597749721,4.99356072361066,-59.9925920372738,-1.2147374447814805,-100.43705538974852,0,none
59.452,8.102295514775747,1.8147060973233176,20.375855676891007,23.623452532923185,-69.46380652823882,0.7045119239811156,-0.0983831920492351,8.64209510822995,4.992108447525508,-59.994235036581024,-1.0704144564740403,-100.35368717867485,0,none
59.4687,7.92153825490541,1.9916771824473585,19.74581471472284,24.161174485317297,-73.30310125477014,0.2352762782408389,-0.0849951105327468,8.642961161380882,4.986720162012085,-59.99565445492692,-0.9260770050789796,-100.27040895196924,0,none
59.4854,8.019907213402647,1.8399732516981933,19.717368820306813,25.04585103888043,-65.46705806615526,0.6301437026514003,-0.0746674210992994,8.642366124117858,4.997721648875571,-59.99690140085928,-0.7817494908062114,-100.18694700043302,0,none
59.5021,8.133795158640993,2.1223579653464872,20.291733304494187,23.484260075419957,-66.81211355302719,0.3063168436241333,-0.0598796435107641,8.643252388079546,4.986500313262473,-59.99790139090591,-0.637407175925283,-100.10367244520154,0,none
59.5188,8.105237688241408,1.9440079634801288,19.90038666130028,26.467228099813774,-68.4644223221494,0.5390929648772603,-0.0512902091249222,8.642463978963141,4.991795164034862,-59.998757937398295,-0.4930780274765985,-100.02030946596216,0,none
59.5355,8.090196150551586,1.824998520775264,17.65477685414932,25.117464913978036,-65.26179391263564,0.37386803697023,-0.0352793252021425,8.642775020381086,4.991007522315084,-59.99934710212917,-0.3487436846362344,-99.9369596403395,0,none
59.5522,8.1637243495446,1.913471137124904,20.708776421784123,24.48108787291799,-69.33603483154897,0.0739194711906426,-0.027186346968337,8.642454491255018,4.990765174393979,-59.99980111412354,-0.2044146946322756,-99.85361386192712,0,none
59.5689,8.026054145636142,1.7310077911772823,21.371335279705463,24.329752290412213,-72.89702396457825,0.3736523902432652,-0.0094729165796987,8.643718427500778,4.986927860234139,-59.99995931183042,-0.0600645968930126,-99.7703321666612,0,none
59.5856,7.955826116458822,2.090375909289917,19.929202118684124,22.31601773595719,-65.88274157422316,0.6193587825912806,0.000176947041663,8.642479465095306,4.989051488972601,-59.99995635681483,0.084264810174079,-99.68701500679536,0,none
59.6023,8.180930485282419,1.8811006044329397,18.30259037022888,24.92359034172137,-71.78911902384183,0.5584629978874587,0.0115815414951993,8.64321980777094,4.99323335184711,-59.99976294507186,0.2286065809638537,-99.60362800981952,0,none
59.619,8.083588198106593,2.1548317907490846,19.23058640907266,24.820590497853978,-68.3470776799361,0.469008977054473,0.0257847950577997,8.642599359896312,4.99062635655319,-59.99933233899439,0.3729379902741221,-99.52028454966508,0,none
59.6357,7.932513110863503,1.8452654949156848,19.72822374712929,24.58082292496369,-65.12454125981677,0.5604360341320032,0.0411295951165332,8.6439829743058,4.989192017753495,-59.998645474755946,0.517292505945029,-99.4369650429686,0,none
59.6524,8.03364017759772,1.991434915634153,20.74722594548337,25.36631862840591,-69.10932161298287,0.4647130856412576,0.0502932976782752,8.642051236856219,4.991457101669109,-59.99780557668472,0.6616147616005278,-99.35360770937072,0,none
59.6691,8.07870717488576,2.2227656723885376,21.47815942474428,25.08812820517441,-64.3067959828601,0.8387967045544105,0.06315302200762,8.642327462207033,4.99127708124462,-59.99675092121719,0.8059416302193853,-99.27025338211394,0,none
59.6858,7.982360128756166,1.9391948035809807,20.594463907767565,25.04584823151059,-77.40687953420345,0.8570604129954347,0.0782181969148967,8.643201848709126,4.988973330988032,-59.99544467732871,0.9502831010928277,-99.18693752748644,0,none
59.7025,8.174944790542474,1.9296240679018064,19.466636311330888,23.98401313163976,-65.3019755722867,0.2499384883282469,0.0891496745114971,8.642981772343498,4.990989270373224,-59.99395587776437,1.094620896690964,-99.1035880066712,0,none
59.7192,7.985197450384259,1.8065756550185537,17.380997211920864,24.98309554178297,-62.52237957954374,0.6433390974503648,0.1004652558280523,8.641215554463086,4.99478406384919,-59.99227810799204,1.2389291964504976,-99.02017511280492,0,none
59.7359,8.141027952183897,1.6378848026527624,21.806028578466364,25.40895953173023,-71.9507148152394,0.5699310058618396,0.113966300389819,8.642042743344549,4.992513979075087,-59.99037487077553,1.3832513102643516,-98.93680012935437,0,none
59.7526,7.998951560636628,2.089348979056926,18.061175777876517,25.88494952776973,-72.86448300625011,0.296443364409213,0.1277108338468995,8.642390640708653,4.993021946544053,-59.98824209985029,1.527579233964186,-98.85341666284708,0,none
59.7693,8.129352964161102,2.223240340093498,18.919993426746625,23.14611470174732,-70.2912741420506,0.7334788301161868,0.1411327381570553,8.642243927696068,4.993504660725972,-59.98588518312307,1.6719047075567104,-98.77002513501296,0,none
59.786,8.053491162886933,1.778674829065257,22.299080286791234,25.766230737782205,-65.28114057791858,0.3198550208903004,0.1530666006292783,8.642470030852506,4.992694766452597,-59.98332897089256,1.8162339570719472,-98.6866471324132,0,none
59.8027,8.121213697239124,2.0110437975811046,19.1098461314305,25.35314073760869,-70.4956751911267,0.4610827487185835,0.1668800070039473,8.641458321619682,4.995130792938702,-59.98054207477559,1.960546311042996,-98.60322844817112,0,none
59.8194,8.232416679073179,2.530864637954379,22.48021935541824,24.74391103991778,-71.409090078128,0.9083305332641765,0.175033269542779,8.64052423509827,4.999218848008307,-59.97761901917423,2.104843065769137,-98.51974149340938,0,none
59.8361,8.080934089420793,1.8966975826339911,17.866601676568173,24.73455123713685,-68.08650683023585,0.573296131780999,0.1883733237713056,8.640717182407432,4.99674244012508,-59.97447318466725,2.249143042715341,-98.4362958946593,0,none
59.8528,8.202817360154132,1.9555205745050404,20.803535409746736,23.04751732628816,-70.28001178945914,0.1514542642169264,0.2047866654430221,8.641180531641623,4.996703787028282,-59.97105324735435,2.3934507575937563,-98.35285094141592,0,none
59.8695,8.156034226428751,2.15395942523829,21.26215635441804,24.97907363810509,-69.16276072741654,0.7456785764689834,0.2141254674927801,8.639103664607424,5.001565632383546,-59.96747735204722,2.5377237887927,-98.26932479535512,0,none
59.8862,8.175710653898344,2.121643064189826,19.651185658488167,24.83879311766128,-63.61910972459451,0.4688273771980731,0.2263877923767635,8.639783588281592,5.0011714821654,-59.96369667591453,2.682008174717003,-98.18580523160296,0,none
59.9029,8.0890786952286,2.148821545094864,17.31973067148691,24.08054767679357,-71.9330739468872,0.7047121085040361,0.2427516094495538,8.641385646564514,4.997474300837153,-59.95964272403672,2.82631931501463,-98.10234741077898,0,none
59.9196,7.980970099309062,1.759999006496642,18.65147199633459,23.65528071498809,-68.8923462842316,0.7606488414779236,0.2483071443471927,8.637193820518533,5.0051184130992885,-59.95549599472612,2.9705604518172897,-98.01876193328022,0,none
59.9363,8.007740007849554,2.1224165212035637,20.3758352816746,25.457951359360777,-69.85570684503313,0.5170154217355577,0.2682374653432587,8.640067632603735,5.003908936455793,-59.95101642905489,3.114849581281772,-97.9351966540414,0,none
59.953,8.242196830324247,2.048473470514183,22.52540505815663,25.35493172185092,-67.35901088547281,0.3631743835873244,0.2754037218743079,8.638039504671285,5.005276458009514,-59.94641718689959,3.2591048410097825,-97.85160853719265,0,none
59.9697,8.176666689859688,2.108093115218095,18.79520578862159,23.62920087510838,-70.94496848281227,0.3386438785984927,0.2928031057425805,8.63870140687632,5.006588436760091,-59.94152737503369,3.403371154504617,-97.76799851029875,0,none
59.9864,8.260395868917204,2.1561447380073866,22.898774190593304,23.627023833871817,-66.4238851029087,0.743204226434572,0.3031727821640194,8.637949146444436,5.007797018682217,-59.93646438957155,3.547624905250239,-97.68436830008676,0,none
60.0031,8.000951573111402,1.8990186377375355,20.057618576717932,23.10348408833398,-71.57529299025255,0.2169404760842898,0.3143852592583023,8.635319466797252,5.012661525521235,-59.931214155741934,3.691834740345753,-97.60065685261056,0,none
60.0198,8.140160943938152,1.6159104642314626,21.259547543701032,25.149557561414497,-65.50652211718938,0.6644129996834327,0.3295957436656336,8.638539279295976,5.008647374488319,-59.92570990682272,3.836098346309996,-97.5170124414566,0,none
60.0365,8.020677049920975,2.156127504789699,22.546711674018105,24.520860950954336,-68.04162137619637,0.4394790661754316,0.3435507904397784,8.636324200250122,5.013726951768103,-59.91997260862237,3.980324960454173,-97.43328320136207,0,none
60.0532,8.10068483719042,2.05771118493874,21.431431720797164,25.810112148731594,-71.44038104495809,0.3825279072327984,0.3549025811907199,8.635731816163188,5.015590435146726,-59.91404573551649,4.124541681784098,-97.34952284109512,0,none
60.0699,7.957853033591069,1.943997784975641,20.76080562889004,24.90448256098212,-69.90493423289269,0.5777997502478694,0.3692169400105836,8.63550205611925,5.017121055267169,-59.90787981261831,4.26875456612129,-97.26573691947216,0,none
60.0866,8.064973266691398,2.232409056206326,19.638379809336666,21.811615660635372,-66.07507705594178,0.1435234028330999,0.3796302865787495,8.635137694935684,5.018109753214634,-59.90153998683245,4.412961365626716,-97.18193448659348,0,none
60.1033,8.001057643415662,2.2206863245632915,19.57459054728952,23.52418870573309,-72.09059570418628,0.8455748120876414,0.3912449112075201,8.633318949823751,5.021389288113718,-59.89500619681528,4.557137792088772,-97.09807728548198,0,none
