IMG_NUM,X,Y,Z,ROLL,PITCH,YAW,Q1,Q2,Q3,W
img_000000.jpg,-0.0,0.0,1.0,45.11747917222481,44.88202321799964,45.16631386432589,0.1920133737051303,0.4616609189254417,0.1925699448434922,0.8443440510824156
img_000001.jpg,-0.0,0.0,1.0,45.23426405581593,44.7638201618078,45.33196065663044,0.1926847233594179,0.4613812580752615,0.1937976980030631,0.8440630215389766
img_000002.jpg,-0.0,0.0,1.0,45.35032100115789,44.64535862491311,45.49693809783712,0.1933556510579442,0.4611004923733743,0.1950252149467769,0.8437802401525848
img_000003.jpg,-0.0,0.0,1.0,45.46564837470739,44.52666333307152,45.66122667164753,0.1940261176414554,0.4608187179312064,0.1962522488357058,0.8434957200271684
img_000004.jpg,-0.0,0.0,1.0,45.58023935863604,44.40775468830858,45.82484248169321,0.1946959192579229,0.4605360537615699,0.197478852873177,0.8432094312078859
img_000005.jpg,-0.0,0.0,1.0,45.69418328578407,44.288598585441086,45.98781051178032,0.1953657459074617,0.4602524537351783,0.1987049806689764,0.842921250659936
img_000006.jpg,-0.0,0.0,1.0,45.8073787889809,44.16920317455017,46.15011884723916,0.196034861016894,0.4599677494105694,0.1999309091633296,0.842631375115707
img_000007.jpg,-0.0,0.0,1.0,45.91990254686119,44.04960257460042,46.31175273352603,0.1967037423063849,0.4596822399628152,0.201156072995099,0.842339664460022
img_000008.jpg,-0.0,0.0,1.0,46.03170204397725,43.92976686261946,46.47272911798528,0.1973720523083638,0.4593956469971839,0.2023809198698218,0.8420462432433672
img_000009.jpg,-0.0,0.0,1.0,46.142842741173496,43.809702764663605,46.63309324864324,0.1980400575792987,0.4591081815932895,0.2036054825882385,0.8417509255403892
img_000010.jpg,-0.0,0.0,1.0,46.25325014879462,43.68940262123928,46.79277952452865,0.1987074998344706,0.4588195250247585,0.2048295994444976,0.8414539845749117
img_000011.jpg,-0.0,0.0,1.0,46.36300986079257,43.56890473565311,46.95182933260966,0.199374678052034,0.4585301186561367,0.2060530646712955,0.8411551596325163
img_000012.jpg,-0.0,0.0,1.0,46.4720607500023,43.44817390382384,47.11024529316983,0.2000412726151651,0.4582396099852297,0.2072762769826237,0.8408546212582247
img_000013.jpg,-0.0,0.0,1.0,46.5804796536587,43.32721685887263,47.268051980572494,0.2007077158771756,0.4579481989256267,0.2084990720758929,0.8405521975651681
img_000014.jpg,-0.0,0.0,1.0,46.688185036706585,43.206062751336056,47.42521473880488,0.2013734214498669,0.4576558365164462,0.2097213916525269,0.840248069512411
img_000015.jpg,-0.0,0.0,1.0,46.79522337514934,43.08467827232117,47.581760136877136,0.2020387569342152,0.4573624187213502,0.2109433724640846,0.8399421719685898
img_000016.jpg,-0.0,0.0,1.0,46.90161761141625,42.96309937577222,47.7376743301908,0.2027037902500321,0.4570681659020604,0.2121646631604389,0.8396344566793427
img_000017.jpg,-0.0,0.0,1.0,47.00734246392743,42.84128474490723,47.89297717654815,0.203368423686783,0.4567727820248404,0.2133856715247453,0.8393250056065137
img_000018.jpg,-0.0,0.0,1.0,47.11240722951428,42.71926799403409,48.04767813136992,0.2040325417775989,0.4564764886079062,0.2146062807503942,0.8390137552546152
img_000019.jpg,-0.0,0.0,1.0,47.21681851801542,42.59704644968672,48.20176490888183,0.2046962473803412,0.4561792351524046,0.2158263757734563,0.838700737596354
img_000020.jpg,-0.0,0.0,1.0,47.32057424845039,42.47461841079896,48.35523135023266,0.2053595512399566,0.4558809717747594,0.2170459171819526,0.8383859875515989
img_000021.jpg,-0.0,0.0,1.0,47.42368995692783,42.35200540581506,48.50811395563132,0.2060223254673424,0.455581904284139,0.2182650107855161,0.8380693974633989
img_000022.jpg,-0.0,0.0,1.0,47.52616246201035,42.229175899948416,48.66039792171047,0.2066847329109922,0.4552817785673259,0.219483682538931,0.8377510587192558
img_000023.jpg,-0.0,0.0,1.0,47.62798116735922,42.10614109616739,48.81210050165175,0.2073465750004362,0.4549806519591595,0.2207020443096052,0.8374309594324585
img_000024.jpg,-0.0,0.0,1.0,47.72919212814397,41.982921751401065,48.96319625871262,0.2080081959195142,0.4546786734566235,0.2219196308406958,0.8371090560862208
img_000025.jpg,-0.0,0.0,1.0,47.82976597370583,41.859481949014416,49.11373357638619,0.2086693356520793,0.4543756261893575,0.2231370528448678,0.8367853693338906
img_000026.jpg,-0.0,0.0,1.0,47.9297096668012,41.73585797401546,49.26366920466115,0.2093300573478757,0.4540716485998141,0.2243538052220333,0.8364599423229876
img_000027.jpg,-0.0,0.0,1.0,48.0290066686003,41.61203847711109,49.4130429238578,0.2099901252940157,0.4537666862105614,0.2255702817008489,0.8361327584647603
img_000028.jpg,-0.0,0.0,1.0,48.12770245931885,41.48804597412759,49.56181953164896,0.2106499093225072,0.453460881054898,0.2267859409340168,0.8358037939911542
img_000029.jpg,-0.0,0.0,1.0,48.22576306618344,41.36383413662662,49.71003958207651,0.2113091932107461,0.4531539283415142,0.2280013983645412,0.835473102162536
img_000030.jpg,-0.0,0.0,1.0,48.32325174524202,41.23943782002948,49.85771276945054,0.2119682458699321,0.452846166593971,0.2292163182985116,0.8351405220498194
img_000031.jpg,-0.0,0.0,1.0,48.42007476313387,41.11486428753839,50.00479500008111,0.2126265217282752,0.4525373493234844,0.2304307095081089,0.8348063235509178
img_000032.jpg,-0.0,0.0,1.0,48.516295896484266,40.9901021493521,50.15133754121939,0.2132843264864704,0.4522276047760797,0.2316447317689892,0.8344703157077402
img_000033.jpg,-0.0,0.0,1.0,48.61193789729697,40.86515530619516,50.29731810858074,0.2139418916774736,0.4519169395640381,0.2328581069488231,0.8341325127033163
img_000034.jpg,-0.0,0.0,1.0,48.70698336450114,40.74002196145541,50.44275904280117,0.2145990047912383,0.4516053268063851,0.2340710644438231,0.833792919574665
img_000035.jpg,-0.0,0.0,1.0,48.80144023343941,40.6147169839287,50.58765629038096,0.2152556701703643,0.4512928452162078,0.2352834709269717,0.8334515298592499
img_000036.jpg,-0.0,0.0,1.0,48.89526752139117,40.48921119416257,50.732001889933485,0.215911741800855,0.4509791920292181,0.2364955438432445,0.8331084838431804
img_000037.jpg,-0.0,0.0,1.0,48.988538457767184,40.36354913377634,50.875794293779805,0.2165675605515233,0.4506647687896133,0.2377067853991431,0.8327636171590185
img_000038.jpg,-0.0,0.0,1.0,49.08121739474295,40.237698158105474,51.019072220569896,0.2172228507540619,0.4503493507575344,0.2389177461864652,0.8324169663934808
img_000039.jpg,-0.0,0.0,1.0,49.17329030733978,40.111665547967405,51.16181198856935,0.2178775672227525,0.4500328867579713,0.2401282687341676,0.8320686156153909
img_000040.jpg,-0.0,0.0,1.0,49.26478469176342,39.985465611258704,51.30401246300762,0.2185318468721594,0.4497154981864095,0.2413381664189137,0.8317185173020674
img_000041.jpg,-0.0,0.0,1.0,49.3557330964124,39.85908317041336,51.44571861193826,0.2191858102012925,0.4493972240199749,0.242547692998301,0.8313665450754831
img_000042.jpg,-0.0,0.0,1.0,49.44607259508776,39.73253566672229,51.5868740547832,0.2198391408064227,0.449077909677616,0.2437566024417999,0.8310129373091054
img_000043.jpg,-0.0,0.0,1.0,49.535840773063725,39.60582355970781,51.727511706314026,0.2204919751070023,0.4487576782238974,0.2449649746142702,0.8306575686531362
img_000044.jpg,-0.0,0.0,1.0,49.62506077109264,39.47893103541742,51.86765062486018,0.2211444701951239,0.4484364969303308,0.2461729150365451,0.830300383852363
img_000045.jpg,-0.0,0.0,1.0,49.71372685436607,39.35189108696956,52.0072693330107,0.2217965191842689,0.4481144945449932,0.247380140276294,0.8299414256761187
img_000046.jpg,-0.0,0.0,1.0,49.80180321899761,39.22466374117066,52.14638148618714,0.2224479792546092,0.4477913523174596,0.2485870505881356,0.8295807854543964
img_000047.jpg,-0.0,0.0,1.0,49.8893463705231,39.09727309597402,52.28499296634892,0.2230991262059686,0.4474673311348381,0.2497933552920238,0.8292183350030023
img_000048.jpg,-0.0,0.0,1.0,49.976319505548446,38.96973199761271,52.4231079118466,0.2237496160284066,0.4471424169978062,0.2509991636651804,0.8288541416243757
img_000049.jpg,-0.0,0.0,1.0,50.06275052040041,38.84202568961249,52.56071310612006,0.2243997619487121,0.446816533054576,0.2522043249522788,0.828488208185135
img_000050.jpg,-0.0,0.0,1.0,50.1486146740132,38.7141492906413,52.6978421684482,0.2250492706662737,0.446489639733425,0.2534091903132026,0.828120528454706
img_000051.jpg,-0.0,0.0,1.0,50.23396059971682,38.58611673654072,52.83447051408362,0.2256985233222754,0.4461618610533553,0.2546133233934236,0.827751065153109
img_000052.jpg,-0.0,0.0,1.0,50.31877041947915,38.45792570675911,52.9706211579942,0.2263473063092414,0.4458331681350662,0.2558169608619386,0.8273798194617521
img_000053.jpg,-0.0,0.0,1.0,50.40298856060292,38.32957988990373,53.10626381971164,0.2269953151844864,0.4455033785644953,0.2570200750332396,0.8270069815919474
img_000054.jpg,-0.0,0.0,1.0,50.48671827093737,38.20108206041453,53.24144007782076,0.2276431164287478,0.4451728018586609,0.2582225432769767,0.8266322678020057
img_000055.jpg,-0.0,0.0,1.0,50.5698794439236,38.07241009343853,53.376148627872176,0.2282902305084591,0.444841099855533,0.2594247533550407,0.8262558707085781
img_000056.jpg,-0.0,0.0,1.0,50.65256546396069,37.94361268755655,53.51037861814128,0.2289371522906184,0.4445087398757322,0.2606260455847014,0.82587760887315
img_000057.jpg,-0.0,0.0,1.0,50.73469133359145,37.81466400437586,53.644133149424775,0.2295833666405879,0.4441753570229166,0.2618268741808023,0.8254976789381351
img_000058.jpg,-0.0,0.0,1.0,50.81629309907832,37.68554056650044,53.77744236163023,0.2302291165315528,0.4438409298602087,0.263027408321673,0.8251159708510737
img_000059.jpg,-0.0,0.0,1.0,50.89738070727073,37.55628093645262,53.91026513120225,0.2308744567697335,0.4435056143271909,0.2642271379274216,0.8247325474687079
img_000060.jpg,-0.0,0.0,1.0,50.97793589396345,37.42685828174461,54.042641177665175,0.2315192170441317,0.4431692643730899,0.2654265262059657,0.8243473869919892
img_000061.jpg,-0.0,0.0,1.0,51.05798953266152,37.29731537129985,54.17453239503138,0.2321635714505174,0.4428321153439364,0.2666249858024664,0.8239605030929514
img_000062.jpg,-0.0,0.0,1.0,51.13754585206285,37.16762102168862,54.30599514346452,0.2328074669192775,0.4424940815121801,0.2678230312788748,0.8235717910965117
img_000063.jpg,-0.0,0.0,1.0,51.21657126237248,37.03777336009865,54.43701480100241,0.2334507226297025,0.4421550240742288,0.2690206860911721,0.8231813683779673
img_000064.jpg,-0.0,0.0,1.0,51.29509012990778,36.90777787189498,54.56757801641358,0.2340935363811525,0.4418149865190447,0.2702177273841613,0.8227892280037953
img_000065.jpg,-0.0,0.0,1.0,51.37313044095195,36.77764020432937,54.69769784717767,0.234736028931371,0.4414740765977238,0.2714141076414677,0.8223952933881026
img_000066.jpg,-0.0,0.0,1.0,51.45062300709117,36.64736445739688,54.82736609413119,0.2353777124634366,0.4411321191695378,0.2726100077913592,0.8219997381778583
img_000067.jpg,-0.0,0.0,1.0,51.52764845396914,36.51694974855109,54.95660524934559,0.2360190784864359,0.440789326854292,0.2738052734094238,0.8216023589151533
img_000068.jpg,-0.0,0.0,1.0,51.604177844365466,36.38640321538551,55.085394016974114,0.2366599647518109,0.4404456114375569,0.2749998233256209,0.8212032766738975
img_000069.jpg,-0.0,0.0,1.0,51.68020375682162,36.25570640694141,55.21376888993917,0.2373002565862556,0.4401008992012286,0.2761940185448645,0.8208024432629365
img_000070.jpg,-0.0,0.0,1.0,51.75575109601043,36.12487726744899,55.34171020166532,0.2379401229819526,0.439755299452874,0.277387535656791,0.8203998595445388
img_000071.jpg,-0.0,0.0,1.0,51.83081120146158,35.993905399643715,55.46922540896748,0.2385795158819907,0.4394087249685126,0.2785804975097664,0.8199955447624528
img_000072.jpg,-0.0,0.0,1.0,51.905396229239855,35.86280935839627,55.59631836319102,0.2392184194716055,0.4390613070661796,0.2797727956234655,0.8195894699493617
img_000073.jpg,-0.0,0.0,1.0,51.97947424408523,35.73157721223179,55.72299161916404,0.2398566452739882,0.4387128820456549,0.2809646134425834,0.8191817153954082
img_000074.jpg,-0.0,0.0,1.0,52.05310228325727,35.600215799630234,55.84925452433034,0.2404945302602023,0.4383636319392875,0.2821557607353055,0.818772150107588
img_000075.jpg,-0.0,0.0,1.0,52.12625218680864,35.46871788932174,55.97508214211181,0.2411319970416332,0.4380133733769163,0.2833461897784146,0.8183609115077177
img_000076.jpg,-0.0,0.0,1.0,52.19891072047314,35.33709959273549,56.10051791256713,0.2417687079220338,0.437662243698353,0.2845361825342057,0.8179479281344838
img_000077.jpg,-0.0,0.0,1.0,52.27108009121847,35.20533338822051,56.2255300480124,0.2424049212180329,0.4373099962977245,0.2857256142172654,0.817533298824904
img_000078.jpg,-0.0,0.0,1.0,52.34282257518936,35.07346404180802,56.3501565864083,0.2430407286336948,0.4369571190823809,0.2869143151445378,0.8171167946343837
img_000079.jpg,-0.0,0.0,1.0,52.41409315870255,34.94145015284186,56.474372115659904,0.2436760900954158,0.4366031783312613,0.2881024471107776,0.8166986027633654
img_000080.jpg,-0.0,0.0,1.0,52.48489320725948,34.809319984601416,56.59818436627407,0.2443108533735128,0.4362483461590165,0.2892899283145669,0.8162787053287508
img_000081.jpg,-0.0,0.0,1.0,52.55521044551065,34.67704893286059,56.72159529661256,0.2449450318604087,0.4358924290356002,0.2904769176822215,0.8158571455654374
img_000082.jpg,-0.0,0.0,1.0,52.625089844501936,34.544669092199904,56.84461508791919,0.2455787568731977,0.4355357380641017,0.2916631681622852,0.8154338056391284
img_000083.jpg,-0.0,0.0,1.0,52.6945186967222,34.412163645458435,56.96725224268997,0.2462119783568467,0.4351781405728067,0.292848853126893,0.815008709710188
img_000084.jpg,-0.0,0.0,1.0,52.76347924628044,34.27952267198212,57.08949516980119,0.2468446556926898,0.4348194889965102,0.2940339920414901,0.8145819415313086
img_000085.jpg,-0.0,0.0,1.0,52.83199796054375,34.14678031582942,57.211348245155385,0.2474768005356902,0.4344600482720626,0.2952183581795683,0.8141534380237029
img_000086.jpg,-0.0,0.0,1.0,52.90006713883511,34.01391621981985,57.33282901437653,0.2481083808838828,0.4340996966547227,0.2964021854503903,0.8137231895182097
img_000087.jpg,-0.0,0.0,1.0,52.96770607636316,33.88092329361656,57.45392886991529,0.2487395951981541,0.4337384057322346,0.2975853618811885,0.8132911911287125
img_000088.jpg,-0.0,0.0,1.0,53.03486641760329,33.74780321070755,57.57465483362926,0.2493700624826253,0.4333760580156621,0.2987681044374084,0.8128575422834525
img_000089.jpg,-0.0,0.0,1.0,53.10162739492922,33.61457626813585,57.69499997270408,0.2500002743287819,0.4330129494252677,0.2999499671363093,0.8124220982226488
img_000090.jpg,-0.0,0.0,1.0,53.16790093677729,33.481229344457816,57.81496696572383,0.2506296526120875,0.4326487596510588,0.3011313505766465,0.8119850600250164
img_000091.jpg,-0.0,0.0,1.0,53.23377620035682,33.347786920719855,57.93457406092165,0.2512586442352211,0.4322838920910092,0.3023119319668329,0.8115461946964007
img_000092.jpg,-0.0,0.0,1.0,53.29922504416276,33.21421876158011,58.05380750206178,0.2518872369670892,0.4319180450121574,0.3034918435808059,0.8111056177378413
img_000093.jpg,-0.0,0.0,1.0,53.36421843383661,33.08054083748412,58.1726956557906,0.2525150414383649,0.4315512827609895,0.3046713174472685,0.8106633287127716
img_000094.jpg,-0.0,0.0,1.0,53.428762264296445,32.94673476430489,58.291205375449344,0.2531423057799994,0.4311834205732981,0.3058501682869828,0.8102194180627367
img_000095.jpg,-0.0,0.0,1.0,53.492922255863085,32.812828491324105,58.40935378268379,0.2537692978272778,0.4308148222705754,0.3070281396415471,0.8097737053402473
img_000096.jpg,-0.0,0.0,1.0,53.55664305451487,32.67880821861993,58.52715860601941,0.2543956197165594,0.4304452804120569,0.3082056168549767,0.8093262796790036
img_000097.jpg,-0.0,0.0,1.0,53.61994816240355,32.54467727132402,58.6446095167209,0.2550214576817891,0.4300748386513117,0.3093824156017911,0.8088771292336707
img_000098.jpg,-0.0,0.0,1.0,53.68282106664804,32.410438371600506,58.76171458255261,0.2556466489565295,0.4297034703217735,0.3105586345146847,0.8084262817345167
img_000099.jpg,-0.0,0.0,1.0,53.7452823178781,32.276105444126365,58.878444618989775,0.2562713801783917,0.4293312326417984,0.3117339215077211,0.8079737833377727
img_000100.jpg,-0.0,0.0,1.0,53.80732447944403,32.14164386120135,58.99484918099751,0.2568955701233981,0.4289579930907921,0.3129087967393605,0.8075195298800023
img_000101.jpg,-0.0,0.0,1.0,53.86896872723373,32.0070897105088,59.11090647929936,0.2575192793019224,0.4285839603883429,0.3140828614758598,0.8070635450897269
img_000102.jpg,-0.0,0.0,1.0,53.93017539224585,31.87241768081749,59.22663623412119,0.2581422686619229,0.4282089031113556,0.3152565050870217,0.8066058767617317
img_000103.jpg,-0.0,0.0,1.0,53.99098386871815,31.73764746816301,59.342010677570414,0.258764824938126,0.4278329683406474,0.3164292904920981,0.8061465255735082
img_000104.jpg,-0.0,0.0,1.0,54.051382305937125,31.602770658925596,59.4570624057217,0.2593867787987727,0.4274561310227961,0.3176015198241856,0.8056854408767643
img_000105.jpg,-0.0,0.0,1.0,54.11136436038974,31.46779674894174,59.57176409677053,0.2600081404135901,0.4270783524629165,0.3187729748619031,0.8052227258801877
img_000106.jpg,-0.0,0.0,1.0,54.17098000534733,31.332720006635224,59.68615419296732,0.2606291410940889,0.4266998091406923,0.3199437563546841,0.8047581726590347
img_000107.jpg,-0.0,0.0,1.0,54.23015793692559,31.197547977989665,59.80020339649074,0.2612493509363757,0.4263202652063589,0.3211138829332278,0.8042920379422187
img_000108.jpg,-0.0,0.0,1.0,54.288982924583856,31.06227117285689,59.91394301219147,0.2618692896843423,0.425939957252943,0.3222832920872864,0.8038240526240551
img_000109.jpg,-0.0,0.0,1.0,54.347353908072655,30.92688147742529,60.027349414295216,0.2624883710753593,0.4255584839195133,0.3234522209513151,0.8033545248369437
img_000110.jpg,-0.0,0.0,1.0,54.4053824073595,30.791413850229524,60.14043911360134,0.2631071498755093,0.4251763897125019,0.3246202103413135,0.8028831698032972
img_000111.jpg,-0.0,0.0,1.0,54.46296077408151,30.655831692770946,60.25320268089969,0.2637250744135214,0.424793115646603,0.3257877452257877,0.8024102685568846
img_000112.jpg,-0.0,0.0,1.0,54.5201948873633,30.52016012931131,60.36564485880063,0.264342748610214,0.4244091070749834,0.3269543484779861,0.8019355803930561
img_000113.jpg,-0.0,0.0,1.0,54.57704142532147,30.384389560888145,60.47780129236801,0.2649597788951175,0.4240242515613768,0.3281204639871063,0.8014591135975376
img_000114.jpg,-0.0,0.0,1.0,54.63348529736707,30.248530818533524,60.589607499581895,0.2655762449787351,0.4236384060905237,0.3292856411786155,0.8009811018380293
img_000115.jpg,-0.0,0.0,1.0,54.689540182529214,30.112575166727463,60.7011279625396,0.2661920420952962,0.4232516919838445,0.3304503103177722,0.8005013393922817
img_000116.jpg,-0.0,0.0,1.0,54.74521933478512,29.97651925115117,60.81234103701667,0.2668073559141552,0.4228640627324558,0.331614277607602,0.8000198686072038
img_000117.jpg,-0.0,0.0,1.0,54.80052671135144,29.840375903988377,60.92324652672842,0.2674221518668968,0.4224755909442803,0.3327774632186313,0.7995366956687678
img_000118.jpg,-0.0,0.0,1.0,54.85544815004101,29.704139370301817,61.0338467357314,0.2680363468148355,0.4220861921459388,0.3339399525778652,0.7990518576777054
img_000119.jpg,-0.0,0.0,1.0,54.9099964406776,29.56781502453521,61.14414770488473,0.2686499798454015,0.4216959348941791,0.3351017092823065,0.7985653205961714
img_000120.jpg,-0.0,0.0,1.0,54.96415503451804,29.4313836158263,61.25416250473196,0.2692629753320074,0.4213046729276696,0.3362629610779165,0.7980770913212429
img_000121.jpg,-0.0,0.0,1.0,55.017959035833,29.294872615477445,61.36388440265693,0.2698754711307979,0.4209126418094733,0.3374234042851082,0.7975871264555043
img_000122.jpg,-0.0,0.0,1.0,55.07138462286447,29.15828169144024,61.473293568835565,0.2704873730075828,0.4205197085735556,0.3385829820806086,0.797095552609642
img_000123.jpg,-0.0,0.0,1.0,55.1244313955089,29.02158987853172,61.58241670569283,0.2710986761667074,0.4201257963275986,0.3397419650503043,0.7966022974009788
img_000124.jpg,-0.0,0.0,1.0,55.177121176042014,28.88481252541138,61.69125928522555,0.2717094377164611,0.4197310594232116,0.3409002364164496,0.7961073093638078
img_000125.jpg,-0.0,0.0,1.0,55.22944633725345,28.74795133820956,61.79981894439975,0.2723196027765429,0.4193354658986851,0.3420577923883268,0.7956106256515074
img_000126.jpg,-0.0,0.0,1.0,55.28139984842254,28.61099405706316,61.90809284520067,0.2729291882548457,0.4189389015353637,0.3432146843749014,0.7951122784917426
img_000127.jpg,-0.0,0.0,1.0,55.33300328717268,28.473955275663585,62.016073485557655,0.2735383001480986,0.4185414853439497,0.3443707101742466,0.7946122559917221
img_000128.jpg,-0.0,0.0,1.0,55.38423502935191,28.3368420254209,62.12377471249553,0.2741467022368119,0.4181432130723357,0.3455260065572641,0.794110582857837
img_000129.jpg,-0.0,0.0,1.0,55.43512240392181,28.199630120611967,62.23120597312546,0.2747546612032466,0.4177440330881876,0.3466806364540836,0.7936071668489997
img_000130.jpg,-0.0,0.0,1.0,55.48562202764125,28.062340320004463,62.33835843454964,0.2753618086486934,0.4173439019233756,0.3478345987954298,0.7931021584549589
img_000131.jpg,-0.0,0.0,1.0,55.53579927857981,27.92496835268977,62.44523896072808,0.2759685900296413,0.4169429953748217,0.348987713669556,0.792595389611004
img_000132.jpg,-0.0,0.0,1.0,55.58562280356924,27.78752445737064,62.551850888590025,0.2765747254413855,0.4165412735391369,0.3501400662493951,0.7920869413721484
img_000133.jpg,-0.0,0.0,1.0,55.63508557242473,27.649983290546235,62.65818273625245,0.2771803255897611,0.4161385241718974,0.3512917049143537,0.7915768654176017
img_000134.jpg,-0.0,0.0,1.0,55.684180928584034,27.51237058356189,62.76425205467269,0.277785157064724,0.415734907253969,0.3524426556631517,0.791065147680117
img_000135.jpg,-0.0,0.0,1.0,55.7329484607624,27.374661852186687,62.87006642392512,0.2783895794545611,0.4153304052710709,0.3535929254838695,0.7905516678600073
img_000136.jpg,-0.0,0.0,1.0,55.781350133786944,27.236890096607542,62.97559470738706,0.2789932848395405,0.4149250066711334,0.3547422867768188,0.7900366420779202
img_000137.jpg,-0.0,0.0,1.0,55.82944298936109,27.09904020511831,63.08089478064442,0.2795965262746158,0.4145189266374186,0.3558909898950054,0.7895197560961241
img_000138.jpg,-0.0,0.0,1.0,55.87716091000519,26.96111370853033,63.18591137106366,0.2801990388056444,0.4141118215307846,0.3570388788514596,0.789001354187267
img_000139.jpg,-0.0,0.0,1.0,55.9245566047143,26.82309010971813,63.29068477750266,0.280801134946412,0.4137038198709992,0.3581861216710219,0.7884811819436293
img_000140.jpg,-0.0,0.0,1.0,55.97160609621855,26.685000340092685,63.39520901455253,0.281402522691122,0.4132950017078186,0.3593326221822545,0.7879593443966713
img_000141.jpg,-0.0,0.0,1.0,56.018303413297495,26.54683390393336,63.49944412375418,0.2820033529057493,0.4128851751724103,0.3604781649789793,0.7874359870149137
img_000142.jpg,-0.0,0.0,1.0,56.06466893926911,26.40858110297117,63.60346512057439,0.2826035394617197,0.4124745187947967,0.3616232264706586,0.7869108290687453
img_000143.jpg,-0.0,0.0,1.0,56.11071448839814,26.27028030520929,63.70721949012843,0.2832031685085288,0.4120631537810925,0.3627672299829565,0.7863840407162409
img_000144.jpg,-0.0,0.0,1.0,56.15640236012744,26.13187933101511,63.81073213077956,0.2838021375871113,0.411650702839757,0.3639106999323367,0.785855615254658
img_000145.jpg,-0.0,0.0,1.0,56.20179250407372,25.993432150676355,63.913990237673126,0.2844006456142333,0.4112376291493324,0.3650530925121916,0.7853254897131053
img_000146.jpg,-0.0,0.0,1.0,56.24681439080268,25.854872833530152,64.01702734370744,0.2849984003709032,0.4108233917483457,0.366195167680832,0.7847937001184574
img_000147.jpg,-0.0,0.0,1.0,56.29155128001005,25.716277626723866,64.11981252586796,0.2855957188412606,0.4104086151261158,0.3673360784683201,0.7842601988277381
img_000148.jpg,-0.0,0.0,1.0,56.33592064048938,25.577600205302527,64.22234963406684,0.2861922406152318,0.4099927602050066,0.3684763394087551,0.7837251592790913
img_000149.jpg,-0.0,0.0,1.0,56.379970187097086,25.43883917094406,64.32466028771077,0.2867882199966783,0.4095760132215854,0.3696159258562416,0.7831884023771559
img_000150.jpg,-0.0,0.0,1.0,56.4237198296288,25.300018072241237,64.42674171405739,0.2873836890905627,0.4091585579886748,0.3707546387867826,0.7826499137465035
img_000151.jpg,-0.0,0.0,1.0,56.4671227831882,25.16112893691393,64.52856006505853,0.2879784853095649,0.4087400994851559,0.371892441129505,0.7821099253317344
img_000152.jpg,-0.0,0.0,1.0,56.510198808618846,25.022160994796018,64.63017064445819,0.2885725960899687,0.4083207649076169,0.3730296786797409,0.7815682110700535
img_000153.jpg,-0.0,0.0,1.0,56.5529580492195,24.88313409942496,64.73154191268343,0.2891661069269857,0.407900612421497,0.3741660071605748,0.7810248728922604
img_000154.jpg,-0.0,0.0,1.0,56.59542796794962,24.74402829524696,64.83270225357923,0.2897591973820563,0.4074796747620394,0.3753016007337731,0.7804797439235669
img_000155.jpg,-0.0,0.0,1.0,56.6375563847026,24.60487634640621,64.93360933925773,0.2903515045540349,0.4070578545543514,0.376436208650473,0.7799331302526352
img_000156.jpg,-0.0,0.0,1.0,56.67938527236681,24.465638112940667,65.03431302232602,0.2909433271095392,0.4066351685062409,0.3775701860627004,0.7793847411522185
img_000157.jpg,-0.0,0.0,1.0,56.72088091692552,24.326347617120987,65.13477819224158,0.2915343964638887,0.4062116042797489,0.3787032603720209,0.7788348148423453
img_000158.jpg,-0.0,0.0,1.0,56.76204637288743,24.186961278034868,65.23503510380347,0.2921248330511058,0.40578698143585,0.3798358056786357,0.7782832185885201
img_000159.jpg,-0.0,0.0,1.0,56.80295880290917,24.047540004705247,65.3350749273875,0.292714899756083,0.4053618786994889,0.3809672203916107,0.7777298449623088
img_000160.jpg,-0.0,0.0,1.0,56.84353720361075,23.908048929568157,65.43489239387759,0.2933042301826518,0.4049357985428574,0.3820978977056729,0.777174899352987
img_000161.jpg,-0.0,0.0,1.0,56.883749605700416,23.768473494015144,65.53449471374033,0.2938926508049921,0.4045085551404664,0.3832280540162818,0.7766184373525271
img_000162.jpg,-0.0,0.0,1.0,56.92369842544544,23.628845432322017,65.63388864341326,0.2944806791424166,0.4040806820049105,0.3843572302183013,0.7760602113374857
img_000163.jpg,-0.0,0.0,1.0,56.96335609477673,23.48915741707158,65.7330679465615,0.2950681837264791,0.4036520174947995,0.3854855057006768,0.7755003163245184
img_000164.jpg,-0.0,0.0,1.0,57.00267729256103,23.34941543795177,65.8320320101048,0.2956548299978023,0.4032224312701622,0.3866130031768511,0.7749388867479332
img_000165.jpg,-0.0,0.0,1.0,57.04170744707064,23.20960519668312,65.93079993908546,0.2962409254018014,0.4027920306136974,0.3877397455474368,0.77437573820077
img_000166.jpg,-0.0,0.0,1.0,57.0804772765203,23.06973717702379,66.02934353096357,0.2968267249270759,0.4023608974343013,0.3888653824727804,0.7738109057768751
img_000167.jpg,-0.0,0.0,1.0,57.11889588308405,22.929803470414058,66.12769674008295,0.2974115319947198,0.4019287541781857,0.3899904890781498,0.7732445121886805
img_000168.jpg,-0.0,0.0,1.0,57.15701473512574,22.789794424928587,66.22584692301383,0.2979957839977916,0.4014956750084631,0.3911148327725578,0.7726764673874404
img_000169.jpg,-0.0,0.0,1.0,57.19482504471941,22.64972189547546,66.3237977088156,0.2985793511018735,0.4010616976580796,0.3922384109855538,0.7721068026605716
img_000170.jpg,-0.0,0.0,1.0,57.23238369630259,22.5096282219621,66.42152981377099,0.2991624796768367,0.4006272031622854,0.3933607077178079,0.7715354874947208
img_000171.jpg,-0.0,0.0,1.0,57.26960661945044,22.36944320033134,66.5190798258128,0.2997448111082126,0.4001915780538984,0.3944825547241376,0.7709625562157671
img_000172.jpg,-0.0,0.0,1.0,57.30655562948036,22.229211697505185,66.61643088884004,0.3003266042655155,0.3997552418913715,0.3956034245006323,0.7703879593257463
img_000173.jpg,-0.0,0.0,1.0,57.343178381882765,22.088931043321544,66.71358295787134,0.3009075190747206,0.399317987599686,0.3967235036690688,0.7698118415432254
img_000174.jpg,-0.0,0.0,1.0,57.37954970430299,21.94858080704408,66.8105479366103,0.301488113965586,0.3988799754036812,0.3978426908037836,0.7692339538355268
img_000175.jpg,-0.0,0.0,1.0,57.4156218496353,21.80817596864518,66.90730812132584,0.3020680567854965,0.3984410705561016,0.39896096286053,0.7686545078755087
img_000176.jpg,-0.0,0.0,1.0,57.4513774338728,21.66770824467387,67.00389259268388,0.3026471688517098,0.3980012299106811,0.4000786031430549,0.7680734492759997
img_000177.jpg,-0.0,0.0,1.0,57.48686621350026,21.52720453286495,67.10028341671466,0.3032257160184514,0.397560726082189,0.4011951975188115,0.7674907476380037
img_000178.jpg,-0.0,0.0,1.0,57.52206082388602,21.38663051447099,67.19650805789084,0.3038035836492603,0.3971193258425254,0.4023111629312433,0.766906351378808
img_000179.jpg,-0.0,0.0,1.0,57.556955322138464,21.24599793013016,67.29251326543792,0.3043808594162116,0.3966769251104161,0.4034261066445875,0.7663204851650409
img_000180.jpg,-0.0,0.0,1.0,57.5915564704321,21.105311497603893,67.3883487339782,0.3049573929829725,0.3962336963406961,0.4045403106803941,0.7657329713312782
img_000181.jpg,-0.0,0.0,1.0,57.62590174107059,20.96457962821925,67.48401068173148,0.3055334066325342,0.3957898008893916,0.4056535775321532,0.7651437420372851
img_000182.jpg,-0.0,0.0,1.0,57.65991903471718,20.82378053696503,67.57948588184772,0.3061085686894848,0.3953448113576511,0.4067661525659428,0.7645530206821228
img_000183.jpg,-0.0,0.0,1.0,57.69371022235789,20.68296821603618,67.67476330701572,0.3066833362779786,0.3948993639002975,0.4078773765372108,0.7639606464666037
img_000184.jpg,-0.0,0.0,1.0,57.727181977507726,20.542042965148635,67.76989782931237,0.3072573770478282,0.3944526830930218,0.408988349367639,0.7633665666846688
img_000185.jpg,-0.0,0.0,1.0,57.76039141443787,20.40110385149833,67.86484368466752,0.3078307518266474,0.3940054168875466,0.4100981455411776,0.7627709162761771
img_000186.jpg,-0.0,0.0,1.0,57.79330443881104,20.26010764060024,67.95962311024054,0.3084033645935545,0.3935572413640552,0.4112072051326645,0.7621736658559337
img_000187.jpg,-0.0,0.0,1.0,57.82595058057313,20.119050421521663,68.05423534441312,0.3089754328344119,0.3931082277262751,0.4123154307276315,0.7615747427420255
img_000188.jpg,-0.0,0.0,1.0,57.85831581775232,19.977954587962397,68.14865601032615,0.3095468383437096,0.3926583805054452,0.4134226076497524,0.7609743087478926
img_000189.jpg,-0.0,0.0,1.0,57.89043547801881,19.83682153590578,68.24291582820054,0.3101177028845278,0.3922079085619298,0.4145288063733764,0.7603721690762784
img_000190.jpg,-0.0,0.0,1.0,57.92224487813395,19.695625742726424,68.33701133151382,0.3106877315904958,0.3917564106700854,0.4156343250355421,0.7597684884162366
img_000191.jpg,-0.0,0.0,1.0,57.95381105227754,19.5543700003832,68.43094660022678,0.3112573413034598,0.3913041473777088,0.416738942463917,0.7591630823240565
img_000192.jpg,-0.0,0.0,1.0,57.9850759669742,19.413075411452503,68.52470603540826,0.3118260983926235,0.3908509788066504,0.4178426584702021,0.7585562006138182
img_000193.jpg,-0.0,0.0,1.0,58.01608244012485,19.271728314420653,68.61831926143849,0.312394250923262,0.390397052281318,0.4189455730003424,0.7579476106061465
img_000194.jpg,-0.0,0.0,1.0,58.04681718325645,19.130364243145237,68.71174480507,0.3129616802578783,0.3899424036444759,0.4200473021209424,0.7573375551965265
img_000195.jpg,-0.0,0.0,1.0,58.077273085677575,18.988914355321285,68.80503236012987,0.3135285021454342,0.3894867325799306,0.4211484782190393,0.7567257910104804
img_000196.jpg,-0.0,0.0,1.0,58.10749116165699,18.847442854611412,68.89815640947735,0.3140947639530634,0.3890304843307663,0.4222485190670275,0.7561123922171495
img_000197.jpg,-0.0,0.0,1.0,58.13739984279321,18.705909058402742,68.99112130153716,0.3146601746307448,0.3885731614372812,0.4233478586427875,0.755497493903555
img_000198.jpg,-0.0,0.0,1.0,58.1670771689738,18.564333686813253,69.0839279060589,0.3152251456132366,0.3881151653499187,0.4244461448352176,0.7548809151999012
img_000199.jpg,-0.0,0.0,1.0,58.196475069752296,18.42272270082647,69.17658329549921,0.3157893068685603,0.387656363477734,0.4255435556992882,0.7542627789606882
img_000200.jpg,-0.0,0.0,1.0,58.225579753582,18.2810460316565,69.26909179050499,0.3163526983960291,0.3871965322063113,0.4266402836284427,0.7536430747047304
img_000201.jpg,-0.0,0.0,1.0,58.25445989448087,18.139346590531797,69.3614408287859,0.3169156068092961,0.3867361326724871,0.4277358293102603,0.7530217275553795
img_000202.jpg,-0.0,0.0,1.0,58.283056694700775,17.99759502730171,69.4536355298717,0.3174777696997357,0.3862747804863459,0.4288305397013773,0.752398848966512
img_000203.jpg,-0.0,0.0,1.0,58.31138895343705,17.85579621935558,69.54569988038409,0.318039206185905,0.3858126314876977,0.429924481558868,0.7517743124565482
img_000204.jpg,-0.0,0.0,1.0,58.33945293961184,17.713948878999968,69.63761711938542,0.318599954531547,0.3853496088597944,0.4310175555815849,0.7511481975646184
img_000205.jpg,-0.0,0.0,1.0,58.36728670263204,17.572071249871282,69.72938472364656,0.3191601841813139,0.3848859459365609,0.4321095352984455,0.7505204427315953
img_000206.jpg,-0.0,0.0,1.0,58.394828721999744,17.43014488970682,69.82099179324052,0.3197196176777434,0.3844212646341564,0.4332006252825783,0.7498912425304464
img_000207.jpg,-0.0,0.0,1.0,58.422095922480885,17.2881651775536,69.91247184308041,0.3202782760414541,0.3839556860430725,0.4342909998393974,0.7492604250256409
img_000208.jpg,-0.0,0.0,1.0,58.44913296403594,17.146165847001473,70.00380589013463,0.3208363517564803,0.3834895135879117,0.4353802396108438,0.7486279952794334
img_000209.jpg,-0.0,0.0,1.0,58.47590493285755,17.004108659671093,70.09500288970942,0.3213937715250947,0.3830224095021872,0.4364686702717444,0.7479939687692873
img_000210.jpg,-0.0,0.0,1.0,58.502410032258766,16.86201710006251,70.18605420836629,0.3219504389891426,0.3825544701950029,0.437556138135683,0.7473584268263161
img_000211.jpg,-0.0,0.0,1.0,58.5287032504416,16.719903190123713,70.27698176291715,0.3225065813136472,0.3820860286217539,0.4386425467235254,0.7467211580940639
img_000212.jpg,-0.0,0.0,1.0,58.55469459839195,16.577710495741535,70.36777420730643,0.3230619231778124,0.3816163729521893,0.4397283460110985,0.74608238110936
img_000213.jpg,-0.0,0.0,1.0,58.580455627580754,16.435504435100952,70.45840735287935,0.3236166946224305,0.3811460799091556,0.4408128658058685,0.7454420957200856
img_000214.jpg,-0.0,0.0,1.0,58.60597674058697,16.293259993221213,70.54893634174512,0.3241707706526632,0.3806751152275819,0.4418965925337138,0.7448000870086002
img_000215.jpg,-0.0,0.0,1.0,58.631202670308056,16.150966749660686,70.63931527822122,0.3247239954340113,0.3802030671989582,0.4429794467626004,0.7441566798919277
img_000216.jpg,-0.0,0.0,1.0,58.65621888864696,16.008651389060912,70.72958093199017,0.3252766730966565,0.3797305163981016,0.4440612681500033,0.7435115405857616
img_000217.jpg,-0.0,0.0,1.0,58.68094594450975,15.86628176452954,70.81972158729054,0.3258284828558435,0.379256927606391,0.4451423678406037,0.7428648968525036
img_000218.jpg,-0.0,0.0,1.0,58.70547411005053,15.723888121295014,70.90971468970174,0.326379938343738,0.3787827542637028,0.4462221710822404,0.742216636133813
img_000219.jpg,-0.0,0.0,1.0,58.72968817293202,15.58144186927162,70.99958225878372,0.3269303590225468,0.3783074366829208,0.4473013108666118,0.7415669632587454
img_000220.jpg,-0.0,0.0,1.0,58.75367898532232,15.438972347160227,71.08933270185895,0.3274801637966411,0.3778315145527201,0.4483794154303571,0.7409156421272625
img_000221.jpg,-0.0,0.0,1.0,58.777454365649255,15.296481876014814,71.17894074080702,0.3280294751371647,0.3773549523691971,0.449456279907364,0.7402627613324275
img_000222.jpg,-0.0,0.0,1.0,58.80092877825248,15.153907812066231,71.26847340141056,0.3285778238916814,0.3768772355348663,0.4505328651525438,0.7396082073636311
img_000223.jpg,-0.0,0.0,1.0,58.82418752673188,15.01134473288349,71.35784729241242,0.3291255773088298,0.3763990001079833,0.451607963010138,0.7389522277012727
img_000224.jpg,-0.0,0.0,1.0,58.84719266057596,14.868720941181248,71.44712365546245,0.3296726371177495,0.375919849191061,0.4526823760823395,0.7382945792191934
img_000225.jpg,-0.0,0.0,1.0,58.86998092857141,14.726078242917676,71.53625831468773,0.3302191826884741,0.3754400354987423,0.453755523851359,0.7376354083852252
img_000226.jpg,-0.0,0.0,1.0,58.89249908537876,14.583385163242946,71.62531062108003,0.3307648297700905,0.3749593292383738,0.4548280828203232,0.7369745883558407
img_000227.jpg,-0.0,0.0,1.0,58.91477725333283,14.440679809509248,71.71421806107371,0.3313097926923222,0.3744778822954546,0.4558993920801893,0.7363123530395206
img_000228.jpg,-0.0,0.0,1.0,58.93683002537545,14.297922600101703,71.80302215423205,0.3318542217975636,0.373995635714261,0.4569698231563753,0.7356484355085996
img_000229.jpg,-0.0,0.0,1.0,58.95864515277298,14.155159666823865,71.89169669041986,0.3323979004601116,0.3735127247127546,0.4580390563004896,0.7349830631726969
img_000230.jpg,-0.0,0.0,1.0,58.98016458424925,14.012340445849697,71.98026584514122,0.3329406236935842,0.3730286862797204,0.4591076313628218,0.7343162282908994
img_000231.jpg,-0.0,0.0,1.0,59.00145730157437,13.869463572178686,72.06876350290598,0.3334827312841787,0.3725438791408629,0.4601755385042748,0.7336475992002038
img_000232.jpg,-0.0,0.0,1.0,59.0225210850425,13.726603470907724,72.1570941749279,0.3340241586296699,0.3720584404703584,0.4612418699545683,0.7329777047955274
img_000233.jpg,-0.0,0.0,1.0,59.043369304102,13.583679666061403,72.24536985353998,0.3345650184739961,0.37157227706889,0.462307613381498,0.7323059210035365
img_000234.jpg,-0.0,0.0,1.0,59.06396685736819,13.440736255220392,72.33351202648927,0.3351051277923047,0.3710852667419635,0.4633721980515938,0.7316327522788897
img_000235.jpg,-0.0,0.0,1.0,59.08434901200617,13.297790509994629,72.42153943329306,0.3356445676267354,0.3705976991769193,0.4644355546488855,0.7309580597855238
img_000236.jpg,-0.0,0.0,1.0,59.104456048266776,13.154760618846964,72.50948451633553,0.3361832501808489,0.370108946376471,0.4654984011131749,0.7302817460891496
img_000237.jpg,-0.0,0.0,1.0,59.124310532370615,13.011738737916694,72.59733426713355,0.3367209152097695,0.3696195875175304,0.4665602086745483,0.7296039730327871
img_000238.jpg,-0.0,0.0,1.0,59.14396745818986,12.868681644130884,72.68504259088178,0.337258272133637,0.3691294534754574,0.4676206712777467,0.7289246958692599
img_000239.jpg,-0.0,0.0,1.0,59.16338878210338,12.725580792479626,72.77267899519155,0.3377948967314658,0.3686385373619701,0.4686803811023794,0.7282437345309152
img_000240.jpg,-0.0,0.0,1.0,59.18260152418843,12.582483161719834,72.86021475706004,0.3383308258010538,0.3681471302802551,0.469738876360334,0.7275612213517986
img_000241.jpg,-0.0,0.0,1.0,59.20150231941442,12.43931015287604,72.94766841168872,0.3388657265152507,0.3676544009628953,0.4707969096542558,0.7268772459679201
img_000242.jpg,-0.0,0.0,1.0,59.220211767233,12.296142437311444,73.03500714936553,0.3394000787684151,0.3671612067335159,0.4718535608695871,0.7261917459574111
img_000243.jpg,-0.0,0.0,1.0,59.23872026365028,12.152944532287538,73.12224353449179,0.3399339539108879,0.366667333697743,0.4729090741763938,0.7255046388129608
img_000244.jpg,-0.0,0.0,1.0,59.25696728901315,12.009723318967666,73.20939562078584,0.3404668783028229,0.3661726187725093,0.4739637239463013,0.7248160500588875
img_000245.jpg,-0.0,0.0,1.0,59.274946838655865,11.86644595600104,73.29645975726265,0.3409989869320344,0.3656768285164362,0.4750176275031876,0.7241259569706986
img_000246.jpg,-0.0,0.0,1.0,59.29273162511585,11.723171217159653,73.3834163109178,0.3415305174422304,0.3651805387659064,0.4760701918032423,0.7234343454928779
img_000247.jpg,-0.0,0.0,1.0,59.31026285450673,11.579847463607573,73.47031327334167,0.3420611974861784,0.3646833430625584,0.4771221025676982,0.7227410986711748
img_000248.jpg,-0.0,0.0,1.0,59.32760405412961,11.436527809610636,73.55708149744326,0.3425913907716799,0.3641856000469921,0.4781725073495074,0.7220464257252602
img_000249.jpg,-0.0,0.0,1.0,59.34468665232757,11.293166427218283,73.64379071330569,0.3431206669966635,0.3636869603315963,0.4792222359534888,0.7213501586138783
img_000250.jpg,-0.0,0.0,1.0,59.3615606100359,11.149785994434144,73.73038947946795,0.3436493951690337,0.3631876030937417,0.4802707105350753,0.7206524146640416
img_000251.jpg,-0.0,0.0,1.0,59.378170767201134,11.0063634421644,73.81692785405616,0.3441771829478578,0.3626873070480548,0.4813185036786147,0.7199531110154925
img_000252.jpg,-0.0,0.0,1.0,59.39456060735746,10.862926008371542,73.90337503208534,0.3447042703316291,0.3621863128466473,0.4823651711853072,0.7192523079066615
img_000253.jpg,-0.0,0.0,1.0,59.41072442838748,10.719463082292384,73.98973364337931,0.345230665842593,0.361684536450082,0.4834107822036937,0.7185499976368954
img_000254.jpg,-0.0,0.0,1.0,59.426675794277415,10.575981390482871,74.07601438903794,0.3457563891430527,0.361182099766337,0.4844553284098919,0.7178461150904152
img_000255.jpg,-0.0,0.0,1.0,59.44238166565764,10.432465531343452,74.16221002033383,0.3462813322449805,0.360678745720265,0.4854989212315281,0.7171407663822498
img_000256.jpg,-0.0,0.0,1.0,59.457908791828,10.288950372786765,74.24832213464825,0.3468057394226482,0.3601749571308464,0.4865412196184071,0.7164338217669067
img_000257.jpg,-0.0,0.0,1.0,59.47314178764138,10.145386192118574,74.3343748575984,0.3473290565395417,0.3596700233357661,0.4875829217674204,0.715725432828642
img_000258.jpg,-0.0,0.0,1.0,59.48823127114126,10.00182778604404,74.42032159004891,0.3478521057570917,0.3591647539923555,0.4886230462294348,0.7150154618631933
img_000259.jpg,-0.0,0.0,1.0,59.503004382886914,9.858215939690758,74.50623509497869,0.3483738693812138,0.3586582846313315,0.4896628096806222,0.7143040072779588
img_000260.jpg,-0.0,0.0,1.0,59.517561159022186,9.714592652738755,74.59204083234107,0.3488950026816414,0.3581510512975694,0.4907012654114856,0.7135911782539004
img_000261.jpg,-0.0,0.0,1.0,59.531937698234266,9.570956871962975,74.67777821517437,0.3494156131859238,0.3576433164245366,0.4917385441253868,0.7128767016113015
img_000262.jpg,-0.0,0.0,1.0,59.54611172865567,9.42729532180373,74.76342939382305,0.34993568342013,0.3571348479292448,0.4927746487726993,0.7121607005380068
img_000263.jpg,-0.0,0.0,1.0,59.56004464355978,9.283611864089062,74.84903595203288,0.3504548264026525,0.3566256230840248,0.4938099366834341,0.7114431291703648
img_000264.jpg,-0.0,0.0,1.0,59.57372926480666,9.139902335971378,74.93456036349575,0.3509731367067432,0.3561154655478737,0.4948442057033527,0.7107241691329125
img_000265.jpg,-0.0,0.0,1.0,59.58717260584832,8.996168053806665,75.0200242917256,0.3514905860276455,0.3556044727035664,0.495877556321329,0.7100037155282697
img_000266.jpg,-0.0,0.0,1.0,59.600434458869,8.85245442823331,75.10539461076606,0.3520074281440581,0.355093058089665,0.4969094191059393,0.7092818338514906
img_000267.jpg,-0.0,0.0,1.0,59.61346931411734,8.708687016495201,75.19071207864152,0.3525236183387998,0.3545807135695256,0.497940463173627,0.7085583329636878
img_000268.jpg,-0.0,0.0,1.0,59.62627084157163,8.564901181224576,75.27598977284732,0.3530389069210467,0.35406765030601,0.498970647734906,0.7078332585473657
img_000269.jpg,-0.0,0.0,1.0,59.63882463796376,8.421093774231123,75.36115941725038,0.3535534332315041,0.3535535705903018,0.4999996003634404,0.7071069524544816
img_000270.jpg,-0.0,0.0,1.0,59.65118581150314,8.277276435533478,75.44630324495876,0.3540672285835688,0.3530390294467639,0.5010276080852805,0.706378919041884
img_000271.jpg,-0.0,0.0,1.0,59.6633488363584,8.133447840789445,75.53135265199442,0.3545804781356408,0.3525237780225833,0.5020542634625049,0.7056494788440693
img_000272.jpg,-0.0,0.0,1.0,59.67526441295725,7.989592399031133,75.6163668584098,0.3550927734910042,0.3520076874997784,0.5030801348994153,0.7049184974343564
img_000273.jpg,-0.0,0.0,1.0,59.6869601435482,7.845712640316392,75.70132672604315,0.3556043333169569,0.3514908282633431,0.5041050028391265,0.7041859852947342
img_000274.jpg,-0.0,0.0,1.0,59.69847100130371,7.7018452468632015,75.78617716959504,0.3561153643280424,0.3509733895476728,0.5051282780765083,0.703452165968934
img_000275.jpg,-0.0,0.0,1.0,59.70970818776625,7.557928648543407,75.87100630330548,0.3566253527380475,0.3504548918749631,0.5061509971528355,0.7027167954635506
img_000276.jpg,-0.0,0.0,1.0,59.72072927120228,7.413987342838209,75.95580585180255,0.3571345606330457,0.349935699098477,0.507172833593589,0.7019797924175247
img_000277.jpg,-0.0,0.0,1.0,59.7315536427281,7.270054128805,76.0405322753981,0.3576430819606004,0.3494159455904849,0.5081933326319833,0.701241370400541
img_000278.jpg,-0.0,0.0,1.0,59.74217642581343,7.126108282613981,76.12517164065473,0.3581510314942991,0.348895440970721,0.5092124950579934,0.7005015665837078
img_000279.jpg,-0.0,0.0,1.0,59.75256690466806,6.9821339215214815,76.20978663465357,0.3586581096112191,0.3483741472019087,0.5102308499238012,0.6997601687417518
img_000280.jpg,-0.0,0.0,1.0,59.76272486053136,6.838154013790158,76.29433363131908,0.3591643382314352,0.347852053677079,0.5112480391519297,0.6990174313697199
img_000281.jpg,-0.0,0.0,1.0,59.77268932952246,6.694159061452552,76.37883762935584,0.3596699277867811,0.3473293522464339,0.5122641252484867,0.6982731056666346
img_000282.jpg,-0.0,0.0,1.0,59.782429067792,6.550142548565509,76.46329321286954,0.3601747379022755,0.3468058434408553,0.5132791871260693,0.6975273049820385
img_000283.jpg,-0.0,0.0,1.0,59.79194219556066,6.406119114175316,76.54771013454553,0.3606786586345344,0.3462816283984911,0.5142932289294246,0.6967800325186053
img_000284.jpg,-0.0,0.0,1.0,59.80125257509079,6.26206201325527,76.63207804390073,0.3611819988267496,0.3457566215909564,0.5153062067887646,0.6960312030322326
img_000285.jpg,-0.0,0.0,1.0,59.810349339590864,6.118025253873965,76.7163816224423,0.361684477532961,0.3452310327091419,0.5163178559519379,0.6952810542446
img_000286.jpg,-0.0,0.0,1.0,59.81921238647862,5.973965420785159,76.80062863268299,0.3621861628464354,0.3447045390111504,0.5173284366839506,0.6945295190456813
img_000287.jpg,-0.0,0.0,1.0,59.82782123824632,5.829866613817905,76.88488441476541,0.3626868143622221,0.3441771567624304,0.518338456947286,0.693776335356157
img_000288.jpg,-0.0,0.0,1.0,59.83627223657015,5.685759678900734,76.96906635545531,0.3631871159774538,0.343649233334264,0.5193470070649288,0.6930216515156312
img_000289.jpg,-0.0,0.0,1.0,59.84455738867776,5.541679571656242,77.05318601050622,0.3636868152500896,0.3431209668920422,0.5203540485689225,0.6922655318808301
img_000290.jpg,-0.0,0.0,1.0,59.85252698961171,5.397556796570722,77.13728517321901,0.3641852233026709,0.342591403252158,0.5213605280229463,0.691508100722859
img_000291.jpg,-0.0,0.0,1.0,59.86033761687018,5.253427469125524,77.22135312212082,0.3646831446767472,0.3420614231088652,0.5223657735405887,0.6907490032151757
img_000292.jpg,-0.0,0.0,1.0,59.86795947804399,5.109303607162792,77.30535216035291,0.3651804551525129,0.341530836045355,0.5233695974250283,0.6899885417135041
img_000293.jpg,-0.0,0.0,1.0,59.87529967883429,4.965141200262628,77.3893464005136,0.3656766210024318,0.3409991623129027,0.5243728146485042,0.6892266183279256
img_000294.jpg,-0.0,0.0,1.0,59.88247536501508,4.8209750067796,77.47330991586058,0.3661722579801507,0.340467050493612,0.5253747874264393,0.6884630692713458
img_000295.jpg,-0.0,0.0,1.0,59.88937977530695,4.676783258877689,77.55723334808194,0.3666668606791917,0.339933850675919,0.5263758482146038,0.6876982309564743
img_000296.jpg,-0.0,0.0,1.0,59.896143876226446,4.532628101040174,77.641078532449,0.3671610280919026,0.3394003957496536,0.5273751499946321,0.6869320213701025
img_000297.jpg,-0.0,0.0,1.0,59.90264751917863,4.388425632292172,77.72493055681277,0.3676541982106017,0.338865916150133,0.528373853271084,0.6861642314995133
img_000298.jpg,-0.0,0.0,1.0,59.909002013205445,4.244230529444876,77.80874020647127,0.3681469198143437,0.3383310781719927,0.5293711309739845,0.6853948735331427
img_000299.jpg,-0.0,0.0,1.0,59.91511260873451,4.1000282804399975,77.89249086469377,0.3686387476011477,0.3377953024931,0.5303672093264092,0.6846242989055888
img_000300.jpg,-0.0,0.0,1.0,59.92102497250774,3.955813789053943,77.97623377496603,0.3691298309099954,0.337258930344211,0.5313622710933981,0.683852117561906
img_000301.jpg,-0.0,0.0,1.0,59.92673011258026,3.81158988633856,78.05994439119523,0.3696201770997488,0.3367218528517017,0.5323561791202611,0.6830784852748208
img_000302.jpg,-0.0,0.0,1.0,59.932103390328734,3.6673475369016817,78.14365959112392,0.3701089823412909,0.3361835519801776,0.5333495437916657,0.6823036162189875
img_000303.jpg,-0.0,0.0,1.0,59.93735109504463,3.5231057390384035,78.22732096155598,0.3705975576337245,0.3356449029516997,0.5343413369585528,0.6815271711500641
img_000304.jpg,-0.0,0.0,1.0,59.94238338580932,3.3788665278405805,78.31092975912803,0.371085356224774,0.3351054989387705,0.5353318166822352,0.6807494465838572
img_000305.jpg,-0.0,0.0,1.0,59.94721517650096,3.234606153588384,78.39456207205633,0.3715723625577181,0.3345655139779555,0.5363214681272425,0.6799699839447192
img_000306.jpg,-0.0,0.0,1.0,59.951823447978725,3.090324625414548,78.47818121349735,0.3720585502946052,0.3340247171890209,0.537310132838598,0.6791890345172245
img_000307.jpg,-0.0,0.0,1.0,59.95628683723912,2.946083017825981,78.56169621457714,0.3725443553960276,0.3334835301986401,0.5382968221758007,0.6784069350944499
img_000308.jpg,-0.0,0.0,1.0,59.960446853390586,2.801788128486954,78.64525425990782,0.3730288672862815,0.3329411436612768,0.5392831889440527,0.6776232737671929
img_000309.jpg,-0.0,0.0,1.0,59.96438975268759,2.6574945668906693,78.72880487916864,0.3735124814819536,0.3323981090383104,0.5402684840266215,0.6768381552871592
img_000310.jpg,-0.0,0.0,1.0,59.968179601035104,2.5132223128941544,78.81229752567498,0.3739956281871001,0.3318546747560302,0.5412521471168749,0.6760516682775648
img_000311.jpg,-0.0,0.0,1.0,59.97173186647369,2.368925104890219,78.89576047609981,0.3744779540200501,0.3313102622825357,0.5422347448814004,0.6752638399193586
img_000312.jpg,-0.0,0.0,1.0,59.97502815990878,2.224611851085457,78.97926029570347,0.3749591185323647,0.3307650482945994,0.543216683808934,0.6744744447995996
img_000313.jpg,-0.0,0.0,1.0,59.978206222100034,2.0803163021956457,79.06269018908795,0.3754400795204619,0.3302195269925299,0.5441968136398954,0.6736836339905282
img_000314.jpg,-0.0,0.0,1.0,59.98118190632764,1.936022566928709,79.14610483016818,0.3759202632912065,0.3296733827279696,0.5451757481906675,0.6728913879315988
img_000315.jpg,-0.0,0.0,1.0,59.98383711146288,1.7916820372720934,79.22957715506041,0.3763990073049685,0.3291260070184406,0.5461544147049028,0.6720976224495046
img_000316.jpg,-0.0,0.0,1.0,59.9863283057764,1.6473748010067146,79.31298192294972,0.3768772035505617,0.3285781913978889,0.5471313452527256,0.6713026416032813
img_000317.jpg,-0.0,0.0,1.0,59.98867826339836,1.5030658964625836,79.39632656724989,0.3773551356485899,0.3280298633074455,0.5481066333509244,0.6705062481847939
img_000318.jpg,-0.0,0.0,1.0,59.99077547086466,1.358747869008922,79.47973460043396,0.3778318361992726,0.327480849319444,0.5490813399802803,0.6697082043463117
img_000319.jpg,-0.0,0.0,1.0,59.99262076816638,1.2144099190100843,79.56311431824142,0.3783076294497126,0.326930783757369,0.5500549548594872,0.6689089226243427
img_000320.jpg,-0.0,0.0,1.0,59.99422955112375,1.0700759328005078,79.64650843983026,0.378782370922325,0.3263800142171778,0.5510275944267274,0.6681082187627624
img_000321.jpg,-0.0,0.0,1.0,59.995711212029,0.9257663212644384,79.72981636968844,0.3792568883533692,0.3258288479296361,0.5519982849207643,0.6673062774602833
img_000322.jpg,-0.0,0.0,1.0,59.99693570881435,0.7814187531929668,79.81317332099128,0.3797303455558108,0.3252767420956184,0.552968389021705,0.6665027130165828
img_000323.jpg,-0.0,0.0,1.0,59.997979543582765,0.6370995677849789,79.89649873557676,0.3802030971550184,0.3247241777702238,0.5539369884798292,0.6656978489367991
img_000324.jpg,-0.0,0.0,1.0,59.99871945907782,0.4927403502367044,79.97990237099572,0.3806744530574674,0.3241705235555232,0.5549052935764056,0.6648913803081066
img_000325.jpg,-0.0,0.0,1.0,59.99939294523408,0.3484176790742798,80.06320414702991,0.3811459316271891,0.3236167694175101,0.555871321902738,0.6640836083219632
img_000326.jpg,-0.0,0.0,1.0,59.99980107567104,0.2040814307131497,80.14651632798379,0.3816163080131405,0.3230620311686805,0.5568364498591158,0.6632745175143415
img_000327.jpg,-0.0,0.0,1.0,59.9999940990299,0.0597408301330781,80.22988687174728,0.3820856975596633,0.3225067612004041,0.5578007739735704,0.6624637388226291
img_000328.jpg,-0.0,0.0,1.0,60.00000889718476,-0.0845916519050679,80.3131938225671,0.3825545995296177,0.321950800728519,0.5587634363524668,0.6616517834061825
img_000329.jpg,-0.0,0.0,1.0,59.99974502343781,-0.2289340451880559,80.3965857767148,0.3830221075872886,0.321394047525964,0.5597256304562332,0.6608382176634781
img_000330.jpg,-0.0,0.0,1.0,59.9993146264251,-0.3732724965459337,80.47988856322196,0.3834892940465974,0.3208365427045069,0.5606859829953018,0.6600235622230874
img_000331.jpg,-0.0,0.0,1.0,59.998624008297725,-0.5176036871437311,80.56328822360786,0.3839550850279623,0.3202784654755786,0.561645810627081,0.6592072364885173
img_000332.jpg,-0.0,0.0,1.0,59.99784705865135,-0.6619498955652253,80.64655313767229,0.3844212403983282,0.3197197596764035,0.562603361141021,0.6583897350626751
img_000333.jpg,-0.0,0.0,1.0,59.99676739069508,-0.806270248470145,80.72991246720231,0.3848856800015038,0.3191603643903619,0.563560414979816,0.6575707823495268
img_000334.jpg,-0.0,0.0,1.0,59.99543820957363,-0.9506001464947308,80.81329506598361,0.385349085950352,0.31860009270406,0.5645165227874814,0.6567504536626706
img_000335.jpg,-0.0,0.0,1.0,59.99400420860184,-1.094937096713735,80.89660381531893,0.3858125486462253,0.3180393413169359,0.5654707104856327,0.6559287539547778
img_000336.jpg,-0.0,0.0,1.0,59.99225040243879,-1.239263635366138,80.98001682971486,0.3862742607475584,0.3174777465893566,0.5664245308000206,0.6551055844766154
img_000337.jpg,-0.0,0.0,1.0,59.990341725895526,-1.383588484721729,81.0634054779082,0.3867355697212272,0.3169156351673362,0.5673768108518561,0.6542810052312835
img_000338.jpg,-0.0,0.0,1.0,59.98828437775623,-1.5279055521098843,81.14673156757877,0.3871965887506749,0.316352941045319,0.5683272902424633,0.6534552085012991
img_000339.jpg,-0.0,0.0,1.0,59.98591182205232,-1.672232600046112,81.23014585279333,0.3876560418415261,0.3157892410526551,0.5692773394058364,0.6526279639259731
img_000340.jpg,-0.0,0.0,1.0,59.983312407077655,-1.8165424863277564,81.31360389953664,0.3881144287757329,0.3152249756527867,0.5702263640792434,0.6517992778530465
img_000341.jpg,-0.0,0.0,1.0,59.98060981444404,-1.9608691708500148,81.39697796924843,0.3885729730380604,0.3146601281196783,0.571173400581182,0.6509692733644185
img_000342.jpg,-0.0,0.0,1.0,59.97766144181656,-2.1051679689053957,81.48040931762468,0.3890302608442574,0.3140947219499067,0.5721194935053533,0.6501378676418086
img_000343.jpg,-0.0,0.0,1.0,59.9744634506582,-2.249470556333634,81.56390160994644,0.3894864200495447,0.3135285632699964,0.5730647675259238,0.6493049675085661
img_000344.jpg,-0.0,0.0,1.0,59.97105665833589,-2.393767607647632,81.64737454032453,0.3899418610269617,0.3129616330088232,0.5740086178348538,0.6484708689945918
img_000345.jpg,-0.0,0.0,1.0,59.96749006028197,-2.538063964078687,81.730850104929,0.3903968277276247,0.3123942198836015,0.5749510441413662,0.6476352871209815
img_000346.jpg,-0.0,0.0,1.0,59.96365338606985,-2.682343211645305,81.81437651909098,0.3908504892771887,0.3118260264215618,0.5758925601346436,0.6467984102171924
img_000347.jpg,-0.0,0.0,1.0,59.9596464919692,-2.826630346896697,81.89790561911819,0.3913036670068908,0.3112572416603573,0.5768326937222904,0.6459600708666384
img_000348.jpg,-0.0,0.0,1.0,59.95544086085177,-2.9709037809157914,81.98143816433804,0.3917560961008305,0.3106878463357946,0.5777714515272423,0.645120433025622
img_000349.jpg,-0.0,0.0,1.0,59.95102618748647,-3.115173367048994,82.0650125295976,0.3922076663699206,0.310117859319309,0.5787091016811666,0.644279314741089
img_000350.jpg,-0.0,0.0,1.0,59.94646908795266,-3.259460344657147,82.14851443560839,0.392659168456723,0.3095470999894338,0.5796448814927397,0.6434370067646671
img_000351.jpg,-0.0,0.0,1.0,59.9416041952637,-3.403704422259594,82.2321631751013,0.3931087913038303,0.3089758281821313,0.5805802726657141,0.6425931549512591
img_000352.jpg,-0.0,0.0,1.0,59.93646502505796,-3.5479232437728645,82.31587019813225,0.3935570550820141,0.3084038034796767,0.581514733661795,0.6417480447408416
img_000353.jpg,-0.0,0.0,1.0,59.93116764530087,-3.6921753817799794,82.39953346282726,0.3940051745675059,0.3078309219152995,0.5824475559731863,0.6409016230808499
img_000354.jpg,-0.0,0.0,1.0,59.925737251759365,-3.836434158921605,82.48315821129628,0.3944531485576851,0.3072574809651042,0.5833786122379276,0.6400538639577588
img_000355.jpg,-0.0,0.0,1.0,59.91997550461059,-3.980643920942285,82.56691303297687,0.3948991499750597,0.3066833695391546,0.5843091960057173,0.6392047681770202
img_000356.jpg,-0.0,0.0,1.0,59.914049468431806,-4.124851101801712,82.6507029657287,0.3953445979279567,0.3061088398166924,0.5852384650999338,0.6383541070931824
img_000357.jpg,-0.0,0.0,1.0,59.90794095558695,-4.269069981879605,82.73444774971993,0.395789678237524,0.3055334368821907,0.5861660584917753,0.6375023148348642
img_000358.jpg,-0.0,0.0,1.0,59.90153296901076,-4.413245326590321,82.81832052042338,0.3962330136946598,0.30495747559347,0.5870930738440239,0.6366490866894269
img_000359.jpg,-0.0,0.0,1.0,59.89500786254101,-4.557456964118208,82.90212702245796,0.39667652883742,0.304380753682478,0.588018183528599,0.6357945455073587
img_000360.jpg,-0.0,0.0,1.0,59.8882459027586,-4.701644890162016,82.98599452068625,0.3971189314028752,0.3038034413555412,0.5889422217707476,0.6349386448765771
img_000361.jpg,-0.0,0.0,1.0,59.88133021074197,-4.845817536569425,83.06988139696905,0.3975608380484245,0.3032257698160673,0.5898647559015764,0.6340812899895891
img_000362.jpg,-0.0,0.0,1.0,59.874111774758894,-4.989980118675406,83.1538403333305,0.3980013146482837,0.3026471216473638,0.59078648028644,0.6332227159598455
img_000363.jpg,-0.0,0.0,1.0,59.86668564881447,-5.134100183239212,83.23786670186912,0.3984407470303632,0.3020681540898897,0.5917070108597261,0.6323627239884247
img_000364.jpg,-0.0,0.0,1.0,59.85905984718221,-5.27824203303058,83.32188697222531,0.3988796911030275,0.3014882783966907,0.5926261080990846,0.6315014695266233
img_000365.jpg,-0.0,0.0,1.0,59.85124564626447,-5.4223844685157605,83.40593248156935,0.3993180270767203,0.3009077812897835,0.5935438438010793,0.6306388236515853
img_000366.jpg,-0.0,0.0,1.0,59.8431698494418,-5.56650227136786,83.49003756166204,0.399755143787097,0.3003265457912284,0.59446051562641,0.6297749489063926
img_000367.jpg,-0.0,0.0,1.0,59.83488738602652,-5.71060462918852,83.57419075580864,0.4001914235814985,0.2997447601325833,0.5953759360848165,0.6289096898569796
img_000368.jpg,-0.0,0.0,1.0,59.82645522653989,-5.854717881648924,83.65834045722407,0.4006274465131583,0.2991623853068337,0.5962897445589701,0.6280430374199449
img_000369.jpg,-0.0,0.0,1.0,59.817737116776726,-5.998786409480212,83.74258564540622,0.4010619406272374,0.2985793768812086,0.5972026662754185,0.6271751357277127
img_000370.jpg,-0.0,0.0,1.0,59.80877373891476,-6.142834617019654,83.82689621091706,0.4014953327811014,0.2979956965222401,0.5981144941486041,0.6263059272420922
img_000371.jpg,-0.0,0.0,1.0,59.79964272039158,-6.286890506117299,83.91121163359446,0.4019283461158354,0.2974113724438764,0.5990247706791176,0.6254353717551236
img_000372.jpg,-0.0,0.0,1.0,59.790349572381054,-6.430935577291083,83.9955582137559,0.4023608556629482,0.2968266303589708,0.5999335638754686,0.624563377308979
img_000373.jpg,-0.0,0.0,1.0,59.780812476259975,-6.5749216789538005,84.08000932978858,0.4027919953170011,0.2962415754339969,0.6008413367599958,0.623690007562566
img_000374.jpg,-0.0,0.0,1.0,59.77096515987591,-6.718946118819703,84.1644797056473,0.4032221056231894,0.2956549944482197,0.6017480732513276,0.6228156341429938
img_000375.jpg,-0.0,0.0,1.0,59.76098030921459,-6.86294242212375,84.2489826774304,0.4036517723469904,0.2950682210358604,0.6026531973103197,0.6219398004529982
img_000376.jpg,-0.0,0.0,1.0,59.75074865351578,-7.006953626139436,84.33352380862668,0.4040806017364589,0.294480449406747,0.6035571391942667,0.6210627278666255
img_000377.jpg,-0.0,0.0,1.0,59.74033178616761,-7.1508846498342,84.41817604074816,0.4045082823658593,0.2938928073944835,0.6044598515800139,0.6201841299864734
img_000378.jpg,-0.0,0.0,1.0,59.72970990022248,-7.2948875162765185,84.50279667115507,0.4049358186804521,0.2933038064640328,0.6053610459426302,0.6193043386886176
img_000379.jpg,-0.0,0.0,1.0,59.7188283622866,-7.438779836824892,84.5875687375028,0.4053615630606715,0.2927148550447777,0.6062613168088842,0.6184231824327754
img_000380.jpg,-0.0,0.0,1.0,59.70775226685274,-7.582730539676612,84.67231844829875,0.405787140371991,0.2921247040948785,0.6071600380234995,0.6175408020475283
img_000381.jpg,-0.0,0.0,1.0,59.696432139489104,-7.72660134351634,84.75717960901021,0.4062112735849681,0.2915343609803565,0.6080576525588638,0.6166571241337097
img_000382.jpg,-0.0,0.0,1.0,59.68495327288076,-7.87050229966519,84.84205685310252,0.4066352063343399,0.2909433020893033,0.6089537371162623,0.6157719951337015
img_000383.jpg,-0.0,0.0,1.0,59.67320115644748,-8.014384384958314,84.92700976028253,0.4070579376360057,0.2903514109556564,0.6098487550747826,0.6148856718913842
img_000384.jpg,-0.0,0.0,1.0,59.66124048326681,-8.158200857839192,85.01205226986976,0.4074795579916686,0.2897593480440059,0.6107424762784831,0.6139980111606663
img_000385.jpg,-0.0,0.0,1.0,59.64905182756537,-8.302068496246516,85.09710510673338,0.4079007384203999,0.289166050869572,0.6116348477149014,0.613109122164528
img_000386.jpg,-0.0,0.0,1.0,59.63666981110443,-8.445849903524449,85.18226817652244,0.4083207474773703,0.2885728505252584,0.6125259211649291,0.6122188113904241
img_000387.jpg,-0.0,0.0,1.0,59.62404065668115,-8.589665523257132,85.26745548851811,0.4087401071750834,0.2879784552756433,0.6134157034908817,0.6113273335900677
img_000388.jpg,-0.0,0.0,1.0,59.61120967060464,-8.733409273279337,85.35274768810322,0.4091583450820004,0.2873840048486875,0.6143042057991601,0.6104344560592493
img_000389.jpg,-0.0,0.0,1.0,59.59814630481962,-8.87724399225512,85.43803939228896,0.4095763621407919,0.2867880164494835,0.6151913894703951,0.6095403116431024
img_000390.jpg,-0.0,0.0,1.0,59.58486423126241,-9.020904000189088,85.52349067435975,0.4099925408125376,0.2861926668980177,0.6160773249800845,0.6086448911617212
img_000391.jpg,-0.0,0.0,1.0,59.571351773509136,-9.164669696537574,85.60893020609625,0.4104086203484724,0.2855956589968237,0.6169619009274039,0.6077482181873326
img_000392.jpg,-0.0,0.0,1.0,59.55759432171249,-9.308373021610302,85.69446867118751,0.4108234334281617,0.2849982775924988,0.6178452677293836,0.60685032212236
img_000393.jpg,-0.0,0.0,1.0,59.54366515387513,-9.452048762316966,85.78006669452031,0.4112376416673428,0.2844005733887914,0.618727122751017,0.6059510405175133
img_000394.jpg,-0.0,0.0,1.0,59.529473192623705,-9.595719265156438,85.86574434760341,0.4116508279033424,0.2838019955123445,0.619607851716906,0.6050505212959202
img_000395.jpg,-0.0,0.0,1.0,59.51504783965827,-9.739325921915997,85.9515154790209,0.4120628340646525,0.2832030879969107,0.6204872862358264,0.6041487890837157
img_000396.jpg,-0.0,0.0,1.0,59.50043305236154,-9.882944063876575,86.03733867195405,0.4124743675447423,0.2826035026778535,0.6213652964748172,0.6032456586909978
img_000397.jpg,-0.0,0.0,1.0,59.485576143470254,-10.026590290331008,86.12321376439785,0.4128852375914905,0.2820028551442055,0.6222420479672349,0.6023412687265218
img_000398.jpg,-0.0,0.0,1.0,59.47051939101638,-10.170097951821733,86.20921773152371,0.4132946703462617,0.2814026118738586,0.6231173834085176,0.6014356258055118
img_000399.jpg,-0.0,0.0,1.0,59.45520279217302,-10.31368762835432,86.29525062440356,0.4137036784200983,0.2808008105883826,0.6239915114012985,0.6005287378083667
img_000400.jpg,-0.0,0.0,1.0,59.43969287115661,-10.457204060059862,86.38140180210195,0.4141116402855107,0.2801990295306061,0.6248643117879875,0.5996204175008345
img_000401.jpg,-0.0,0.0,1.0,59.42396236543068,-10.600687443816046,86.4676193373902,0.4145187422515085,0.2795966987018096,0.6257356795220244,0.5987109133550075
img_000402.jpg,-0.0,0.0,1.0,59.40801471280036,-10.744173110969864,86.5538968930768,0.414925195882153,0.2789936076274287,0.626605659200193,0.5978001309664301
img_000403.jpg,-0.0,0.0,1.0,59.39181069580012,-10.887660153703695,86.64025440963597,0.4153307497209469,0.2783896167334629,0.6274744391637593,0.596888111648538
img_000404.jpg,-0.0,0.0,1.0,59.37535630797958,-11.031036375154835,86.72673748694726,0.4157347839181197,0.2777855688439655,0.6283419377895116,0.5959749796740719
img_000405.jpg,-0.0,0.0,1.0,59.35868455255382,-11.174476437286366,86.81327071986689,0.4161385119788424,0.2771803609049211,0.6292081337741141,0.5950604261494368
img_000406.jpg,-0.0,0.0,1.0,59.34175827732792,-11.317881454879192,86.89989498247252,0.4165411657120427,0.276574505522106,0.6300730608789239,0.5941447114273755
img_000407.jpg,-0.0,0.0,1.0,59.32462753140414,-11.461245540253,86.98660495123802,0.4169429954052837,0.2759682900600672,0.6309365471522655,0.59322770917361
img_000408.jpg,-0.0,0.0,1.0,59.30731450788642,-11.604570264129832,87.07341587019641,0.4173440926299134,0.2753618816162392,0.6317986146574694,0.5923092545424062
img_000409.jpg,-0.0,0.0,1.0,59.289740769333406,-11.747839588890727,87.16031487101581,0.4177440107006976,0.2747548917207847,0.6326593362294235,0.5913897659589153
img_000410.jpg,-0.0,0.0,1.0,59.27188910788957,-11.891148261010729,87.24729458326924,0.418143148295784,0.2741466487583213,0.6335189501231488,0.590469018952506
img_000411.jpg,-0.0,0.0,1.0,59.2538219028617,-12.034413244105584,87.3343663830877,0.4185414014660421,0.2735380153774227,0.6343771428356367,0.5895470210677993
img_000412.jpg,-0.0,0.0,1.0,59.23557059144192,-12.17760586507099,87.42153577474944,0.4189387848384072,0.2729293495569388,0.6352337871405561,0.5886237341320952
img_000413.jpg,-0.0,0.0,1.0,59.21700952921702,-12.32082522679607,87.5087985421948,0.4193351534615044,0.2723193656626583,0.6360894046524933,0.587699295086646
img_000414.jpg,-0.0,0.0,1.0,59.19827635485859,-12.464014293574747,87.5961515500006,0.4197309497055001,0.2717091424401027,0.636943497634931,0.5867734252625657
img_000415.jpg,-0.0,0.0,1.0,59.17931223177266,-12.607155080854142,87.68359585126527,0.4201257876627854,0.271098459203681,0.6377961581321396,0.585846403616167
img_000416.jpg,-0.0,0.0,1.0,59.16009829047525,-12.750257224103889,87.77115598382139,0.4205195667954995,0.2704872431535807,0.6386475722940084,0.5849181341318377
img_000417.jpg,-0.0,0.0,1.0,59.14067134076639,-12.893350136553591,87.85880817827946,0.4209126818538767,0.2698754405263326,0.6394975966108233,0.5839885142571519
img_000418.jpg,-0.0,0.0,1.0,59.12098921726052,-13.03636965301646,87.94656631930303,0.4213045785385867,0.2692632351554143,0.6403462329643523,0.5830578566698397
img_000419.jpg,-0.0,0.0,1.0,59.10102872173155,-13.179415793092426,88.03441844139624,0.4216956631305092,0.2686498739821735,0.6411937142680395,0.58212596032941
img_000420.jpg,-0.0,0.0,1.0,59.080893285581794,-13.322426774384798,88.12236483936508,0.4220861656845681,0.2680362908780805,0.6420396372313809,0.5811926700620176
img_000421.jpg,-0.0,0.0,1.0,59.06050650693649,-13.465369320508094,88.21042674461883,0.4224754925882466,0.2674223266250477,0.6428841989003289,0.5802582736928851
img_000422.jpg,-0.0,0.0,1.0,59.03989291114633,-13.608316334690876,88.29858907250993,0.4228641667707848,0.2668076408123427,0.6437274355920471,0.5793225077031688
img_000423.jpg,-0.0,0.0,1.0,59.01898605989416,-13.751221310967988,88.38686249203451,0.4232516076849214,0.2661921655155523,0.6445694330929364,0.5783857307476739
img_000424.jpg,-0.0,0.0,1.0,58.99788185159914,-13.894082889425714,88.47523602236119,0.4236383259803893,0.2655764049947779,0.6454099011406439,0.5774476611609121
img_000425.jpg,-0.0,0.0,1.0,58.97651727813927,-14.036936352047546,88.56372654399375,0.4240241441689574,0.2649598619207913,0.6462491476507258,0.5765083138111792
img_000426.jpg,-0.0,0.0,1.0,58.95491549844048,-14.179748070342464,88.65232531306187,0.424409042313061,0.2643428262658228,0.6470869846904506,0.5755677798912374
img_000427.jpg,-0.0,0.0,1.0,58.93304696798195,-14.32252925030964,88.74103433768502,0.4247929296399387,0.2637250720038841,0.6479235086082663,0.5746261222022699
img_000428.jpg,-0.0,0.0,1.0,58.91094515241132,-14.465283309612245,88.82985453694329,0.4251759962968641,0.2631067698876984,0.6487586459671306,0.573683204473624
img_000429.jpg,-0.0,0.0,1.0,58.88862117505595,-14.607997110791544,88.91878812579915,0.4255582357742917,0.2624880652374626,0.6495923424547927,0.5727390262559914
img_000430.jpg,-0.0,0.0,1.0,58.86607536427535,-14.750650301360723,89.00784318658853,0.4259395386647515,0.2618691058286683,0.650424581506755,0.5717936206240108
img_000431.jpg,-0.0,0.0,1.0,58.84326955790109,-14.89328247568034,89.09702009274717,0.4263199147427368,0.2612494467426819,0.6512555367220969,0.5708469871683669
img_000432.jpg,-0.0,0.0,1.0,58.82020956203086,-15.03590929616329,89.18629444067726,0.4266995331037211,0.2606289378626195,0.6520851001934772,0.5698991904743609
img_000433.jpg,-0.0,0.0,1.0,58.796912384818754,-15.178469711064384,89.27571219561868,0.4270780827942059,0.2600081969390294,0.652913310551992,0.5689501363260037
img_000434.jpg,-0.0,0.0,1.0,58.77333299176215,-15.321025837131211,89.3652352837789,0.4274557385472315,0.2593864658864928,0.653740215753438,0.5679999852153206
img_000435.jpg,-0.0,0.0,1.0,58.749555448310105,-15.46351421157254,89.45488665263736,0.427832562410914,0.2587646734498808,0.654565583674619,0.5670485331821192
img_000436.jpg,-0.0,0.0,1.0,58.725496086450775,-15.606003522632491,89.54465533301392,0.428208508584549,0.258141903931108,0.6553896980211584,0.5660959056011212
img_000437.jpg,-0.0,0.0,1.0,58.70121721761222,-15.74840890522697,89.63456185125408,0.4285834314945244,0.2575190771495219,0.6562123165031946,0.5651420731302423
img_000438.jpg,-0.0,0.0,1.0,58.67669388670066,-15.89082481984815,89.7245756556278,0.4289577465304247,0.2568953908178181,0.6570335507269659,0.5641869575656776
img_000439.jpg,-0.0,0.0,1.0,58.65190261007824,-16.033160611481303,89.81472352043544,0.429330842120972,0.2562713306576003,0.6578533707558255,0.563230836932672
img_000440.jpg,-0.0,0.0,1.0,58.62683668272405,-16.17550952697467,89.90500780071608,0.4297031452404366,0.2556463281914358,0.6586720035206415,0.5622733797992014
img_000441.jpg,-0.0,0.0,1.0,58.60157044859709,-16.31774837507516,89.99542128430681,0.4300744416156217,0.2550214912821812,0.6594889625164485,0.561314815386341
img_000442.jpg,-0.0,0.0,1.0,58.57599433565029,-16.460009729789917,90.08596472039866,0.4304448498653816,0.2543954277727687,0.660304782305384,0.5603550588843815
img_000443.jpg,-0.0,0.0,1.0,58.5502021851591,-16.60219783386693,90.17663551535853,0.4308143744010248,0.2537692176252343,0.6611190191955857,0.559394137843075
img_000444.jpg,-0.0,0.0,1.0,58.52415049527952,-16.744370409689708,90.2674466889113,0.4311830644339773,0.2531423255468544,0.6619319518564175,0.5584319287734255
img_000445.jpg,-0.0,0.0,1.0,58.49787982849972,-16.886506153502722,90.35838386241868,0.4315510531402738,0.2525150529913869,0.6627433641153467,0.5574684474186414
img_000446.jpg,-0.0,0.0,1.0,58.4712766648411,-17.028584672009917,90.4494741959487,0.4319176368300481,0.2518869614452674,0.6635535845506673,0.5565040467768204
img_000447.jpg,-0.0,0.0,1.0,58.44443842077009,-17.17063921857668,90.54069670443428,0.4322835073644586,0.2512583422619565,0.6643623590794683,0.5555383610002277
img_000448.jpg,-0.0,0.0,1.0,58.4173774683532,-17.312603055289646,90.632060646463,0.4326483849683519,0.2506296849676224,0.6651695527832484,0.5545715481770052
img_000449.jpg,-0.0,0.0,1.0,58.39005208507897,-17.45456178250737,90.72355755856684,0.4330125138547988,0.2500002220562847,0.6659753912563156,0.553603495344776
img_000450.jpg,-0.0,0.0,1.0,58.36245184512549,-17.596492900607092,90.81519997992224,0.4333757147562065,0.249370068068772,0.6667798992715234,0.5526342596495263
img_000451.jpg,-0.0,0.0,1.0,58.33460260792152,-17.7383680987362,90.9069861577218,0.4337379861702046,0.2487395280756179,0.6675829421639492,0.5516638667317801
img_000452.jpg,-0.0,0.0,1.0,58.30648481290526,-17.880224952386186,90.9989139031874,0.4340994315451207,0.2481082624962184,0.6683846217506156,0.5506922652630932
img_000453.jpg,-0.0,0.0,1.0,58.278105515889,-18.02199583298288,91.09099549956296,0.4344597352241057,0.2474767462565886,0.6691848301133758,0.5497196209681663
img_000454.jpg,-0.0,0.0,1.0,58.24943418922605,-18.16375659776451,91.18323211689058,0.4348191296054151,0.2468443679936027,0.6699837877705548,0.5487457577454686
img_000455.jpg,-0.0,0.0,1.0,58.220544138980486,-18.30547932445173,91.27560067040208,0.4351778874068555,0.2462116277592878,0.6707811577714278,0.5477706445649045
img_000456.jpg,-0.0,0.0,1.0,58.19138223960184,-18.447098128513566,91.36813413539852,0.4355353684141319,0.2455787174934766,0.6715770674546452,0.546794549025175
img_000457.jpg,-0.0,0.0,1.0,58.16195989067386,-18.588707274472405,91.46081923039344,0.4358921274571443,0.2449451106039543,0.6723716134159531,0.5458171483972719
img_000458.jpg,-0.0,0.0,1.0,58.13224241632051,-18.730298211701715,91.5536502982674,0.4362479786788727,0.2443106298421801,0.6731648144705177,0.5448386456590505
img_000459.jpg,-0.0,0.0,1.0,58.10226303949785,-18.871823244336653,91.64664414565183,0.4366028194219709,0.2436758066526195,0.6739565725725211,0.543859005268168
img_000460.jpg,-0.0,0.0,1.0,58.07201562605428,-19.01331902468811,91.73980034277383,0.4369568106886674,0.2430403916983979,0.6747469629784426,0.5428781166590211
img_000461.jpg,-0.0,0.0,1.0,58.04154160526129,-19.15473186345917,91.83310542118028,0.4373099223056208,0.242404884892234,0.6755357168240499,0.5418961145168435
img_000462.jpg,-0.0,0.0,1.0,58.01072343428646,-19.296112516746923,91.92657774519512,0.4376618180707043,0.2417683707641791,0.6763232616959578,0.5409131479175018
img_000463.jpg,-0.0,0.0,1.0,57.9797104022983,-19.43741392051023,92.02020460074355,0.4380130080943159,0.2411319503336486,0.6771091190582084,0.5399289102804893
img_000464.jpg,-0.0,0.0,1.0,57.94835959484428,-19.57873343553449,92.11400619532226,0.4383632638205045,0.240494297014015,0.6778938670071792,0.5389434544647724
img_000465.jpg,-0.0,0.0,1.0,57.91682359884134,-19.719932301089607,92.20794953051336,0.4387126995567234,0.239856982064375,0.6786767477241309,0.5379569383335608
img_000466.jpg,-0.0,0.0,1.0,57.88489060645183,-19.86114427985361,92.30207806556956,0.4390608967977739,0.2392181490388827,0.6794586601272956,0.5369693988036615
img_000467.jpg,-0.0,0.0,1.0,57.85279803214203,-20.002267511873,92.39636824442417,0.4394085269810209,0.2385796978691127,0.6802387893479462,0.5359804694645998
img_000468.jpg,-0.0,0.0,1.0,57.82037337952145,-20.143361608139625,92.49082890977928,0.4397550662183321,0.2379402965868092,0.6810176420183678,0.5349905309958616
img_000469.jpg,-0.0,0.0,1.0,57.78768721615741,-20.284393396312623,92.5854512716899,0.4401007094185424,0.2373005193288481,0.6817949563364596,0.5339995005706653
img_000470.jpg,-0.0,0.0,1.0,57.75471827591328,-20.42540471909579,92.68025527147104,0.4404455316589213,0.2366600753331263,0.6825709385760742,0.533007182124581
img_000471.jpg,-0.0,0.0,1.0,57.72144532018457,-20.56631492775934,92.77523764749218,0.4407890539293769,0.2360192866695125,0.6833454548390263,0.5320139994463525
img_000472.jpg,-0.0,0.0,1.0,57.68792178072639,-20.70719147251475,92.87038851798869,0.4411318868459088,0.2353780461165464,0.6841184660459251,0.5310195459953387
img_000473.jpg,-0.0,0.0,1.0,57.65407405257712,-20.84805191705164,92.9657316012399,0.4414737370014295,0.2347359040755687,0.6848902548790881,0.5300238991285918
img_000474.jpg,-0.0,0.0,1.0,57.61996152036655,-20.988828555150924,93.06123225283255,0.4418146270215689,0.2340934685397132,0.6856604031756681,0.52902731012096
img_000475.jpg,-0.0,0.0,1.0,57.58557718301586,-21.12955839921753,93.15692446998206,0.4421546469761477,0.2334506158581987,0.6864291409630752,0.5280294618196231
img_000476.jpg,-0.0,0.0,1.0,57.550913551526186,-21.270241251967764,93.25279582431148,0.4424937966867879,0.2328072536552499,0.687196415250698,0.5270304634514045
img_000477.jpg,-0.0,0.0,1.0,57.51594390312113,-21.410825899534508,93.34884361316472,0.4428317162863684,0.2321635034270616,0.6879621652743448,0.5260306434784738
img_000478.jpg,-0.0,0.0,1.0,57.48070475600839,-21.551383286472657,93.44508689394296,0.4431688951233989,0.2315192507306498,0.6887265222226769,0.52502947014742
img_000479.jpg,-0.0,0.0,1.0,57.44516896046623,-21.691903975764298,93.54151287705903,0.44350519832558,0.2308743363422528,0.6894894541224688,0.52402716774096
img_000480.jpg,-0.0,0.0,1.0,57.40939765116237,-21.832353065255816,93.63812250345882,0.4438407412810511,0.2302293308290432,0.6902507698048912,0.5230236384608759
img_000481.jpg,-0.0,0.0,1.0,57.37326532058382,-21.972747607608145,93.73492701352986,0.444175022784514,0.2295834234761737,0.6910107928098003,0.5220192381701153
img_000482.jpg,-0.0,0.0,1.0,57.33682967562764,-22.11309830823722,93.8319319478358,0.4445083594396194,0.2289369207066983,0.6917694396450605,0.5210136726601252
img_000483.jpg,-0.0,0.0,1.0,57.30015973755645,-22.25335813723073,93.92911071412048,0.4448408960870701,0.2282904044043477,0.6925263596408368,0.5200070284409262
img_000484.jpg,-0.0,0.0,1.0,57.26315971326673,-22.3936033897024,94.02649531733825,0.4451725209805306,0.2276429832216954,0.6932820105601466,0.518999183609615
img_000485.jpg,-0.0,0.0,1.0,57.22588693790186,-22.53375296832959,94.12407926497907,0.4455031171760829,0.2269954414556906,0.6940360986966915,0.5179902854789904
img_000486.jpg,-0.0,0.0,1.0,57.188319583532014,-22.673849899463235,94.22184973124456,0.445832834343914,0.2263473505304968,0.6947886727451922,0.5169803293682175
img_000487.jpg,-0.0,0.0,1.0,57.15041069144206,-22.813925635141825,94.31983097530215,0.4461615794304981,0.2256983393731282,0.6955399763208641,0.515969229687069
img_000488.jpg,-0.0,0.0,1.0,57.11223666953397,-22.95389090486511,94.41800908809805,0.4464892937324937,0.2250493266166078,0.6962896355601613,0.5149571385884149
img_000489.jpg,-0.0,0.0,1.0,57.07372633985491,-23.09383079806001,94.5164083746768,0.446816041344524,0.224399487847415,0.6970380306433203,0.5139438479911089
img_000490.jpg,-0.0,0.0,1.0,57.03498129570094,-23.233678594704863,94.61498594430464,0.4471420428082991,0.2237496541474691,0.6977846489955131,0.5129294975416383
img_000491.jpg,-0.0,0.0,1.0,56.99589281260226,-23.37348410695458,94.7137798977452,0.4474669936583023,0.2230990274607481,0.6985299452995624,0.5119140836627368
img_000492.jpg,-0.0,0.0,1.0,56.95650653961347,-23.513218585643603,94.81278366911302,0.4477909801862298,0.222448023452741,0.6992737428341542,0.5108975900398605
img_000493.jpg,-0.0,0.0,1.0,56.91678088079157,-23.65290987288024,94.91200427470427,0.4481139527356043,0.2217962560535683,0.7000161871226418,0.5098800289583532
img_000494.jpg,-0.0,0.0,1.0,56.87679808492915,-23.79252847261249,95.0114280404998,0.4484361690780903,0.2211443418104391,0.7007569995473755,0.5088612875166999
img_000495.jpg,-0.0,0.0,1.0,56.836479434163294,-23.932055784694796,95.11105841712164,0.4487571912891893,0.2204919186459421,0.7014963080843759,0.5078417340294707
img_000496.jpg,-0.0,0.0,1.0,56.79587464565266,-24.071557837718693,95.21092033480524,0.4490775309037881,0.219839011181114,0.7022342199408695,0.5068207580045492
img_000497.jpg,-0.0,0.0,1.0,56.75493795160913,-24.210977958272185,95.31100177103195,0.4493967389679802,0.2191856146904097,0.7029706695146157,0.5057988484762546
img_000498.jpg,-0.0,0.0,1.0,56.71369211852216,-24.35033737121061,95.4112809255717,0.4497150747813675,0.2185316614560603,0.703705538850403,0.5047759691654379
img_000499.jpg,-0.0,0.0,1.0,56.67212981856562,-24.48964625165063,95.51179889868514,0.4500324897152991,0.2178772092327213,0.7044390271788912,0.5037518604281953
img_000500.jpg,-0.0,0.0,1.0,56.63023775468384,-24.62885443279801,95.612545664967,0.4503487073722019,0.217222422137732,0.7051710279425425,0.5027268467460851
img_000501.jpg,-0.0,0.0,1.0,56.58806054007385,-24.76801443559402,95.71350192614142,0.4506642326494712,0.2165671991618902,0.7059014401468144,0.5017006622043576
img_000502.jpg,-0.0,0.0,1.0,56.54557530705894,-24.907094087679663,95.81468401560704,0.4509787857550439,0.2159116467675461,0.7066303195877826,0.5006734335156009
img_000503.jpg,-0.0,0.0,1.0,56.502772018374046,-25.04611073226041,95.91609264303716,0.4512924194122448,0.2152556067448073,0.7073577028562361,0.4996451302233576
img_000504.jpg,-0.0,0.0,1.0,56.45959883843314,-25.185069046986506,96.01774827142025,0.4516049049714795,0.2145988123998417,0.7080837712503043,0.4986158164501252
img_000505.jpg,-0.0,0.0,1.0,56.4161535777324,-25.323928078023613,96.1196215967549,0.4519165317692131,0.2139419849090314,0.7088081428886319,0.4975854619878259
img_000506.jpg,-0.0,0.0,1.0,56.372369276842655,-25.46275237462995,96.2217276812853,0.4522273133621734,0.213284402368335,0.7095310903976665,0.4965539774432497
img_000507.jpg,-0.0,0.0,1.0,56.32822608437997,-25.60150375850148,96.32408390284048,0.4525369543099741,0.2126262268413297,0.7102526587239977,0.4955214964242864
img_000508.jpg,-0.0,0.0,1.0,56.28382489867914,-25.74014983517617,96.42665511807095,0.4528458070391499,0.2119681286234499,0.7109724518539592,0.4944879778110922
img_000509.jpg,-0.0,0.0,1.0,56.23904710126669,-25.87875357502373,96.52948037169456,0.4531536125408925,0.211309168268385,0.7116909352041753,0.493453393538912
img_000510.jpg,-0.0,0.0,1.0,56.19394587895157,-26.01726312567415,96.63255879389985,0.4534603565698729,0.2106499664676377,0.7124079221514501,0.492417758719728
img_000511.jpg,-0.0,0.0,1.0,56.148543787120026,-26.155701839286028,96.7358559334271,0.4537663278779508,0.209990394354339,0.7131232441949843,0.4913811072394726
img_000512.jpg,-0.0,0.0,1.0,56.10280699669112,-26.294097336296225,96.8394021954822,0.4540714753463293,0.2093302049807233,0.7138371196026797,0.4903432748971741
img_000513.jpg,-0.0,0.0,1.0,56.05665509739326,-26.43241117071757,96.94321754004795,0.4543752402950744,0.2086691940734219,0.7145497157387728,0.4893046210584783
img_000514.jpg,-0.0,0.0,1.0,56.01025354926891,-26.57062560714587,97.04726212735936,0.454678326737683,0.2080083352727125,0.7152605256017197,0.4882648176635781
img_000515.jpg,-0.0,0.0,1.0,55.96344731802255,-26.70878456929244,97.15157460453084,0.4549802349971947,0.2073465653682759,0.715970042284814,0.4872240615389989
img_000516.jpg,-0.0,0.0,1.0,55.91637798375872,-26.846870532919095,97.2561231695128,0.4552815506564464,0.2066847415613682,0.716677838512086,0.4861820677721633
img_000517.jpg,-0.0,0.0,1.0,55.86890643669882,-26.984862692482096,97.36093474906517,0.4555815429341176,0.206022218984258,0.7173842415078279,0.4851393130419443
img_000518.jpg,-0.0,0.0,1.0,55.82114742590956,-27.122790423260373,97.4660016605556,0.4558808720721377,0.2053595183757895,0.7180890375293072,0.4840952725150745
img_000519.jpg,-0.0,0.0,1.0,55.77298874078756,-27.26063943454845,97.57134470862582,0.4561789680388876,0.2046961005034705,0.718792485254733,0.483050327294137
img_000520.jpg,-0.0,0.0,1.0,55.72452389628968,-27.39839976096757,97.67692715294486,0.4564762547159334,0.2040324615134838,0.7194942377829678,0.4820043830987111
img_000521.jpg,-0.0,0.0,1.0,55.67568316225145,-27.53607757409453,97.78279478865907,0.4567724008309272,0.2033683111240729,0.720194608076045,0.4809574101392814
img_000522.jpg,-0.0,0.0,1.0,55.62652190090843,-27.67366843051568,97.8888940443719,0.4570677252371524,0.2027038085658458,0.7208932552617322,0.4799095488293382
img_000523.jpg,-0.0,0.0,1.0,55.576989557221,-27.811185364805592,97.9952835946392,0.4573619906018158,0.2020387960691157,0.7215905185882208,0.4788605829667643
img_000524.jpg,-0.0,0.0,1.0,55.52710614886147,-27.9486358454109,98.1019400488746,0.4576553734849969,0.2013732639201462,0.7222862605129504,0.4778105540616211
img_000525.jpg,-0.0,0.0,1.0,55.476898840756704,-28.0859831095208,98.2088611536535,0.4579478199728852,0.2007075822458779,0.7229803683923473,0.4767595279911687
img_000526.jpg,-0.0,0.0,1.0,55.426293137518535,-28.223260865870152,98.31606989749416,0.4582391625125152,0.2000411824176346,0.7236730955874933,0.4757075214873086
img_000527.jpg,-0.0,0.0,1.0,55.375400800261815,-28.360454758816907,98.42353509902676,0.4585298614417317,0.1993747265671114,0.724364088015133,0.4746543506242419
img_000528.jpg,-0.0,0.0,1.0,55.32406805889904,-28.49756850922404,98.53129733412872,0.4588192411221974,0.1987073843146552,0.7250537734311224,0.4736003642610185
img_000529.jpg,-0.0,0.0,1.0,55.272420686705054,-28.63459572895632,98.6393193778725,0.4591078689465211,0.1980398378196937,0.7257417591867332,0.4725453272229862
img_000530.jpg,-0.0,0.0,1.0,55.22041109065964,-28.7715208358387,98.74763510073812,0.4593954247200443,0.1973720097253182,0.72642823839037,0.4714892872508798
img_000531.jpg,-0.0,0.0,1.0,55.16802786810271,-28.90838502176868,98.85624368378552,0.4596820845132792,0.1967035921860611,0.7271132593853745,0.4704321269052564
img_000532.jpg,-0.0,0.0,1.0,55.11524783492105,-29.045112546926703,98.96513810848846,0.4599673987198449,0.1960348367192004,0.7277967382649934,0.4693743097765496
img_000533.jpg,-0.0,0.0,1.0,55.06215421696644,-29.181796196628028,99.07431011613802,0.4602522037341238,0.195365715749353,0.7284785856382124,0.4683151677387519
img_000534.jpg,-0.0,0.0,1.0,55.00864970557071,-29.3183975889195,99.18379487020717,0.4605358625098694,0.1946959688037849,0.7291590570211184,0.4672550359684954
img_000535.jpg,-0.0,0.0,1.0,54.95478892476772,-29.454886872269977,99.2935568391469,0.4608185228655902,0.1940259684958054,0.7298378704046835,0.4661940534331133
img_000536.jpg,-0.0,0.0,1.0,54.90057402502308,-29.591289790477784,99.40360901881924,0.4611003151170563,0.193355636110327,0.7305150896085107,0.465132025598745
img_000537.jpg,-0.0,0.0,1.0,54.84592276351906,-29.72760027433705,99.51397205120804,0.4613808548265569,0.1926845645834742,0.7311909178468206,0.4640691834512572
img_000538.jpg,-0.0,0.0,1.0,54.79094329484332,-29.863816623502583,99.6246297839222,0.4616606140482018,0.1920133883210344,0.7318650925747803,0.4630052077597193
img_000539.jpg,-0.0,0.0,1.0,54.73557268983488,-29.999946085872555,99.73558963100604,0.4619393766246694,0.1913416951912571,0.7325377437922226,0.4619402796084659
img_000540.jpg,-0.0,0.0,1.0,54.67984686332249,-30.13599474727857,99.8468486367959,0.4622173379061604,0.1906696689162947,0.7332087920671986,0.4608742530557035
img_000541.jpg,-0.0,0.0,1.0,54.62370275430955,-30.27193448520475,99.95841910938798,0.4624940963654356,0.1899971139092652,0.733878351945784,0.4598074293425553
img_000542.jpg,-0.0,0.0,1.0,54.56721900751206,-30.40776989391492,100.0702887233309,0.4627700264090621,0.1893244582738338,0.7345462350632321,0.4587395565144847
img_000543.jpg,-0.0,0.0,1.0,54.51030790591756,-30.543528271092917,100.182482352545,0.4630448885893752,0.1886510875230374,0.7352126981332672,0.4576707187828711
img_000544.jpg,-0.0,0.0,1.0,54.453009965930846,-30.679182238729783,100.29499520751058,0.4633187301402205,0.1879773957622882,0.7358776160117333,0.4566009058648148
img_000545.jpg,-0.0,0.0,1.0,54.39533579212045,-30.81473407247307,100.40781224661526,0.4635916445793828,0.1873033778482675,0.7365409004358727,0.4555301677253947
img_000546.jpg,-0.0,0.0,1.0,54.33725202116917,-30.950204542426555,100.52095857660971,0.4638635787757357,0.1866288048774895,0.7372027106155703,0.4544583951655228
img_000547.jpg,-0.0,0.0,1.0,54.27879695129524,-31.08556005780685,100.63441491213662,0.4641345612648654,0.1859540336384976,0.7378628648363135,0.4533857067757998
img_000548.jpg,-0.0,0.0,1.0,54.21988870535066,-31.220819446571287,100.74821562928727,0.464404323456404,0.1852785709519657,0.7385216347665448,0.4523121383323106
img_000549.jpg,-0.0,0.0,1.0,54.16062711123369,-31.35598561546996,100.86232674864328,0.4646733455699802,0.1846029062866277,0.7391787128500819,0.4512374977510494
img_000550.jpg,-0.0,0.0,1.0,54.10099563579048,-31.49103409222605,100.97675425290498,0.4649414428091667,0.1839270950927318,0.7398341167691923,0.4501619243268234
img_000551.jpg,-0.0,0.0,1.0,54.04092643874493,-31.625998326240047,101.09152973050394,0.4652084835735517,0.1832506410453596,0.7404880931169018,0.4490853519318523
img_000552.jpg,-0.0,0.0,1.0,53.98046252671476,-31.760856278267017,101.20661754564163,0.4654745978883678,0.1825738007166034,0.741140401383191,0.4480079368159885
img_000553.jpg,-0.0,0.0,1.0,53.91957307081336,-31.89560396166756,101.32206595959946,0.4657395838765525,0.1818965933835202,0.741791262852751,0.4469295153391491
img_000554.jpg,-0.0,0.0,1.0,53.8582674925893,-32.03026044362206,101.43785767897911,0.4660036197186913,0.1812189036502364,0.7424405949508475,0.4458500850486799
img_000555.jpg,-0.0,0.0,1.0,53.79658584806048,-32.16479494447767,101.5539644909054,0.4662667648812021,0.1805410486041989,0.7430881878865632,0.4447698042353796
img_000556.jpg,-0.0,0.0,1.0,53.73445793087143,-32.299224794382475,101.67043422645293,0.466528775554369,0.1798626715066828,0.7437343375794206,0.4436885800688591
img_000557.jpg,-0.0,0.0,1.0,53.67193602684796,-32.433557128784855,101.78723404131864,0.4667899591257156,0.179183938575052,0.7443788251938277,0.442606388136459
img_000558.jpg,-0.0,0.0,1.0,53.60899045848069,-32.56776148579783,101.90440007726548,0.4670500048772797,0.1785049746206558,0.7450218017466371,0.4415232518248688
img_000559.jpg,-0.0,0.0,1.0,53.54562622588417,-32.70187161310477,102.02189064849506,0.4673091861268642,0.1778254548068991,0.7456631080109338,0.4404392824620003
img_000560.jpg,-0.0,0.0,1.0,53.48182222743506,-32.8358952766835,102.13977209734664,0.4675673754069062,0.1771454697628114,0.7463030220023352,0.4393541070114084
img_000561.jpg,-0.0,0.0,1.0,53.417597419717495,-32.969776900919285,102.25799350490648,0.4678244571148258,0.1764652448089867,0.7469412676841257,0.4382682253257177
img_000562.jpg,-0.0,0.0,1.0,53.35297748020141,-33.10355303449933,102.3765570802242,0.4680807292147101,0.1757847537381526,0.7475778245558933,0.437181366852843
img_000563.jpg,-0.0,0.0,1.0,53.28787238370867,-33.23721464556247,102.49550128711532,0.4683357597695485,0.1751036171767229,0.7482129575207156,0.4360936935691817
img_000564.jpg,-0.0,0.0,1.0,53.22239186698924,-33.37076952610612,102.61479215542012,0.4685900759547184,0.1744223699205927,0.7488463593850028,0.4350049512636177
img_000565.jpg,-0.0,0.0,1.0,53.15646348212504,-33.504203307135256,102.7344549098549,0.4688433066508027,0.173740722542542,0.749478213985335,0.4339153395542607
img_000566.jpg,-0.0,0.0,1.0,53.09007795339382,-33.637520632900234,102.85449981170756,0.4690954427927837,0.173058631002631,0.7501085621329039,0.432824815371583
img_000567.jpg,-0.0,0.0,1.0,53.023207631972944,-33.770739700869726,102.97492282854526,0.4693464979447135,0.1723757972809945,0.7507374249513892,0.4317334457233211
img_000568.jpg,-0.0,0.0,1.0,52.95600183296456,-33.903830323605746,103.09569407541284,0.4695969416709369,0.1716932452049853,0.7513644339720085,0.4306409517059507
img_000569.jpg,-0.0,0.0,1.0,52.888293553490165,-34.036779358290346,103.21686265295004,0.469846020857724,0.1710101550314194,0.7519900042282034,0.4295477588128703
img_000570.jpg,-0.0,0.0,1.0,52.82013486496318,-34.169633895227435,103.33840382516524,0.4700942289886127,0.1703265066241385,0.7526139741441329,0.4284536181849717
img_000571.jpg,-0.0,0.0,1.0,52.75156400527901,-34.302368001257776,103.46032534047886,0.4703415813895811,0.1696427272910244,0.7532362876911808,0.4273584406542355
img_000572.jpg,-0.0,0.0,1.0,52.68251962166472,-34.43496370244532,103.58262742492482,0.4705877734185534,0.1689585149198177,0.753857013679263,0.4262625607200818
img_000573.jpg,-0.0,0.0,1.0,52.612999784656566,-34.56747279361279,103.7053467270181,0.4708330298192344,0.1682737218141279,0.7544763000816392,0.4251655268165348
img_000574.jpg,-0.0,0.0,1.0,52.54303074103399,-34.69982793748352,103.82843520473229,0.4710771894713701,0.1675886957338705,0.7550938834634972,0.4240678457251738
img_000575.jpg,-0.0,0.0,1.0,52.47260890549377,-34.83205998069015,103.9519179763202,0.4713203792166066,0.16690334682968,0.7557098620079031,0.4229692393261735
img_000576.jpg,-0.0,0.0,1.0,52.40173414175754,-34.964175233984555,104.07580943913815,0.4715626283430252,0.1662176996395522,0.7563242765041504,0.4218695919916804
img_000577.jpg,-0.0,0.0,1.0,52.33042174710685,-35.09617215826453,104.2000819663624,0.471804043287607,0.1655317510828631,0.7569369871440443,0.4207690359498949
img_000578.jpg,-0.0,0.0,1.0,52.25859545146052,-35.22801944654511,104.32476642063206,0.4720441553957836,0.1648452975024488,0.7575481904452462,0.4196678238811539
img_000579.jpg,-0.0,0.0,1.0,52.18635765552316,-35.35975008339872,104.4498545694197,0.4722835413531231,0.1641588011337404,0.7581577062250737,0.4185654513559628
img_000580.jpg,-0.0,0.0,1.0,52.11359264460666,-35.49136868160542,104.57534734659608,0.4725218192303325,0.1634714762281826,0.7587656898288313,0.4174623752502894
img_000581.jpg,-0.0,0.0,1.0,52.04039040185744,-35.62283651756852,104.70125925867968,0.4727591145598413,0.1627841916434034,0.7593720364553405,0.4163583033893616
img_000582.jpg,-0.0,0.0,1.0,51.9667025079026,-35.754179340683976,104.82757818115904,0.4729954205173086,0.162096436337388,0.7599767647255882,0.4152534100686009
img_000583.jpg,-0.0,0.0,1.0,51.892516629141,-35.88538642691321,104.95432276536997,0.47323062950604,0.1614082650776851,0.7605799405852998,0.4141476756438346
img_000584.jpg,-0.0,0.0,1.0,51.8178748758815,-36.01646604489402,105.08149571187413,0.4734649521987469,0.1607199241497588,0.7611815011231592,0.4130408785684875
img_000585.jpg,-0.0,0.0,1.0,51.74273027467039,-36.147401707633215,105.20907459837754,0.4736981836270423,0.1600311003257856,0.7617814114150188,0.411933439986973
img_000586.jpg,-0.0,0.0,1.0,51.66708207136529,-36.27821475931204,105.3370951577152,0.4739304020094691,0.15934182016199,0.7623797909318923,0.4108250391313208
img_000587.jpg,-0.0,0.0,1.0,51.59093587974972,-36.40887346093201,105.4655521031294,0.4741614891904522,0.1586522735895065,0.7629765886573746,0.4097158325160603
img_000588.jpg,-0.0,0.0,1.0,51.514364167023466,-36.53941202697885,105.5944113985972,0.47439194877723,0.1579626165216793,0.7635715754886044,0.4086056042479317
img_000589.jpg,-0.0,0.0,1.0,51.43726992798148,-36.66979336902569,105.72371726036228,0.4746211983446815,0.1572725896739085,0.7641650199050491,0.4074946293788872
img_000590.jpg,-0.0,0.0,1.0,51.35965716703876,-36.80004705058576,105.8534715383006,0.4748494246274471,0.156582066762201,0.7647569126560743,0.4063827565783392
img_000591.jpg,-0.0,0.0,1.0,51.28154257952605,-36.93015982048866,105.98366665751132,0.4750766481504883,0.1558912010506243,0.7653471849134252,0.4052700314138536
img_000592.jpg,-0.0,0.0,1.0,51.20291908827713,-37.060130548557765,106.11431550471023,0.4753028403530435,0.1552000059217856,0.7659358756160608,0.404156408533213
img_000593.jpg,-0.0,0.0,1.0,51.12382137794704,-37.18995128949639,106.24538498295468,0.4755281463400587,0.1545086203424095,0.7665228041808239,0.4030420064323807
img_000594.jpg,-0.0,0.0,1.0,51.04418019667202,-37.31964071185252,106.3769260474692,0.4757523713162811,0.1538166922123761,0.767108230145656,0.4019266968323674
img_000595.jpg,-0.0,0.0,1.0,50.96407192590912,-37.44917019188125,106.508907417347,0.4759756953825401,0.1531247596363433,0.7676919211858269,0.4008105032773387
img_000596.jpg,-0.0,0.0,1.0,50.8833693979236,-37.578547791837,106.64137544149916,0.476197674153206,0.1524321204734865,0.768274194584609,0.3996936148031438
img_000597.jpg,-0.0,0.0,1.0,50.802208503007584,-37.70777938270899,106.77427876369391,0.4764189022631606,0.1517394412177814,0.7688546739215336,0.3985757919571794
img_000598.jpg,-0.0,0.0,1.0,50.72049962258656,-37.83686447376535,106.90765706723217,0.4766390321826103,0.1510462898146551,0.7694336004019476,0.3974571497730893
img_000599.jpg,-0.0,0.0,1.0,50.63832693827877,-37.96581210801479,107.04147416697106,0.4768584717776049,0.1503530333180379,0.7700107214654599,0.3963375481760895
img_000600.jpg,-0.0,0.0,1.0,50.55554829248002,-38.09458950989773,107.1757947736326,0.4770764916586251,0.149659164517866,0.7705864302560642,0.3952172935079234
img_000601.jpg,-0.0,0.0,1.0,50.472287161865225,-38.22321429343442,107.31058637821285,0.4772936751898287,0.1489652837889279,0.7711604365712688,0.3940960199198676
img_000602.jpg,-0.0,0.0,1.0,50.38844412659494,-38.35168083433368,107.445861424677,0.4775096549300405,0.1482708057273347,0.7717328962499426,0.3929740887936964
img_000603.jpg,-0.0,0.0,1.0,50.30414896898574,-38.48002267610452,107.58158179528688,0.4777251237981607,0.1475762657459704,0.7723034933301416,0.3918510763932728
img_000604.jpg,-0.0,0.0,1.0,50.21924181177428,-38.60816266551709,107.71781554891724,0.4779390588240787,0.1468812877975628,0.7728726529477373,0.3907275338017653
img_000605.jpg,-0.0,0.0,1.0,50.13378813299693,-38.73617444122504,107.85453659343416,0.478152129735776,0.1461858083265023,0.7734401814815302,0.3896030491960843
img_000606.jpg,-0.0,0.0,1.0,50.04783231769152,-38.864015750397975,107.99173370612462,0.4783642986643635,0.1454903091523785,0.7740059696987159,0.388477704092329
img_000607.jpg,-0.0,0.0,1.0,49.961326698344365,-38.99170029035096,108.12942979594972,0.4785754679673646,0.14479449186348,0.7745701389269462,0.3873514895653633
img_000608.jpg,-0.0,0.0,1.0,49.87424157696546,-39.11922351654447,108.26763706185854,0.478785519652443,0.1440982323173206,0.775132750964375,0.3862244735857169
img_000609.jpg,-0.0,0.0,1.0,49.78661738532251,-39.24658079650685,108.40632339662794,0.4789946277260287,0.1434016958393515,0.7756936301046367,0.385096731296297
img_000610.jpg,-0.0,0.0,1.0,49.69846526428755,-39.37376877176939,108.54551750283348,0.47920279661258,0.1427050973293433,0.7762528432850857,0.3839680432102717
img_000611.jpg,-0.0,0.0,1.0,49.60968186674205,-39.50079772622773,108.68524215089164,0.4794097285551103,0.1420077781683739,0.7768105766413629,0.3828386489430115
img_000612.jpg,-0.0,0.0,1.0,49.520356751708405,-39.6276445240858,108.82546626352892,0.4796156610692658,0.1413103400930775,0.7773666011095614,0.381708492071159
img_000613.jpg,-0.0,0.0,1.0,49.43050318977669,-39.75435043629549,108.9661897728541,0.4798208798368266,0.1406126538955109,0.7779208763367933,0.3805773443026667
img_000614.jpg,-0.0,0.0,1.0,49.34004021371432,-39.880855944714085,109.10744786220496,0.4800247762902891,0.1399146367736428,0.7784736132325538,0.3794455719396519
img_000615.jpg,-0.0,0.0,1.0,49.24900271840609,-40.00720328284836,109.24922436654144,0.4802277346813512,0.1392162335401034,0.7790246892963748,0.3783129612218061
img_000616.jpg,-0.0,0.0,1.0,49.15742134414952,-40.13338690350486,109.39151725613972,0.4804298510083434,0.1385176752651513,0.7795740443660147,0.377179428455548
img_000617.jpg,-0.0,0.0,1.0,49.06524049873727,-40.259377553910426,109.53433749883382,0.4806307939624447,0.1378187870738533,0.7801217722675583,0.3760452662361883
img_000618.jpg,-0.0,0.0,1.0,48.97247273593913,-40.38519441795398,109.67769997831904,0.4808307126175478,0.1371196158465627,0.7806678844972782,0.374910243749536
img_000619.jpg,-0.0,0.0,1.0,48.879114577474695,-40.51083909503205,109.82160716530228,0.4810296241792787,0.1364201412234715,0.7812123749226471,0.3737743584011984
img_000620.jpg,-0.0,0.0,1.0,48.78515460767777,-40.636298328296114,109.96605066740914,0.4812274530924215,0.1357203218884265,0.7817552160000976,0.3726377797182192
img_000621.jpg,-0.0,0.0,1.0,48.690645457146985,-40.76157803868048,110.11102007461184,0.4814244371238522,0.1350204432009639,0.7822962927116157,0.3715003387178256
img_000622.jpg,-0.0,0.0,1.0,48.59547972682861,-40.88668351322183,110.25655243792964,0.4816202355195199,0.134319901221383,0.7828358325741507,0.3703622174465648
img_000623.jpg,-0.0,0.0,1.0,48.499724141933584,-41.01159584267842,110.40265246736745,0.4818149808008971,0.1336192726563326,0.7833737604621079,0.3692231922158734
img_000624.jpg,-0.0,0.0,1.0,48.40339352782368,-41.13633261475604,110.54926909420152,0.4820088978762541,0.132918352810403,0.7839098708412283,0.3680834800041653
img_000625.jpg,-0.0,0.0,1.0,48.30646197050039,-41.26087619754564,110.69645511681378,0.4822017691769564,0.1322172812726854,0.7844443533605889,0.366942912203193
img_000626.jpg,-0.0,0.0,1.0,48.208905174439366,-41.385236288552086,110.84422082323974,0.4823935811044259,0.1315158853551406,0.7849772470281002,0.3658014850389295
img_000627.jpg,-0.0,0.0,1.0,48.11070841171237,-41.50941667328385,110.99253689746476,0.4825843650433,0.130813922180076,0.7855084548791074,0.3646594516710865
img_000628.jpg,-0.0,0.0,1.0,48.01192086439579,-41.63339601356319,111.14142145305506,0.4827741646939479,0.1301119187629494,0.7860379699992631,0.363516580391214
img_000629.jpg,-0.0,0.0,1.0,47.91249420796764,-41.75717507870848,111.29089466161692,0.482962831250765,0.129409626053778,0.7865658935604162,0.3623729396662649
img_000630.jpg,-0.0,0.0,1.0,47.812475989974125,-41.88076381101981,111.4409158924395,0.4831506387619776,0.1287071484022745,0.7870920208422643,0.3612285716004325
img_000631.jpg,-0.0,0.0,1.0,47.71180122491791,-42.00416138989184,111.59153557485403,0.4833373445746447,0.128004258035004,0.7876165666318097,0.3600834142689154
img_000632.jpg,-0.0,0.0,1.0,47.61046691189332,-42.127351921142086,111.74276142670831,0.4835228691503462,0.1273010512648904,0.788139547573728,0.3589375027853041
img_000633.jpg,-0.0,0.0,1.0,47.50853773002055,-42.25034558161885,111.89455254294454,0.4837075402958565,0.1265977484728116,0.7886607402079794,0.3577908081507249
img_000634.jpg,-0.0,0.0,1.0,47.40594880545946,-42.373146297505286,112.04694827810371,0.4838911568572449,0.1258940505757198,0.7891803192937807,0.3566433232017131
img_000635.jpg,-0.0,0.0,1.0,47.302739340336586,-42.49573390377294,112.19991594542157,0.4840737909484558,0.1251901961160796,0.7896981330805809,0.3554952015460313
img_000636.jpg,-0.0,0.0,1.0,47.198863193513134,-42.61811681561456,112.35350029936404,0.4842553204093899,0.1244860137370856,0.7902143485439943,0.3543463000995498
img_000637.jpg,-0.0,0.0,1.0,47.09433885918305,-42.74031123980556,112.50769976960387,0.484435918223594,0.1237815415186989,0.7907289117455878,0.3531964881532038
img_000638.jpg,-0.0,0.0,1.0,46.98916700599194,-42.86228166180606,112.66248716627824,0.4846154454857743,0.1230768552734821,0.7912417416071998,0.3520461106602662
img_000639.jpg,-0.0,0.0,1.0,46.883330835410725,-42.98405162551848,112.8179020798068,0.4847939617590894,0.1223718855904209,0.7917529451449017,0.3508948704574434
img_000640.jpg,-0.0,0.0,1.0,46.77684239072774,-43.10561016782974,112.97392002202548,0.4849714947982785,0.1216666704799217,0.7922624228047013,0.3497429397987588
img_000641.jpg,-0.0,0.0,1.0,46.669644631150526,-43.22694042235643,113.1305840243708,0.4851477569455867,0.1209610861955943,0.7927703595656954,0.348590342022159
img_000642.jpg,-0.0,0.0,1.0,46.561819753387525,-43.34805842257708,113.28785410191983,0.4853231543457219,0.120255450365021,0.7932765173488453,0.3474369432520259
img_000643.jpg,-0.0,0.0,1.0,46.45328160013701,-43.468979749104925,113.4457667241735,0.4854974982080886,0.1195492423985839,0.7937810676113277,0.3462827956705799
img_000644.jpg,-0.0,0.0,1.0,46.34414372257835,-43.5896699314662,113.60427393188114,0.4856710164776397,0.1188432249027011,0.7942837531161199,0.345127905542384
img_000645.jpg,-0.0,0.0,1.0,46.23424810624593,-43.71015346033335,113.76345711584624,0.4858433086008634,0.1181365231820179,0.7947849470591453,0.3439722798517673
img_000646.jpg,-0.0,0.0,1.0,46.12370771875802,-43.83038574580248,113.92326167006762,0.486014549738181,0.1174299193503144,0.7952843832849353,0.342816016526754
img_000647.jpg,-0.0,0.0,1.0,46.01249460053438,-43.95042543390554,114.08370260117874,0.4861849903351605,0.1167229836712041,0.795782072306254,0.3416588849300656
img_000648.jpg,-0.0,0.0,1.0,45.90056846670014,-44.07020362592584,114.24479834906424,0.4863541342946095,0.1160158692463899,0.7962781463440537,0.3405012302362848
img_000649.jpg,-0.0,0.0,1.0,45.78790590834528,-44.18980295017984,114.40656889923136,0.486522378018823,0.1153080764487318,0.7967726015934423,0.3393426653732485
img_000650.jpg,-0.0,0.0,1.0,45.67456956434023,-44.30915191164962,114.56899176974306,0.4866895585052575,0.1146003123637528,0.7972653474664761,0.3381833937041363
img_000651.jpg,-0.0,0.0,1.0,45.56056262960945,-44.42826598053041,114.73204458171236,0.486855818261714,0.113892426605125,0.7977562844515005,0.3370234977043143
img_000652.jpg,-0.0,0.0,1.0,45.44580720796054,-44.54715018979341,114.89579360732448,0.4870209158946312,0.1131841342126642,0.7982456621983094,0.3358628321581101
img_000653.jpg,-0.0,0.0,1.0,45.330364424655485,-44.66579865067384,115.06019837524455,0.4871850645735555,0.1124757201462132,0.798733287159904,0.3347014508734398
img_000654.jpg,-0.0,0.0,1.0,45.21419864075728,-44.78420542987905,115.22527448855077,0.4873481371649895,0.1117670338743191,0.7992192270738953,0.3335394285780269
img_000655.jpg,-0.0,0.0,1.0,45.09730958123004,-44.90237104625818,115.39104661438049,0.4875101381338381,0.1110581769250603,0.7997035345623348,0.3323765986999035
img_000656.jpg,-0.0,0.0,1.0,44.97965921797399,-45.02029385185146,115.55749583180048,0.487670993191725,0.1103488128613217,0.8001861737296698,0.3312132685617592
img_000657.jpg,-0.0,0.0,1.0,44.861359721925126,-45.13799211102969,115.72460469282512,0.4878311722661097,0.1096395597938363,0.8006669495979617,0.3300490116864192
img_000658.jpg,-0.0,0.0,1.0,44.74227883679387,-45.25542654142246,115.8924380051304,0.4879900367844964,0.1089299695203207,0.8011461956137529,0.3288841117977245
img_000659.jpg,-0.0,0.0,1.0,44.6224527555132,-45.37263168394969,116.06095192984242,0.4881479548129377,0.1082199351323222,0.8016236969757276,0.3277185809484545
img_000660.jpg,-0.0,0.0,1.0,44.50190443896889,-45.489563655515816,116.23016999494382,0.488304748823144,0.1075099393940999,0.8020995251422,0.3265523495167361
img_000661.jpg,-0.0,0.0,1.0,44.38060289758169,-45.60627586429405,116.4000851474361,0.4884606652763643,0.1067994684314296,0.8025736147995162,0.3253853789711111
img_000662.jpg,-0.0,0.0,1.0,44.25857559017884,-45.7227214966968,116.57069659592024,0.4886155450746847,0.1060889473395095,0.8030459679892993,0.3242177627149581
img_000663.jpg,-0.0,0.0,1.0,44.13577179611134,-45.838908088125,116.74205665154652,0.4887692655623074,0.1053782070229488,0.80351675296504,0.3230493247645472
img_000664.jpg,-0.0,0.0,1.0,44.01223572164564,-45.95483894907369,116.91408889949037,0.4889220678284897,0.1046672160017128,0.8039856905212401,0.3218804046875937
img_000665.jpg,-0.0,0.0,1.0,43.88792920069978,-46.07051305326341,117.0868607186287,0.4890738036357983,0.1039560003079788,0.8044529875803654,0.3207107035479243
img_000666.jpg,-0.0,0.0,1.0,43.76286148409148,-46.18592057805507,117.26036490408504,0.4892244771879486,0.1032446440721329,0.8049186069694084,0.3195402800039835
img_000667.jpg,-0.0,0.0,1.0,43.63700451190578,-46.3010655286804,117.43458863637568,0.4893740719866698,0.1025328764796116,0.8053825144099787,0.3183693333075014
img_000668.jpg,-0.0,0.0,1.0,43.5104120918092,-46.41595160934192,117.60953969105468,0.4895227790083002,0.1018210915891033,0.8058446598422427,0.3171975698887596
img_000669.jpg,-0.0,0.0,1.0,43.38301700576405,-46.53055716384631,117.78524201573411,0.4896702941645327,0.1011090273591548,0.8063051761226463,0.3160252055724891
img_000670.jpg,-0.0,0.0,1.0,43.25482705972478,-46.6449093810592,117.96168588115134,0.4898168313659119,0.1003965634794935,0.8067639768137481,0.3148521676403578
img_000671.jpg,-0.0,0.0,1.0,43.12587967930792,-46.758959797822,118.1388669523921,0.4899622472042754,0.0996841847730221,0.8072210575943105,0.3136785357607328
img_000672.jpg,-0.0,0.0,1.0,42.99612975914051,-46.87277313494738,118.31681699770004,0.4901067888710424,0.0989713916968846,0.8076764451864675,0.3125040144046926
img_000673.jpg,-0.0,0.0,1.0,42.86560748022348,-46.98629521202971,118.49550092282549,0.4902502861431104,0.0982585143783857,0.8081300659022337,0.3113289544414431
img_000674.jpg,-0.0,0.0,1.0,42.73430921905372,-47.099533434828686,118.67493372954516,0.4903927854632733,0.0975455558018934,0.808581936348669,0.3101532407045084
img_000675.jpg,-0.0,0.0,1.0,42.60214236587951,-47.21250690197129,118.85516148574116,0.4905341352194923,0.0968319669487862,0.8090322153953112,0.308976871001453
img_000676.jpg,-0.0,0.0,1.0,42.46917654415464,-47.32515664320257,119.03616985405442,0.4906742247275681,0.0961184661430075,0.8094808629889326,0.30779989946231
img_000677.jpg,-0.0,0.0,1.0,42.33542417674459,-47.43755444611431,119.21792866026756,0.4908135546554911,0.0954046625126364,0.8099276728766723,0.3066221936616283
img_000678.jpg,-0.0,0.0,1.0,42.20089000199267,-47.54965952896709,119.40044439606544,0.4909519237354436,0.0946908171370174,0.8103726947235925,0.3054438628894257
img_000679.jpg,-0.0,0.0,1.0,42.06547342757935,-47.66145783414667,119.5837735981162,0.4910889635541794,0.0939765293962681,0.8108161630360005,0.3042650021896906
img_000680.jpg,-0.0,0.0,1.0,41.92928912716656,-47.77298654668816,119.76787112574593,0.4912252605570162,0.093262237373507,0.8112577916608662,0.3030852915275064
img_000681.jpg,-0.0,0.0,1.0,41.792238481347496,-47.88420051336186,119.95275841539808,0.4913603016490904,0.0925475539469071,0.8116977627014292,0.301905194137586
img_000682.jpg,-0.0,0.0,1.0,41.65437291811484,-47.99512929042682,120.13845151930968,0.491494410189449,0.0918327696329654,0.8121360149945457,0.3007242596180813
img_000683.jpg,-0.0,0.0,1.0,41.515690970090745,-48.10574848641853,120.32495338370671,0.4916274660258163,0.0911180047849712,0.8125725734249728,0.2995425792279921
img_000684.jpg,-0.0,0.0,1.0,41.3761868560239,-48.21605823131574,120.512217571894,0.4917595192670967,0.0904030187755588,0.8130073027491458,0.2983605119365138
img_000685.jpg,-0.0,0.0,1.0,41.23578113221178,-48.32607555142299,120.70032064840656,0.4918904306210473,0.0896874950567846,0.8134404205487425,0.2971777914167957
img_000686.jpg,-0.0,0.0,1.0,41.09452525922548,-48.43577158608967,120.88925419910268,0.4920202015747226,0.0889719007038573,0.813871887450566,0.2959943799215883
img_000687.jpg,-0.0,0.0,1.0,40.95246809149324,-48.54517777945429,121.0789660196294,0.4921492112848662,0.0882562088089791,0.8143014634626373,0.2948103153571076
img_000688.jpg,-0.0,0.0,1.0,40.80953791574792,-48.654257974638,121.26951441146132,0.4922770457112411,0.0875403327934274,0.8147293914679031,0.2936256444498146
img_000689.jpg,-0.0,0.0,1.0,40.66576567009496,-48.76302490411363,121.46087041025648,0.4924039098798914,0.0868243074215958,0.8151555345140364,0.2924403934597467
img_000690.jpg,-0.0,0.0,1.0,40.52107900360432,-48.87146053458522,121.65309140584311,0.4925294982816517,0.0861079497840461,0.8155801035227885,0.2912545433880305
img_000691.jpg,-0.0,0.0,1.0,40.3755758346253,-48.97959442984797,121.84612212334322,0.4926543052369709,0.0853915791527195,0.8160028168059256,0.2900679518769303
img_000692.jpg,-0.0,0.0,1.0,40.22917800762273,-49.08740114059351,122.03998322538013,0.4927779951196942,0.084674848151394,0.8164238077713666,0.2888809161582947
img_000693.jpg,-0.0,0.0,1.0,40.08196946183526,-49.19488064441178,122.23468159981935,0.4929008027591176,0.0839583841751684,0.8168430131634599,0.2876930312193046
img_000694.jpg,-0.0,0.0,1.0,39.93378926096271,-49.30203839394724,122.4302546865986,0.4930223576321241,0.0832411753069261,0.8172606166186802,0.2865047052535751
img_000695.jpg,-0.0,0.0,1.0,39.78477247648858,-49.408860509448886,122.62666540459388,0.4931429726982809,0.0825240894552665,0.8176764302580932,0.285315682250842
img_000696.jpg,-0.0,0.0,1.0,39.63483943394184,-49.5153408480293,122.82393640704944,0.4932624247317009,0.0818066837215701,0.8180905602993601,0.2841261726686948
img_000697.jpg,-0.0,0.0,1.0,39.48401675657547,-49.62147111075508,123.0220607398462,0.4933807646048409,0.0810891556916447,0.8185029660461789,0.2829361491940657
img_000698.jpg,-0.0,0.0,1.0,39.33231200161149,-49.72729938194116,123.2210579893467,0.4934983127325185,0.0803714198567779,0.8189135871700004,0.2817452518654487
img_000699.jpg,-0.0,0.0,1.0,39.17969553819364,-49.8327475015558,123.42093324074796,0.4936145553061991,0.0796536480516855,0.8193225756410432,0.280553888204831
img_000700.jpg,-0.0,0.0,1.0,39.026187459832826,-49.93786916051852,123.62166043412044,0.4937299094252876,0.0789356220191046,0.8197297396059462,0.2793619482336884
img_000701.jpg,-0.0,0.0,1.0,38.871765799952186,-50.04264054715927,123.823265176329,0.4938441902056675,0.0782174040783522,0.8201351807507948,0.2781694425960793
img_000702.jpg,-0.0,0.0,1.0,38.71644680515087,-50.14706539954147,124.0257567124034,0.4939574823167054,0.077499132061336,0.8205388847040285,0.2769762243979624
img_000703.jpg,-0.0,0.0,1.0,38.56019324504606,-50.25113297840838,124.22912979417916,0.4940696638835282,0.0767805648368817,0.8209408649462415,0.2757825381612542
img_000704.jpg,-0.0,0.0,1.0,38.40302480771681,-50.354830283302576,124.43339713332574,0.494180724769392,0.0760619559420226,0.8213411447051024,0.2745882629304903
img_000705.jpg,-0.0,0.0,1.0,38.24492802782079,-50.45819134543463,124.638556945288,0.4942908681808088,0.0753430446173839,0.8217396456263101,0.2733933394704258
img_000706.jpg,-0.0,0.0,1.0,38.08590603006861,-50.56117275245265,124.84461170431548,0.49439986726014,0.0746240599842445,0.8221364353077639,0.272197910837072
img_000707.jpg,-0.0,0.0,1.0,37.92594683932232,-50.66379539048728,125.05156627240206,0.4945078455824333,0.0739048404157308,0.8225314748174046,0.2710019154088228
img_000708.jpg,-0.0,0.0,1.0,37.76508804344657,-50.76606515682854,125.25940965517664,0.4946149639200133,0.0731855802625618,0.8229246836907574,0.2698052506540649
img_000709.jpg,-0.0,0.0,1.0,37.60327060083417,-50.86794371127839,125.4681769076476,0.4947208568219388,0.072466177925069,0.8233162395640073,0.2686080723889005
img_000710.jpg,-0.0,0.0,1.0,37.4405116136057,-50.96945699879678,125.6778548863326,0.494825759795601,0.0717465804386528,0.8237060308915376,0.2674103032999576
img_000711.jpg,-0.0,0.0,1.0,37.27679845997415,-51.070579924990405,125.88843891742437,0.494929522686745,0.0710267871180756,0.8240940868249472,0.2662121318514815
img_000712.jpg,-0.0,0.0,1.0,37.11213226823347,-51.17133680035111,126.0999750407022,0.4950322970869802,0.070306893865513,0.8244804460555791,0.2650131309723433
img_000713.jpg,-0.0,0.0,1.0,36.94647017580335,-51.27170821527738,126.31243923008024,0.4951339103581831,0.0695865726939275,0.8248650994085088,0.2638137363594209
img_000714.jpg,-0.0,0.0,1.0,36.77994263746263,-51.37169948316821,126.52578870188428,0.4952347501390987,0.0688665516555259,0.8252478404575359,0.2626136746971008
img_000715.jpg,-0.0,0.0,1.0,36.61241427002515,-51.47128539453119,126.74007885574916,0.4953343454479018,0.0681462043348885,0.8256289139558453,0.2614132312920249
img_000716.jpg,-0.0,0.0,1.0,36.44390514880032,-51.57049747018343,126.95533198910309,0.4954329525151614,0.0674256294414969,0.8260082735925989,0.2602120404844908
img_000717.jpg,-0.0,0.0,1.0,36.2744311730803,-51.66928906192423,127.17151574801596,0.4955303694449275,0.066705003816736,0.8263859170796234,0.2590104466542859
img_000718.jpg,-0.0,0.0,1.0,36.1040437486522,-51.76771688466468,127.3886037185653,0.4956271049114413,0.0659843322853519,0.8267616164162027,0.2578082046615803
img_000719.jpg,-0.0,0.0,1.0,35.9326143255217,-51.86571484665793,127.60667898921804,0.4957224428388183,0.0652633327324177,0.8271357580552066,0.2566055237383073
img_000720.jpg,-0.0,0.0,1.0,35.76022764019163,-51.963328274864566,127.8257018482246,0.4958169059370165,0.0645422434455127,0.8275080871524472,0.2554021540538796
img_000721.jpg,-0.0,0.0,1.0,35.5868554517326,-52.060521852263975,128.0456781744396,0.4959102381603942,0.0638210359993662,0.827878692901156,0.2541983101673614
img_000722.jpg,-0.0,0.0,1.0,35.41254477760448,-52.15731743498825,128.26659357563017,0.4960027155778376,0.063099889471007,0.8282474516788542,0.2529938119315205
img_000723.jpg,-0.0,0.0,1.0,35.23717179361479,-52.25366392758952,128.48849050886102,0.4960937526130486,0.0623783086929813,0.8286146233703658,0.251789080699885
img_000724.jpg,-0.0,0.0,1.0,35.060816207337844,-52.34962000634828,128.71135226095203,0.4961839285832564,0.061656540611899,0.8289799770172621,0.250583674088953
img_000725.jpg,-0.0,0.0,1.0,34.883480728154844,-52.44513656466008,128.93519448401904,0.4962729639162136,0.0609348789693216,0.8293436399185626,0.2493776508379214
img_000726.jpg,-0.0,0.0,1.0,34.705193839719705,-52.54024314081264,129.15994927143882,0.4963611685336949,0.0602131052769413,0.8297053651732178,0.2481712701493671
img_000727.jpg,-0.0,0.0,1.0,34.52587226795778,-52.63493078905995,129.3857326114773,0.4964482732603125,0.0594911529898459,0.8300654518744653,0.2469640870597026
img_000728.jpg,-0.0,0.0,1.0,34.34552836831415,-52.72917418204879,129.61247960902503,0.496534209970304,0.0587689325865466,0.8304237947210817,0.2457566114122724
img_000729.jpg,-0.0,0.0,1.0,34.16417916409712,-52.82298934685765,129.84022448670405,0.4966191267969581,0.0580466426248582,0.8307804039638151,0.2445484626186169
img_000730.jpg,-0.0,0.0,1.0,33.98187605928103,-52.916367899729934,130.06889149722488,0.4967031469725004,0.0573243577873238,0.8311350956708491,0.2433399978139518
img_000731.jpg,-0.0,0.0,1.0,33.798521489995466,-53.00929425166533,130.29859439833413,0.4967859353880679,0.0566019232715168,0.8314881826242045,0.2421308713048895
img_000732.jpg,-0.0,0.0,1.0,33.6141591327133,-53.10178072342103,130.52925891887455,0.4968677280459293,0.055879276501753,0.8318394391525245,0.2409213870841083
img_000733.jpg,-0.0,0.0,1.0,33.42878389237822,-53.193843868669205,130.76092556826728,0.4969486271588075,0.0551564820730414,0.8321888960432816,0.2397112132391121
img_000734.jpg,-0.0,0.0,1.0,33.242332987499125,-53.28541336509952,130.9936393855654,0.4970280640581559,0.0544335640292096,0.8325368338527324,0.2385005470101643
img_000735.jpg,-0.0,0.0,1.0,33.0549554137992,-53.37657551178235,131.22726219767753,0.4971069893046616,0.053710643128742,0.8328826640593118,0.2372894348862071
img_000736.jpg,-0.0,0.0,1.0,32.86654094379262,-53.46724142923865,131.46191018296471,0.4971845817904878,0.0529877815554128,0.8332268873841951,0.2360778277935041
img_000737.jpg,-0.0,0.0,1.0,32.677017071206365,-53.55743805728674,131.6976047651164,0.497260882259972,0.0522644265221289,0.8335694976453201,0.2348657856940342
img_000738.jpg,-0.0,0.0,1.0,32.48653563144887,-53.64719959206767,131.93427762243056,0.4973364802285135,0.0515412398914807,0.8339101813253114,0.2336530237474972
img_000739.jpg,-0.0,0.0,1.0,32.29497815270946,-53.73646582773348,132.17196285594463,0.4974107614118338,0.0508177449511826,0.8342492006865774,0.2324400188943011
img_000740.jpg,-0.0,0.0,1.0,32.102438027961405,-53.82527998970673,132.41064662405432,0.4974842253003466,0.0500943789557773,0.8345863595320818,0.2312263117755753
img_000741.jpg,-0.0,0.0,1.0,31.908843109124383,-53.913623192722426,132.65033189910562,0.4975566310412592,0.0493706984148109,0.8349217293514086,0.2300122581554279
img_000742.jpg,-0.0,0.0,1.0,31.71417371824081,-54.00147869731644,132.89106536397472,0.4976278399856979,0.0486468213624384,0.835255440539099,0.2287976588436503
img_000743.jpg,-0.0,0.0,1.0,31.518527661361,-54.088848719019126,133.13278850731882,0.4976981139615214,0.0479231891459126,0.8355873138140436,0.2275825043676699
img_000744.jpg,-0.0,0.0,1.0,31.32182125342206,-54.17574026551185,133.375519373288,0.4977673500078319,0.0471992338956628,0.8359173878307604,0.2263669991585372
img_000745.jpg,-0.0,0.0,1.0,31.124048426433948,-54.26213163185079,133.61929546830788,0.4978354086073002,0.046475151007371,0.8362457822300289,0.2251509670823815
img_000746.jpg,-0.0,0.0,1.0,30.925243857085512,-54.348030015702186,133.86410041790285,0.4979024384740131,0.0457510846091126,0.8365724163724518,0.2239343479314385
img_000747.jpg,-0.0,0.0,1.0,30.725421995928357,-54.4334208516846,134.10987765164066,0.4979684221494024,0.045026941923815,0.836897200162327,0.2227175372607237
img_000748.jpg,-0.0,0.0,1.0,30.524534233936087,-54.51834304048423,134.35671344422465,0.4980335092748637,0.044302582117056,0.8372202002485036,0.2214999800293018
img_000749.jpg,-0.0,0.0,1.0,30.32258023657785,-54.60274237724192,134.60457444812502,0.4980973883887848,0.0435780585066826,0.8375414860383653,0.2202821001845289
img_000750.jpg,-0.0,0.0,1.0,30.11959846264306,-54.68664760406963,134.8534560076105,0.4981603483084588,0.0428535104774928,0.8378609405954681,0.2190636625217153
img_000751.jpg,-0.0,0.0,1.0,29.915580522318272,-54.77000046506721,135.1033540189136,0.4982220205198219,0.0421290716336139,0.8381787095752445,0.2178449228401111
img_000752.jpg,-0.0,0.0,1.0,29.710482002620324,-54.85286943787664,135.35430832940773,0.4982827782403446,0.0414043172682883,0.8384946793292299,0.2166255482559759
img_000753.jpg,-0.0,0.0,1.0,29.504346041432832,-54.93521060809374,135.60626734164714,0.4983424619327392,0.0406794951992174,0.8388088464567429,0.2154058690264995
img_000754.jpg,-0.0,0.0,1.0,29.297184508838143,-55.01703522331919,135.8592646458719,0.4984011804236961,0.0399547843676856,0.8391212255940153,0.2141855441340423
img_000755.jpg,-0.0,0.0,1.0,29.088929617812013,-55.09831350541702,136.1133192919713,0.498458630802137,0.0392298713045873,0.8394319485039962,0.2129648196465053
img_000756.jpg,-0.0,0.0,1.0,28.87965031022705,-55.179079304617815,136.36835776257075,0.4985152144989549,0.0385048020280056,0.8397407441194429,0.2117438164376221
img_000757.jpg,-0.0,0.0,1.0,28.669317777173905,-55.259309516393685,136.62444973814564,0.4985707274561349,0.037779742854248,0.8400478061684208,0.2105222176050561
img_000758.jpg,-0.0,0.0,1.0,28.45787588785383,-55.33898715096258,136.88160907118436,0.4986249760291935,0.0370543921988068,0.8403532152328047,0.2093002124856793
img_000759.jpg,-0.0,0.0,1.0,28.24543999179912,-55.41813647706064,137.13977356368815,0.4986783768164352,0.036329222500801,0.840656735986878,0.2080776689798817
img_000760.jpg,-0.0,0.0,1.0,28.031939417699437,-55.49674710277426,137.39896591774172,0.4987307491913444,0.0356038396179226,0.840958451609617,0.2068547535877702
img_000761.jpg,-0.0,0.0,1.0,27.817393598754865,-55.57479487744091,137.6591824573782,0.4987819940314294,0.0348784442070276,0.8412584099731121,0.2056314766985816
img_000762.jpg,-0.0,0.0,1.0,27.601787249352075,-55.65228570970985,137.92044098897892,0.4988321416086833,0.0341529654134465,0.8415566189487376,0.2044077458295836
img_000763.jpg,-0.0,0.0,1.0,27.38516103850741,-55.72923878126044,138.18270881486987,0.4988814258303201,0.0334274763335952,0.8418529384169251,0.2031835546156791
img_000764.jpg,-0.0,0.0,1.0,27.167456760360142,-55.80562136253855,138.44604144321272,0.4989295332475001,0.0327018939000624,0.8421475721826892,0.2019588414890101
img_000765.jpg,-0.0,0.0,1.0,26.94868031160752,-55.88143631801334,138.7104139947174,0.4989765252870363,0.0319761270673582,0.8424404540116641,0.2007337439367608
img_000766.jpg,-0.0,0.0,1.0,26.728856633327094,-55.95667771812885,138.975813044611,0.4990224337815366,0.0312503057472716,0.8427315606792085,0.1995082594998002
img_000767.jpg,-0.0,0.0,1.0,26.50801877887632,-56.03134941916864,139.24221468143736,0.4990673712797889,0.0305245392683984,0.8430208196626914,0.1982823972055443
img_000768.jpg,-0.0,0.0,1.0,26.28609674762235,-56.10545602225256,139.50967991669515,0.4991112541590141,0.0297985463413345,0.8433083304424691,0.197055988018874
img_000769.jpg,-0.0,0.0,1.0,26.063187343658036,-56.17896639551201,139.77813686397624,0.4991540820094035,0.0290728176446694,0.843594031264136,0.1958292217802881
img_000770.jpg,-0.0,0.0,1.0,25.839186250652137,-56.25191260831072,140.0476267506258,0.4991959032263123,0.0283466369140286,0.8438779089586514,0.1946021406596159
img_000771.jpg,-0.0,0.0,1.0,25.61414616180604,-56.32426160732529,140.31816524023776,0.49923660487823,0.0276205565849263,0.8441600708442846,0.1933744864137184
img_000772.jpg,-0.0,0.0,1.0,25.388063240237173,-56.39599935796428,140.58971930419523,0.4992761158593448,0.0268944334934916,0.8444404976779852,0.1921465468355509
img_000773.jpg,-0.0,0.0,1.0,25.160961417377077,-56.46717150226719,140.86228071544545,0.499314808328848,0.0261682351850358,0.8447190143556242,0.1909181301943037
img_000774.jpg,-0.0,0.0,1.0,24.93279095913121,-56.53772427412488,141.13589386156897,0.4993522476005159,0.0254419512502374,0.8449958702048984,0.1896892703068885
img_000775.jpg,-0.0,0.0,1.0,24.70364349065817,-56.60768566506314,141.41045428256894,0.4993888197029904,0.0247156888272418,0.8452707724039301,0.1884602419639549
img_000776.jpg,-0.0,0.0,1.0,24.473423889503167,-56.67703072207706,141.68609028358162,0.499424191329257,0.0239893689815869,0.8455440263851208,0.1872305710492305
img_000777.jpg,-0.0,0.0,1.0,24.24215568808119,-56.74577238978253,141.96274854334675,0.4994585231069299,0.0232628698312981,0.8458154870847125,0.1860004956732825
img_000778.jpg,-0.0,0.0,1.0,24.00989707880063,-56.81389314782618,142.2403862252519,0.4994918198100678,0.0225364711809785,0.8460851226737581,0.1847701128420595
img_000779.jpg,-0.0,0.0,1.0,23.77662261151386,-56.88141340489606,142.5190155242849,0.4995241967097244,0.0218099513928841,0.8463528830049949,0.1835393700296424
img_000780.jpg,-0.0,0.0,1.0,23.542296775085497,-56.94827928428958,142.79869018101826,0.4995552391538599,0.0210834348064602,0.8466190328040678,0.1823081597312535
img_000781.jpg,-0.0,0.0,1.0,23.30696209518753,-57.01453425291449,143.07933844399142,0.4995853462074648,0.020356760667557,0.8468832961796019,0.1810766876267181
img_000782.jpg,-0.0,0.0,1.0,23.07064088550186,-57.08016346274706,143.3609744591352,0.4996144682639203,0.0196301813666974,0.8471457345105403,0.1798447763530205
img_000783.jpg,-0.0,0.0,1.0,22.833300781121167,-57.145156344093664,143.6436220811597,0.4996424971207275,0.0189035725068056,0.8474064195622277,0.178612401871117
img_000784.jpg,-0.0,0.0,1.0,22.59496074640654,-57.20952847867185,143.92723396206958,0.4996695971126224,0.0181767962397506,0.8476652137326514,0.177379771189803
img_000785.jpg,-0.0,0.0,1.0,22.3555812434074,-57.273235394646754,144.21188263819843,0.4996954086677489,0.0174499910131231,0.8479223809550366,0.1761466214423515
img_000786.jpg,-0.0,0.0,1.0,22.115236399876167,-57.33630955285163,144.49747331330985,0.4997203035863471,0.0167231669689291,0.8481776453019445,0.1749132238572808
img_000787.jpg,-0.0,0.0,1.0,21.873913026746067,-57.3987292207619,144.78403925310934,0.4997441241618447,0.0159964140563389,0.8484311293962081,0.1736794281845824
img_000788.jpg,-0.0,0.0,1.0,21.63157729891137,-57.46047973214203,145.07159862014015,0.4997667331987291,0.0152695798362767,0.8486829106649001,0.172445265127365
img_000789.jpg,-0.0,0.0,1.0,21.388260172624683,-57.52159850049745,145.36011458549342,0.4997884603142437,0.0145425946949638,0.8489327921593123,0.1712107539637904
img_000790.jpg,-0.0,0.0,1.0,21.143998422176548,-57.582066032283706,145.6495826928888,0.4998092434908643,0.0138157453410695,0.8491808249364367,0.1699757978714424
img_000791.jpg,-0.0,0.0,1.0,20.8987285824632,-57.64184141611772,145.94003570221022,0.4998287172330256,0.0130887987139615,0.8494272045389071,0.1687405137085667
img_000792.jpg,-0.0,0.0,1.0,20.65250948263387,-57.70095281731294,146.2314124115146,0.4998471887909994,0.0123618130371054,0.8496717290806651,0.1675050036185284
img_000793.jpg,-0.0,0.0,1.0,20.40533032957184,-57.75939812634329,146.523757454672,0.4998646393476372,0.0116348821163325,0.8499144677887887,0.166268966711458
img_000794.jpg,-0.0,0.0,1.0,20.157159955267534,-57.81716602031159,146.81704533328818,0.4998809645834059,0.0109076684546279,0.8501554216689063,0.1650327331865159
img_000795.jpg,-0.0,0.0,1.0,19.90807289990217,-57.8742575011601,147.111280365635,0.4998962953557671,0.0101807125530236,0.8503945811818429,0.1637959196013453
img_000796.jpg,-0.0,0.0,1.0,19.65802853755773,-57.93067539301316,147.4064242460239,0.4999106125287093,0.0094535094453726,0.850631880572465,0.1625589566713823
img_000797.jpg,-0.0,0.0,1.0,19.407064351360336,-57.98639163551791,147.7024893047875,0.4999237870435783,0.0087264405300274,0.8508674322201139,0.1613216326809039
img_000798.jpg,-0.0,0.0,1.0,19.155205680218295,-58.04144601385434,147.9994509076708,0.4999361507085297,0.0079994462178408,0.8511010511151773,0.1600838994577114
img_000799.jpg,-0.0,0.0,1.0,18.90238110994278,-58.095765930688536,148.29735241934108,0.4999471047728085,0.0072723551377545,0.8513330649450395,0.158845893278114
img_000800.jpg,-0.0,0.0,1.0,18.648608844414262,-58.149416020228,148.5961850009419,0.4999571468874337,0.0065450553583291,0.8515632180772483,0.1576074209688564
img_000801.jpg,-0.0,0.0,1.0,18.393997699052196,-58.20236891151592,148.89585663432618,0.4999662539451791,0.0058179981329088,0.8517914745687426,0.1563687298207582
img_000802.jpg,-0.0,0.0,1.0,18.1384429831832,-58.25459650550044,149.1964500261908,0.499974092920055,0.0050908091802621,0.8520180553169827,0.1551296989119919
img_000803.jpg,-0.0,0.0,1.0,17.881981110482943,-58.30612307745092,149.4979348153724,0.499980901599147,0.0043635291170619,0.8522428232543886,0.1538903111347094
img_000804.jpg,-0.0,0.0,1.0,17.624647405596836,-58.356954517286496,149.80027546744873,0.4999867847892973,0.0036362181555491,0.852465703903139,0.152650635840509
img_000805.jpg,-0.0,0.0,1.0,17.366467811937042,-58.40704064903868,150.10347209791178,0.4999914334117138,0.0029091666295878,0.8526868832219837,0.1514106417845203
img_000806.jpg,-0.0,0.0,1.0,17.107398804865333,-58.456450740914576,150.407541994207,0.4999952945066491,0.0021819142870443,0.8529061221912688,0.1501702082635088
img_000807.jpg,-0.0,0.0,1.0,16.847483725773532,-58.505107474856985,150.71243737381414,0.4999978890851517,0.0014547383875886,0.8531236467403129,0.1489296411703375
img_000808.jpg,-0.0,0.0,1.0,16.586714127046243,-58.55304969280402,151.01818700173217,0.4999994942977571,0.000727567897156,0.8533393460608805,0.1476886482141774
img_000809.jpg,-0.0,0.0,1.0,16.325070436329217,-58.60025742663513,151.32478245032803,0.4999999555345982,2.348629814519221e-07,0.8535532828302803,0.1464473893075473
img_000810.jpg,-0.0,0.0,1.0,16.062652238121558,-58.64674660673757,151.6321551832985,0.4999995258778811,-0.00072689284991,0.8537653069771437,0.1452058757451029
img_000811.jpg,-0.0,0.0,1.0,15.799349344949023,-58.692493261274464,151.94041191552455,0.4999979059150418,-0.0014541480973662,0.8539756439946641,0.1439638114172548
img_000812.jpg,-0.0,0.0,1.0,15.535288922072414,-58.737510137769455,152.24940225798505,0.4999953573376056,-0.0021813070389656,0.8541840550476015,0.1427217034752525
img_000813.jpg,-0.0,0.0,1.0,15.27035220275603,-58.78176282195685,152.55925776609448,0.4999914978797412,-0.0029086368193019,0.854390834933814,0.1414791258840902
img_000814.jpg,-0.0,0.0,1.0,15.004701209688912,-58.82530046793686,152.8698391536971,0.4999868891165218,-0.0036356905068695,0.8545956228909443,0.1402362784794303
img_000815.jpg,-0.0,0.0,1.0,14.738206664475154,-58.86804306055146,153.18122912250217,0.4999808087003085,-0.0043629241444516,0.8547988285392194,0.1389932320376548
img_000816.jpg,-0.0,0.0,1.0,14.4709882970676,-58.91010406559055,153.49334914058298,0.499974227226924,-0.0050900858764731,0.8549999163937387,0.1377497952859102
img_000817.jpg,-0.0,0.0,1.0,14.202986265853344,-58.95135782221908,153.8062299587296,0.4999661770751815,-0.0058172413761251,0.8551994135396351,0.1365062070569109
img_000818.jpg,-0.0,0.0,1.0,13.93418883370754,-58.991859901158456,154.119889944703,0.4999570564474848,-0.006544564531415,0.8553971224890174,0.1352622387104747
img_000819.jpg,-0.0,0.0,1.0,13.66470765325825,-59.03162136248304,154.4342441177855,0.4999470823307807,-0.0072716562907228,0.8555929046204399,0.1340179818042637
img_000820.jpg,-0.0,0.0,1.0,13.394477941229493,-59.07062243028133,154.7493436080862,0.499936046979698,-0.0079987736874452,0.8557868947529385,0.132773338132824
img_000821.jpg,-0.0,0.0,1.0,13.12352452229556,-59.10885416112783,155.06514624385662,0.4999239207881126,-0.0087259373221406,0.8559790808444675,0.1315284934846875
img_000822.jpg,-0.0,0.0,1.0,12.851870965083016,-59.146298540330825,155.38164585453154,0.4999106076894294,-0.0094530024024945,0.8561695303335659,0.1302833849482159
img_000823.jpg,-0.0,0.0,1.0,12.57951572598446,-59.18298449300547,155.6988292930661,0.4998963227649817,-0.0101801406713707,0.8563581134124517,0.1290380285599048
img_000824.jpg,-0.0,0.0,1.0,12.306493190816076,-59.218908858277935,156.01667494800603,0.4998810877757569,-0.0109072242732116,0.8565448219544969,0.1277924040219891
img_000825.jpg,-0.0,0.0,1.0,12.032801720846608,-59.25402719369631,156.33519566160345,0.4998645854519731,-0.0116341626630239,0.8567298502439445,0.1265464585480201
img_000826.jpg,-0.0,0.0,1.0,11.758441103145303,-59.28838099457876,156.6543671568514,0.4998471226894421,-0.0123611905454132,0.8569130051727163,0.1253002652561036
img_000827.jpg,-0.0,0.0,1.0,11.483441927599118,-59.32196866309183,156.97417464389116,0.4998287270798764,-0.0130881829773624,0.8570942808781208,0.1240537655135012
img_000828.jpg,-0.0,0.0,1.0,11.207810986447482,-59.35474091531038,157.2946098020605,0.4998090513178724,-0.0138150745143243,0.8572738705590517,0.1228070307172763
img_000829.jpg,-0.0,0.0,1.0,10.93153569250299,-59.38674187663378,157.61565567078324,0.4997884088331064,-0.0145421631387112,0.8574515766799397,0.121560131360591
img_000830.jpg,-0.0,0.0,1.0,10.654681059804195,-59.41795623097975,157.93730649127167,0.4997667622179738,-0.0152690028908488,0.8576274648956782,0.1203128105793173
img_000831.jpg,-0.0,0.0,1.0,10.377253860020163,-59.44837577142152,158.25951359937932,0.4997440567180748,-0.0159957854755332,0.8578015209230506,0.1190653741609351
img_000832.jpg,-0.0,0.0,1.0,10.099207703966869,-59.4779947702493,158.58233658457198,0.499720215604626,-0.0167226341261784,0.8579738258218659,0.117817544655024
img_000833.jpg,-0.0,0.0,1.0,9.820613257220156,-59.50681615292171,158.9057001079761,0.4996953281300959,-0.0174494002546065,0.8581443013487657,0.1165695309175985
img_000834.jpg,-0.0,0.0,1.0,9.54151821860966,-59.53486596890863,159.22955776360325,0.4996696307901083,-0.0181760202021161,0.858312803446954,0.1153213934823864
img_000835.jpg,-0.0,0.0,1.0,9.261816287210111,-59.56208202382754,159.55401766384912,0.4996425801023527,-0.0189027583574542,0.8584796836189363,0.1140728306332165
img_000836.jpg,-0.0,0.0,1.0,8.981575998963164,-59.5884967857602,159.87897887691798,0.4996144730912423,-0.0196296456337799,0.8586447187293796,0.1128242096723793
img_000837.jpg,-0.0,0.0,1.0,8.700858795220723,-59.61412721862997,160.20445292940855,0.4995855012748825,-0.020356246390201,0.8588078625978975,0.1115751105258537
img_000838.jpg,-0.0,0.0,1.0,8.419658417485444,-59.63892054538103,160.5303884939901,0.4995552627415755,-0.0210827933003428,0.8589692867325933,0.1103259703965946
img_000839.jpg,-0.0,0.0,1.0,8.137952968634737,-59.66291425664153,160.85682957690003,0.4995240244088216,-0.0218093682891455,0.859128876353493,0.1090764608374689
img_000840.jpg,-0.0,0.0,1.0,7.855822821700622,-59.68611047659557,161.1836768391065,0.4994918630656556,-0.0225358528719312,0.8592865455233095,0.1078269296101517
img_000841.jpg,-0.0,0.0,1.0,7.57323283285137,-59.70848794925799,161.51099528201348,0.4994586027724215,-0.023262243060186,0.8594424414396233,0.1065770238687907
img_000842.jpg,-0.0,0.0,1.0,7.2901493945966385,-59.73003109974237,161.83877960603257,0.4994240995694654,-0.0239888412195681,0.8595966193838326,0.1053269016446293
img_000843.jpg,-0.0,0.0,1.0,7.006729189547474,-59.750790748360046,162.16694187623884,0.4993888586688103,-0.0247149796559203,0.8597488199396872,0.1040764345583847
img_000844.jpg,-0.0,0.0,1.0,6.722816975599198,-59.77069715870218,162.49553368470302,0.4993522337764775,-0.0254415472403052,0.8598993541214257,0.1028259455488566
img_000845.jpg,-0.0,0.0,1.0,6.438586933975639,-59.78980411757649,162.82449277971625,0.4993147696318308,-0.0261676355766391,0.8600479799725644,0.1015750354218556
img_000846.jpg,-0.0,0.0,1.0,6.1539902728374365,-59.80807832880545,163.15378394236515,0.499276167017195,-0.0268937681464327,0.8601948006310783,0.1003241708202126
img_000847.jpg,-0.0,0.0,1.0,5.868982976598643,-59.82552796358196,163.48346863451005,0.4992364638535466,-0.0276200701521996,0.8603398284688772,0.0990730257635093
img_000848.jpg,-0.0,0.0,1.0,5.583657249033386,-59.842147300345005,163.81348808271704,0.4991956853507912,-0.0283461494476415,0.8604830611708728,0.0978215977003531
img_000849.jpg,-0.0,0.0,1.0,5.29802107561602,-59.857963302917376,164.14381252319944,0.4991540317049027,-0.0290721609809554,0.8606243645580618,0.0965700016447706
img_000850.jpg,-0.0,0.0,1.0,5.01208745999138,-59.87294680363002,164.47444426955877,0.4991112969309338,-0.029798011045616,0.8607638718904235,0.0953181444524222
img_000851.jpg,-0.0,0.0,1.0,4.725810820880793,-59.88707195519711,164.80540535736563,0.499067256450841,-0.0305239679536371,0.8609017030469748,0.0940660332416226
img_000852.jpg,-0.0,0.0,1.0,4.439285306271505,-59.90040426968662,165.13660321292176,0.4990224527170712,-0.0312498575253176,0.8610375299776521,0.0928138462669747
img_000853.jpg,-0.0,0.0,1.0,4.152522154815474,-59.91287122046828,165.46805894753922,0.498976357231021,-0.0319754711942664,0.861171687840325,0.0915613904908101
img_000854.jpg,-0.0,0.0,1.0,3.865500468547871,-59.92453309938718,165.79975505507446,0.4989293978602309,-0.0327011630322389,0.8613039025650123,0.0903087886833071
img_000855.jpg,-0.0,0.0,1.0,3.5782228328810164,-59.93534666853214,166.13169407941655,0.4988812539129589,-0.0334269072528721,0.8614343653532609,0.0890559967333277
img_000856.jpg,-0.0,0.0,1.0,3.2907456498287084,-59.94533928013399,166.46384534250947,0.498832164450572,-0.0341524954536935,0.8615629544151939,0.0878029290126776
img_000857.jpg,-0.0,0.0,1.0,3.0031196824294217,-59.95450629860342,166.79614133540102,0.4987821112263053,-0.0348778868018642,0.8616896575588149,0.0865498272039781
img_000858.jpg,-0.0,0.0,1.0,2.7152595517995786,-59.96278063947577,167.12867563787017,0.4987305530893572,-0.0356033043397865,0.8618148130017997,0.085296355291098
img_000859.jpg,-0.0,0.0,1.0,2.4272652921038107,-59.97029203668418,167.46133484748776,0.4986785013468984,-0.0363286671212588,0.8619378104975053,0.0840427931138115
img_000860.jpg,-0.0,0.0,1.0,2.1391514887586,-59.97691559520615,167.79409829469796,0.4986250198814797,-0.0370538908593293,0.8620591837425707,0.0827892652792118
img_000861.jpg,-0.0,0.0,1.0,1.8508713232135128,-59.98272222270509,168.12704781138748,0.4985706305461582,-0.0377790903946863,0.8621786748241045,0.08153526454429
img_000862.jpg,-0.0,0.0,1.0,1.5624867670729017,-59.98767549462495,168.46009257001336,0.498515072836449,-0.0385042163400292,0.8622963993011261,0.0802811760702533
img_000863.jpg,-0.0,0.0,1.0,1.2740388510365162,-59.99180293129884,168.79319362442487,0.4984585653037657,-0.039229205941406,0.8624122295199368,0.0790270488565154
img_000864.jpg,-0.0,0.0,1.0,0.9854580787724316,-59.99509835547288,169.1264379529136,0.4984010402271711,-0.0399542515406972,0.8625262323775459,0.0777724844973612
img_000865.jpg,-0.0,0.0,1.0,0.6968809156800156,-59.99753518319075,169.459671427701,0.4983423340965233,-0.040679030187826,0.8626384691403775,0.0765180116662288
img_000866.jpg,-0.0,0.0,1.0,0.4082507973257281,-59.99915358270931,169.7929815893041,0.4982827367572677,-0.0414036700094388,0.8627488098040268,0.0752631486264825
img_000867.jpg,-0.0,0.0,1.0,0.1195740044615807,-59.99993438165313,170.12631136796992,0.4982220845199087,-0.0421284109894528,0.8628573053773536,0.0740082565736623
img_000868.jpg,-0.0,0.0,1.0,-0.1691018302384591,-59.99987808734253,170.45963168513975,0.4981603973338446,-0.0428530746926411,0.862963956548423,0.072753296941544
img_000869.jpg,-0.0,0.0,1.0,-0.4577523929080651,-59.99890839302788,170.79294924096234,0.4980971132752392,-0.0435774572855157,0.8630691133386774,0.0714980878359133
img_000870.jpg,-0.0,0.0,1.0,-0.7464065182191816,-59.99719615040781,171.12625121411807,0.4980334921093951,-0.0443019876346856,0.863172017321443,0.070242744409425
img_000871.jpg,-0.0,0.0,1.0,-1.035003267721686,-59.99458809434526,171.4595091314215,0.4979684011246557,-0.0450262943144672,0.8632733452111133,0.0689872143927771
img_000872.jpg,-0.0,0.0,1.0,-1.3235452482260956,-59.99115906227876,171.7927019342762,0.4979023890744717,-0.0457505842647922,0.8633727619095405,0.0677315951831572
img_000873.jpg,-0.0,0.0,1.0,-1.6119789120121646,-59.98689767551575,172.12581214138393,0.4978353892507186,-0.0464745764368769,0.8634703324494835,0.0664757394406177
img_000874.jpg,-0.0,0.0,1.0,-1.9003399274270536,-59.981787018708026,172.45882914810548,0.4977672429749137,-0.0471986311915554,0.8635661145150683,0.0652198351434945
img_000875.jpg,-0.0,0.0,1.0,-2.188598458819831,-59.97581403139999,172.79173882580875,0.497697857565779,-0.04792263434504,0.8636601731889222,0.0639638096046986
img_000876.jpg,-0.0,0.0,1.0,-2.476717551854768,-59.96905487636664,173.1245240060068,0.4976278153912775,-0.0486464648838716,0.8637521862447285,0.0627075717968631
img_000877.jpg,-0.0,0.0,1.0,-2.7646599950955526,-59.96145033557488,173.4571493040095,0.4975566679842929,-0.0493700246204272,0.8638424130523072,0.0614511857112094
img_000878.jpg,-0.0,0.0,1.0,-3.052476148409794,-59.95297150632581,173.7896194825149,0.4974841651126888,-0.050093717758108,0.8639309653126583,0.0601947844687582
img_000879.jpg,-0.0,0.0,1.0,-3.3401160086010844,-59.94366445867916,174.12193680577025,0.4974106761607418,-0.0508172260918247,0.8640176684893129,0.0589380803211094
img_000880.jpg,-0.0,0.0,1.0,-3.6275406696143673,-59.933576210507255,174.4540351134429,0.4973365400382222,-0.0515406060670365,0.8641023047535863,0.0576813556410781
img_000881.jpg,-0.0,0.0,1.0,-3.914753630019255,-59.92258518282765,174.78590491152025,0.4972608242953483,-0.0522639486725527,0.8641854035190515,0.0564246456336014
img_000882.jpg,-0.0,0.0,1.0,-4.201723282476953,-59.910814995891336,175.11755370741915,0.4971844740321358,-0.0529870620238584,0.8642664482594418,0.0551677120467969
img_000883.jpg,-0.0,0.0,1.0,-4.488474988111892,-59.89817904725007,175.44900081935313,0.4971068243601754,-0.0537100891770861,0.864345818124624,0.0539104645278205
img_000884.jpg,-0.0,0.0,1.0,-4.774971649055155,-59.88470442150075,175.78016370472122,0.4970280518324654,-0.0544331662557725,0.8644233767881306,0.0526533167540387
img_000885.jpg,-0.0,0.0,1.0,-5.061171514561737,-59.87040984746136,176.11105991645337,0.4969483170971213,-0.0551559557352323,0.8644990752954005,0.0513959093184422
img_000886.jpg,-0.0,0.0,1.0,-5.347060451250046,-59.85532671648512,176.4416305742158,0.4968678263928174,-0.0558786577065889,0.8645727621522787,0.0501385844730991
img_000887.jpg,-0.0,0.0,1.0,-5.632653060406027,-59.839367116441466,176.77191150759302,0.4967859173533064,-0.0566012742464728,0.8646448341235257,0.0488810688979893
img_000888.jpg,-0.0,0.0,1.0,-5.917909596185024,-59.822590939230295,177.10185239630528,0.4967030262661696,-0.0573237773048554,0.864715032395829,0.0476235341214022
img_000889.jpg,-0.0,0.0,1.0,-6.20282837455433,-59.80500290882172,177.43147935217988,0.4966191933999519,-0.0580460903523772,0.8647833527429465,0.0463657304509864
img_000890.jpg,-0.0,0.0,1.0,-6.487402345356003,-59.78657323885729,177.76075133676153,0.4965341670773427,-0.058768390102291,0.8648499155145412,0.0451078805097864
img_000891.jpg,-0.0,0.0,1.0,-6.771587181936082,-59.76731863331678,178.08963751880916,0.4964480657809369,-0.0594905252405755,0.8649146630995619,0.043849982261549
img_000892.jpg,-0.0,0.0,1.0,-7.055361588185951,-59.7472713405091,178.41813489458443,0.4963611293435146,-0.0602123927660363,0.8649774704331914,0.0425919320671993
img_000893.jpg,-0.0,0.0,1.0,-7.33875035922651,-59.72640343203896,178.74623012475544,0.4962731203204664,-0.0609342898146784,0.865038445726822,0.0413338818246343
img_000894.jpg,-0.0,0.0,1.0,-7.621709586478042,-59.70470202094658,179.07390841757376,0.4961839395471121,-0.0616560012253629,0.865097667247232,0.0400757005154398
img_000895.jpg,-0.0,0.0,1.0,-7.9042459193727,-59.682184284698586,179.40115598828933,0.4960936966852772,-0.0623776827788632,0.8651550565567007,0.0388174820750636
img_000896.jpg,-0.0,0.0,1.0,-8.1863142428898,-59.658837460036,179.72796597128473,0.4960022965100593,-0.0630990758423953,0.8652106955595369,0.0375590305248296
img_000897.jpg,-0.0,0.0,1.0,-8.467946326018968,-59.63469377095395,-179.94568470073645,0.4959099485701734,-0.0638205592647573,0.8652644240153713,0.0363006288872432
img_000898.jpg,-0.0,0.0,1.0,-8.749056228126262,-59.60977063725773,-179.61983768214125,0.4958167773789845,-0.0645417044509575,0.8653162062619594,0.0350421865255873
img_000899.jpg,-0.0,0.0,1.0,-9.02969383575998,-59.584025321180206,-179.29444420030086,0.4957224604672415,-0.0652627380364528,0.8653662193029231,0.033783482675039
img_000900.jpg,-0.0,0.0,1.0,-9.309811659279529,-59.55746051093468,-178.96958218259437,0.4956269770533155,-0.0659836857509083,0.865414459399007,0.032524856569128
img_000901.jpg,-0.0,0.0,1.0,-9.589413696508949,-59.530093515386646,-178.64522603542014,0.4955304593445845,-0.0667045070953011,0.8654608619963754,0.0312660990116898
img_000902.jpg,-0.0,0.0,1.0,-9.86847493750176,-59.50192699096071,-178.32140348500204,0.4954329064840709,-0.0674251778217726,0.8655054270909966,0.0300072698604778
img_000903.jpg,-0.0,0.0,1.0,-10.14696160856736,-59.472963785098855,-177.9981420273255,0.4953343200911945,-0.0681456057686107,0.865548160312777,0.0287483901008408
img_000904.jpg,-0.0,0.0,1.0,-10.424884723967082,-59.44320665503758,-177.67545319253855,0.4952346982668635,-0.0688659674743749,0.8655890460041182,0.0274895542711701
img_000905.jpg,-0.0,0.0,1.0,-10.70222771051535,-59.41264296960587,-177.3533279018368,0.4951339426557926,-0.0695861503840137,0.8656281555594296,0.0262305700975693
img_000906.jpg,-0.0,0.0,1.0,-10.97897078869041,-59.38130598844202,-177.03180265264717,0.4950322734513028,-0.0703061880938766,0.8656653549209841,0.0249716128207504
img_000907.jpg,-0.0,0.0,1.0,-11.255115448930487,-59.34916700553428,-176.71086552074829,0.4949294682029821,-0.0710261009205975,0.8657007740593149,0.0237125343528116
img_000908.jpg,-0.0,0.0,1.0,-11.530647317874823,-59.316261147513416,-176.3905400809024,0.4948257669964662,-0.0717459032307689,0.865734271418165,0.0224534402268169
img_000909.jpg,-0.0,0.0,1.0,-11.80554857344736,-59.28251411110386,-176.07083367080426,0.4947205962458414,-0.0724655854266872,0.8657661788279207,0.0211942014859611
img_000910.jpg,-0.0,0.0,1.0,-12.079785984125056,-59.2480663768202,-175.7517706755706,0.4946149900910233,-0.0731849465709903,0.8657959187991808,0.0199349482903911
img_000911.jpg,-0.0,0.0,1.0,-12.353380808253725,-59.212783468555,-175.43335215540208,0.4945079181956771,-0.0739042891745467,0.8658240561830556,0.018675615601721
img_000912.jpg,-0.0,0.0,1.0,-12.626309258741513,-59.17674619923236,-175.11560807306626,0.4943999592870391,-0.0746235453917696,0.8658502624303502,0.0174163652760943
img_000913.jpg,-0.0,0.0,1.0,-12.898525808257144,-59.139895038260526,-174.79855926675842,0.4942906444705696,-0.0753425493174286,0.8658748226369042,0.0161570595941627
img_000914.jpg,-0.0,0.0,1.0,-13.1700492054835,-59.102326236936605,-174.4821878760115,0.4941806906344173,-0.076061327475621,0.8658973252115447,0.0148977064754642
img_000915.jpg,-0.0,0.0,1.0,-13.440875262744653,-59.06396489453168,-174.16650754102466,0.4940695121005793,-0.0767800087403237,0.865918093652902,0.013638275369542
img_000916.jpg,-0.0,0.0,1.0,-13.710982111321568,-59.02484561410609,-173.85153636329076,0.4939573444920184,-0.0774985160792148,0.8659369993942604,0.0123788088270873
img_000917.jpg,-0.0,0.0,1.0,-13.980328675775477,-58.9849422492749,-173.5373181219558,0.4938439507610352,-0.0782167910163867,0.8659541817953266,0.0111193943637978
img_000918.jpg,-0.0,0.0,1.0,-14.248970663702062,-58.94433131471507,-173.22378163018428,0.4937299319679896,-0.0789349135620546,0.8659692940809439,0.0098597874615491
img_000919.jpg,-0.0,0.0,1.0,-14.516864844504186,-58.902912594824045,-172.91101219418346,0.493614467514302,-0.0796530590402132,0.8659827842432823,0.0086002930392546
img_000920.jpg,-0.0,0.0,1.0,-14.783994282762212,-58.860765204840696,-172.59898982239883,0.4934981493863085,-0.0803709734936329,0.8659943398269634,0.0073407465312825
img_000921.jpg,-0.0,0.0,1.0,-15.050312631087149,-58.817862686911226,-172.28776197596503,0.4933807323558414,-0.0810885741362757,0.8660041077234435,0.0060812408833913
img_000922.jpg,-0.0,0.0,1.0,-15.315869820569604,-58.77420713338832,-171.97729639873924,0.4932622351130034,-0.0818061340782597,0.8660120523964296,0.0048217157337848
img_000923.jpg,-0.0,0.0,1.0,-15.580614431617157,-58.729832564034666,-171.66760939766212,0.4931428864471719,-0.0825233331995127,0.8660180740483017,0.0035620844830354
img_000924.jpg,-0.0,0.0,1.0,-15.844554883717416,-58.68468297066539,-171.35873652369608,0.4930222246461108,-0.0832404861195915,0.8660224048849056,0.0023025448830718
img_000925.jpg,-0.0,0.0,1.0,-16.10771943799658,-58.63880603722814,-171.05063987295574,0.4929006164302034,-0.0839576248280011,0.8660248332373576,0.0010429631696138
img_000926.jpg,-0.0,0.0,1.0,-16.370017753190844,-58.59219215462433,-170.7433843316797,0.4927779266150302,-0.084674390900877,0.8660254705546887,-0.0002166035259617
img_000927.jpg,-0.0,0.0,1.0,-16.631488270700505,-58.54485785937083,-170.43693281076105,0.4926542874705352,-0.0853909289017183,0.8660242276648241,-0.0014762776654781
img_000928.jpg,-0.0,0.0,1.0,-16.89211916878359,-58.49677853805042,-170.13133289035795,0.4925294624940591,-0.0861074178075396,0.8660212217265076,-0.0027358167259772
img_000929.jpg,-0.0,0.0,1.0,-17.151916433159208,-58.44798823552744,-169.82656732820277,0.4924037006892515,-0.0868238187546201,0.8660163148441926,-0.0039953057554103
img_000930.jpg,-0.0,0.0,1.0,-17.410827123227712,-58.39848793535054,-169.5226353662141,0.4922769901048598,-0.0875397582460663,0.8660095499828534,-0.0052550050443147
img_000931.jpg,-0.0,0.0,1.0,-17.6688830015658,-58.348271600364015,-169.21958465687615,0.4921492320710368,-0.0882557200494067,0.866000937134758,-0.0065144556311576
img_000932.jpg,-0.0,0.0,1.0,-17.926056111328894,-58.29732343231189,-168.91739264956067,0.4920203064562296,-0.0889714489682073,0.8659905681948228,-0.0077740015965619
img_000933.jpg,-0.0,0.0,1.0,-18.18234716376382,-58.24567752010526,-168.61606736527446,0.4918904417580264,-0.0896869687997334,0.8659783114151497,-0.0090335537400957
img_000934.jpg,-0.0,0.0,1.0,-18.437739884209883,-58.19330941237311,-168.31561585007643,0.491759430791487,-0.0904022511295415,0.8659642864166811,-0.0102931952858317
img_000935.jpg,-0.0,0.0,1.0,-18.692219371004835,-58.14025641207902,-168.0160998696404,0.491627480676282,-0.0911174243731314,0.8659483675191756,-0.0115524893582909
img_000936.jpg,-0.0,0.0,1.0,-18.945777787959983,-58.08647098814035,-167.71746124553744,0.4914942642548168,-0.09183227832517,0.8659307553964121,-0.0128120147058879
img_000937.jpg,-0.0,0.0,1.0,-19.19847726277003,-58.03201919372051,-167.41970281700688,0.4913602568176239,-0.092547225107692,0.8659111414565146,-0.0140713981700706
img_000938.jpg,-0.0,0.0,1.0,-19.45019260004036,-57.9768637648591,-167.12289367991184,0.4912250919096146,-0.0932616983167953,0.8658897926617575,-0.0153307426316005
img_000939.jpg,-0.0,0.0,1.0,-19.70099824668664,-57.92101718391299,-166.8269643826235,0.4910889070803366,-0.0939759713261114,0.865866597994998,-0.0165902571566195
img_000940.jpg,-0.0,0.0,1.0,-19.950882062413747,-57.86450417354438,-166.5319748102375,0.4909518148257233,-0.0946901963839027,0.8658414848113576,-0.0178495212196361
img_000941.jpg,-0.0,0.0,1.0,-20.19978826471609,-57.80729852130998,-166.2379307927376,0.4908135871296281,-0.0954040445849105,0.8658146133739386,-0.0191087999080158
img_000942.jpg,-0.0,0.0,1.0,-20.447777563041445,-57.749415100436,-165.94480729959253,0.4906743436834688,-0.0961178693766098,0.8657858785227214,-0.020368018753372
img_000943.jpg,-0.0,0.0,1.0,-20.694805970593382,-57.690830008130206,-165.652623228059,0.4905338647795305,-0.0968314849949025,0.8657554223360469,-0.0216272909508457
img_000944.jpg,-0.0,0.0,1.0,-20.940848317873986,-57.631609835068325,-165.3614067331401,0.4903925909881635,-0.0975447344592666,0.8657230179293885,-0.0228864088580578
img_000945.jpg,-0.0,0.0,1.0,-21.185923686682752,-57.5716965214017,-165.07114237518994,0.4902500896294002,-0.0982578183716385,0.8656888839094629,-0.0241455383621811
img_000946.jpg,-0.0,0.0,1.0,-21.43007131629928,-57.51113541460458,-164.7817990889172,0.4901067086094736,-0.0989708458570124,0.8656528103377293,-0.0254046806853978
img_000947.jpg,-0.0,0.0,1.0,-21.67318912002265,-57.44992709464688,-164.49347649425997,0.4899623221224234,-0.0996834927256605,0.8656149143303301,-0.0266635381619032
img_000948.jpg,-0.0,0.0,1.0,-21.91537358057497,-57.388045179652586,-164.2060645143155,0.4898168318671546,-0.1003960868417057,0.8655751990888177,-0.027922601756458
img_000949.jpg,-0.0,0.0,1.0,-22.15654148308602,-57.32550432060869,-163.91965107881654,0.4896702275649479,-0.1011083720591977,0.8655337094731845,-0.0291815541330474
img_000950.jpg,-0.0,0.0,1.0,-22.396729454071195,-57.26233839401078,-163.63421743467373,0.4895227602343008,-0.1018205035571334,0.8654902879655829,-0.0304403302415654
img_000951.jpg,-0.0,0.0,1.0,-22.635909573862392,-57.1984880397482,-163.34976421680412,0.4893739649633553,-0.1025324052344304,0.8654451975554275,-0.0316991848654574
img_000952.jpg,-0.0,0.0,1.0,-22.874088409564926,-57.134037648209016,-163.06631544782246,0.4892244167157318,-0.1032440905604498,0.8653981248261909,-0.0329577517559976
img_000953.jpg,-0.0,0.0,1.0,-23.11124127514868,-57.06892493616223,-162.78384291104388,0.4890736550968653,-0.1039553910920612,0.8653493328817022,-0.034216496522611
img_000954.jpg,-0.0,0.0,1.0,-23.3474238934639,-57.00318703027028,-162.50236697797777,0.48892192679727,-0.1046667628469453,0.865298644985887,-0.0354749663505723
img_000955.jpg,-0.0,0.0,1.0,-23.58255995720433,-56.93684514106411,-162.22188806754932,0.4887693395626444,-0.1053776075026856,0.8652460609215031,-0.0367334534223074
img_000956.jpg,-0.0,0.0,1.0,-23.81669870967029,-56.869854574437134,-161.94240280526105,0.4886155625535521,-0.1060883898008297,0.865191714131113,-0.0379918856969428
img_000957.jpg,-0.0,0.0,1.0,-24.04982590425804,-56.80222104846048,-161.6639176620943,0.4884606042738951,-0.1067990379655586,0.865135607356955,-0.039250279554735
img_000958.jpg,-0.0,0.0,1.0,-24.28190890459487,-56.73399783936921,-161.3864617956987,0.4883047901895548,-0.1075093386230426,0.8650775915551586,-0.0405084506726324
img_000959.jpg,-0.0,0.0,1.0,-24.512968527302814,-56.66515418002535,-161.11000231218756,0.4881479101003594,-0.1082193884647079,0.8650177625436752,-0.0417666411016028
img_000960.jpg,-0.0,0.0,1.0,-24.743017444719744,-56.5957091485759,-160.83454527757527,0.48799007789823,-0.1089292857524626,0.8649560496886748,-0.0430247217922492
img_000961.jpg,-0.0,0.0,1.0,-24.97199903867703,-56.52564381986527,-160.56013343599096,0.4878310701543575,-0.109638841435942,0.8648926041697932,-0.0442826680884547
img_000962.jpg,-0.0,0.0,1.0,-25.19999260403795,-56.454980256949376,-160.28669519905867,0.4876711213013798,-0.1103483181660827,0.8648272519801,-0.0455406451328973
img_000963.jpg,-0.0,0.0,1.0,-25.426925254333423,-56.38370880138714,-160.01432872899505,0.4875100143747026,-0.1110576199060968,0.8647601482692343,-0.0467982575588226
img_000964.jpg,-0.0,0.0,1.0,-25.65281825015897,-56.31186538485108,-159.742954125069,0.4873480696090703,-0.1117665029460278,0.8646911205900009,-0.0480559449010916
img_000965.jpg,-0.0,0.0,1.0,-25.87768804010317,-56.239428120950045,-159.47258901276157,0.48718509406497,-0.1124752284084901,0.8646202514467748,-0.0493135671340104
img_000966.jpg,-0.0,0.0,1.0,-26.101491228282026,-56.16638797739782,-159.20326495582557,0.4870209482474607,-0.1131836377857238,0.8645476409880679,-0.0505711040783279
img_000967.jpg,-0.0,0.0,1.0,-26.3242386004413,-56.092767656702655,-158.93498791034403,0.4868557687861654,-0.1138918004655935,0.8644732112409391,-0.0518284210941828
img_000968.jpg,-0.0,0.0,1.0,-26.54597160260928,-56.0185759728549,-158.66770349086235,0.4866896666067125,-0.11459979061686,0.8643968767499886,-0.0530857407755058
img_000969.jpg,-0.0,0.0,1.0,-26.7666347244857,-55.94378476295312,-158.40148407817696,0.4865223162333041,-0.1153075749174663,0.8643188390300095,-0.0543428327514315
img_000970.jpg,-0.0,0.0,1.0,-26.986277106186,-55.86846123895561,-158.13625219657015,0.4863542761068589,-0.1160150505088154,0.8642387839462984,-0.0555999144876468
img_000971.jpg,-0.0,0.0,1.0,-27.2048393347859,-55.79252695995858,-157.872074054548,0.4861848617988191,-0.1167222463789046,0.8641570952038325,-0.0568569447543528
img_000972.jpg,-0.0,0.0,1.0,-27.42237706308486,-55.71606303666558,-157.6089306560686,0.4860146758614571,-0.1174293210388215,0.8640734314408532,-0.0581136342494006
img_000973.jpg,-0.0,0.0,1.0,-27.63884460841252,-55.63902248985497,-157.34680785992626,0.4858433469871444,-0.1181359927777321,0.8639880113210034,-0.059370410915931
img_000974.jpg,-0.0,0.0,1.0,-27.85427136543776,-55.56141709083114,-157.08574454265235,0.4856709084202227,-0.1188426310532341,0.863900795581777,-0.0606268352447428
img_000975.jpg,-0.0,0.0,1.0,-28.068635214534893,-55.483272197411374,-156.8256901942193,0.4854975558383715,-0.1195488032131377,0.8638117047304869,-0.0618833232453154
img_000976.jpg,-0.0,0.0,1.0,-28.281957623379647,-55.40458396974216,-156.5666719411386,0.4853232186238585,-0.1202548047183677,0.8637207574439136,-0.0631395958748395
img_000977.jpg,-0.0,0.0,1.0,-28.494208752618288,-55.32533846564391,-156.3086915303135,0.48514775247728,-0.1209604622733811,0.8636280475393694,-0.0643958099272833
img_000978.jpg,-0.0,0.0,1.0,-28.705423195379414,-55.24554144445624,-156.05174587057334,0.4849711944614824,-0.1216660188707478,0.8635335298125856,-0.0656518338217769
img_000979.jpg,-0.0,0.0,1.0,-28.915592179587826,-55.16522117749791,-155.79580595319982,0.4847937454829512,-0.1223712228187283,0.8634371125504913,-0.066907853327774
img_000980.jpg,-0.0,0.0,1.0,-29.12470542416946,-55.08438080744884,-155.54093493471018,0.4846153274651542,-0.1230762632790707,0.8633388467535562,-0.0681634322004243
img_000981.jpg,-0.0,0.0,1.0,-29.332756610389424,-55.00301183851363,-155.28707661895646,0.4844359089187985,-0.1237808842156702,0.8632387494685675,-0.0694190483134714
img_000982.jpg,-0.0,0.0,1.0,-29.539771630332897,-54.921108133462326,-155.0342499202711,0.4842554146661079,-0.1244853844272916,0.8631368382337217,-0.0706744714478955
img_000983.jpg,-0.0,0.0,1.0,-29.745718980376893,-54.838675500046655,-154.7824658229948,0.4840738275590562,-0.125189565584758,0.8630331479865172,-0.0719297408413731
img_000984.jpg,-0.0,0.0,1.0,-29.95066114182632,-54.75573803108039,-154.53167257024572,0.4838913868578884,-0.1258936229455618,0.8629275108739083,-0.0731849192344368
img_000985.jpg,-0.0,0.0,1.0,-30.15447368747771,-54.672241548459695,-154.2819566004726,0.4837075079106865,-0.1265971357145512,0.8628203132001027,-0.0744400372714918
img_000986.jpg,-0.0,0.0,1.0,-30.357293927318537,-54.588269827659225,-154.0332495831915,0.483522918590472,-0.1273006319695508,0.8627110953035562,-0.0756947972983811
img_000987.jpg,-0.0,0.0,1.0,-30.55904635975233,-54.503798040203655,-153.7855600571796,0.4833373573676335,-0.1280036507482838,0.8626000433755663,-0.0769495259014317
img_000988.jpg,-0.0,0.0,1.0,-30.75974958939647,-54.41879041532181,-153.53892509644854,0.4831505150193942,-0.1287065918800152,0.8624872937973179,-0.0782039710072593
img_000989.jpg,-0.0,0.0,1.0,-30.95942647000531,-54.33332820696047,-153.29326337381048,0.4829630431348203,-0.1294090672883147,0.8623725136332202,-0.0794584167942174
img_000990.jpg,-0.0,0.0,1.0,-31.15802757211943,-54.247312204985725,-153.04866932629824,0.48277407516153,-0.130111381526644,0.8622561619567787,-0.0807126502892988
img_000991.jpg,-0.0,0.0,1.0,-31.355602359373474,-54.1608460647377,-152.8050987369967,0.4825843959852937,-0.1308134381138331,0.8621378304413743,-0.0819664960955847
img_000992.jpg,-0.0,0.0,1.0,-31.552137144412416,-54.07386282658125,-152.56251090508025,0.48239354435192,-0.1315151536038418,0.8620177368044786,-0.0832205153470873
img_000993.jpg,-0.0,0.0,1.0,-31.747640443687533,-53.98641315881468,-152.32097028620356,0.482201780226415,-0.1322167253333195,0.8618957694440407,-0.0844740392255219
img_000994.jpg,-0.0,0.0,1.0,-31.94210410215092,-53.8984891562722,-152.08042193343874,0.4820090769893969,-0.1329178860840968,0.861771938696863,-0.0857275389441169
img_000995.jpg,-0.0,0.0,1.0,-32.1355164807324,-53.81005801866726,-151.84091243789467,0.481815114178054,-0.1336188419964973,0.8616464119046005,-0.0869808120508856
img_000996.jpg,-0.0,0.0,1.0,-32.32792535292322,-53.721186532367824,-151.6023695047917,0.4816204508083046,-0.1343194597401516,0.861518882672273,-0.0882340008014926
img_000997.jpg,-0.0,0.0,1.0,-32.51924216630361,-53.63180935213492,-151.36489122201215,0.4814244191573391,-0.1350196776243531,0.8613897511284783,-0.0894869372816659
img_000998.jpg,-0.0,0.0,1.0,-32.7095785154761,-53.54197330290206,-151.12839734131722,0.4812274980528789,-0.1357198645902048,0.8612586928062288,-0.0907396139461089
img_000999.jpg,-0.0,0.0,1.0,-32.89887628110034,-53.45170067865202,-150.89289146022873,0.4810297649059233,-0.1364195351352862,0.8611257253436522,-0.091992178251161
img_001000.jpg,-0.0,0.0,1.0,-33.08711884760829,-53.360928573033306,-150.6584226843031,0.480830681021403,-0.1371189583563088,0.860991118571579,-0.0932445236388481
img_001001.jpg,-0.0,0.0,1.0,-33.27439450103828,-53.26970357138304,-150.424904734095,0.4806307169237479,-0.1378183003944308,0.8608545683716678,-0.0944967837515328
img_001002.jpg,-0.0,0.0,1.0,-33.46062774892579,-53.178062324474766,-150.19239768319702,0.4804299649196295,-0.1385171374266213,0.8607161183710382,-0.0957487076818839
img_001003.jpg,-0.0,0.0,1.0,-33.645813472933035,-53.08593076765412,-149.9609083072262,0.4802278689311634,-0.1392156831315398,0.8605760229540267,-0.0970004958166837
img_001004.jpg,-0.0,0.0,1.0,-33.83000162809601,-52.99337248493737,-149.7304170922639,0.4800249061677301,-0.1399140407562679,0.8604340287867316,-0.0982518842758209
img_001005.jpg,-0.0,0.0,1.0,-34.01321106637838,-52.9003468148685,-149.5008708867351,0.4798208484110036,-0.140612253716024,0.8602902050502252,-0.0995033196917894
img_001006.jpg,-0.0,0.0,1.0,-34.195368360167684,-52.80690716934101,-149.2723341574411,0.4796158938066704,-0.1413098784379126,0.8601445533992329,-0.1007544536064053
img_001007.jpg,-0.0,0.0,1.0,-34.376514588757416,-52.7130201362121,-149.0447830198871,0.479409846829562,-0.1420072261032647,0.8599971194645744,-0.1020053969648008
img_001008.jpg,-0.0,0.0,1.0,-34.5566701011505,-52.61868829971228,-148.81820965476922,0.4792027244552752,-0.1427044096674602,0.8598478792792034,-0.1032561128222423
img_001009.jpg,-0.0,0.0,1.0,-34.7358497936522,-52.52395259904354,-148.5925756444772,0.4789948416908153,-0.1434012529017904,0.859696675368438,-0.1045066919399997
img_001010.jpg,-0.0,0.0,1.0,-34.91397770538683,-52.42878343044218,-148.36797499902167,0.4787857787053755,-0.1440976708276617,0.8595437920367572,-0.1057568387509847
img_001011.jpg,-0.0,0.0,1.0,-35.09111431611014,-52.33317747112242,-148.14433313630656,0.4785756316804986,-0.1447938161304808,0.8593891119895595,-0.1070068678439861
img_001012.jpg,-0.0,0.0,1.0,-35.26731408112252,-52.2371633539468,-147.9216173053437,0.4783646615047988,-0.1454898696781806,0.8592324687148601,-0.1082567002572687
img_001013.jpg,-0.0,0.0,1.0,-35.44243405673339,-52.14069465999646,-147.69992634468076,0.478152260827736,-0.1461853195849048,0.8590742861407064,-0.1095063408895564
img_001014.jpg,-0.0,0.0,1.0,-35.61664496980695,-52.04383699660488,-147.47914071277972,0.4779391643017696,-0.1468807372077071,0.8589140628695439,-0.1107557532084892
img_001015.jpg,-0.0,0.0,1.0,-35.78984507845713,-51.94658704641594,-147.259340240211,0.4777251208256823,-0.1475757014780703,0.858752032283257,-0.1120047691605966
img_001016.jpg,-0.0,0.0,1.0,-35.96206872075129,-51.84891659432029,-147.04047248899465,0.4775100086431474,-0.1482703407792797,0.8585881962749738,-0.1132537280097415
img_001017.jpg,-0.0,0.0,1.0,-36.13331109907176,-51.75082703796892,-146.82257006283874,0.4772937617292383,-0.1489647499051664,0.8584226053760629,-0.1145023968282611
img_001018.jpg,-0.0,0.0,1.0,-36.30357993010689,-51.65236902077698,-146.605629831944,0.4770767075370322,-0.149658806795112,0.8582551236062949,-0.1157505916953859
img_001019.jpg,-0.0,0.0,1.0,-36.47286870804289,-51.55346992559617,-146.38960770263208,0.4768583731477908,-0.1503525152860345,0.8580859328119266,-0.1169989103209556
img_001020.jpg,-0.0,0.0,1.0,-36.64121916251713,-51.45421654803093,-146.17451172708385,0.476639352602943,-0.1510459344491681,0.8579147643619998,-0.1182468195188319
img_001021.jpg,-0.0,0.0,1.0,-36.80856474049046,-51.354548316577656,-145.9603841648256,0.4764190805262259,-0.1517389394361658,0.8577419327191753,-0.1194944803097896
img_001022.jpg,-0.0,0.0,1.0,-36.97494276535736,-51.25449482724993,-145.74720254555996,0.4761977961290279,-0.1524316163349539,0.857567302983272,-0.1207417995450084
img_001023.jpg,-0.0,0.0,1.0,-37.140419565009935,-51.15405242990795,-145.53489633941473,0.4759756097656887,-0.1531241783286007,0.8573907393425811,-0.1219890364293182
img_001024.jpg,-0.0,0.0,1.0,-37.3049022016838,-51.053237867460254,-145.32354220927752,0.4757524054579114,-0.1538161898962119,0.8572124191530313,-0.1232359398740128
img_001025.jpg,-0.0,0.0,1.0,-37.46847037130807,-50.95204020331445,-145.1130956733766,0.4755282245865613,-0.154508096632498,0.8570322351249584,-0.1244825435684609
img_001026.jpg,-0.0,0.0,1.0,-37.63108627413636,-50.85048235943356,-144.90356269811645,0.4753031445547632,-0.1551995601454326,0.8568502013514884,-0.1257288739746442
img_001027.jpg,-0.0,0.0,1.0,-37.79276310237862,-50.74852337890416,-144.69494832295777,0.4750768673189622,-0.1558908364656792,0.8566664303153597,-0.1269749755470385
img_001028.jpg,-0.0,0.0,1.0,-37.95348539591789,-50.646212198191336,-144.4872412563281,0.4748496919827757,-0.1565815936683682,0.856480820572661,-0.1282208194456675
img_001029.jpg,-0.0,0.0,1.0,-38.11325971038018,-50.54352076786752,-144.2804408848068,0.4746214080608843,-0.157271971144764,0.8562934531760344,-0.1294664750057194
img_001030.jpg,-0.0,0.0,1.0,-38.27210703157319,-50.44045975117525,-144.07455985273506,0.4743920643869354,-0.1579621386343651,0.8561043038317634,-0.1307117170168426
img_001031.jpg,-0.0,0.0,1.0,-38.430033168251626,-50.33706742503547,-143.86955391920938,0.4741619565923407,-0.1586518203490988,0.8559132348944853,-0.1319567093894743
img_001032.jpg,-0.0,0.0,1.0,-38.587057209197546,-50.233273667731325,-143.66544183118384,0.4739305814972115,-0.1593414764389557,0.855720436070033,-0.1332014755927328
img_001033.jpg,-0.0,0.0,1.0,-38.74315959963069,-50.12917342379152,-143.46220462424986,0.4736985510311964,-0.1600305482478076,0.8555256912020938,-0.1344458927287503
img_001034.jpg,-0.0,0.0,1.0,-38.89828793524621,-50.02466527540816,-143.25989988864194,0.473465013957399,-0.1607192336363697,0.8553294127945942,-0.1356901031988427
img_001035.jpg,-0.0,0.0,1.0,-39.05257803481441,-49.9198341599524,-143.05844338624098,0.4732307882391934,-0.1614078970805885,0.8551311179894487,-0.1369338631188397
img_001036.jpg,-0.0,0.0,1.0,-39.20591904152048,-49.814660361428885,-142.85784902588443,0.4729955623124404,-0.1620958337218239,0.8549310454152188,-0.1381775897459722
img_001037.jpg,-0.0,0.0,1.0,-39.35834479572923,-49.70912873446362,-142.65815369753744,0.4727591938115497,-0.1627834983007448,0.8547292469947637,-0.1394209155019038
img_001038.jpg,-0.0,0.0,1.0,-39.50993384798488,-49.60328842811408,-142.4592987977363,0.4725221606493976,-0.1634710559251251,0.8545254391020708,-0.1406637675357897
img_001039.jpg,-0.0,0.0,1.0,-39.66061537509864,-49.49708637567822,-142.2613052646753,0.4722839649927607,-0.1641582495301139,0.8543198933039201,-0.1419064671785756
img_001040.jpg,-0.0,0.0,1.0,-39.81036700781148,-49.3905242793444,-142.06420566396628,0.4720445146745315,-0.1648450372732726,0.8541126953715377,-0.1431488507017304
img_001041.jpg,-0.0,0.0,1.0,-39.95924873252189,-49.28365960447324,-141.86792269753278,0.4718043483316898,-0.1655313371580567,0.8539035449736946,-0.1443910287910322
img_001042.jpg,-0.0,0.0,1.0,-40.107219200885886,-49.17645077567506,-141.67250651415898,0.4715630367885871,-0.1662171927867218,0.8536926807897325,-0.1456329424370301
img_001043.jpg,-0.0,0.0,1.0,-40.25435519674778,-49.06893160627145,-141.4779456291704,0.4713208896075953,-0.1669030020651307,0.853479916501393,-0.1468742286785775
img_001044.jpg,-0.0,0.0,1.0,-40.40059083749589,-48.96105262206877,-141.2842229268065,0.4710774915020017,-0.1675883791401783,0.8532654582986319,-0.148115461217845
img_001045.jpg,-0.0,0.0,1.0,-40.54598701024728,-48.852885600913424,-141.09130785364098,0.4708334126246486,-0.1682733858806996,0.853049030230431,-0.1493563429633763
img_001046.jpg,-0.0,0.0,1.0,-40.6904916045242,-48.74438480686148,-140.89922805049395,0.4705882139728737,-0.1689579101089535,0.8528308671140904,-0.1505970437255133
img_001047.jpg,-0.0,0.0,1.0,-40.83410559355383,-48.63555732996896,-140.70803542709638,0.4703418377248266,-0.1696421419739454,0.8526110383029155,-0.151837138790709
img_001048.jpg,-0.0,0.0,1.0,-40.97688743346083,-48.52640564953513,-140.5176386501281,0.4700944838748637,-0.1703261278469183,0.85238934941377,-0.1530770505630107
img_001049.jpg,-0.0,0.0,1.0,-41.1188275546776,-48.41697666838533,-140.32805935780704,0.4698463892267617,-0.1710097068123188,0.8521657567521106,-0.1543164726321906
img_001050.jpg,-0.0,0.0,1.0,-41.25990433526752,-48.30721404055,-140.13926998521686,0.4695971665739268,-0.1716928087470151,0.8519403981330551,-0.1555559018462238
img_001051.jpg,-0.0,0.0,1.0,-41.40015731156904,-48.19716128846891,-139.95128624892314,0.4693471045880352,-0.1723756255272968,0.851713157505752,-0.1567948866209701
img_001052.jpg,-0.0,0.0,1.0,-41.53954005426692,-48.08677745028169,-139.76414802846006,0.4690957824504213,-0.173058123214417,0.8514842665099517,-0.1580334672236871
img_001053.jpg,-0.0,0.0,1.0,-41.67810924487228,-47.9761056961288,-139.577793119805,0.4688436270987777,-0.173740301939959,0.8512534792049052,-0.159271701667993
img_001054.jpg,-0.0,0.0,1.0,-41.815812607508335,-47.865136671151205,-139.3922652399068,0.468590410267211,-0.1744219819189605,0.8510209740203188,-0.1605095056580032
img_001055.jpg,-0.0,0.0,1.0,-41.9527006396068,-47.753858773908405,-139.20748491241963,0.4683362191588868,-0.1751032519282152,0.8507866057066864,-0.1617472983954243
img_001056.jpg,-0.0,0.0,1.0,-42.08875328731831,-47.64229514145221,-139.02353395586766,0.4680810245540139,-0.1757842050184763,0.8505504890834095,-0.1629844570456329
img_001057.jpg,-0.0,0.0,1.0,-42.22401000933087,-47.5304355617295,-138.8403369280502,0.4678249034062426,-0.1764648591214967,0.8503124964026586,-0.1642214106310409
img_001058.jpg,-0.0,0.0,1.0,-42.35843134099893,-47.41828466047592,-138.65792956362094,0.4675677473072825,-0.1771450445541749,0.8500727473046412,-0.1654580283873597
img_001059.jpg,-0.0,0.0,1.0,-42.49204486312836,-47.3058316595684,-138.47631646274655,0.4673094905418796,-0.1778250206802133,0.8498312461716532,-0.1666941963593989
img_001060.jpg,-0.0,0.0,1.0,-42.62484591550846,-47.19312152989525,-138.29547156198973,0.4670504321168693,-0.1785044691025727,0.8495878896637821,-0.1679299440436265
img_001061.jpg,-0.0,0.0,1.0,-42.75684714050839,-47.08011902546248,-138.11538068469446,0.4667903554420952,-0.1791835552051185,0.8493427267390765,-0.1691654519862941
img_001062.jpg,-0.0,0.0,1.0,-42.88802823622196,-46.96681523213995,-137.93608366666186,0.4665290829492029,-0.1798623201242651,0.849095883139585,-0.1704005334425349
img_001063.jpg,-0.0,0.0,1.0,-43.01844099449121,-46.85325852789606,-137.7574964063975,0.4662671105056068,-0.180540613193277,0.8488470751352929,-0.1716354033490951
img_001064.jpg,-0.0,0.0,1.0,-43.14806129090451,-46.73941420025131,-137.57967476489617,0.4660040622100569,-0.181218611550159,0.8485965096758087,-0.1728698718620248
img_001065.jpg,-0.0,0.0,1.0,-43.276841954493634,-46.62529049795639,-137.40265754668414,0.4657398309612177,-0.1818960863965129,0.8483443225858716,-0.1741038022162856
img_001066.jpg,-0.0,0.0,1.0,-43.40491683071686,-46.5108982633238,-137.22631980755258,0.4654748610616037,-0.1825734731061104,0.8480901092566684,-0.1753375237040423
img_001067.jpg,-0.0,0.0,1.0,-43.53215484000626,-46.39623573352095,-137.0507485310835,0.4652087765475728,-0.1832501561874561,0.8478342313183659,-0.1765709225359001
img_001068.jpg,-0.0,0.0,1.0,-43.65867114855426,-46.28132624864824,-136.87588180653387,0.4649419769259471,-0.1839266393733243,0.8475763841292259,-0.1778038877174901
img_001069.jpg,-0.0,0.0,1.0,-43.78436671426641,-46.16612962978355,-136.70179332316158,0.4646739044443107,-0.184602640856453,0.8473169336240212,-0.1790364250963734
img_001070.jpg,-0.0,0.0,1.0,-43.90929762267452,-46.050675080387926,-136.52842943832792,0.4644048934708413,-0.1852782377392639,0.8470556704590103,-0.1802685793026778
img_001071.jpg,-0.0,0.0,1.0,-44.03349975355636,-45.93496296075994,-136.3557822075234,0.4641349893145247,-0.1859536558026022,0.8467925412123443,-0.1815002527127536
img_001072.jpg,-0.0,0.0,1.0,-44.15690386058276,-45.81898293241356,-136.18385252905185,0.4638639880405008,-0.1866284222069774,0.8465276958762226,-0.1827317507664992
img_001073.jpg,-0.0,0.0,1.0,-44.279566736874735,-45.70275556765938,-136.01263693660695,0.463592091067179,-0.1873028555141424,0.8462610175490244,-0.1839627777380479
img_001074.jpg,-0.0,0.0,1.0,-44.40148306573145,-45.58626172142628,-135.84212242699326,0.4633191619407518,-0.1879769341499598,0.8459925456663759,-0.1851935179292886
img_001075.jpg,-0.0,0.0,1.0,-44.5226402604597,-45.469513129054086,-135.67235072046526,0.4630451608866577,-0.1886506816662715,0.8457223652071464,-0.1864236580338731
img_001076.jpg,-0.0,0.0,1.0,-44.64304526435132,-45.35253682219151,-135.5032681980936,0.4627703337972744,-0.1893238187657107,0.8454503493978273,-0.1876534478985651
img_001077.jpg,-0.0,0.0,1.0,-44.7627515696026,-45.23529310404472,-135.33485293319583,0.4624945242239777,-0.1899968045952151,0.8451764598103346,-0.188882982528639
img_001078.jpg,-0.0,0.0,1.0,-44.88170852327153,-45.11781020235228,-135.16714741077732,0.4622177340505917,-0.1906693183100141,0.8449008186283223,-0.190112030301929
img_001079.jpg,-0.0,0.0,1.0,-44.999936651715664,-45.0000886685834,-135.00011224942278,0.4619400398708201,-0.1913413443186591,0.8446233437714193,-0.1913407867519634
img_001080.jpg,-0.0,0.0,1.0,-45.11742006482535,-44.8821198961091,-134.83378139746745,0.4616612774320331,-0.192012931348967,0.8443441504794704,-0.1925690906290555
img_001081.jpg,-0.0,0.0,1.0,-45.23416737365673,-44.76389590292745,-134.66816394336973,0.461381368352651,-0.1926842061706775,0.8440632710236402,-0.1937968630764799
img_001082.jpg,-0.0,0.0,1.0,-45.35022356275022,-44.64544485528943,-134.50320850472858,0.4611006289059181,-0.1933551735082705,0.84378051462752,-0.1950241780781837
img_001083.jpg,-0.0,0.0,1.0,-45.4655510053078,-44.52676766941916,-134.338904831901,0.4608189930760243,-0.1940255053359776,0.8434959432163855,-0.1962512488546703
img_001084.jpg,-0.0,0.0,1.0,-45.58016380490608,-44.40783176421085,-134.17527647205034,0.4605362119402325,-0.1946955271622967,0.8432096426352402,-0.1974779677880223
img_001085.jpg,-0.0,0.0,1.0,-45.694073546895474,-44.28868029588979,-134.01233106234994,0.4602525415966438,-0.1953651734838445,0.8429215554051807,-0.1987040472078206
img_001086.jpg,-0.0,0.0,1.0,-45.80727692374251,-44.16930233019748,-133.8500392250147,0.4599679311435458,-0.1960343404998129,0.8426316717702121,-0.1999297511479153
img_001087.jpg,-0.0,0.0,1.0,-45.91978088932932,-44.04968115000122,-133.68839140482302,0.4596822776843235,-0.1967031038479157,0.8423400061250887,-0.2011551803974582
img_001088.jpg,-0.0,0.0,1.0,-46.03160687944837,-43.92984285707993,-133.52739326783075,0.4593957500295983,-0.1973715312083182,0.842046508383235,-0.2023800910238677
img_001089.jpg,-0.0,0.0,1.0,-46.14272715509659,-43.80977961213448,-133.3670520511334,0.4591082119941361,-0.1980394740498971,0.8417512685979228,-0.2036045633363238
img_001090.jpg,-0.0,0.0,1.0,-46.25315433902653,-43.6895078791262,-133.20735890668507,0.4588197800262854,-0.1987069160164445,0.8414542426522822,-0.2048285344046059
img_001091.jpg,-0.0,0.0,1.0,-46.36291351143542,-43.568979901071934,-133.04830337737147,0.4585301899102305,-0.1993741908870229,0.8411554561607997,-0.2060521669867853
img_001092.jpg,-0.0,0.0,1.0,-46.47198446109526,-43.44823315185425,-132.88985710133636,0.4582396676508134,-0.2000408766948682,0.8408548541767814,-0.2072755867191418
img_001093.jpg,-0.0,0.0,1.0,-46.58036611774505,-43.32730395648839,-132.732079986233,0.4579483111360849,-0.2007070487103807,0.8405525123991984,-0.2084981986132542
img_001094.jpg,-0.0,0.0,1.0,-46.68808507590194,-43.206152686389565,-132.57491403119957,0.4576559946451655,-0.2013728285043271,0.8402483542210574,-0.2097204752386267
img_001095.jpg,-0.0,0.0,1.0,-46.7951502307856,-43.08476444068765,-132.4183533862392,0.4573626270617287,-0.202038314613667,0.8399423900777645,-0.2109424759163392
img_001096.jpg,-0.0,0.0,1.0,-46.901523759550905,-42.96317526447528,-132.26245628546218,0.4570682390325908,-0.2027033065383354,0.8396347603061322,-0.2121637661612748
img_001097.jpg,-0.0,0.0,1.0,-47.00726733943429,-42.841373790715565,-132.10713284603193,0.4567730072129466,-0.2033679393067102,0.8393252230541335,-0.213384795824147
img_001098.jpg,-0.0,0.0,1.0,-47.112331570061954,-42.71936816893857,-131.9524457632717,0.4564767561664296,-0.20403206129533,0.8390139878764018,-0.2146052590014742
img_001099.jpg,-0.0,0.0,1.0,-47.21672737087928,-42.5971329145464,-131.79836766708777,0.4561793698602426,-0.2046957448061481,0.8387010358367338,-0.2158254087417841
img_001100.jpg,-0.0,0.0,1.0,-47.320500035453634,-42.47471828738159,-131.64486840677395,0.4558812793769961,-0.2053589847919008,0.8383861792135334,-0.2170450667086591
img_001101.jpg,-0.0,0.0,1.0,-47.42362185032962,-42.3520972170127,-131.49199893519605,0.4555821474405096,-0.2060218890848024,0.8380696167512488,-0.2182640731541453
img_001102.jpg,-0.0,0.0,1.0,-47.52608206645286,-42.22926576268424,-131.33971840393667,0.4552819779366902,-0.206684227764459,0.8377513123952065,-0.2194827764075659
img_001103.jpg,-0.0,0.0,1.0,-47.62794194689905,-42.10623262177784,-131.18800534384573,0.4549809580270499,-0.2073463213601837,0.8374311195774057,-0.2207010439814913
img_001104.jpg,-0.0,0.0,1.0,-47.72910920833117,-41.98300186286388,-131.03690924585237,0.4546788226111204,-0.20800766923081,0.83710931191803,-0.2219188538864002
img_001105.jpg,-0.0,0.0,1.0,-47.82970286297974,-41.85957671617773,-130.8863751677545,0.4543758977559308,-0.2086689036001607,0.8367855805085196,-0.2231361119626736
img_001106.jpg,-0.0,0.0,1.0,-47.92960731772131,-41.73594971157626,-130.73646273274443,0.4540717802842155,-0.2093294428678977,0.8364602773616934,-0.2243528629060425
img_001107.jpg,-0.0,0.0,1.0,-48.02893559623274,-41.61212592861941,-130.58708640587773,0.4537668551900922,-0.2099897462444925,0.8361330396870187,-0.2255692522193888
img_001108.jpg,-0.0,0.0,1.0,-48.127637853034656,-41.488138222031694,-130.43829778709022,0.4534611129022005,-0.2106495086714855,0.8358040372257478,-0.226784953070305
img_001109.jpg,-0.0,0.0,1.0,-48.2257118568975,-41.36393578158104,-130.29005419458005,0.4531542870162489,-0.2113087561893539,0.8354732662233932,-0.2280004893471025
img_001110.jpg,-0.0,0.0,1.0,-48.32316795712367,-41.23954999898495,-130.14239680208115,0.4528464949158,-0.2119675879157635,0.8351407690408245,-0.229215378196027
img_001111.jpg,-0.0,0.0,1.0,-48.42000541719619,-41.1149613228632,-129.9953148560879,0.4525376098703532,-0.2126260342276707,0.8348065647719392,-0.2304297737600672
img_001112.jpg,-0.0,0.0,1.0,-48.51623859334379,-40.99017945751445,-129.84878753579522,0.4522277368474113,-0.2132840707293271,0.8344705901828487,-0.2316437206549836
img_001113.jpg,-0.0,0.0,1.0,-48.61187139280993,-40.86524550883399,-129.70279329103073,0.4519171569036965,-0.2139414588309475,0.8341327655613412,-0.2328571770557098
img_001114.jpg,-0.0,0.0,1.0,-48.70693174826688,-40.740105422602745,-129.55734063404222,0.4516055528912485,-0.2145986624114777,0.8337931308755611,-0.2340701894597511
img_001115.jpg,-0.0,0.0,1.0,-48.80136539380416,-40.61480739682847,-129.41244766929435,0.4512930571981732,-0.2152551450720795,0.8334517890424541,-0.2352826266145824
img_001116.jpg,-0.0,0.0,1.0,-48.89519439591806,-40.4893128540664,-129.26812198726807,0.4509794379437529,-0.2159112582808024,0.8331087723429195,-0.2364945000307849
img_001117.jpg,-0.0,0.0,1.0,-48.98846485904232,-40.36363658219557,-129.12429886331722,0.4506649817954284,-0.2165670135107028,0.8327638606966221,-0.237706026764233
img_001118.jpg,-0.0,0.0,1.0,-49.08111385830228,-40.23777930082271,-128.98104742096177,0.4503494103988437,-0.2172222170610709,0.8324173310712939,-0.2389169393337999
img_001119.jpg,-0.0,0.0,1.0,-49.173210338709545,-40.11175118087512,-128.83830271976203,0.4500330307990231,-0.2178770652542066,0.8320689239523288,-0.2401273858160986
img_001120.jpg,-0.0,0.0,1.0,-49.26472547696896,-39.98556258464189,-128.69609515538357,0.4497157676759569,-0.2185314177861105,0.8317187632846029,-0.2413372050562194
img_001121.jpg,-0.0,0.0,1.0,-49.35563351320788,-39.85916463733396,-128.5544133632842,0.4493972640240021,-0.2191852505550207,0.8313669376293276,-0.2425467790833508
img_001122.jpg,-0.0,0.0,1.0,-49.44599713928452,-39.73263907423482,-128.41325472247962,0.4490781404089903,-0.2198386473561822,0.8310132596499666,-0.2437555234683808
img_001123.jpg,-0.0,0.0,1.0,-49.53577481211965,-39.60590708509699,-128.27261095188118,0.4487578164084171,-0.2204916125770434,0.830657881348963,-0.2449639874519852
img_001124.jpg,-0.0,0.0,1.0,-49.625009300993135,-39.479036936865455,-128.13245498819563,0.4484368353075291,-0.2211440474617944,0.8303006149214248,-0.2461718990313223
img_001125.jpg,-0.0,0.0,1.0,-49.71364570231928,-39.35198459943694,-127.99283571000092,0.448114692038721,-0.2217959327210203,0.8299417270555289,-0.2473792972330963
img_001126.jpg,-0.0,0.0,1.0,-49.80173410416232,-39.22477163197057,-127.85372819459964,0.4477916535735239,-0.2224474344080191,0.8295810642071724,-0.2485860652250534
img_001127.jpg,-0.0,0.0,1.0,-49.88925417993825,-39.09737666621499,-127.7151143500208,0.4474675583087537,-0.2230984233825831,0.8292186605300078,-0.2497924954321635
img_001128.jpg,-0.0,0.0,1.0,-49.97624324921716,-38.96981408340215,-127.57700845730402,0.4471425273202979,-0.2237491576253695,0.8288544771109608,-0.2509982679156768
img_001129.jpg,-0.0,0.0,1.0,-50.06266797535101,-38.84211933569191,-127.43938590574184,0.4468167327336333,-0.2243991389387468,0.828488511369712,-0.2522035295573568
img_001130.jpg,-0.0,0.0,1.0,-50.14854609082454,-38.71422670111528,-127.3022786803703,0.4464897259215676,-0.2250489046538564,0.8281208685369954,-0.2534082521428912
img_001131.jpg,-0.0,0.0,1.0,-50.233883476932846,-38.586212838438456,-127.1656552956886,0.4461620314355885,-0.2256980318684637,0.827751421383569,-0.2546123023607694
img_001132.jpg,-0.0,0.0,1.0,-50.3186761682145,-38.45802021965618,-127.02951270111744,0.4458332727250369,-0.2263467288690735,0.8273802320510681,-0.2558159550783997
img_001133.jpg,-0.0,0.0,1.0,-50.4029322263718,-38.32967305776938,-126.89383317603452,0.445503630853669,-0.2269948734206398,0.8270072408887479,-0.2570191935527896
img_001134.jpg,-0.0,0.0,1.0,-50.48665279548653,-38.20116257907804,-126.7586650774746,0.4451729383835272,-0.2276426958559491,0.8266325757852723,-0.2582216927467911
img_001135.jpg,-0.0,0.0,1.0,-50.569827945803866,-38.072515631103535,-126.62397287409144,0.4448413869333326,-0.228289862652325,0.8262561727072789,-0.2594236229500523
img_001136.jpg,-0.0,0.0,1.0,-50.65248236345306,-37.94370691115927,-126.4897298294481,0.4445089103368133,-0.2289365555310418,0.8258779555345768,-0.2606251805462948
img_001137.jpg,-0.0,0.0,1.0,-50.73460004784998,-37.81474649720989,-126.35596932668842,0.4441754472132674,-0.2295827393909881,0.8254980395247091,-0.2618261343095555
img_001138.jpg,-0.0,0.0,1.0,-50.816217685658906,-37.68561696523531,-126.22267786541325,0.4438409817505655,-0.2302286990235428,0.8251163472959342,-0.2630265052986794
img_001139.jpg,-0.0,0.0,1.0,-50.897320910066206,-37.55636761365971,-126.08983089430237,0.4435058119527261,-0.2308740116653038,0.8247328328746016,-0.2642263042930373
img_001140.jpg,-0.0,0.0,1.0,-50.977870969514285,-37.42695976895952,-125.9574768136654,0.4431694945723676,-0.2315187533757871,0.8243477269743871,-0.2654254903884613
img_001141.jpg,-0.0,0.0,1.0,-51.05794924000404,-37.29741301670633,-125.8255451068988,0.4428324597432387,-0.2321631449392001,0.8239607045873685,-0.2666241624939124
img_001142.jpg,-0.0,0.0,1.0,-51.13747166130924,-37.167704817953926,-125.69408531010032,0.4424942551036179,-0.232806869538159,0.823572079327483,-0.2678223774226924
img_001143.jpg,-0.0,0.0,1.0,-51.21650460547293,-37.0378627652034,-125.56308413264804,0.4421552103101262,-0.2334502251468438,0.8231816839660095,-0.2690198460288395
img_001144.jpg,-0.0,0.0,1.0,-51.29503315764697,-36.907874670484375,-125.43253746677888,0.4418152051847369,-0.2340931385823305,0.8227895614640153,-0.2702166991177561
img_001145.jpg,-0.0,0.0,1.0,-51.37303565235702,-36.77772560257357,-125.30241800882986,0.4414741340154076,-0.2347354117098791,0.82239571460468,-0.2714132717547122
img_001146.jpg,-0.0,0.0,1.0,-51.4505697161482,-36.64746403200675,-125.17274112595491,0.4411323772453471,-0.2353772955366187,0.8220000490914278,-0.2726090126636061
img_001147.jpg,-0.0,0.0,1.0,-51.52759374687757,-36.517044473164745,-125.04350035455182,0.4407895539058004,-0.2360186663842759,0.821602674434295,-0.2738043163431271
img_001148.jpg,-0.0,0.0,1.0,-51.604108666986185,-36.386479678765305,-124.91470621160428,0.4404457025272838,-0.2366595099356304,0.821203621351886,-0.2749990395634555
img_001149.jpg,-0.0,0.0,1.0,-51.68016089395823,-36.25580348890448,-124.78633382427807,0.4401011720891414,-0.2372999064376389,0.8208027319835687,-0.2761930265208762
img_001150.jpg,-0.0,0.0,1.0,-51.75568574311359,-36.12497835869237,-124.65838808170707,0.4397555500459255,-0.237939576106756,0.8204001851978593,-0.277386644331087
img_001151.jpg,-0.0,0.0,1.0,-51.83077545500883,-35.99402270764833,-124.53086206009772,0.4394091667293626,-0.2385790656056167,0.8199957780525241,-0.27857949964955
img_001152.jpg,-0.0,0.0,1.0,-51.9053142123062,-35.86292339375576,-124.40379671805049,0.4390615571343651,-0.2392177581699479,0.8195898716739297,-0.2797717917739428
img_001153.jpg,-0.0,0.0,1.0,-51.97940962549134,-35.73166595319168,-124.2771191156138,0.4387130289000569,-0.2398562056165062,0.8191820843043593,-0.2809636838727659
img_001154.jpg,-0.0,0.0,1.0,-52.05302928910089,-35.600312450967266,-124.1508476686988,0.4383638223562748,-0.2404939617330537,0.8187725152342715,-0.282154889938277
img_001155.jpg,-0.0,0.0,1.0,-52.1261887049475,-35.468819041520575,-124.02501511053023,0.4380136232681502,-0.2411314566662993,0.8183612456257563,-0.2833452983470103
img_001156.jpg,-0.0,0.0,1.0,-52.19883991485982,-35.33720755120076,-123.89958329184856,0.4376625066539847,-0.2417680989462795,0.8179482879016227,-0.2845352612947244
img_001157.jpg,-0.0,0.0,1.0,-52.27100346454949,-35.20544173880477,-123.774577008723,0.437310233073666,-0.2424042907357632,0.8175336885059429,-0.2857246717380481
img_001158.jpg,-0.0,0.0,1.0,-52.34275200844982,-35.07355262892025,-123.64994690202003,0.4369572575729554,-0.2430402171273089,0.8171171726402903,-0.2869134609762503
img_001159.jpg,-0.0,0.0,1.0,-52.41403088190699,-34.94154304852963,-123.52573309918346,0.4366033583901784,-0.2436756241901277,0.8166989689127792,-0.288101530358262
img_001160.jpg,-0.0,0.0,1.0,-52.48480817953087,-34.80939721584281,-123.4019242927084,0.4362483654711753,-0.2443103094064992,0.8162791365234815,-0.2892891418942438
img_001161.jpg,-0.0,0.0,1.0,-52.55515281668905,-34.6771460840722,-123.27849380038106,0.4358926779215928,-0.2449445173436386,0.815857465435353,-0.2904760796537921
img_001162.jpg,-0.0,0.0,1.0,-52.625033185877975,-34.54476941291412,-123.1554688923999,0.4355360180773566,-0.2455782148730842,0.8154341122691833,-0.2916623491039576
img_001163.jpg,-0.0,0.0,1.0,-52.694455991599405,-34.41225621543688,-123.032846162249,0.435178326120443,-0.2462114830830466,0.8150090710314712,-0.2928479882284904
img_001164.jpg,-0.0,0.0,1.0,-52.76340688975501,-34.279629113782285,-122.91060770465305,0.4348197221313553,-0.2468440448733599,0.814582334408907,-0.2940330716519914
img_001165.jpg,-0.0,0.0,1.0,-52.83193762722353,-34.1468678592164,-122.7887374791435,0.434460234134032,-0.2474762961448312,0.8141537683664474,-0.2952175964561583
img_001166.jpg,-0.0,0.0,1.0,-52.90001080639316,-34.01400649286417,-122.66727609781417,0.4340998659310219,-0.2481079654495964,0.8137235633224367,-0.2964012590610352
img_001167.jpg,-0.0,0.0,1.0,-52.96764891606231,-33.881022382300735,-122.54616199439629,0.433738655310651,-0.2487390790568962,0.8132915307081763,-0.2975845014740971
img_001168.jpg,-0.0,0.0,1.0,-53.03481460062149,-33.7479117992564,-122.42544504663503,0.4333763575588277,-0.2493695742823503,0.8128578947177963,-0.2987671185492712
img_001169.jpg,-0.0,0.0,1.0,-53.101561337485016,-33.61468044732626,-122.30510276795246,0.4330131775850084,-0.2499997156897604,0.8124224929839351,-0.2999490341483712
img_001170.jpg,-0.0,0.0,1.0,-53.16785597373971,-33.4813448104284,-122.18513170706422,0.4326491182922292,-0.2506291757248091,0.8119853991873194,-0.3011303176750374
img_001171.jpg,-0.0,0.0,1.0,-53.233719877525175,-33.347887948026944,-122.06551889480744,0.4322841453907683,-0.2512581311830331,0.8115465488184739,-0.3023110455458206
img_001172.jpg,-0.0,0.0,1.0,-53.29915672025087,-33.21432625769733,-121.94628008930252,0.431918315702769,-0.2518865885015868,0.8111059860208341,-0.3034910122799129
img_001173.jpg,-0.0,0.0,1.0,-53.364164102395726,-33.08063246720517,-121.8273893558308,0.4315514998128816,-0.252514554950435,0.810663664038713,-0.3046705209808865
img_001174.jpg,-0.0,0.0,1.0,-53.42872639613819,-32.94683485261762,-121.70889601792886,0.4311837000730968,-0.2531419720655293,0.8102197580729487,-0.3058491497425831
img_001175.jpg,-0.0,0.0,1.0,-53.492866667051935,-32.812925936203364,-121.59074387079536,0.4308150401918894,-0.2537688223452257,0.80977408199608,-0.3070272334458033
img_001176.jpg,-0.0,0.0,1.0,-53.556590744394434,-32.67890357353354,-121.4729410763001,0.4304454887712416,-0.2543951842178942,0.8093266574540883,-0.3082046933085595
img_001177.jpg,-0.0,0.0,1.0,-53.61988719980177,-32.544771681023924,-121.35550365399465,0.4300749866368075,-0.255021015643572,0.8088775654983678,-0.3093814336428491
img_001178.jpg,-0.0,0.0,1.0,-53.68275946060453,-32.41053678977848,-121.23837524950756,0.4297036910840276,-0.2556460958570554,0.8084266589700685,-0.3105578023626205
img_001179.jpg,-0.0,0.0,1.0,-53.74523808369663,-32.27620442634893,-121.12165078924453,0.4293314901736097,-0.256270967455147,0.8079741396367369,-0.311732982636078
img_001180.jpg,-0.0,0.0,1.0,-53.80726350050278,-32.14174224113593,-121.00524039277212,0.4289582131448922,-0.2568950198744042,0.807519910514962,-0.3129079645218041
img_001181.jpg,-0.0,0.0,1.0,-53.86891033214711,-32.00719688284871,-120.8891800629792,0.4285842454358343,-0.2575186947582742,0.8070639144267795,-0.3140820027386402
img_001182.jpg,-0.0,0.0,1.0,-53.93014208099184,-31.872518064749336,-120.77345095414006,0.4282092138685579,-0.2581418941849501,0.8066061940376075,-0.3152555778488987
img_001183.jpg,-0.0,0.0,1.0,-53.9909139679551,-31.73774843756692,-120.65808204485202,0.4278331679798862,-0.2587642105114955,0.8061469433706211,-0.3164284586266877
img_001184.jpg,-0.0,0.0,1.0,-54.05133259864774,-31.60286601540403,-120.54303602109457,0.427456338786538,-0.259386353355869,0.8056858313258116,-0.3176005971732237
img_001185.jpg,-0.0,0.0,1.0,-54.11135512927629,-31.46790463692915,-120.42831484683806,0.4270787904029197,-0.2600078680709311,0.8052229738676107,-0.3187719838458036
img_001186.jpg,-0.0,0.0,1.0,-54.17091817416543,-31.33283427112573,-120.31394147947248,0.4267000993492501,-0.2606285313979345,0.8047585900045215,-0.3199428162197585
img_001187.jpg,-0.0,0.0,1.0,-54.23011596469938,-31.19763334339041,-120.19988150052208,0.4263204621750051,-0.2612489746782332,0.8042923799852093,-0.3211130708304938
img_001188.jpg,-0.0,0.0,1.0,-54.28891148056288,-31.062366502145647,-120.08615484539708,0.4259400999023043,-0.2618687080564678,0.803824501978142,-0.3222824553953308
img_001189.jpg,-0.0,0.0,1.0,-54.34732726913499,-30.9270050980652,-119.97273608227734,0.4255589481263347,-0.2624879254033396,0.8033548431287991,-0.3234511813374017
img_001190.jpg,-0.0,0.0,1.0,-54.40529754866382,-30.791498378325898,-119.85967590301765,0.4251763877696598,-0.2631065876645281,0.8028837026325767,-0.3246193507135331
img_001191.jpg,-0.0,0.0,1.0,-54.46292952035546,-30.65593114081871,-119.74689670077753,0.4247933890649421,-0.2637247596506501,0.8024106388284361,-0.3257867315420761
img_001192.jpg,-0.0,0.0,1.0,-54.52016687381165,-30.520274908190544,-119.63444315749736,0.4244095059369735,-0.2643423422993711,0.8019359160879923,-0.3269533358541072
img_001193.jpg,-0.0,0.0,1.0,-54.57698756123323,-30.384494913150117,-119.5222963473578,0.4240244971478034,-0.2649592709414953,0.80145953759551,-0.3281195211472415
img_001194.jpg,-0.0,0.0,1.0,-54.63341066946903,-30.248624107409995,-119.41049160812793,0.4236385156864378,-0.2655756533325681,0.8009815785683311,-0.3292848177158427
img_001195.jpg,-0.0,0.0,1.0,-54.68948898319597,-30.112669652350217,-119.2989589123072,0.4232519031524774,-0.2661915630348363,0.800501729475098,-0.3304494807898075
img_001196.jpg,-0.0,0.0,1.0,-54.745153784959975,-29.976609135955247,-119.18774891349229,0.4228641967216531,-0.2668068092132633,0.8000203024862129,-0.3316134998733564
img_001197.jpg,-0.0,0.0,1.0,-54.80048052554734,-29.84047111410869,-119.07683780237294,0.4224758245080921,-0.2674216943063829,0.7995370719456264,-0.3327766303470324
img_001198.jpg,-0.0,0.0,1.0,-54.85538051134583,-29.70423527099172,-118.96624294111032,0.4220863536435345,-0.2680357557620267,0.7990523024063797,-0.3339391587101578
img_001199.jpg,-0.0,0.0,1.0,-54.90994990427973,-29.56791513554465,-118.85592053326924,0.4216962319283811,-0.2686494369145606,0.7985656570095536,-0.3351009690642427
img_001200.jpg,-0.0,0.0,1.0,-54.96411839228802,-29.43148981117588,-118.74592249702027,0.4213049945828634,-0.2692625340654855,0.7980774578655863,-0.3362620414720789
img_001201.jpg,-0.0,0.0,1.0,-55.01791070731133,-29.294980665110568,-118.63619857283535,0.4209129437480519,-0.2698749319472566,0.797587517738736,-0.3374225339825045
img_001202.jpg,-0.0,0.0,1.0,-55.07131393683307,-29.15836561344297,-118.52679713855444,0.420519782253033,-0.2704868197210974,0.7970960144387096,-0.3385822453362737
img_001203.jpg,-0.0,0.0,1.0,-55.12439448208728,-29.021689305761367,-118.41766412524676,0.4201260838513069,-0.2710982482930603,0.7966026577795909,-0.3397411059302226
img_001204.jpg,-0.0,0.0,1.0,-55.177064194815706,-28.884904885214738,-118.30883327510544,0.4197312166284206,-0.2717089462641195,0.7961077522062924,-0.3408994003877278
img_001205.jpg,-0.0,0.0,1.0,-55.22937686765501,-28.74803405318099,-118.20028948828312,0.4193354898296739,-0.2723191277982566,0.7956111446132211,-0.3420569341085549
img_001206.jpg,-0.0,0.0,1.0,-55.28134960811332,-28.611099550277864,-118.09200441108555,0.418939142842143,-0.2729286982505809,0.7951127294936018,-0.3432137346656865
img_001207.jpg,-0.0,0.0,1.0,-55.33296751515125,-28.474061963358466,-117.98399949637088,0.4185418338940624,-0.273537815793741,0.7946126027576306,-0.3443698711416671
img_001208.jpg,-0.0,0.0,1.0,-55.38416028762501,-28.336931922542107,-117.87633055558416,0.4181432667574499,-0.274146144455252,0.7941111158157564,-0.3455251592627982
img_001209.jpg,-0.0,0.0,1.0,-55.43505325950235,-28.19973011853388,-117.76888429951347,0.4177441978023929,-0.2747540395986937,0.7936076480507083,-0.3466798290671925
img_001210.jpg,-0.0,0.0,1.0,-55.48559841137941,-28.06244420597812,-117.66171558544896,0.417344265464631,-0.2753614243469927,0.7931024853397343,-0.3478337215011213
img_001211.jpg,-0.0,0.0,1.0,-55.53574685265006,-27.92506300041133,-117.55485195242407,0.4169431751593145,-0.2759681111546039,0.7925958355171521,-0.348986864845508
img_001212.jpg,-0.0,0.0,1.0,-55.58555963812331,-27.787617216917983,-117.4482418249279,0.4165414038374699,-0.2765741874862968,0.7920874203724334,-0.3501392525740988
img_001213.jpg,-0.0,0.0,1.0,-55.63500653266137,-27.650081689231364,-117.3419086977887,0.4161386408477052,-0.2771796464049367,0.7915773842012483,-0.3512909336054207
img_001214.jpg,-0.0,0.0,1.0,-55.68413774305012,-27.512471291226923,-117.235830869083,0.4157351669823315,-0.2777846833973982,0.7910655572628092,-0.3524418033044053
img_001215.jpg,-0.0,0.0,1.0,-55.73288742191868,-27.37476099002096,-117.13003008879596,0.4153305665894425,-0.278389038969583,0.7905521644483702,-0.353592051273896
img_001216.jpg,-0.0,0.0,1.0,-55.781294478217134,-27.236992020624687,-117.02448678648216,0.4149252363294253,-0.2789927136010154,0.7900370832301264,-0.3547414849376182
img_001217.jpg,-0.0,0.0,1.0,-55.829410058614805,-27.09914155109782,-116.91919323465544,0.4145192063851641,-0.2795961376679047,0.7895201643072884,-0.3558900637713785
img_001218.jpg,-0.0,0.0,1.0,-55.87712328251979,-26.96119572980244,-116.8141718725484,0.4141119835794975,-0.2801986918158143,0.7890017508435794,-0.3570380866606901
img_001219.jpg,-0.0,0.0,1.0,-55.924525459039714,-26.823213669635464,-116.70940779842677,0.4137042228036467,-0.2808006689793572,0.7884816176068027,-0.3581850625463543
img_001220.jpg,-0.0,0.0,1.0,-55.97155046660539,-26.68510097373656,-116.60489744255788,0.4132951578836756,-0.2814020467331978,0.7879598732468144,-0.3593316556012547
img_001221.jpg,-0.0,0.0,1.0,-56.01827856923968,-26.546951917406183,-116.50062677739248,0.4128856166228922,-0.2820028775568876,0.7874363413681884,-0.3604772571581334
img_001222.jpg,-0.0,0.0,1.0,-56.064627798030834,-26.408693873996054,-116.39663343884855,0.4124748089594082,-0.2826030762562528,0.7869113102112469,-0.3616222104987758
img_001223.jpg,-0.0,0.0,1.0,-56.11068562567518,-26.270385629099927,-116.29285795027344,0.4120634901180935,-0.2832027485963183,0.7863844228075457,-0.3627663474811708
img_001224.jpg,-0.0,0.0,1.0,-56.15636474744809,-26.131984110106348,-116.18934576948304,0.4116510061801353,-0.2838016615460746,0.7858560225363904,-0.3639098485309977
img_001225.jpg,-0.0,0.0,1.0,-56.2017506101727,-25.99351538933556,-116.08608663419852,0.4112377939047591,-0.2844002386317725,0.7853258927668352,-0.3650523569031035
img_001226.jpg,-0.0,0.0,1.0,-56.24676892928381,-25.85499022616043,-115.98305574352388,0.4108237292787111,-0.2849978285379488,0.784794156773378,-0.3661942553953415
img_001227.jpg,-0.0,0.0,1.0,-56.29150198054813,-25.71638301337281,-115.88027048246644,0.4104088689822494,-0.2855951772645256,0.7842606593507518,-0.3673352326944408
img_001228.jpg,-0.0,0.0,1.0,-56.33588914924601,-25.577713375216742,-115.777731522277,0.409993120545605,-0.2861917768787074,0.7837255773206844,-0.3684754094992571
img_001229.jpg,-0.0,0.0,1.0,-56.37993895561301,-25.438952218203,-115.67542090964254,0.4095763726639819,-0.2867877583986052,0.783188822364306,-0.3696149957884958
img_001230.jpg,-0.0,0.0,1.0,-56.423662012588046,-25.30013184746443,-115.57335499762785,0.4091587958691804,-0.2873830974765139,0.782650453671675,-0.3707536950796422
img_001231.jpg,-0.0,0.0,1.0,-56.46707728392251,-25.161232023901828,-115.47151302663076,0.4087403727608842,-0.2879779441606467,0.7821103526341986,-0.3718916611793149
img_001232.jpg,-0.0,0.0,1.0,-56.510153393286615,-25.02226723876345,-115.36991701694036,0.4083210192904318,-0.2885720921318647,0.7815686903453808,-0.3730287859134567
img_001233.jpg,-0.0,0.0,1.0,-56.552910087680445,-24.88323025783163,-115.26853342175914,0.407900829409807,-0.289165589539314,0.7810253132284353,-0.3741652513123004
img_001234.jpg,-0.0,0.0,1.0,-56.59537427640526,-24.74414292171759,-115.16739323474606,0.4074799292496779,-0.289758624286988,0.7804802814177833,-0.3753006491174874
img_001235.jpg,-0.0,0.0,1.0,-56.63751445768146,-24.60497991938216,-115.06646890137642,0.4070581254328971,-0.2903510027239293,0.7799335753500093,-0.3764353806140119
img_001236.jpg,-0.0,0.0,1.0,-56.67933290467403,-24.465742547940987,-114.96578047985273,0.4066353703159125,-0.2909428040364167,0.7793852661545085,-0.3775692880634416
img_001237.jpg,-0.0,0.0,1.0,-56.72081601547124,-24.326425715957143,-114.86529685994716,0.4062116562240839,-0.291533848329817,0.7788352918541507,-0.3787026456049044
img_001238.jpg,-0.0,0.0,1.0,-56.76199529047281,-24.18704730906428,-114.7650424140994,0.4057871182043302,-0.2921243494986855,0.7782836772884978,-0.3798350915801332
img_001239.jpg,-0.0,0.0,1.0,-56.802910798802365,-24.04762851564093,-114.6649781465461,0.4053621016346673,-0.2927143385841075,0.7777302188369005,-0.3809666511041366
img_001240.jpg,-0.0,0.0,1.0,-56.84346985103252,-23.90814425699976,-114.56518765657596,0.4049359269367343,-0.2933036004037461,0.7771754205378136,-0.3820971849908868
img_001241.jpg,-0.0,0.0,1.0,-56.88371530370547,-23.76857956608381,-114.46557048665804,0.4045088938109215,-0.2938921410691706,0.7766188359211692,-0.3832272797415281
img_001242.jpg,-0.0,0.0,1.0,-56.92367868260017,-23.62896557930341,-114.36618332449282,0.4040811336331898,-0.2944802242673294,0.7760606099269022,-0.3843562991249971
img_001243.jpg,-0.0,0.0,1.0,-56.963291885039176,-23.48925361510846,-114.26702269795965,0.4036521306666729,-0.2950676079857359,0.7755008731394231,-0.3854847077198058
img_001244.jpg,-0.0,0.0,1.0,-57.00264356253041,-23.3495138577302,-114.1680273498429,0.4032227397603978,-0.2956543394785024,0.7749392639301956,-0.3866123005117341
img_001245.jpg,-0.0,0.0,1.0,-57.04168004229912,-23.20969692269577,-114.06928902907724,0.4027922440728887,-0.2962406135523732,0.7743761951014608,-0.387738849558597
img_001246.jpg,-0.0,0.0,1.0,-57.08041210991626,-23.069828811304344,-113.97074544379734,0.4023609813552781,-0.2968261582010769,0.7738114626833241,-0.3888646200290032
img_001247.jpg,-0.0,0.0,1.0,-57.118847499395294,-22.9299081766632,-113.87238544559122,0.4019289880074463,-0.2974109918936278,0.7732450173442137,-0.3899896583917387
img_001248.jpg,-0.0,0.0,1.0,-57.15697982171501,-22.789897964875877,-113.7742305367022,0.4014959592664344,-0.2979953235299545,0.7726769227197652,-0.3911139922622524
img_001249.jpg,-0.0,0.0,1.0,-57.194811197679606,-22.649843479895505,-113.67628559997128,0.4010621433103428,-0.2985789662290761,0.772107243152353,-0.3922373811871628
img_001250.jpg,-0.0,0.0,1.0,-57.23232623795933,-22.509731473093467,-113.57854781554516,0.4006274061762342,-0.2991618688486264,0.7715360066373235,-0.3933599472615786
img_001251.jpg,-0.0,0.0,1.0,-57.26957485750166,-22.36955772156099,-113.48098851351033,0.400191958544756,-0.2997442864753014,0.7709629899545979,-0.3944817196801284
img_001252.jpg,-0.0,0.0,1.0,-57.306504609504174,-22.229329554519808,-113.3836558015542,0.3997555264815541,-0.3003259979026492,0.7703885126582068,-0.3956025197031854
img_001253.jpg,-0.0,0.0,1.0,-57.3431529542555,-22.089025287100657,-113.28649728407406,0.3993182388481373,-0.3009071753173916,0.7698122836023628,-0.3967226537275706
img_001254.jpg,-0.0,0.0,1.0,-57.37951933668657,-21.94867610218349,-113.18952696606752,0.3988802289205413,-0.301487713102168,0.7692343936254554,-0.3978418900623704
img_001255.jpg,-0.0,0.0,1.0,-57.41556006552148,-21.80827383176148,-113.0927471815362,0.3984412805571762,-0.3020673644353371,0.7686549671197221,-0.3989603925369354
img_001256.jpg,-0.0,0.0,1.0,-57.45135267171117,-21.667826388397252,-112.99618222112446,0.3980016349321997,-0.3026466949132731,0.7680739028008613,-0.4000776880627327
img_001257.jpg,-0.0,0.0,1.0,-57.486819828929,-21.527316636351458,-112.8997970113796,0.3975610045745696,-0.3032251454585141,0.7674912738861491,-0.4011943460617782
img_001258.jpg,-0.0,0.0,1.0,-57.52204071413096,-21.386740885580824,-112.80357394519932,0.3971196813267447,-0.3038032025026855,0.7669068140911699,-0.4023102178078366
img_001259.jpg,-0.0,0.0,1.0,-57.556927375950295,-21.246110825565577,-112.7075663511284,0.3966772733338128,-0.3043804051046098,0.7663209654602517,-0.4034251946828219
img_001260.jpg,-0.0,0.0,1.0,-57.59152409307331,-21.105418970311074,-112.61172453870074,0.3962340134083911,-0.3049569129072264,0.7657334373141285,-0.4045394799861478
img_001261.jpg,-0.0,0.0,1.0,-57.625848223401015,-20.964670198027225,-112.51606687102093,0.3957899324196298,-0.3055328812768452,0.7651442625510192,-0.4056528630974901
img_001262.jpg,-0.0,0.0,1.0,-57.65989137656414,-20.82387771627309,-112.42059682884964,0.3953450584093557,-0.306108201709463,0.7645535002621625,-0.4067652872042758
img_001263.jpg,-0.0,0.0,1.0,-57.693657484476574,-20.683044212810508,-112.32529089375956,0.3948994738140021,-0.3066828055436907,0.7639610691925987,-0.4078768774071123
img_001264.jpg,-0.0,0.0,1.0,-57.72715540968764,-20.542146629914967,-112.23016898709774,0.3944530128663026,-0.3072569307916302,0.7633669986917899,-0.4089875602380744
img_001265.jpg,-0.0,0.0,1.0,-57.76035224551717,-20.401204681085535,-112.13524116747034,0.3940056359120518,-0.3078302971181982,0.7627714454324321,-0.4100972922107379
img_001266.jpg,-0.0,0.0,1.0,-57.79328432823678,-20.26021808084989,-112.04046836426376,0.393557566010254,-0.3084030128362032,0.7621741814047106,-0.4112062026644257
img_001267.jpg,-0.0,0.0,1.0,-57.82591985035396,-20.119156563691696,-111.9458599928207,0.3931084779707283,-0.3089750440856673,0.7615752980073438,-0.4123144578411273
img_001268.jpg,-0.0,0.0,1.0,-57.85828811411968,-19.97806199568559,-111.8514171573142,0.3926587080504645,-0.3095463872937511,0.7609747798666902,-0.4134217671003422
img_001269.jpg,-0.0,0.0,1.0,-57.890386803624,-19.83690576359416,-111.75716153375322,0.3922080132719063,-0.3101172385497693,0.7603726855031752,-0.4145281073947327
img_001270.jpg,-0.0,0.0,1.0,-57.92222860180371,-19.69572561304621,-111.66305328182884,0.3917567575405503,-0.3106873628934441,0.7597688925165322,-0.4156335350087066
img_001271.jpg,-0.0,0.0,1.0,-57.95375368750587,-19.554486010109454,-111.56914105208604,0.3913043755662665,-0.3112567009359192,0.7591637043185154,-0.4167380734113114
img_001272.jpg,-0.0,0.0,1.0,-57.98505009827891,-19.413182335611165,-111.475367523163,0.3908513062557432,-0.311825662120623,0.7585566764736487,-0.4178418138703527
img_001273.jpg,-0.0,0.0,1.0,-58.016052301883214,-19.27185080041582,-111.38176256128398,0.3903974313901509,-0.3123937391958855,0.7579481507066439,-0.418944624163581
img_001274.jpg,-0.0,0.0,1.0,-58.04676946561754,-19.13044772067341,-111.28832748425653,0.3899425167191828,-0.3129612079193671,0.7573380597986734,-0.4200466392827607
img_001275.jpg,-0.0,0.0,1.0,-58.07724179614431,-18.989024311115227,-111.19504953526322,0.3894870328103974,-0.3135280429830223,0.7567263229773131,-0.421147586540661
img_001276.jpg,-0.0,0.0,1.0,-58.1074168593781,-18.84753052679329,-111.10193415903905,0.3890304719575437,-0.3140941577677031,0.7561130466418586,-0.4222478095178877
img_001277.jpg,-0.0,0.0,1.0,-58.13737404047044,-18.706014505147497,-111.00895353989068,0.3885734735112014,-0.3146597489711296,0.7554979833590099,-0.4233470151085684
img_001278.jpg,-0.0,0.0,1.0,-58.16703383963629,-18.564432478338603,-110.91615278086736,0.3881153570453159,-0.3152246561821551,0.7548814676564657,-0.4244453504860774
img_001279.jpg,-0.0,0.0,1.0,-58.19642465805287,-18.422818947308656,-110.82349000702672,0.3876565335432126,-0.3157887579542054,0.7542633222608801,-0.4255428451319325
img_001280.jpg,-0.0,0.0,1.0,-58.225541364594406,-18.28116013625152,-110.73098643387875,0.3871968362867895,-0.3163521587630735,0.7536436300597668,-0.4266394267830644
img_001281.jpg,-0.0,0.0,1.0,-58.25439637136444,-18.139433943895785,-110.63863336741294,0.3867361978295903,-0.3169150175198458,0.753022302355862,-0.4277351950838096
img_001282.jpg,-0.0,0.0,1.0,-58.28301370175345,-17.997687218023145,-110.54642491548545,0.3862749876314268,-0.317477245437452,0.7523993243813372,-0.4288299071080467
img_001283.jpg,-0.0,0.0,1.0,-58.311350390646496,-17.85590060369884,-110.45437588964325,0.3858128827661363,-0.3180387035273205,0.7517748523848781,-0.4299236837765972
img_001284.jpg,-0.0,0.0,1.0,-58.33939994915258,-17.71404501462463,-110.362465754606,0.3853497374040795,-0.3185994208983019,0.751148794705372,-0.4310167944506811
img_001285.jpg,-0.0,0.0,1.0,-58.36724302727144,-17.572170849077196,-110.2707060001596,0.384886106875953,-0.3191597210411825,0.7505210508060599,-0.4321086778760114
img_001286.jpg,-0.0,0.0,1.0,-58.3947905404968,-17.430253703352,-110.17908021417512,0.3844215511308639,-0.31971908290772,0.7498917803172694,-0.4331998347915003
img_001287.jpg,-0.0,0.0,1.0,-58.42205745424539,-17.28826306777231,-110.08760948620636,0.3839558811987633,-0.3202778233185392,0.7492609850757093,-0.4342901949464177
img_001288.jpg,-0.0,0.0,1.0,-58.44911685473931,-17.146263295138155,-109.99625560311878,0.3834898458376247,-0.3208359806637273,0.7486284188914099,-0.4353794920286518
img_001289.jpg,-0.0,0.0,1.0,-58.47586128744562,-17.004209118187198,-109.90508566540312,0.3830225779241021,-0.3213932963335887,0.7479945790798085,-0.436467826465394
img_001290.jpg,-0.0,0.0,1.0,-58.50239848423394,-16.862128520539514,-109.81401571986493,0.382554876213394,-0.3219500576798316,0.7473588947077195,-0.4375552645627334
img_001291.jpg,-0.0,0.0,1.0,-58.52865617313123,-16.72000153769472,-109.72308845162048,0.3820862214578421,-0.3225060324321776,0.7467217092466304,-0.4386418440558479
img_001292.jpg,-0.0,0.0,1.0,-58.55468505672775,-16.57782134796371,-109.63228559438286,0.3816168108830989,-0.3230615233462113,0.7460828078097256,-0.4397275357256975
img_001293.jpg,-0.0,0.0,1.0,-58.58042201001953,-16.43561998259003,-109.5416486138934,0.381146462844468,-0.3236161023995663,0.7454425849188646,-0.4408121422083847
img_001294.jpg,-0.0,0.0,1.0,-58.60593993373548,-16.29337151157095,-109.45113369048372,0.38067542204395,-0.324170223819784,0.7448006353007289,-0.4418958052481626
img_001295.jpg,-0.0,0.0,1.0,-58.6311810658008,-16.1510779458191,-109.36075507223184,0.3802034292605593,-0.3247235497805915,0.7441571880438697,-0.4429786090535786
img_001296.jpg,-0.0,0.0,1.0,-58.65618903695028,-16.008753340748434,-109.27047585797996,0.3797308307721908,-0.3252761735475307,0.7435120070768642,-0.4440605841727811
img_001297.jpg,-0.0,0.0,1.0,-58.680926319315006,-15.866390679406178,-109.18036131587246,0.3792572472209276,-0.3258281021433826,0.7428654487667666,-0.4451414531501151
img_001298.jpg,-0.0,0.0,1.0,-58.70543811314355,-15.723998331645095,-109.0903566323514,0.37878304997788,-0.3263794067241999,0.742217193879951,-0.4462213811829115
img_001299.jpg,-0.0,0.0,1.0,-58.72967193525023,-15.581550405093733,-109.00047994422236,0.3783078250918014,-0.326929933120873,0.7415674285136292,-0.4473005223242826
img_001300.jpg,-0.0,0.0,1.0,-58.75365446831209,-15.439080587125504,-108.91074032754186,0.3778318374009792,-0.3274797212579863,0.7409161749113341,-0.4483785862033878
img_001301.jpg,-0.0,0.0,1.0,-58.77741591759761,-15.29655848823221,-108.82110659516792,0.377355110154327,-0.3280290111314763,0.7402631832488276,-0.4494557911773241
img_001302.jpg,-0.0,0.0,1.0,-58.800915301842096,-15.154036804581091,-108.7316132553366,0.3768776817252044,-0.3285773963192689,0.7396088007499362,-0.4505318296177605
img_001303.jpg,-0.0,0.0,1.0,-58.82419896199118,-15.011453154818668,-108.64221532614545,0.3763994936919111,-0.3291253308363672,0.7389526228645026,-0.4516070846565594
img_001304.jpg,-0.0,0.0,1.0,-58.84718023540133,-14.868829606754918,-108.55296881344256,0.3759201638052039,-0.3296723332666079,0.7382951632062114,-0.4526813836569081
img_001305.jpg,-0.0,0.0,1.0,-58.86995379845121,-14.726178116884851,-108.46379171837374,0.3754403626177052,-0.3302186874205631,0.7376358540449225,-0.4537548891451686
img_001306.jpg,-0.0,0.0,1.0,-58.89245457436616,-14.58349177610806,-108.3747731354672,0.3749595285343989,-0.3307643002582601,0.7369752313508726,-0.4548272617282881
img_001307.jpg,-0.0,0.0,1.0,-58.91475375657988,-14.440768424184537,-108.2858513059039,0.3744781016596792,-0.331309438370981,0.7363128493552904,-0.455898667795774
img_001308.jpg,-0.0,0.0,1.0,-58.936782168485365,-14.298025067353084,-108.197064910185,0.3739957863438479,-0.3318537014137731,0.7356490987627536,-0.4569690100483548
img_001309.jpg,-0.0,0.0,1.0,-58.95856336525883,-14.155250758381706,-108.10839016713854,0.373512673514654,-0.3323972168448525,0.7349838064552014,-0.4580384014538023
img_001310.jpg,-0.0,0.0,1.0,-58.98012511863519,-14.012427240253004,-108.0197857749648,0.3730288809188148,-0.3329401174950936,0.73431670217576,-0.4591070823550059
img_001311.jpg,-0.0,0.0,1.0,-59.00142245789898,-13.869574348458476,-107.9313096411194,0.3725441679515047,-0.3334822081883949,0.7336481901740887,-0.460174741594318
img_001312.jpg,-0.0,0.0,1.0,-59.02253670353189,-13.726706644002276,-107.84295414083462,0.3720589600176729,-0.3340239144536201,0.732978037376783,-0.4612410991736617
img_001313.jpg,-0.0,0.0,1.0,-59.04334406427096,-13.583799118689768,-107.75471479858308,0.3715726198379964,-0.334564551612883,0.7323065502458882,-0.4623066790105511
img_001314.jpg,-0.0,0.0,1.0,-59.06395453951024,-13.44086328584246,-107.66655685303007,0.3710857510866354,-0.3351046552856603,0.7316332959486149,-0.4633712934631502
img_001315.jpg,-0.0,0.0,1.0,-59.08431632903153,-13.297896918617752,-107.5785360993259,0.3705979616008537,-0.3356440866095716,0.7309586548359204,-0.4644347563455823
img_001316.jpg,-0.0,0.0,1.0,-59.10440135815099,-13.154881513963623,-107.49059049862626,0.3701092040951411,-0.3361825566970393,0.730282432188106,-0.4654976206750446
img_001317.jpg,-0.0,0.0,1.0,-59.124332555447,-13.011851967849566,-107.40274653431328,0.3696200952887887,-0.336720766007576,0.7296044455578632,-0.4665591751537857
img_001318.jpg,-0.0,0.0,1.0,-59.14396188469221,-12.868784729766912,-107.31500666971031,0.3691298825177935,-0.3372578945435626,0.7289251041080126,-0.4676199685658925
img_001319.jpg,-0.0,0.0,1.0,-59.16337650388935,-12.725693701558384,-107.22737333006296,0.3686389864928343,-0.3377944384391235,0.7282441950639063,-0.4686796425628663
img_001320.jpg,-0.0,0.0,1.0,-59.18254735857674,-12.582582530308054,-107.13985633166568,0.3681472735304896,-0.3383302274354147,0.7275618589587028,-0.4697382074987343
img_001321.jpg,-0.0,0.0,1.0,-59.20148810225867,-12.439436005919672,-107.0524225244552,0.367654802073148,-0.3388653165031581,0.7268778990165217,-0.4707958832711857
img_001322.jpg,-0.0,0.0,1.0,-59.22019130941092,-12.296249037546666,-106.96506896620603,0.3671615140164132,-0.3393996749317798,0.7261923222998554,-0.4718527252375686
img_001323.jpg,-0.0,0.0,1.0,-59.238662930726434,-12.15306326941337,-106.87784400566004,0.3666675245711837,-0.3399332939288186,0.7255053969130927,-0.4729082375614955
img_001324.jpg,-0.0,0.0,1.0,-59.25692316752312,-12.009804733830812,-106.79065999254092,0.3661727421922711,-0.3404663811992983,0.7248165676009366,-0.4739631942246609
img_001325.jpg,-0.0,0.0,1.0,-59.274909237675125,-11.86656017806414,-106.7036312074799,0.3656770629223607,-0.3409984843591288,0.7241266667323909,-0.4750167258574054
img_001326.jpg,-0.0,0.0,1.0,-59.29269708742705,-11.723273323747325,-106.61662635938978,0.3651808589285884,-0.3415299389936596,0.723434824262848,-0.4760696336534686
img_001327.jpg,-0.0,0.0,1.0,-59.31024263674497,-11.579962475092602,-106.5297576655268,0.3646837125888518,-0.3420607365644046,0.7227416793770407,-0.4771212709203851
img_001328.jpg,-0.0,0.0,1.0,-59.32757883577677,-11.43661569800789,-106.44296150624726,0.3641858747487081,-0.3425909412113179,0.722046853514249,-0.4781719742557421
img_001329.jpg,-0.0,0.0,1.0,-59.34464992932087,-11.29326439674336,-106.3562737980666,0.3636871803899548,-0.3431201641917317,0.7213507322756381,-0.479221565448013
img_001330.jpg,-0.0,0.0,1.0,-59.36150857817939,-11.149891826354413,-106.2696784326824,0.3631877936163799,-0.3436487685434478,0.7206530660305024,-0.4802700374450544
img_001331.jpg,-0.0,0.0,1.0,-59.37814111273388,-11.006479330118076,-106.1831334923009,0.3626876686387782,-0.3441766272160685,0.7199536898068801,-0.4813177628438386
img_001332.jpg,-0.0,0.0,1.0,-59.39454440410563,-10.863039513028056,-106.0967075885175,0.362186652693822,-0.3447038777374573,0.7192529330149845,-0.4823642644646753
img_001333.jpg,-0.0,0.0,1.0,-59.41071982885556,-10.719581563457911,-106.01033737503548,0.3616849884316427,-0.3452302848881559,0.7185505510497626,-0.4834098934913596
img_001334.jpg,-0.0,0.0,1.0,-59.42666429628588,-10.576092062140669,-105.92406922349736,0.36118243901463,-0.3457560423372904,0.7178467286786959,-0.4844544138100009
img_001335.jpg,-0.0,0.0,1.0,-59.44238556925383,-10.432583299065469,-105.83786071226804,0.3606792296714233,-0.3462810064397491,0.7171412954701386,-0.4854980125542375
img_001336.jpg,-0.0,0.0,1.0,-59.45786801565769,-10.289045199361505,-105.75172751002016,0.3601751821989762,-0.3468051792272864,0.7164343512575664,-0.4865406726340708
img_001337.jpg,-0.0,0.0,1.0,-59.47312857471799,-10.145492518742952,-105.66568566005488,0.3596703986189122,-0.3473286466886423,0.7157259505691468,-0.4875821768980489
img_001338.jpg,-0.0,0.0,1.0,-59.48818576532984,-10.001908188010692,-105.57972804517068,0.3591648742640215,-0.3478515862152287,0.7150159790623141,-0.4886225708540482
img_001339.jpg,-0.0,0.0,1.0,-59.50297199465206,-9.858320919935998,-105.49384463714294,0.3586585109371695,-0.3483734062650948,0.7143046662284863,-0.4896620121510329
img_001340.jpg,-0.0,0.0,1.0,-59.51757613863912,-9.71471076016452,-105.40803926113792,0.3581515545739653,-0.3488947716162351,0.7135917242176804,-0.4907002684156031
img_001341.jpg,-0.0,0.0,1.0,-59.53193610764741,-9.571064891025014,-105.3222917257079,0.3576437209627878,-0.3494152959628108,0.7128772351741804,-0.4917377018020166
img_001342.jpg,-0.0,0.0,1.0,-59.54606572939749,-9.42739566666564,-105.23663600362686,0.3571350306446005,-0.3499351130652815,0.7121613357051264,-0.4927740034307403
img_001343.jpg,-0.0,0.0,1.0,-59.55998730735921,-9.283715330403387,-105.15101835464635,0.356625808181488,-0.3504541359303019,0.711443759816664,-0.4938093844452277
img_001344.jpg,-0.0,0.0,1.0,-59.573677178669385,-9.140004375234712,-105.06549507739682,0.3561156608093629,-0.3509724893613773,0.7107247874375779,-0.4948436362727104
img_001345.jpg,-0.0,0.0,1.0,-59.58715123208775,-8.996284924571764,-104.98004962405932,0.3556048292142617,-0.3514901141824305,0.7100043535009151,-0.4958767216569713
img_001346.jpg,-0.0,0.0,1.0,-59.60037774181103,-8.852553825231592,-104.894689834445,0.3550931274213113,-0.3520068549906276,0.7092825901626987,-0.4969086960296154
img_001347.jpg,-0.0,0.0,1.0,-59.61342841401539,-8.708790389687938,-104.8093446117575,0.3545809590954483,-0.3525230377127682,0.7085589308148765,-0.4979398486676811
img_001348.jpg,-0.0,0.0,1.0,-59.62622709734903,-8.564993709120925,-104.7240722745181,0.3540678036040104,-0.3530383780527066,0.707833866530311,-0.4989700506700737
img_001349.jpg,-0.0,0.0,1.0,-59.63881156347593,-8.421198662272234,-104.63888775770356,0.3535539743665211,-0.3535529875466504,0.7071074299564789,-0.4999989547057261
img_001350.jpg,-0.0,0.0,1.0,-59.65115339985095,-8.27738758578603,-104.5537939290892,0.3530392300444638,-0.3540667871066739,0.7063796904244588,-0.501026691178639
img_001351.jpg,-0.0,0.0,1.0,-59.663312095873806,-8.133548753968553,-104.46871472354992,0.3525239919388145,-0.3545799679153627,0.7056501125060344,-0.5020535829778371
img_001352.jpg,-0.0,0.0,1.0,-59.67524128126685,-7.989692925138706,-104.38370906183386,0.3520079318012372,-0.3550923750325123,0.7049191274511608,-0.5030793624233452
img_001353.jpg,-0.0,0.0,1.0,-59.68690497622288,-7.845816323381005,-104.29877524375333,0.3514908684873233,-0.3556038023161415,0.7041868383098895,-0.5041041577882998
img_001354.jpg,-0.0,0.0,1.0,-59.698409081507776,-7.701924005268084,-104.21386754513736,0.350973432900257,-0.3561147377352854,0.7034527335358058,-0.5051278992957526
img_001355.jpg,-0.0,0.0,1.0,-59.70968844675657,-7.558030859881555,-104.12905363848223,0.350455208946425,-0.3566249173692955,0.7027173538305207,-0.5061503091563726
img_001356.jpg,-0.0,0.0,1.0,-59.72071195610606,-7.414111303094488,-104.04428511789854,0.3499360554640363,-0.3571341288270594,0.701980531928153,-0.5071718682134051
img_001357.jpg,-0.0,0.0,1.0,-59.73153457290309,-7.270160871816312,-103.95956000161785,0.3494161900043019,-0.3576427269138221,0.7012420839396541,-0.5081924298535877
img_001358.jpg,-0.0,0.0,1.0,-59.74217110965625,-7.12621577560398,-103.8748946217596,0.3488958315534886,-0.3581506773558827,0.7005021253289917,-0.5092117078815918
img_001359.jpg,-0.0,0.0,1.0,-59.75253451619225,-6.9822381339127695,-103.79027379283026,0.3483744161916117,-0.3586575881078671,0.6997607804238173,-0.510230193948233
img_001360.jpg,-0.0,0.0,1.0,-59.76271424022834,-6.838262788080452,-103.70574065245688,0.3478524021566849,-0.3591639692861746,0.6990180490612283,-0.5112472166839227
img_001361.jpg,-0.0,0.0,1.0,-59.772650623507445,-6.694259441461943,-103.62122436377952,0.3473295648011607,-0.3596693910381507,0.6982737388342275,-0.5122634949122875
img_001362.jpg,-0.0,0.0,1.0,-59.78237352694709,-6.550253857572572,-103.53678067893225,0.3468060057295078,-0.3601740814276316,0.697528071816479,-0.5132784960289016
img_001363.jpg,-0.0,0.0,1.0,-59.79193473280673,-6.406214345741268,-103.45234620898331,0.3462819679515757,-0.3606783197762169,0.6967805334516873,-0.5142925592673602
img_001364.jpg,-0.0,0.0,1.0,-59.801206874912594,-6.262173958473114,-103.36802191228732,0.3457567480046202,-0.3611814776952751,0.6960320617533177,-0.5153053273454027
img_001365.jpg,-0.0,0.0,1.0,-59.81032560457362,-6.118118669280218,-103.28365210400304,0.3452313591912327,-0.361683980210537,0.6952815034130727,-0.516317381173339
img_001366.jpg,-0.0,0.0,1.0,-59.81919659368995,-5.974061048000841,-103.1994035011665,0.344704918800647,-0.3621856980910538,0.6945299426080896,-0.5173279403567326
img_001367.jpg,-0.0,0.0,1.0,-59.827816050835054,-5.82998091026151,-103.11523217555803,0.3441774248214525,-0.3626865765091294,0.6937771535743061,-0.5183373502282991
img_001368.jpg,-0.0,0.0,1.0,-59.83628822000067,-5.685881139881482,-103.03095572685775,0.3436499377181647,-0.3631866873347278,0.6930219938535548,-0.5193463839138301
img_001369.jpg,-0.0,0.0,1.0,-59.84449610487528,-5.541778390001988,-102.94689651427626,0.3431209977637782,-0.3636862108635107,0.6922663404809827,-0.5203533748890262
img_001370.jpg,-0.0,0.0,1.0,-59.8524993442079,-5.397661215418112,-102.86279546333608,0.3425916246318025,-0.3641847890036215,0.6915088094886822,-0.5213597458474092
img_001371.jpg,-0.0,0.0,1.0,-59.86032375287855,-5.2535376230412565,-102.778700770079,0.3420618249666543,-0.3646826854885168,0.6907495621526706,-0.5223650918574663
img_001372.jpg,-0.0,0.0,1.0,-59.86790188398244,-5.109392117219903,-102.69468612084331,0.3415309624879049,-0.3651797913750922,0.6899891172920662,-0.5233692192437809
img_001373.jpg,-0.0,0.0,1.0,-59.87527772744112,-4.965240234454172,-102.61072169228642,0.340999416865907,-0.3656762092575253,0.689227244036797,-0.5243721138252866
img_001374.jpg,-0.0,0.0,1.0,-59.88241704637551,-4.821072190677734,-102.52675190377676,0.3404671471732657,-0.3661716179390097,0.6884637795802065,-0.5253742400591817
img_001375.jpg,-0.0,0.0,1.0,-59.889407697798426,-4.6769113298116265,-102.4428657103873,0.3399344020526058,-0.366666698323178,0.6876989149476275,-0.5263747116092989
img_001376.jpg,-0.0,0.0,1.0,-59.89614119249877,-4.532732389509084,-102.35898077716188,0.3394007960092647,-0.3671606797154534,0.6869325632174689,-0.5273744291588679
img_001377.jpg,-0.0,0.0,1.0,-59.90268533038136,-4.388547857725357,-102.27514753210498,0.3388665462445815,-0.3676540602182156,0.6861647765856966,-0.5283728373170131
img_001378.jpg,-0.0,0.0,1.0,-59.9089994941311,-4.244336739307225,-102.19134414512352,0.3383314092772123,-0.3681466364727463,0.6853955386015825,-0.5293702553179066
img_001379.jpg,-0.0,0.0,1.0,-59.9151067932562,-4.100142237116778,-102.10758413238226,0.3377956928118598,-0.3686383788745614,0.6846249527068689,-0.530366373056973
img_001380.jpg,-0.0,0.0,1.0,-59.92101688302356,-3.955918412548297,-102.02379652950448,0.3372593997775248,-0.3691293622199322,0.6838525496228379,-0.5313617426792728
img_001381.jpg,-0.0,0.0,1.0,-59.92666174145826,-3.811682192892704,-101.94010637012968,0.3367219048755051,-0.3696194690860115,0.6830791768104282,-0.5323557504691521
img_001382.jpg,-0.0,0.0,1.0,-59.932124077093896,-3.667455918012926,-101.8564036920831,0.3361840701404713,-0.3701087632570725,0.6823041212005164,-0.5333487231979633
img_001383.jpg,-0.0,0.0,1.0,-59.93734871641746,-3.523216550018503,-101.7727737370199,0.3356452259053991,-0.3705972811096351,0.6815279050324596,-0.5343403898482
img_001384.jpg,-0.0,0.0,1.0,-59.942344971662656,-3.3789636434896857,-101.68915293583724,0.3351056128561199,-0.3710848967997254,0.6807502077347864,-0.5353310959289648
img_001385.jpg,-0.0,0.0,1.0,-59.94718838635677,-3.234705255385329,-101.60549790808358,0.3345657667444739,-0.3715718959831548,0.6799706081066375,-0.5363208423595484
img_001386.jpg,-0.0,0.0,1.0,-59.95181516715378,-3.090452229521998,-101.5219434810985,0.3340250108349894,-0.3720582431241229,0.6791899777491108,-0.5373089706912018
img_001387.jpg,-0.0,0.0,1.0,-59.9562727309502,-2.94617120029082,-101.43835264099928,0.3334838146446578,-0.3725439845211607,0.6784074405550088,-0.5382962656072833
img_001388.jpg,-0.0,0.0,1.0,-59.9603899698731,-2.8018883278073297,-101.35482333331224,0.3329412023499744,-0.3730282682775587,0.6776240865788622,-0.5392825457325334
img_001389.jpg,-0.0,0.0,1.0,-59.96439183006808,-2.6576116876748586,-101.27125315179164,0.3323986064330645,-0.3735120915768258,0.6768387301070893,-0.5402677274410199
img_001390.jpg,-0.0,0.0,1.0,-59.96813424322376,-2.5133326422161546,-101.18777231420668,0.3318548700873596,-0.3739950254190316,0.6760524374373659,-0.5412514831352575
img_001391.jpg,-0.0,0.0,1.0,-59.97169495540695,-2.36902330562082,-101.10430474105652,0.3313104419237446,-0.3744774467199823,0.6752645293663435,-0.5422341268769667
img_001392.jpg,-0.0,0.0,1.0,-59.97506907846103,-2.2247274205426124,-101.02078706238542,0.3307657550896893,-0.3749589331171048,0.6744748428220904,-0.5432158872269356
img_001393.jpg,-0.0,0.0,1.0,-59.978176077746,-2.080420037347019,-100.9373758369677,0.330219766915993,-0.3754395872596059,0.6736843232903205,-0.5441961543498328
img_001394.jpg,-0.0,0.0,1.0,-59.98111243207912,-1.936115356882561,-100.85393367383637,0.329673462045362,-0.3759195141109379,0.6728920477134478,-0.5451754024693564
img_001395.jpg,-0.0,0.0,1.0,-59.98384378511759,-1.7917991933774495,-100.77050395650936,0.3291264493479758,-0.3763987087251204,0.6720983022753539,-0.5461535173266241
img_001396.jpg,-0.0,0.0,1.0,-59.986315997233895,-1.647481412384652,-100.68711010850616,0.3285784459690484,-0.3768768760105608,0.6713034093592489,-0.5471304759888032
img_001397.jpg,-0.0,0.0,1.0,-59.988625852367264,-1.5031691857603162,-100.60373572412615,0.3280300043139213,-0.377354504151131,0.6705069986431327,-0.548106065681854
img_001398.jpg,-0.0,0.0,1.0,-59.99070837727312,-1.3588472183483231,-100.52034447450656,0.3274808411624253,-0.3778311861147901,0.669709074694638,-0.5490807306237332
img_001399.jpg,-0.0,0.0,1.0,-59.99255161226628,-1.2145191513671465,-100.43699594282025,0.3269307189517415,-0.3783070082469185,0.6689099783935677,-0.5500541367197234
img_001400.jpg,-0.0,0.0,1.0,-59.99420567707533,-1.0701939240292844,-100.35361723431828,0.326380165772803,-0.3787820149147172,0.668109225268835,-0.5510265290146582
img_001401.jpg,-0.0,0.0,1.0,-59.99566372685791,-0.9258670354275615,-100.27023690216598,0.3258290248212196,-0.3792562727042774,0.6673069681641198,-0.5519977685082812
img_001402.jpg,-0.0,0.0,1.0,-59.99690711955852,-0.7815227653570532,-100.1868729439778,0.3252770518238497,-0.3797298039330481,0.6665033180311585,-0.5529678495312451
img_001403.jpg,-0.0,0.0,1.0,-59.99794693164243,-0.6371959063550481,-100.10351829814115,0.324724520267073,-0.3802024866863322,0.6656983062738495,-0.5539366570998682
img_001404.jpg,-0.0,0.0,1.0,-59.99874191912679,-0.4928666451984724,-100.02020562017042,0.3241710033217688,-0.3806742736663413,0.6648921796272299,-0.5549041786151125
img_001405.jpg,-0.0,0.0,1.0,-59.99938274549612,-0.34853299631322,-99.93685288735584,0.3236171965573095,-0.3811454718533292,0.6640842405228281,-0.5558706332118194
img_001406.jpg,-0.0,0.0,1.0,-59.99976470980624,-0.2041893371341519,-99.85351946682248,0.3230623587509423,-0.3816156728013259,0.663275114550879,-0.5568359839739052
img_001407.jpg,-0.0,0.0,1.0,-59.99996204849281,-0.059846211452077,-99.77019649116858,0.3225069361378479,-0.3820852335550292,0.6624645474273296,-0.5578000303371092
img_001408.jpg,-0.0,0.0,1.0,-59.99994870062416,0.084482777844539,-99.68684511997148,0.3219510062872348,-0.3825538310172369,0.661652481071302,-0.5587630179395039
img_001409.jpg,-0.0,0.0,1.0,-59.99974575688556,0.2288222087057433,-99.60347788116678,0.3213944845406561,-0.3830217455787855,0.6608388423964064,-0.5597248896563412
img_001410.jpg,-0.0,0.0,1.0,-59.99931839374048,0.3731485167114705,-99.52013927015672,0.3208371843657719,-0.3834887897424177,0.6600240375829143,-0.5606854011679698
img_001411.jpg,-0.0,0.0,1.0,-59.99863552309386,0.5175055896948376,-99.43684630353394,0.3202786379830104,-0.3839550494129933,0.6592081365487673,-0.5616446801937284
img_001412.jpg,-0.0,0.0,1.0,-59.99779929648951,0.6618272475206199,-99.35349356041512,0.31972007720243,-0.3844204988261686,0.6583904749232695,-0.5626028215768416
img_001413.jpg,-0.0,0.0,1.0,-59.99674503124946,0.8061630051562583,-99.27013492348932,0.3191607149210896,-0.3848851612819494,0.6575713979002343,-0.5635598524908944
img_001414.jpg,-0.0,0.0,1.0,-59.99547973130318,0.950498783086011,-99.1867847045824,0.3186006146940386,-0.3853490519451085,0.6567509985089934,-0.564515617533321
img_001415.jpg,-0.0,0.0,1.0,-59.99396468686791,1.0948384031636549,-99.1034311233458,0.318039598923483,-0.3858119386332207,0.6559293441914924,-0.5654702971449382
img_001416.jpg,-0.0,0.0,1.0,-59.99224427388727,1.23916927402286,-99.02010404251328,0.3174778540842154,-0.3862741009349619,0.6551064757646193,-0.5664235487020544
img_001417.jpg,-0.0,0.0,1.0,-59.990319949992255,1.3834944054214653,-98.93672434123847,0.3169156328250631,-0.3867353461354467,0.6542819947315879,-0.5673758234985345
img_001418.jpg,-0.0,0.0,1.0,-59.98822187343927,1.5278056679707093,-98.853285536589,0.3163531504001486,-0.3871957929822627,0.6534557955689003,-0.5683270408542542
img_001419.jpg,-0.0,0.0,1.0,-59.98589053320151,1.6721158165841985,-98.76989966452464,0.3157896561004426,-0.3876554771519764,0.6526286034530423,-0.5692767605382898
img_001420.jpg,-0.0,0.0,1.0,-59.98333451725858,1.816445952156449,-98.68648664426338,0.3152253367970797,-0.3881143333703682,0.6517999366270741,-0.5702254763570147
img_001421.jpg,-0.0,0.0,1.0,-59.98058064014756,1.96075063658683,-98.60306526797126,0.3146605209930155,-0.3885723486210851,0.6509699365360883,-0.5711728531204011
img_001422.jpg,-0.0,0.0,1.0,-59.97759680643722,2.105074924079015,-98.51966090824368,0.3140946984576994,-0.389029633376449,0.6501387123013026,-0.5721189732240635
img_001423.jpg,-0.0,0.0,1.0,-59.97445188625572,2.2493789352861824,-98.43620961440556,0.3135286567913664,-0.3894862125269179,0.6493058343056411,-0.5730638752867725
img_001424.jpg,-0.0,0.0,1.0,-59.97109162559775,2.3936626737835183,-98.352703202516,0.312962149932857,-0.3899417600665317,0.6484714510909602,-0.5740077469735089
img_001425.jpg,-0.0,0.0,1.0,-59.967451243289695,2.537966279034368,-98.26925084415922,0.3123942456364857,-0.3903964076950687,0.6476362169033577,-0.5749502680294215
img_001426.jpg,-0.0,0.0,1.0,-59.963705725604704,2.682236845705913,-98.18570654905488,0.3118266207182202,-0.3908504926033634,0.6467989670515932,-0.5758916106908968
img_001427.jpg,-0.0,0.0,1.0,-59.9596428393083,2.826533288065835,-98.10222446520172,0.3112573398760607,-0.3913035269488595,0.6459610291283315,-0.5768316626348876
img_001428.jpg,-0.0,0.0,1.0,-59.95543382211586,2.9707994194539027,-98.01864936311983,0.3106881146182101,-0.3917557854017825,0.6451212122264176,-0.5777706478999532
img_001429.jpg,-0.0,0.0,1.0,-59.95098869774673,3.1150980084585225,-97.93512438437163,0.3101176368021033,-0.3922074590152192,0.6442803617992314,-0.5787081957575471
img_001430.jpg,-0.0,0.0,1.0,-59.94642204365629,3.259320768635957,-97.85146953343494,0.3095477234221163,-0.3926581810638884,0.6434375091572456,-0.5796446597505261
img_001431.jpg,-0.0,0.0,1.0,-59.94156365174487,3.4035807634722666,-97.76786561130592,0.3089762385107502,-0.3931080391695903,0.6425938151389002,-0.5805798328578256
img_001432.jpg,-0.0,0.0,1.0,-59.93645656357925,3.5478509225094843,-97.68423909257297,0.3084038030562651,-0.393556949521377,0.6417488485416529,-0.5815139182679323
img_001433.jpg,-0.0,0.0,1.0,-59.93119995719767,3.692066868549664,-97.60054460436862,0.3078314447076703,-0.3940050363769263,0.6409022400542908,-0.5824466942581079
img_001434.jpg,-0.0,0.0,1.0,-59.92570987119403,3.8363039062961457,-97.5168473015606,0.3072580751789165,-0.3944523758734941,0.6400543850950463,-0.5833782499594112
img_001435.jpg,-0.0,0.0,1.0,-59.91995114911944,3.9805520058399577,-97.43316210815576,0.3066835174729285,-0.3948987674468489,0.6392055175252859,-0.5843085571379413
img_001436.jpg,-0.0,0.0,1.0,-59.91402489084124,4.124773035823431,-97.34941989329047,0.306108741477443,-0.3953444088991766,0.6383550597894433,-0.5852376050669276
img_001437.jpg,-0.0,0.0,1.0,-59.90787211718619,4.268977874398884,-97.26563288659888,0.3055333384205784,-0.3957890615534313,0.6375032495906998,-0.5861655095871201
img_001438.jpg,-0.0,0.0,1.0,-59.90154628679753,4.413165205665036,-97.1817920142134,0.3049576176212941,-0.3962329968425259,0.6366498654047165,-0.5870921669960276
img_001439.jpg,-0.0,0.0,1.0,-59.89502027632436,4.557326179404258,-97.0979114774782,0.3043814397418538,-0.3966760628246963,0.6357951064308048,-0.5880175362701485
img_001440.jpg,-0.0,0.0,1.0,-59.88818815011634,4.701559341523287,-97.01409039535235,0.303803344527871,-0.3971184197519677,0.6349395479996461,-0.5889416430626933
img_001441.jpg,-0.0,0.0,1.0,-59.88125510902968,4.8457050069701655,-96.93015920339688,0.3032258925189474,-0.3975599816835543,0.6340821111629436,-0.5898643872730445
img_001442.jpg,-0.0,0.0,1.0,-59.87409792868402,4.989834141627772,-96.84618029639029,0.3026478219986135,-0.3980005814289047,0.6332233278449085,-0.5907859596290088
img_001443.jpg,-0.0,0.0,1.0,-59.86669318017639,5.134001863376522,-96.7622077982245,0.3020685019791245,-0.3984405059613617,0.6323633914587304,-0.5917062822584818
img_001444.jpg,-0.0,0.0,1.0,-59.8590448449328,5.278153418424476,-96.678203380535,0.3014883982670939,-0.3988794144061069,0.6315022682704526,-0.5926253822126222
img_001445.jpg,-0.0,0.0,1.0,-59.8511746636871,5.422309683436841,-96.59415876618976,0.30090752771396,-0.3993175116780158,0.6306397799646022,-0.5935433030188684
img_001446.jpg,-0.0,0.0,1.0,-59.84316972070847,5.566390632258684,-96.51002877461212,0.3003269586797044,-0.3997547730050138,0.6297756472558222,-0.5944598165338169
img_001447.jpg,-0.0,0.0,1.0,-59.83483902740383,5.710528532903097,-96.42590765365632,0.2997446048262272,-0.4001910448270827,0.6289106118468994,-0.5953752949393646
img_001448.jpg,-0.0,0.0,1.0,-59.82636068687487,5.854610779301177,-96.34170651013832,0.2991623479019867,-0.4006265291399065,0.6280439536100795,-0.5962894146980162
img_001449.jpg,-0.0,0.0,1.0,-59.81770096398738,5.998679856392924,-96.257484520947,0.298579558456604,-0.4010614064044179,0.6271759683815542,-0.5972020598168006
img_001450.jpg,-0.0,0.0,1.0,-59.8088297794254,6.142709821127096,-96.17317420348188,0.297996463260902,-0.4014952141076474,0.6263064982374327,-0.5981135938918402
img_001451.jpg,-0.0,0.0,1.0,-59.79963987310761,6.28679320811847,-96.08886722684818,0.2974116430397715,-0.4019280611475731,0.625436106543261,-0.5990240603502861
img_001452.jpg,-0.0,0.0,1.0,-59.79039465456131,6.430751502890566,-96.00443764383392,0.2968279442920089,-0.4023601936901323,0.6245637902365359,-0.5999329278731014
img_001453.jpg,-0.0,0.0,1.0,-59.780759435284274,6.574842673447528,-95.92007848828985,0.2962414450337285,-0.4027915486703911,0.6236909096207724,-0.6008407641134629
img_001454.jpg,-0.0,0.0,1.0,-59.77099352905052,6.718833374775069,-95.83559056077306,0.2956555474506381,-0.4032218917017056,0.6228162683934297,-0.6017472884348086
img_001455.jpg,-0.0,0.0,1.0,-59.76100873746865,6.86281096330855,-95.75106814482098,0.2950689508973028,-0.4036514168886049,0.6219403944112758,-0.6026524650739706
img_001456.jpg,-0.0,0.0,1.0,-59.75068087319298,7.006850107194727,-95.66653097126536,0.2944804972074452,-0.4040798706810131,0.6210635923898892,-0.6035567157133097
img_001457.jpg,-0.0,0.0,1.0,-59.740298980317824,7.1508149087106805,-95.58191348606336,0.2938927211641509,-0.4045079945499408,0.6201849456574434,-0.6044592492234606
img_001458.jpg,-0.0,0.0,1.0,-59.72964405547769,7.294752503310836,-95.49722936323944,0.2933041464856878,-0.4049348714735379,0.6193051506994408,-0.6053606840852439
img_001459.jpg,-0.0,0.0,1.0,-59.7188148765272,7.438670368424936,-95.41250356202512,0.2927151602399725,-0.4053611414523736,0.6184239717836256,-0.6062606461658889
img_001460.jpg,-0.0,0.0,1.0,-59.70774067794931,7.582616284674885,-95.32773802262032,0.2921251026517764,-0.4057866650213846,0.6175415180975025,-0.6071594356652492
img_001461.jpg,-0.0,0.0,1.0,-59.69642272113151,7.72653509469322,-95.2429183456535,0.2915343464103713,-0.4062111492154653,0.616657895756579,-0.6080569600927176
img_001462.jpg,-0.0,0.0,1.0,-59.68492098232713,7.8703958104823695,-95.15799433822356,0.290943563887773,-0.4066346437488797,0.6157727338015825,-0.6089532407681467
img_001463.jpg,-0.0,0.0,1.0,-59.67319759088547,8.01425684855028,-95.07303457540236,0.29035197108338,-0.4070574091928906,0.6148863432002918,-0.6098481642629915
img_001464.jpg,-0.0,0.0,1.0,-59.6612218158416,8.158127478931435,-94.98803933294391,0.289759346612673,-0.4074793319163278,0.6139988095682275,-0.6107418251277864
img_001465.jpg,-0.0,0.0,1.0,-59.64904397134349,8.301941665465977,-94.90294443701764,0.2891665650631986,-0.4079002031551151,0.6131098370314808,-0.6116342449951584
img_001466.jpg,-0.0,0.0,1.0,-59.63663984435805,8.445761933402386,-94.81780961600624,0.2885729211863894,-0.4083203544416856,0.612219627741826,-0.6125253339366709
img_001467.jpg,-0.0,0.0,1.0,-59.62406138497758,8.58954106665737,-94.73259635704022,0.287979100037866,-0.4087397413241315,0.6113279537952097,-0.6134150264806243
img_001468.jpg,-0.0,0.0,1.0,-59.61122332388234,8.733306558331996,-94.64731566286892,0.2873844449993249,-0.4091580759363285,0.6104350915968686,-0.6143035476176533
img_001469.jpg,-0.0,0.0,1.0,-59.59808697101913,8.87712930341015,-94.5620154268096,0.2867881642622484,-0.4095756245722133,0.6095412038100411,-0.6151909276421239
img_001470.jpg,-0.0,0.0,1.0,-59.58488004708775,9.020798614014096,-94.47658477002264,0.2861930905459751,-0.4099922994186141,0.6086455955488622,-0.6160765929331773
img_001471.jpg,-0.0,0.0,1.0,-59.57136018381517,9.164557136825382,-94.39112901494232,0.2855961421283445,-0.4104082637291331,0.6077488873816947,-0.6169612553074598
img_001472.jpg,-0.0,0.0,1.0,-59.55764321546744,9.308217070964082,-94.30557787793838,0.2849992748013659,-0.4108230477082104,0.6068509262157763,-0.6178444708706938
img_001473.jpg,-0.0,0.0,1.0,-59.54365263399984,9.451951164587918,-94.21998283763357,0.2844008915499134,-0.411237222482589,0.6059516843698067,-0.6187266245603255
img_001474.jpg,-0.0,0.0,1.0,-59.52947014112031,9.595582742969126,-94.13430218594024,0.2838026000852561,-0.4116502612869815,0.6050512486493952,-0.6196072409801354
img_001475.jpg,-0.0,0.0,1.0,-59.515048153742505,9.739250976801424,-94.04856637352307,0.2832032280562149,-0.4120626725235023,0.6041494869147901,-0.6204866501319142
img_001476.jpg,-0.0,0.0,1.0,-59.50044270188564,9.882827192707827,-93.9627274410454,0.2826039917556365,-0.4124740114087799,0.6032463822061814,-0.6213646080292017
img_001477.jpg,-0.0,0.0,1.0,-59.48558046344079,10.026397356715291,-93.87681925583895,0.2820038734425074,-0.4128844005727294,0.602342093930439,-0.6222413430547783
img_001478.jpg,-0.0,0.0,1.0,-59.47051821451112,10.16999883904223,-93.79085107558149,0.2814029294722546,-0.4132943497159366,0.6014363447966043,-0.6231167586696849
img_001479.jpg,-0.0,0.0,1.0,-59.45519829961364,10.31356454836936,-93.70479941301524,0.2808013159684974,-0.4137031771311509,0.6005294504308968,-0.6239909305006898
img_001480.jpg,-0.0,0.0,1.0,-59.439720166984586,10.457075291260091,-93.61866803966356,0.2801996692786533,-0.4141113257482429,0.5996211442485664,-0.624863535976621
img_001481.jpg,-0.0,0.0,1.0,-59.42396955548686,10.600584585563738,-93.5324494655249,0.2795970827880242,-0.4145184459121226,0.5987116189543782,-0.6257350290850378
img_001482.jpg,-0.0,0.0,1.0,-59.40802337979638,10.744050952815384,-93.4461602068539,0.2789941533460602,-0.4149247841470694,0.5978008354611738,-0.626605016753892
img_001483.jpg,-0.0,0.0,1.0,-59.39179472579543,10.887541996768528,-93.35979305018584,0.2783900392249329,-0.4153302053506436,0.5968888401029101,-0.6274739190949175
img_001484.jpg,-0.0,0.0,1.0,-59.37531998175447,11.030959056692778,-93.27333394870324,0.2777855567200842,-0.4157343909007815,0.5959757725179723,-0.6283414511805465
img_001485.jpg,-0.0,0.0,1.0,-59.35869732101243,11.174341853613722,-93.1867859495311,0.2771810019108295,-0.4161380586429236,0.5950611608321719,-0.6292074564066095
img_001486.jpg,-0.0,0.0,1.0,-59.34176644785578,11.31775510984814,-93.10016172353072,0.2765750734298824,-0.4165407283824741,0.5941454356221174,-0.6300724178102524
img_001487.jpg,-0.0,0.0,1.0,-59.32461070128991,11.461120660016546,-93.01344969538896,0.2759687191823038,-0.4169424304307019,0.593228509231864,-0.6309359805669339
img_001488.jpg,-0.0,0.0,1.0,-59.30732343485855,11.604437056311852,-92.92664672608326,0.2753624714936793,-0.4173436390518261,0.5923100353222183,-0.6317979252043048
img_001489.jpg,-0.0,0.0,1.0,-59.289727690908535,11.747752088794572,-92.8397542292038,0.2747550724759757,-0.4177436817983719,0.5913905033343899,-0.6326587856278919
img_001490.jpg,-0.0,0.0,1.0,-59.27192371448974,11.891015186226811,-92.7527710446978,0.2741473683909413,-0.4181428340385314,0.5904697252351222,-0.6335181878425479
img_001491.jpg,-0.0,0.0,1.0,-59.25385760568614,12.03428993385737,-92.66569623257436,0.2735386957356407,-0.4185411326487601,0.5895476735127531,-0.6343764204886859
img_001492.jpg,-0.0,0.0,1.0,-59.235553138533376,12.177536724453724,-92.5785309467571,0.2729294077461964,-0.4189385165492518,0.5886244129154189,-0.6352333100985821
img_001493.jpg,-0.0,0.0,1.0,-59.21702444462287,12.32071791220711,-92.49126883689236,0.2723198209459354,-0.4193348661138492,0.5876999957710828,-0.6360887517885561
img_001494.jpg,-0.0,0.0,1.0,-59.198294017251,12.463892694407216,-92.4039147590326,0.2717096991504343,-0.419730603613589,0.5867741620519175,-0.6369428094625318
img_001495.jpg,-0.0,0.0,1.0,-59.1793580952958,12.606969470929812,-92.31644633426764,0.2710996303882697,-0.4201252155446974,0.5858471324592759,-0.6377953676972801
img_001496.jpg,-0.0,0.0,1.0,-59.16012093417031,12.750160305218182,-92.22891158894366,0.2704876803634802,-0.4205193685506013,0.5849187741348,-0.6386469314966057
img_001497.jpg,-0.0,0.0,1.0,-59.14066952346851,12.893239233984191,-92.14125624353112,0.2698758333484661,-0.4209122826428143,0.5839892777681621,-0.6394969963547185
img_001498.jpg,-0.0,0.0,1.0,-59.12097957939415,13.036273615789328,-92.05350460159956,0.2692634743801055,-0.421304227039699,0.5830586331905391,-0.6403456565833927
img_001499.jpg,-0.0,0.0,1.0,-59.10108140733187,13.1792977743776,-91.96564851559876,0.2686506029270181,-0.421695511215937,0.58212656566442,-0.6411929591901544
img_001500.jpg,-0.0,0.0,1.0,-59.0809213731613,13.322303163770242,-91.8776962889072,0.268036935830765,-0.4220858472164317,0.5811933546855699,-0.6420389576025544
img_001501.jpg,-0.0,0.0,1.0,-59.06050551240703,13.465253808416962,-91.78963113796009,0.2674227736433668,-0.4224750582364096,0.5802590193363778,-0.6428836253816208
img_001502.jpg,-0.0,0.0,1.0,-59.03987850848811,13.6082009433529,-91.70147239104531,0.2668079983475946,-0.4228636732028981,0.5793233237783428,-0.643726877199885
img_001503.jpg,-0.0,0.0,1.0,-59.01899836308607,13.751121343342788,-91.61320990200038,0.266192543620154,-0.4232513494087853,0.5783864550694587,-0.6445687965895182
img_001504.jpg,-0.0,0.0,1.0,-58.99785608239455,13.894006166975789,-91.5248318129383,0.2655764513285003,-0.4236379783559881,0.5774484173006857,-0.6454094337326849
img_001505.jpg,-0.0,0.0,1.0,-58.9765271689376,14.036844525635788,-91.43634703059637,0.2649601747321112,-0.4240239151977634,0.5765090264995522,-0.6462485338558439
img_001506.jpg,-0.0,0.0,1.0,-58.95492263803951,14.17961165688166,-91.34773714072068,0.2643434214891966,-0.4244085553761742,0.5755686038074003,-0.6470863280506657
img_001507.jpg,-0.0,0.0,1.0,-58.93308882398687,14.32240109341166,-91.25903160634606,0.2637258027798879,-0.4247926647214242,0.5746268083863857,-0.6479227762863806
img_001508.jpg,-0.0,0.0,1.0,-58.91096414913989,14.465155711395017,-91.1702110217753,0.2631073694812345,-0.4251756180131705,0.5736839725019743,-0.6487579715626913
img_001509.jpg,-0.0,0.0,1.0,-58.888653772039554,14.607870356042405,-91.08127282285636,0.2624887540463119,-0.4255579184483619,0.5727397158697192,-0.6495916639786763
img_001510.jpg,-0.0,0.0,1.0,-58.86606652148622,14.750570130234134,-90.99221755579212,0.2618692917680925,-0.4259392412498553,0.5717942930487276,-0.650424110276734
img_001511.jpg,-0.0,0.0,1.0,-58.84328681265836,14.893186760722935,-90.90305657860532,0.2612498109838357,-0.4263197073168813,0.5708477113281765,-0.6512548916403944
img_001512.jpg,-0.0,0.0,1.0,-58.82022824805203,15.035805767405934,-90.813769464326,0.2606294026201659,-0.4266992649198146,0.5698998666687182,-0.6520844989552524
img_001513.jpg,-0.0,0.0,1.0,-58.79691020306775,15.178382332409411,-90.72435820535333,0.2600084254320254,-0.4270778041923365,0.5689508687080493,-0.6529127635963072
img_001514.jpg,-0.0,0.0,1.0,-58.77337827795235,15.320869946875089,-90.63483285694744,0.2593873679134375,-0.4274553544542401,0.5680007825911912,-0.653739416198177
img_001515.jpg,-0.0,0.0,1.0,-58.74954722859934,15.463420814729137,-90.54518134942992,0.2587649104798588,-0.4278322182236256,0.5670492989880487,-0.6545650515199885
img_001516.jpg,-0.0,0.0,1.0,-58.7254871644494,15.605910519742167,-90.45541365898146,0.2581421306432063,-0.4282081647244438,0.5660966793897484,-0.6553891650265586
img_001517.jpg,-0.0,0.0,1.0,-58.70122457285306,15.748307293515795,-90.36550817961172,0.2575194424146859,-0.4285831277413875,0.5651428252279312,-0.6562117238264115
img_001518.jpg,-0.0,0.0,1.0,-58.67669884968924,15.890701680013828,-90.27549072528495,0.2568958797394328,-0.4289573169076477,0.5641877792197335,-0.657032934504352
img_001519.jpg,-0.0,0.0,1.0,-58.65189682730313,16.033068016238857,-90.1853288094628,0.2562716344441528,-0.4293304773329486,0.5632315052640529,-0.657852918280655
img_001520.jpg,-0.0,0.0,1.0,-58.6268658175441,16.17538711283957,-90.09506424853862,0.2556469301142056,-0.4297028494460742,0.5622741432692824,-0.6586713111346975
img_001521.jpg,-0.0,0.0,1.0,-58.60156875811215,16.31764935721254,-90.0046436779349,0.255021807642217,-0.430074092924217,0.5613155672035003,-0.6594884276750583
img_001522.jpg,-0.0,0.0,1.0,-58.57604993377839,16.45987309614421,-89.91410783075005,0.2543962619293104,-0.4304446134849662,0.5603557817929239,-0.6603040015397549
img_001523.jpg,-0.0,0.0,1.0,-58.55023007283346,16.602099517729485,-89.82343119253515,0.2537696934644938,-0.4308141765771217,0.5593947881538454,-0.661118415206707
img_001524.jpg,-0.0,0.0,1.0,-58.52418213024765,16.744256381564377,-89.73261693148572,0.2531429249711265,-0.4311828003870544,0.5584326074714366,-0.661931322041866
img_001525.jpg,-0.0,0.0,1.0,-58.49785632573197,16.886377384473494,-89.6416773454916,0.2525154273604031,-0.4315504425960497,0.5574693766355157,-0.6627428374216927
img_001526.jpg,-0.0,0.0,1.0,-58.4713152234998,17.028456514917348,-89.55059957946841,0.2518876438500224,-0.4319173580687342,0.5565048138888214,-0.6635528636010679
img_001527.jpg,-0.0,0.0,1.0,-58.44449805097869,17.17050457204975,-89.4593826486698,0.2512591630660926,-0.4322833103423031,0.5555391068155094,-0.6643615532023603
img_001528.jpg,-0.0,0.0,1.0,-58.41738985942091,17.312521771326733,-89.36801772944436,0.250629928441243,-0.4326482177973744,0.5545722651776095,-0.6651689719928827
img_001529.jpg,-0.0,0.0,1.0,-58.39006855554943,17.454480571771,-89.2765137417142,0.2500005153354611,-0.4330123507125216,0.5536041565725519,-0.6659748375787283
img_001530.jpg,-0.0,0.0,1.0,-58.36247183093394,17.59638201429015,-89.18487223745171,0.2493705487875952,-0.4333754244068669,0.5526350270329526,-0.6667792721837035
img_001531.jpg,-0.0,0.0,1.0,-58.33460746906681,17.73827179487911,-89.09309125373409,0.2487398170213137,-0.4337377051604053,0.5516646670930284,-0.6675823556921849
img_001532.jpg,-0.0,0.0,1.0,-58.306487662093616,17.880114500301747,-89.00115514234854,0.2481086524429752,-0.4340990527818621,0.550693079718682,-0.6683840519542446
img_001533.jpg,-0.0,0.0,1.0,-58.27812346386732,18.021877585787376,-88.9090725599063,0.2474772726359835,-0.4344593880070179,0.5497204034704181,-0.6691842180667018
img_001534.jpg,-0.0,0.0,1.0,-58.2494909699884,18.163624171840187,-88.81684531335901,0.246845167160146,-0.4348189183044917,0.5487465032772858,-0.6699830198409084
img_001535.jpg,-0.0,0.0,1.0,-58.220595144126506,18.305353412025024,-88.72446490802628,0.2462124007511376,-0.4351776539786328,0.5477713188141655,-0.670780474878782
img_001536.jpg,-0.0,0.0,1.0,-58.19143252812263,18.4469886300597,-88.63193326682405,0.2455793851054664,-0.4355352151587283,0.5467951745704891,-0.6715764133993165
img_001537.jpg,-0.0,0.0,1.0,-58.16200398831429,18.588582634041547,-88.5392569309654,0.2449457956018355,-0.4358918881674105,0.5458179082901081,-0.6723709021341157
img_001538.jpg,-0.0,0.0,1.0,-58.13228010968127,18.73018971330239,-88.44642355462793,0.2443111932637824,-0.43624778239252,0.5448393551787727,-0.673164162929084
img_001539.jpg,-0.0,0.0,1.0,-58.10233201057687,18.87168369853749,-88.35342750621288,0.2436767406501192,-0.4366026135257806,0.543859703882204,-0.6739558045018632
img_001540.jpg,-0.0,0.0,1.0,-58.07206218993888,19.01317181617615,-88.2602728880264,0.2430412318696839,-0.4369564632066982,0.542878940856968,-0.674746222254839
img_001541.jpg,-0.0,0.0,1.0,-58.04156135309141,19.154593529986283,-88.16697440112821,0.2424054908422173,-0.437309504625089,0.5418970467244266,-0.6755350219829076
img_001542.jpg,-0.0,0.0,1.0,-58.01081987725624,19.29596658988329,-88.07350410607606,0.2417694649781797,-0.4376617286165898,0.5409138300362974,-0.6763223828796194
img_001543.jpg,-0.0,0.0,1.0,-57.97972456381002,19.437330371938117,-87.9798750468463,0.2411322090641672,-0.4380128316005702,0.539929652132257,-0.6771085495350249
img_001544.jpg,-0.0,0.0,1.0,-57.94841190727737,19.578611668340624,-87.88608070729508,0.2404949727671951,-0.4383630933646298,0.538944243362494,-0.6778931103027436
img_001545.jpg,-0.0,0.0,1.0,-57.91681381810696,19.719856001794493,-87.79211778733503,0.2398571041644105,-0.4387124192113311,0.5379576725206384,-0.6786763038354752
img_001546.jpg,-0.0,0.0,1.0,-57.88496239024703,19.861029953488764,-87.69799853571419,0.2392189369931645,-0.4390608305600769,0.536970025238822,-0.6794579304465986
img_001547.jpg,-0.0,0.0,1.0,-57.85282462253949,20.002153815444075,-87.6037118961234,0.2385802005105808,-0.4394082586568186,0.5359812887246355,-0.6802381408636188
img_001548.jpg,-0.0,0.0,1.0,-57.82038407549575,20.14325559068557,-87.50924604047347,0.237940680480723,-0.4397547499074521,0.5349913514118713,-0.6810170676427313
img_001549.jpg,-0.0,0.0,1.0,-57.78770511154685,20.284301585870967,-87.41461442103649,0.2373008998995723,-0.4401004768061902,0.5340001835236838,-0.6817944391225916
img_001550.jpg,-0.0,0.0,1.0,-57.7547124794577,20.425290301961866,-87.31981374346013,0.2366604314395256,-0.4404450837469236,0.5330080658385595,-0.6825704140563528
img_001551.jpg,-0.0,0.0,1.0,-57.72146072978024,20.566231538126303,-87.22483574658713,0.2360195741935791,-0.4407888658621972,0.5320147065504724,-0.6833449263318008
img_001552.jpg,-0.0,0.0,1.0,-57.68793322644764,20.70710848463702,-87.12967875052,0.2353783310543979,-0.4411316691642393,0.5310202311362675,-0.6841179765613556
img_001553.jpg,-0.0,0.0,1.0,-57.6541220408654,20.84793248886224,-87.03434875327856,0.2347365655806702,-0.4414735349804147,0.5300246666602242,-0.6848895643992587
img_001554.jpg,-0.0,0.0,1.0,-57.62000038498129,20.988708044120244,-86.93884615508763,0.2340940891198838,-0.4418143725520072,0.5290281065522834,-0.6856597407776792
img_001555.jpg,-0.0,0.0,1.0,-57.585604862137856,21.12946259499964,-86.84315561457497,0.2334510213602973,-0.4421544652779726,0.5280302145937824,-0.6864285410271256
img_001556.jpg,-0.0,0.0,1.0,-57.5509584467008,21.270121613343097,-86.74728600924044,0.23280789197457,-0.4424935793583284,0.5270312558684166,-0.6871957312140196
img_001557.jpg,-0.0,0.0,1.0,-57.51598895074105,21.41074341238315,-86.65122800346003,0.2321639693723676,-0.4428316612353731,0.5260312273365901,-0.6879615970383425
img_001558.jpg,-0.0,0.0,1.0,-57.48076232965663,21.55127983558053,-86.55499893923366,0.2315198569762766,-0.443168821835596,0.5250301752893176,-0.6887258280434985
img_001559.jpg,-0.0,0.0,1.0,-57.44521029721673,21.6918070311011,-86.4585613263346,0.2308748526824733,-0.443505058347529,0.5240278407860564,-0.68948885973604
img_001560.jpg,-0.0,0.0,1.0,-57.40941080047379,21.83224118607378,-86.36195242105812,0.2302297599860949,-0.4438403994535661,0.5230244855684363,-0.6902502045820172
img_001561.jpg,-0.0,0.0,1.0,-57.37330119820436,21.97264299047125,-86.26514162278181,0.2295839722587327,-0.4441748070733471,0.5220199312983703,-0.6910102255180461
img_001562.jpg,-0.0,0.0,1.0,-57.33687898407767,22.11298828597308,-86.1681523383994,0.2289375206908846,-0.4445082085147326,0.5210144307297665,-0.6917687671138899
img_001563.jpg,-0.0,0.0,1.0,-57.30019112859992,22.25325569715658,-86.07096923339847,0.2282908695412813,-0.4448406916162487,0.5200078004575951,-0.6925257579539674
img_001564.jpg,-0.0,0.0,1.0,-57.263210225714566,22.393477798264165,-85.9735850377191,0.2276436946698006,-0.4451722886195925,0.5189999777457058,-0.6932813316556518
img_001565.jpg,-0.0,0.0,1.0,-57.22592584683604,22.533657450071026,-85.87599760787398,0.2269959242165157,-0.4455029730754808,0.5179909837961578,-0.6940355121143916
img_001566.jpg,-0.0,0.0,1.0,-57.18834109315782,22.67375401119569,-85.77822415840438,0.2263477414325955,-0.4458326031083608,0.5169810796844743,-0.6947881354789104
img_001567.jpg,-0.0,0.0,1.0,-57.150481578239145,22.813792726224666,-85.68025153634213,0.2256992077305027,-0.4461614036141792,0.5159699902408016,-0.6955392431241791
img_001568.jpg,-0.0,0.0,1.0,-57.11227373875936,22.95379549672288,-85.58206585470802,0.2250498048313703,-0.4464891353649942,0.514957834599463,-0.6962890677951322
img_001569.jpg,-0.0,0.0,1.0,-57.07380233856822,23.09372316814025,-85.48368242120758,0.2244002107478703,-0.4468160272260653,0.5139445389144703,-0.6970372975316458
img_001570.jpg,-0.0,0.0,1.0,-57.03501378200433,23.233577046769867,-85.3850928421351,0.2237501243189388,-0.4471418392361277,0.5129302614480048,-0.6977840671458999
img_001571.jpg,-0.0,0.0,1.0,-56.99593038851298,23.373367510150555,-85.2863049159923,0.2230995908741552,-0.447466749126968,0.5119149263542155,-0.6985293044341704
img_001572.jpg,-0.0,0.0,1.0,-56.956539313311545,23.5131182011496,-85.18729966482192,0.2224484706709179,-0.4477907907016671,0.510898377739436,-0.6992731464042917
img_001573.jpg,-0.0,0.0,1.0,-56.9168498546015,23.652785979718196,-85.0880835747073,0.2217970407177886,-0.448113815625984,0.5098807991294185,-0.7000154652956597
img_001574.jpg,-0.0,0.0,1.0,-56.87685717986363,23.79240569252693,-84.98865954092308,0.2211450607889972,-0.448435991789687,0.5088620911828308,-0.7007563025141242
img_001575.jpg,-0.0,0.0,1.0,-56.83653465762703,23.931953723576623,-84.88901441019503,0.2204925535151914,-0.4487570699858633,0.5078423791857068,-0.7014957190782095
img_001576.jpg,-0.0,0.0,1.0,-56.79592647833105,24.071441142385243,-84.78916056014944,0.2198396770921394,-0.4490773364039182,0.5068215263762608,-0.7022335813004266
img_001577.jpg,-0.0,0.0,1.0,-56.7549850422685,24.210878577021823,-84.68908788872672,0.2191861183918607,-0.4493966251105786,0.5057996194919587,-0.7029700304887265
img_001578.jpg,-0.0,0.0,1.0,-56.71373528913768,24.350219819354106,-84.5887947288781,0.2185322994954005,-0.4497148256398801,0.5047767447526481,-0.7037049435906108
img_001579.jpg,-0.0,0.0,1.0,-56.6722027473463,24.489507609305093,-84.48828818652616,0.2178781053536813,-0.4500322873683851,0.5037526766517944,-0.704438295594172
img_001580.jpg,-0.0,0.0,1.0,-56.63032065352411,24.62875570572537,-84.38754496403725,0.2172231383752508,-0.4503487523890802,0.5027274831052806,-0.7051703248908276
img_001581.jpg,-0.0,0.0,1.0,-56.58813578115909,24.767899738653444,-84.28658550302555,0.2165679718661589,-0.4506641572933807,0.50170137529156,-0.7059007443850606
img_001582.jpg,-0.0,0.0,1.0,-56.54562944080907,24.90697917729006,-84.18540187110082,0.2159122966595891,-0.4509786128311691,0.5006742219334364,-0.7066296727504472
img_001583.jpg,-0.0,0.0,1.0,-56.502799088913605,25.04601751981817,-84.08398377591827,0.215256003320704,-0.451292217427179,0.499645878523498,-0.7073571824746948
img_001584.jpg,-0.0,0.0,1.0,-56.45966091454488,25.18496257770576,-83.98233745820642,0.2145994638213801,-0.4516048059363297,0.4986165397342649,-0.7080831276666706
img_001585.jpg,-0.0,0.0,1.0,-56.41621724965725,25.32383416076579,-83.88046895639717,0.2139425557786711,-0.4519165098937572,0.4975861579663807,-0.7088074959483651
img_001586.jpg,-0.0,0.0,1.0,-56.37243093900382,25.46262987929824,-83.77835911842148,0.2132851380968905,-0.4522271322402911,0.496554776827266,-0.709530425241044
img_001587.jpg,-0.0,0.0,1.0,-56.32828747404121,25.6013994624557,-83.67600971158254,0.2126268304737716,-0.4525368740136717,0.4955222649111231,-0.7102519930263927
img_001588.jpg,-0.0,0.0,1.0,-56.28386123965959,25.74005313554726,-83.57342181249224,0.2119685995682844,-0.4528456243500098,0.4944887112659977,-0.7109719176835345
img_001589.jpg,-0.0,0.0,1.0,-56.23909507358235,25.87864312489267,-83.47059921038266,0.2113097789361391,-0.4531534153312438,0.4934541551935471,-0.7116903513620316
img_001590.jpg,-0.0,0.0,1.0,-56.1939847614498,26.017181132929537,-83.36753129388723,0.2106503173395987,-0.4534602804061975,0.4924185046218277,-0.7124073513129003
img_001591.jpg,-0.0,0.0,1.0,-56.14856167488941,26.15562973948568,-83.26422308748447,0.2099906020905869,-0.453766189724073,0.4913818271984563,-0.7131227748403747
img_001592.jpg,-0.0,0.0,1.0,-56.102803563158055,26.29399599168218,-83.16066684930033,0.2093304851815964,-0.4540710810273348,0.4903441393792626,-0.7138366944369807
img_001593.jpg,-0.0,0.0,1.0,-56.05671389696386,26.432297745938705,-83.05686962132695,0.2086698586551339,-0.4543750838185145,0.4893054028319168,-0.7145490858249417
img_001594.jpg,-0.0,0.0,1.0,-56.01027373121545,26.57054581782042,-82.9528138165968,0.2080086124709265,-0.4546781520765595,0.4882655435811702,-0.7152600604769913
img_001595.jpg,-0.0,0.0,1.0,-55.96351076920551,26.708676032273623,-82.84851474095903,0.2073472224838432,-0.4549801241309696,0.4872248198790123,-0.7159694063770233
img_001596.jpg,-0.0,0.0,1.0,-55.91640391684338,26.846764604192963,-82.74395962718958,0.2066851752221904,-0.4552812805159965,0.486182924188922,-0.7166773040791761
img_001597.jpg,-0.0,0.0,1.0,-55.8689722549402,26.9847553484074,-82.63914212772987,0.2060229336404887,-0.4555814229922164,0.4851399806211253,-0.717383660980293
img_001598.jpg,-0.0,0.0,1.0,-55.82116728662831,27.122676267392983,-82.5340808454702,0.2053599612296084,-0.4558805327152465,0.4840961874071841,-0.7180885095535685
img_001599.jpg,-0.0,0.0,1.0,-55.77302269375522,27.260531997933555,-82.42874740415355,0.2046965551492719,-0.4561787379710891,0.483051219174761,-0.7187919024216275
img_001600.jpg,-0.0,0.0,1.0,-55.72454960092146,27.398290730993224,-82.32315845832534,0.2040328990481035,-0.456475969319098,0.4820052745994903,-0.7194936975391001
img_001601.jpg,-0.0,0.0,1.0,-55.67573514403238,27.5359620390932,-82.21730945208657,0.2033688760792911,-0.4567722252244436,0.4809583421330216,-0.7201939375185071
img_001602.jpg,-0.0,0.0,1.0,-55.626563206592685,27.67357441622906,-82.11118854063571,0.2027042708189032,-0.4570675731298466,0.4799102978836381,-0.7208927230664817
img_001603.jpg,-0.0,0.0,1.0,-55.57705007027848,27.81109598151007,-82.00480038011014,0.2020393473885389,-0.457361943358432,0.4788612454410786,-0.7215899545370839
img_001604.jpg,-0.0,0.0,1.0,-55.5271781524173,27.94851291082273,-81.89815098714583,0.2013740490854886,-0.4576552170079397,0.4778113568282311,-0.7222856097045652
img_001605.jpg,-0.0,0.0,1.0,-55.476952541277306,28.08587774244677,-81.79122108477519,0.2007081877765971,-0.4579476586278134,0.4767602753628268,-0.7229798096438789
img_001606.jpg,-0.0,0.0,1.0,-55.42636678651117,28.223161000587314,-81.6840169155805,0.2000418644529161,-0.4582391183717843,0.4757081955839117,-0.723672491887283
img_001607.jpg,-0.0,0.0,1.0,-55.37543134514669,28.36034766269184,-81.57654033819205,0.1993752224896167,-0.4585295812218654,0.4746551564701153,-0.724363600851152
img_001608.jpg,-0.0,0.0,1.0,-55.32411165639562,28.4974750808184,-81.4687856468861,0.1987078552409645,-0.4588190956434104,0.4736011087209453,-0.7250532501525597
img_001609.jpg,-0.0,0.0,1.0,-55.272458013106856,28.63448679450223,-81.3607490818852,0.1980404145436196,-0.4591075934303809,0.4725460710216316,-0.7257412918003044
img_001610.jpg,-0.0,0.0,1.0,-55.220441985558864,28.77141817288844,-81.25244062577012,0.1973724809887871,-0.4593951657970527,0.4714900771237672,-0.726427761421914
img_001611.jpg,-0.0,0.0,1.0,-55.16804251684263,28.908278449713222,-81.14383290004636,0.1967039787296455,-0.4596817397090817,0.4704330046654728,-0.7271128049012577
img_001612.jpg,-0.0,0.0,1.0,-55.11530245882471,29.04502309543111,-81.03494305121569,0.1960353619637346,-0.4599673108493998,0.4693749844971138,-0.7277962171776197
img_001613.jpg,-0.0,0.0,1.0,-55.06216842655987,29.18170951185713,-80.92576576223459,0.1953659896204145,-0.4602519544268816,0.468315960155067,-0.7284781602834153
img_001614.jpg,-0.0,0.0,1.0,-55.008708843918015,29.318276147112496,-80.81629907414496,0.1946966513612652,-0.4605356510948045,0.467255910815294,-0.7291584476830564
img_001615.jpg,-0.0,0.0,1.0,-54.95483552233994,29.454791139304213,-80.70652741391483,0.1940264652888187,-0.4608183722706844,0.4661948087606268,-0.7298373509419523
img_001616.jpg,-0.0,0.0,1.0,-54.90060778222524,29.59117781120807,-80.59647717470529,0.1933561344845535,-0.4611000325205456,0.4651329146488907,-0.7305145699963628
img_001617.jpg,-0.0,0.0,1.0,-54.8459887403122,29.727498911539048,-80.48612136361278,0.1926851794882317,-0.4613807673393446,0.4640699445496152,-0.7311903279589128
img_001618.jpg,-0.0,0.0,1.0,-54.79101712755422,29.86372425870272,-80.3754652421289,0.1920139962437044,-0.4616606050237304,0.4630059099646118,-0.7318644945298873
img_001619.jpg,-0.0,0.0,1.0,-54.735633018859936,29.999846987560364,-80.26449670125643,0.1913422896484506,-0.4619392631220062,0.4619410100100675,-0.732537199498609
img_001620.jpg,-0.0,0.0,1.0,-54.67989216779511,30.135880244307668,-80.15324259979458,0.1906702338758158,-0.462217092898626,0.4608751417262997,-0.7332082410099111
img_001621.jpg,-0.0,0.0,1.0,-54.62374787515351,30.27182053815952,-80.04165972092069,0.1899977244027993,-0.4624938315895147,0.4598082377221489,-0.7338778542688554
img_001622.jpg,-0.0,0.0,1.0,-54.56723988727795,30.407675364941788,-79.92978412928893,0.189324828343287,-0.4627697518144742,0.4587403423632522,-0.7345458218973144
img_001623.jpg,-0.0,0.0,1.0,-54.51032758517049,30.54344282578749,-79.81759583134648,0.1886513771042031,-0.4630446630979924,0.4576715055849446,-0.7352122760596183
img_001624.jpg,-0.0,0.0,1.0,-54.45306876910381,30.679072099227703,-79.70509576310826,0.1879780230362517,-0.4633185554772566,0.4566017227386159,-0.7358770588882215
img_001625.jpg,-0.0,0.0,1.0,-54.39538449835088,30.814645996899664,-79.59227086956874,0.1873038481978102,-0.4635915274240104,0.4555308813743995,-0.7365404131921257
img_001626.jpg,-0.0,0.0,1.0,-54.33729385137719,30.950103489428777,-79.47913395916751,0.186629265399437,-0.4638633826440436,0.4544592533829441,-0.737202188380575
img_001627.jpg,-0.0,0.0,1.0,-54.27884147056755,31.085454631090787,-79.36566340186062,0.1859545933164832,-0.4641343292553369,0.4533864819780965,-0.7378623933977967
img_001628.jpg,-0.0,0.0,1.0,-54.21998349429112,31.22071453214465,-79.25189143035354,0.1852793350316927,-0.4644043377576604,0.4523128935231453,-0.7385209715605932
img_001629.jpg,-0.0,0.0,1.0,-54.16071802857096,31.35588040033787,-79.13776559332058,0.1846037067608084,-0.4646733175520244,0.451238175682931,-0.7391781167023989
img_001630.jpg,-0.0,0.0,1.0,-54.101048955840966,31.490941136074746,-79.02333959837799,0.1839275781890585,-0.4649413301465999,0.4501627125836898,-0.7398335878441261
img_001631.jpg,-0.0,0.0,1.0,-54.04097710581272,31.62591519754066,-78.90856462613237,0.1832510498632776,-0.4652084099933344,0.4490861127170539,-0.740487576776387
img_001632.jpg,-0.0,0.0,1.0,-53.98050476541942,31.760758914409195,-78.79345883486039,0.1825743073736558,-0.4654743889388252,0.4480086773471058,-0.74113996016323
img_001633.jpg,-0.0,0.0,1.0,-53.91964503046736,31.895500086625887,-78.67801669073661,0.1818973030804451,-0.4657394664680054,0.4469302042335629,-0.7417907474819999
img_001634.jpg,-0.0,0.0,1.0,-53.85833309437375,32.03016093220303,-78.56223837486165,0.1812194932208813,-0.4660035195220803,0.4458508684520421,-0.7424400434852372
img_001635.jpg,-0.0,0.0,1.0,-53.79663433359567,32.164679268109474,-78.44613111085181,0.1805416190146804,-0.4662665135682125,0.4447707245419097,-0.743087656147622
img_001636.jpg,-0.0,0.0,1.0,-53.73452787096191,32.29911429298797,-78.32966398398668,0.1798633414168938,-0.466528636426808,0.4436894084030897,-0.743733768682725
img_001637.jpg,-0.0,0.0,1.0,-53.67200166377553,32.43344339449757,-78.21285420087487,0.1791846389848717,-0.4667897696747365,0.4426071838364179,-0.7443783022732886
img_001638.jpg,-0.0,0.0,1.0,-53.60904936954142,32.56766025185814,-78.095703192772,0.1785055002883223,-0.4670498752966531,0.4415241193935656,-0.745021242882331
img_001639.jpg,-0.0,0.0,1.0,-53.54568434431804,32.701783522774264,-77.97819051752896,0.1778259921160462,-0.4673090849168877,0.4404399534409597,-0.745662646975836
img_001640.jpg,-0.0,0.0,1.0,-53.481882132121854,32.83578117985604,-77.86032777483965,0.1771460868652736,-0.4675671755359133,0.4393550052524138,-0.7463024719437427
img_001641.jpg,-0.0,0.0,1.0,-53.41767739877064,32.969665165287815,-77.74211331576899,0.1764659510256448,-0.4678243552667108,0.4382690773936723,-0.7469406646771887
img_001642.jpg,-0.0,0.0,1.0,-53.35302135893348,33.10345804585954,-77.62354173281273,0.1757851639832612,-0.468080561404752,0.4371822424805748,-0.7475773210966514
img_001643.jpg,-0.0,0.0,1.0,-53.28794317512256,33.23710577740514,-77.50460419072388,0.1751042526765409,-0.4683356320551649,0.4360945633487866,-0.7482123817872237
img_001644.jpg,-0.0,0.0,1.0,-53.222441766266,33.370670280204465,-77.3853033919118,0.1744228559214313,-0.4685899015149679,0.4350058006414479,-0.7488458619360175
img_001645.jpg,-0.0,0.0,1.0,-53.156501303751575,33.50409732554671,-77.2656302986624,0.1737412089402433,-0.4688430348209338,0.4339162004807215,-0.7494777728366957
img_001646.jpg,-0.0,0.0,1.0,-53.090122973590205,33.6374259888911,-77.1455963367269,0.1730590565815249,-0.4690952716920102,0.4328256699833453,-0.7501080778226428
img_001647.jpg,-0.0,0.0,1.0,-53.02331717356672,33.770631854570986,-77.02518516130488,0.1723766699050461,-0.4693465185149953,0.431734171412941,-0.7507367943991299
img_001648.jpg,-0.0,0.0,1.0,-52.956044756530176,33.90372490722358,-76.90439577908252,0.1716937418924305,-0.4695966951410407,0.4306418215200287,-0.7513639760232718
img_001649.jpg,-0.0,0.0,1.0,-52.88835814675718,34.036682178859415,-76.78323836543417,0.1710107022671789,-0.4698459133042993,0.4295485779436724,-0.7519894790805945
img_001650.jpg,-0.0,0.0,1.0,-52.82020257976493,34.169549165554244,-76.66169543780468,0.1703270125390897,-0.4700941930768493,0.4284543596028372,-0.7526134599993928
img_001651.jpg,-0.0,0.0,1.0,-52.7516097100182,34.30227037347943,-76.53977419030609,0.1696431585454664,-0.4703413957190897,0.4273593306460594,-0.7532358015531979
img_001652.jpg,-0.0,0.0,1.0,-52.68257297955197,34.434879163285096,-76.41746286717574,0.1689589618896919,-0.47058766874401,0.4262633023337223,-0.7538565595037197
img_001653.jpg,-0.0,0.0,1.0,-52.613065998238895,34.56736401567186,-76.29477032524403,0.1682742770075165,-0.4708328855853347,0.4251664975023829,-0.7544757192584403
img_001654.jpg,-0.0,0.0,1.0,-52.54311967643058,34.69972869138272,-76.17168402866709,0.167589338844212,-0.4710771800278979,0.4240686966591966,-0.7550932687267803
img_001655.jpg,-0.0,0.0,1.0,-52.47270068101317,34.8319728484936,-76.04818922917629,0.1669039912555214,-0.4713204234446941,0.4229699472537713,-0.7557092958717876
img_001656.jpg,-0.0,0.0,1.0,-52.401821288375785,34.96407046741604,-75.92430629610297,0.1662183754651414,-0.471562574762158,0.4218704523873444,-0.7563236814644314
img_001657.jpg,-0.0,0.0,1.0,-52.33049243437723,35.096061238214794,-75.80002567627412,0.1655323852020949,-0.4718038837620036,0.420769937985753,-0.7569364464760965
img_001658.jpg,-0.0,0.0,1.0,-52.25869239238376,35.22793029662741,-75.67533180823473,0.1648460239776308,-0.4720441895698889,0.41966846147629,-0.7575476578501164
img_001659.jpg,-0.0,0.0,1.0,-52.18641145903949,35.35965925497391,-75.55025101307426,0.1641592210944855,-0.4722834179083264,0.4185663231307523,-0.7581572108997471
img_001660.jpg,-0.0,0.0,1.0,-52.11366468174733,35.49127772543189,-75.42474576915696,0.1634720687499907,-0.4725217422453274,0.417463090410079,-0.758765216644322
img_001661.jpg,-0.0,0.0,1.0,-52.04046431160523,35.62274511483452,-75.29883557938862,0.1627847917568239,-0.472759042881482,0.416359024634784,-0.7593715569809312
img_001662.jpg,-0.0,0.0,1.0,-51.96674647619385,35.7540902612157,-75.17251097795506,0.1620968484160937,-0.4729952427282575,0.4152542075826632,-0.7599763517208288
img_001663.jpg,-0.0,0.0,1.0,-51.89258129706379,35.88529404299443,-75.04576633381285,0.1614088325991034,-0.4732305079160426,0.4141484021399116,-0.7605795002111726
img_001664.jpg,-0.0,0.0,1.0,-51.81792406944664,36.01635710541399,-74.9186050812283,0.160720431011592,-0.4734647034540905,0.4130418192007005,-0.761181038406734
img_001665.jpg,-0.0,0.0,1.0,-51.74278966495293,36.14730975783581,-74.79102745145987,0.1600315764264313,-0.4736980603160249,0.4119342733623207,-0.7617809374280533
img_001666.jpg,-0.0,0.0,1.0,-51.667142700725016,36.2781214545515,-74.66300320578098,0.1593423268903603,-0.4739302693651329,0.4108258492584482,-0.7623793309250539
img_001667.jpg,-0.0,0.0,1.0,-51.5910196247908,36.408789334723735,-74.53455892071632,0.158652831425642,-0.474161503068371,0.4097165917691434,-0.7629760563200177
img_001668.jpg,-0.0,0.0,1.0,-51.5144174837518,36.53930839647841,-74.40569172463898,0.1579631106559745,-0.4743917394941487,0.408606522302584,-0.7635711120147174
img_001669.jpg,-0.0,0.0,1.0,-51.437332595674825,36.66969910058091,-74.27637843957055,0.1572731254737738,-0.4746210594995173,0.4074954188998925,-0.7641645748520846
img_001670.jpg,-0.0,0.0,1.0,-51.35971704939367,36.79995408428208,-74.1466275706974,0.1565825624821061,-0.474849285777676,0.406383575152224,-0.7647564623914368
img_001671.jpg,-0.0,0.0,1.0,-51.28159467552195,36.93006679784117,-74.01643227253777,0.1558916455286898,-0.4750764796310892,0.4052708817712583,-0.765346748698938
img_001672.jpg,-0.0,0.0,1.0,-51.20298284404964,37.06003275014984,-73.88579410527464,0.1552005096980895,-0.4753027008584909,0.4041573031995569,-0.7659353880168603
img_001673.jpg,-0.0,0.0,1.0,-51.12387002727535,37.18983677064931,-73.75471573579408,0.154509150577473,-0.4755278522496786,0.4030429777223923,-0.7665223690351787
img_001674.jpg,-0.0,0.0,1.0,-51.04424642248501,37.31952927405518,-73.62317981430122,0.1538173015609371,-0.4757521603568471,0.4019276166129845,-0.7671077568765098
img_001675.jpg,-0.0,0.0,1.0,-50.96410162089011,37.44907652600158,-73.49117826353623,0.1531251112212044,-0.4759754213141327,0.4008113625277684,-0.7676915723693739
img_001676.jpg,-0.0,0.0,1.0,-50.88347532446271,37.57843104923074,-73.35873973195352,0.1524329853379769,-0.4761975825405501,0.3996944560793471,-0.7682736420982584
img_001677.jpg,-0.0,0.0,1.0,-50.80230235897445,37.707677110818686,-73.225839223239,0.1517401347456267,-0.476418846326127,0.3985766395741545,-0.7688541323023734
img_001678.jpg,-0.0,0.0,1.0,-50.72059672571211,37.83675529358177,-73.09246604906149,0.1510470209998609,-0.4766389557395815,0.3974580489049161,-0.7694330397632053
img_001679.jpg,-0.0,0.0,1.0,-50.63837680264582,37.96570213529253,-72.95862699912799,0.1503535424545563,-0.4768581967534155,0.3963385002996076,-0.7700103022951738
img_001680.jpg,-0.0,0.0,1.0,-50.555630454215375,38.09448778270718,-72.82430465173415,0.1496598530534521,-0.4770763676668574,0.3952180639095431,-0.7705859781733695
img_001681.jpg,-0.0,0.0,1.0,-50.47237219961966,38.22311336641003,-72.68952641249321,0.148965931428485,-0.4772935807935443,0.3940968651411789,-0.7711599379459594
img_001682.jpg,-0.0,0.0,1.0,-50.38854910621586,38.351584947435015,-72.55426404786203,0.1482715073504407,-0.477509669986036,0.3929749147325319,-0.7717323315559705
img_001683.jpg,-0.0,0.0,1.0,-50.30421221605192,38.479915636462906,-72.41852409494703,0.1475768277020694,-0.4777249096058342,0.391851993416225,-0.772303053161919
img_001684.jpg,-0.0,0.0,1.0,-50.21931300359401,38.60808303551539,-72.28229710783391,0.1468817270532982,-0.4779390238863985,0.3907283441275789,-0.7728721814114397
img_001685.jpg,-0.0,0.0,1.0,-50.133891987535534,38.73607010938415,-72.14558731509757,0.1461865537866601,-0.4781520873635044,0.3896039073538823,-0.7734396345006448
img_001686.jpg,-0.0,0.0,1.0,-50.04791313993121,38.863922228400654,-72.00837510354594,0.1454909037094756,-0.4783642141474485,0.3884785096455225,-0.774005505861869
img_001687.jpg,-0.0,0.0,1.0,-49.96138354043039,38.991610675853416,-71.87066637576899,0.1447949558446068,-0.4785753052610668,0.3873522931522872,-0.7745697508590815
img_001688.jpg,-0.0,0.0,1.0,-49.87432784406745,39.11912973968565,-71.7324822422166,0.1440988206723066,-0.4787854614589593,0.386225329189812,-0.7751322512117549
img_001689.jpg,-0.0,0.0,1.0,-49.78668576102688,39.24648247697423,-71.59379583145926,0.1434021874805472,-0.4789944830566121,0.3850976813658417,-0.775693156882137
img_001690.jpg,-0.0,0.0,1.0,-49.69851520769146,39.37366947393694,-71.4545882607226,0.1427055252616701,-0.4792025662854851,0.3839689838208796,-0.7762524415348123
img_001691.jpg,-0.0,0.0,1.0,-49.60977333530458,39.50069574839549,-71.31487920061942,0.1420084362556586,-0.4794096403159864,0.3828395335459182,-0.776810074830819
img_001692.jpg,-0.0,0.0,1.0,-49.52044652992879,39.62755108645983,-71.1746620706577,0.1413109115167574,-0.4796156192487771,0.3817093942419758,-0.7773660800461639
img_001693.jpg,-0.0,0.0,1.0,-49.43056312359465,39.75424827478128,-71.03392016620433,0.1406131460366582,-0.4798206675094147,0.3805782849758876,-0.7779204581429295
img_001694.jpg,-0.0,0.0,1.0,-49.34012613848111,39.88076473012834,-70.89267755816253,0.1399151817680514,-0.4800247257109472,0.3794464615425859,-0.7784731128560279
img_001695.jpg,-0.0,0.0,1.0,-49.24908996278496,40.00710640859638,-70.75088743044822,0.1392168744558921,-0.4802276394728766,0.3783137777082834,-0.7790242369458917
img_001696.jpg,-0.0,0.0,1.0,-49.15750600972011,40.13329159084239,-70.6085983118553,0.1385182741993351,-0.4804297581702345,0.3771802748952292,-0.7795735856269677
img_001697.jpg,-0.0,0.0,1.0,-49.06530998579586,40.25927133363559,-70.46577111542666,0.1378193695266129,-0.4806305823176708,0.3760461768079629,-0.7801213608358497
img_001698.jpg,-0.0,0.0,1.0,-48.97254514257733,40.38509952725548,-70.32239490345816,0.1371202151600533,-0.4808305530424118,0.3749109994681853,-0.7806675145880961
img_001699.jpg,-0.0,0.0,1.0,-48.879195208299954,40.51075106743261,-70.17851490016037,0.1364206457078866,-0.4810295588875375,0.3737752352583261,-0.7812119074928948
img_001700.jpg,-0.0,0.0,1.0,-48.78525256087091,40.63620001303089,-70.03406602546619,0.1357210213175295,-0.4812273803160285,0.3726385922744304,-0.78175475205107
img_001701.jpg,-0.0,0.0,1.0,-48.69071424002924,40.76149093549769,-69.88909336376379,0.1350208974767067,-0.4814243241496596,0.3715012030858826,-0.7822958733544297
img_001702.jpg,-0.0,0.0,1.0,-48.5955614697965,40.88659891809951,-69.74355882195236,0.1343204395426407,-0.4816201735388389,0.3703630018505889,-0.7828354072355894
img_001703.jpg,-0.0,0.0,1.0,-48.49982262612576,41.011526468126455,-69.5974836465524,0.1336197401895533,-0.4818150819993583,0.3692240102275975,-0.78337323292354
img_001704.jpg,-0.0,0.0,1.0,-48.40349442344067,41.136236514002384,-69.45085562195776,0.1329190256630219,-0.4820088468214765,0.3680843264131753,-0.7839093907152677
img_001705.jpg,-0.0,0.0,1.0,-48.30653015149362,41.26079530324827,-69.30366212199044,0.132217681151139,-0.4822016847450145,0.3669437792861647,-0.7844439322623841
img_001706.jpg,-0.0,0.0,1.0,-48.20897665799655,41.38513857996718,-69.1559002355108,0.1315163799482362,-0.4823934185764266,0.3658024376985846,-0.7849768200993152
img_001707.jpg,-0.0,0.0,1.0,-48.11080626481018,41.5093329133868,-69.00757640556789,0.1308145563551449,-0.4825843512352791,0.3646601798376224,-0.7855080197103173
img_001708.jpg,-0.0,0.0,1.0,-48.01199964246188,41.63329793718994,-68.85868822354519,0.1301125123292982,-0.4827740063048731,0.3635174263721998,-0.786037577788386
img_001709.jpg,-0.0,0.0,1.0,-47.91258422580857,41.75708266856599,-68.70922807594403,0.1294102115577139,-0.4829627519201521,0.3623738035408403,-0.7865654479505478
img_001710.jpg,-0.0,0.0,1.0,-47.81253789083942,41.88068218615496,-68.55918117959436,0.1287075920939064,-0.4831504984802149,0.3612293312140321,-0.7870916857815051
img_001711.jpg,-0.0,0.0,1.0,-47.71186476437675,42.0040614002092,-68.40856999776933,0.1280047728703622,-0.4833371171130679,0.3600843051479249,-0.7876162152529439
img_001712.jpg,-0.0,0.0,1.0,-47.61056974402424,42.12725427034752,-68.2573680225226,0.1273017228445427,-0.4835228021521019,0.3589383821220229,-0.788139079731119
img_001713.jpg,-0.0,0.0,1.0,-47.508613726278426,42.25025577798976,-68.1055657300259,0.1265982411818067,-0.4837074176002208,0.3577916900855011,-0.7886603362626774
img_001714.jpg,-0.0,0.0,1.0,-47.40603164070727,42.37305374226052,-67.95318224565085,0.1258945525653508,-0.4838910518028236,0.3566442727398606,-0.7891798745161861
img_001715.jpg,-0.0,0.0,1.0,-47.30283191391581,42.49563746735896,-67.80020590582599,0.1251908216174653,-0.4840736831586439,0.3554960672005332,-0.7896977103049766
img_001716.jpg,-0.0,0.0,1.0,-47.19894873592184,42.61802775239523,-67.64661979810911,0.1244865593864741,-0.4842552271035291,0.3543471516754421,-0.7902139379019636
img_001717.jpg,-0.0,0.0,1.0,-47.09442177429423,42.74021559803764,-67.49242661667233,0.1237820762182662,-0.48443578533434,0.3531974228227565,-0.7907284919654529
img_001718.jpg,-0.0,0.0,1.0,-46.98926144969841,42.86218449443238,-67.33764372175352,0.1230774579712808,-0.4846153422369504,0.3520470344293747,-0.7912413000832134
img_001719.jpg,-0.0,0.0,1.0,-46.88340590639326,42.98396176316894,-67.18221642568582,0.1223723685182297,-0.4847938237690699,0.350895759293192,-0.791752561074896
img_001720.jpg,-0.0,0.0,1.0,-46.776910182037376,43.105522984265335,-67.02618628195783,0.121667140378619,-0.4849713343171287,0.3497437636975465,-0.7922620851696918
img_001721.jpg,-0.0,0.0,1.0,-46.669749930786885,43.226845391396594,-66.86956215356959,0.1209616868406568,-0.485147707463491,0.3485913169025172,-0.7927698695332401
img_001722.jpg,-0.0,0.0,1.0,-46.56191533353055,43.34796850307691,-66.71228262097748,0.1202559969595547,-0.4853230911033058,0.3474378720422401,-0.7932760663904818
img_001723.jpg,-0.0,0.0,1.0,-46.453402601427946,43.46888787843432,-66.55437870056954,0.1195499378389671,-0.4854975076681932,0.3462836856135454,-0.7937805688529868
img_001724.jpg,-0.0,0.0,1.0,-46.34422952001935,43.589587880793786,-66.39585166089077,0.1188437094981699,-0.4856709509626484,0.3451287651783344,-0.7942833471439708
img_001725.jpg,-0.0,0.0,1.0,-46.23435665078362,43.71005818115394,-66.2366809948693,0.1181371800290147,-0.4858432487599735,0.3439731868510826,-0.7947844934676674
img_001726.jpg,-0.0,0.0,1.0,-46.12378957178168,43.83030921706334,-66.07686569123938,0.117430339901949,-0.4860145004753355,0.3428168817706638,-0.7952839783192299
img_001727.jpg,-0.0,0.0,1.0,-46.01257205567407,43.95033469888813,-65.91641467571839,0.1167234888449701,-0.4861848366197668,0.3416597599075684,-0.7957817164604697
img_001728.jpg,-0.0,0.0,1.0,-45.90063178683559,44.07014611126751,-65.75531361375104,0.116016128282316,-0.4863541158588961,0.3405019859886097,-0.7962777966911455
img_001729.jpg,-0.0,0.0,1.0,-45.78803281666504,44.18970217224672,-65.59356796842974,0.1153088925501629,-0.4865223302479862,0.3393435097592964,-0.7967721530357138
img_001730.jpg,-0.0,0.0,1.0,-45.67467833531361,44.30906351124053,-65.43115121938231,0.1146009127163212,-0.4866895295172908,0.3381843047927214,-0.7972648924006928
img_001731.jpg,-0.0,0.0,1.0,-45.56063399839918,44.42818246852367,-65.26807829892012,0.1138928266839119,-0.4868556839698664,0.3370244069397204,-0.7977559251695419
img_001732.jpg,-0.0,0.0,1.0,-45.44590263392693,44.54705860008304,-65.10434019384033,0.1131846960077658,-0.4870208156581219,0.3358637498243961,-0.798245257586428
img_001733.jpg,-0.0,0.0,1.0,-45.33043305009964,44.66570765910985,-64.93991901066498,0.1124761613766159,-0.4871848708408961,0.3347023655863361,-0.7987329598912463
img_001734.jpg,-0.0,0.0,1.0,-45.21428212141488,44.78411305211949,-64.77485023538348,0.1117675539277107,-0.4873479839776625,0.3335403372382753,-0.799218868544094
img_001735.jpg,-0.0,0.0,1.0,-45.09739264448896,44.90229038651177,-64.60909270913868,0.1110585720817183,-0.4875100613640871,0.3323775611478452,-0.7997031264671686
img_001736.jpg,-0.0,0.0,1.0,-44.97977992724763,45.02021146981347,-64.44265004498463,0.1103494512081947,-0.4876710195672634,0.3312141240205488,-0.8001857155320735
img_001737.jpg,-0.0,0.0,1.0,-44.86144461265323,45.13790683879001,-64.27552512112426,0.1096400304580323,-0.487831061105328,0.3300499197728702,-0.80066657854561
img_001738.jpg,-0.0,0.0,1.0,-44.74236618919662,45.25534765154409,-64.10770516704541,0.1089303678327231,-0.4879899790506354,0.3288850757454811,-0.8011457809049969
img_001739.jpg,-0.0,0.0,1.0,-44.62257236334556,45.37253392755829,-63.939199966227314,0.1082206162869288,-0.4881478887465768,0.3277195486697348,-0.8016232496269319
img_001740.jpg,-0.0,0.0,1.0,-44.50200743069462,45.48949511885392,-63.76997708994041,0.1075103775410173,-0.4883047930869084,0.3265532305813923,-0.8020990807663324
img_001741.jpg,-0.0,0.0,1.0,-44.3807242987587,45.60618708893037,-63.60006540398649,0.1068001217901567,-0.4884606480641645,0.3253862916520293,-0.8025731683050988
img_001742.jpg,-0.0,0.0,1.0,-44.258686213341846,45.72262968362631,-63.429440306686814,0.1060895980917484,-0.4886154646750668,0.3242186385818339,-0.8030455773200186
img_001743.jpg,-0.0,0.0,1.0,-44.13588340765513,45.83881757685219,-63.258100513672105,0.1053787712500569,-0.4887692112854928,0.3230503329694977,-0.8035163066406816
img_001744.jpg,-0.0,0.0,1.0,-44.012352610137896,45.95475322909765,-63.08605068395471,0.1046678678362094,-0.4889220367195747,0.3218812468603411,-0.8039852874103086
img_001745.jpg,-0.0,0.0,1.0,-43.88803342670057,46.07043270715897,-62.91327991507384,0.1039565315589335,-0.4890737658831395,0.320711584479983,-0.8044525906798108
img_001746.jpg,-0.0,0.0,1.0,-43.7629685829674,46.18583310295352,-62.73978127560327,0.103245206753,-0.4892244092692573,0.3195412176466145,-0.8049182038459533
img_001747.jpg,-0.0,0.0,1.0,-43.63712107570631,46.300975922760905,-62.56556079647639,0.1025335018056718,-0.4893740184300205,0.3183702623425424,-0.805382100092286
img_001748.jpg,-0.0,0.0,1.0,-43.51051102644748,46.41585536423273,-62.390596513853104,0.1018216817632187,-0.4895226241464475,0.3171985090504714,-0.8058443096702016
img_001749.jpg,-0.0,0.0,1.0,-43.38310800534469,46.53047939055893,-62.2148942188518,0.1011094696670198,-0.4896702204766309,0.316026101317729,-0.806304814327645
img_001750.jpg,-0.0,0.0,1.0,-43.25494493369926,46.64481879093738,-62.0384520467352,0.1003972504101974,-0.4898167571857457,0.3148530140867783,-0.8067636060275547
img_001751.jpg,-0.0,0.0,1.0,-43.125991376529065,46.75888267770109,-61.86128063310589,0.0996847200609737,-0.4899622389856067,0.3136794202254456,-0.8072206527843578
img_001752.jpg,-0.0,0.0,1.0,-42.996244165981096,46.87268273795691,-61.683331450796935,0.0989720071255374,-0.4901067098344631,0.3125049487954326,-0.8076760562002219
img_001753.jpg,-0.0,0.0,1.0,-42.86570207927716,46.98621156960081,-61.50463394374509,0.0982590145172141,-0.4902501776646726,0.3113298495474227,-0.8081297260629892
img_001754.jpg,-0.0,0.0,1.0,-42.734374805245785,47.09944239339925,-61.32518670784424,0.0975459485636576,-0.4903925410570835,0.3101541888747838,-0.8085816734986131
img_001755.jpg,-0.0,0.0,1.0,-42.60223711207906,47.21240633483634,-61.14496742795494,0.0968325750288107,-0.4905339194740246,0.3089777936296931,-0.8090319210652119
img_001756.jpg,-0.0,0.0,1.0,-42.46929718954101,47.325090138189616,-60.9639890997778,0.0961189618023519,-0.4906742979139286,0.3078007817781818,-0.8094804242756285
img_001757.jpg,-0.0,0.0,1.0,-42.33555224530823,47.43746951292245,-60.78223111936071,0.0954052963264683,-0.4908135389911325,0.30662312645359,-0.8099272545727083
img_001758.jpg,-0.0,0.0,1.0,-42.20098401807396,47.54958047495845,-60.59969028401928,0.0946912885971481,-0.4909518275998615,0.3054447396699756,-0.8103723674016213
img_001759.jpg,-0.0,0.0,1.0,-42.06559947066155,47.66137962759928,-60.41638234801235,0.0939771316321123,-0.4910889723393739,0.3042658885834614,-0.8108157552868437
img_001760.jpg,-0.0,0.0,1.0,-41.929388196543215,47.77290420645091,-60.23227695353321,0.0932627018472009,-0.4912251646411492,0.3030862548448227,-0.8112574364476267
img_001761.jpg,-0.0,0.0,1.0,-41.79236170923067,47.884107174019576,-60.04738812378861,0.09254824854243,-0.4913602014818807,0.3019060881552512,-0.8116974116172897
img_001762.jpg,-0.0,0.0,1.0,-41.65451249803717,47.99503224025736,-59.86170509147101,0.0918335541042959,-0.4914943363928617,0.3007251699178968,-0.8121356338766117
img_001763.jpg,-0.0,0.0,1.0,-41.51581420585035,48.10565680665577,-59.67521364542141,0.0911186022094431,-0.4916273858786963,0.2995436112439497,-0.8125721744856947
img_001764.jpg,-0.0,0.0,1.0,-41.37625654202709,48.21597470151079,-59.48791909686855,0.090403326824734,-0.4917593202690249,0.2983615248057586,-0.8130070171549257
img_001765.jpg,-0.0,0.0,1.0,-41.23589171713589,48.32599172415461,-59.29982528751743,0.0896880542869842,-0.4918903408974239,0.2971786955657305,-0.813440082828405
img_001766.jpg,-0.0,0.0,1.0,-41.09466061207053,48.43570504828375,-59.11091482906948,0.0889724535882787,-0.4920202923322108,0.2959952709520733,-0.8138714480861311
img_001767.jpg,-0.0,0.0,1.0,-40.95259010084539,48.54510284143587,-58.92118728228681,0.0882567739748832,-0.492149203234872,0.2948111861718503,-0.8143010918025184
img_001768.jpg,-0.0,0.0,1.0,-40.80968057587848,48.65417792346744,-58.73064628295921,0.0875410367584881,-0.492277063269749,0.2936264997873608,-0.8147289969581197
img_001769.jpg,-0.0,0.0,1.0,-40.66588298074118,48.762946422321086,-58.53926689726059,0.0868249235875568,-0.4924038510733407,0.2924411848183423,-0.8151552205035567
img_001770.jpg,-0.0,0.0,1.0,-40.5212344317495,48.87138045238429,-58.34708149151657,0.08610869123955,-0.4925295508832825,0.2912554304757593,-0.8155796766828513
img_001771.jpg,-0.0,0.0,1.0,-40.37571239432421,48.979529918080544,-58.15403416178158,0.0853921837563189,-0.4926543862668009,0.2900687386435389,-0.8160024249395067
img_001772.jpg,-0.0,0.0,1.0,-40.22930698490045,49.08731895192768,-57.96016687610309,0.0846755080387372,-0.4927779448990398,0.2888817627553343,-0.816423470085734
img_001773.jpg,-0.0,0.0,1.0,-40.0820529762478,49.19479971037179,-57.76546140826583,0.0839587439812538,-0.4929006376110992,0.2876940174971216,-0.816842728466152
img_001774.jpg,-0.0,0.0,1.0,-39.93390254062757,49.30195308321224,-57.56989003502226,0.0832417597151798,-0.4930222396695259,0.2865055930569046,-0.8172603170213736
img_001775.jpg,-0.0,0.0,1.0,-39.78487571151292,49.40876002951986,-57.37349000717355,0.0825246262402679,-0.4931427443883563,0.2853167501269177,-0.817676141157389
img_001776.jpg,-0.0,0.0,1.0,-39.63494547809852,49.515252222616745,-57.17620982830608,0.0818072238972518,-0.4932622644351921,0.2841271150780771,-0.8180902756297135
img_001777.jpg,-0.0,0.0,1.0,-39.484139304211546,49.62140704841291,-56.97808496216437,0.0810897011609997,-0.4933807883008566,0.2829369182486739,-0.8185026318792068
img_001778.jpg,-0.0,0.0,1.0,-39.33242258282237,49.72720971458112,-56.77908679838519,0.0803720018509136,-0.4934981506631386,0.2817461678478162,-0.8189133125756407
img_001779.jpg,-0.0,0.0,1.0,-39.17982341163213,49.83267279071325,-56.579222021314784,0.0796542386355952,-0.4936145294170492,0.2805547447046698,-0.819322240537547
img_001780.jpg,-0.0,0.0,1.0,-39.02630900880331,49.93779478282856,-56.37849557180319,0.0789361620028898,-0.4937298676169267,0.2793628357374126,-0.8197294103300046
img_001781.jpg,-0.0,0.0,1.0,-38.87189190747199,50.042568174598834,-56.17689455032389,0.0782179507941751,-0.4938441710855288,0.2781703288997488,-0.8201348395100726
img_001782.jpg,-0.0,0.0,1.0,-38.716561814677085,50.146979531939344,-55.97439811071087,0.0774996816642527,-0.4939573489450412,0.2769771765206695,-0.8205385916894855
img_001783.jpg,-0.0,0.0,1.0,-38.56032413484807,50.25105755244287,-55.771029535064464,0.0767811602356443,-0.4940696316121982,0.2757834125701928,-0.8209405349369672
img_001784.jpg,-0.0,0.0,1.0,-38.40316102804088,50.354760289046105,-55.56677191740359,0.0760625222160502,-0.494180741383453,0.2745891623892063,-0.8213407815628223
img_001785.jpg,-0.0,0.0,1.0,-38.24506720817646,50.458116116807496,-55.36161717679728,0.0753436334403477,-0.4942908604231905,0.2733942828476193,-0.8217392824420312
img_001786.jpg,-0.0,0.0,1.0,-38.08606179023142,50.56109653254649,-55.15557964257186,0.0746246972772104,-0.494399900831628,0.2721989098802073,-0.8221360265029067
img_001787.jpg,-0.0,0.0,1.0,-37.92610635735048,50.66373283453465,-54.94861609953922,0.0739054810414399,-0.4945079614636831,0.2710027802447707,-0.8225310626478919
img_001788.jpg,-0.0,0.0,1.0,-37.76522789823977,50.76598010710508,-54.74074790602344,0.0731862876517973,-0.4946148777376966,0.2698061096138333,-0.8229243909590479
img_001789.jpg,-0.0,0.0,1.0,-37.60339956143778,50.8678676959157,-54.53199646580575,0.0724666974005875,-0.4947208067260975,0.2686090564586933,-0.8233159028881329
img_001790.jpg,-0.0,0.0,1.0,-37.44064574911447,50.96938548623376,-54.32230767307314,0.0717471629058963,-0.4948257392294894,0.2674111695457565,-0.8237057112908194
img_001791.jpg,-0.0,0.0,1.0,-37.2769360540542,51.07050832390665,-54.11171196730255,0.0710274446161869,-0.4949294992454421,0.2662128992300768,-0.8240937963432725
img_001792.jpg,-0.0,0.0,1.0,-37.11227855443795,51.17125591765483,-53.90020221704881,0.0703075406341625,-0.4950322501365884,0.2650140859402268,-0.824480112136095
img_001793.jpg,-0.0,0.0,1.0,-36.94665840357121,51.27163077590328,-53.68776271526006,0.0695873986403992,-0.4951339925685155,0.2638146741905486,-0.8248646804387723
img_001794.jpg,-0.0,0.0,1.0,-36.78009833318056,51.37162537932486,-53.47438876532912,0.0688672337272632,-0.4952347595047098,0.2626145637386717,-0.8252474950034165
img_001795.jpg,-0.0,0.0,1.0,-36.61254409253229,51.47122555163758,-53.26007626440578,0.0681467330345651,-0.4953343665392967,0.2614140163377481,-0.8256286090997553
img_001796.jpg,-0.0,0.0,1.0,-36.44407360618819,51.57042150375666,-53.044858958661855,0.0674263520456099,-0.4954329803466745,0.2602129778988401,-0.8260079026060533
img_001797.jpg,-0.0,0.0,1.0,-36.27459824162684,51.66922531173073,-52.82867718768095,0.0667056536015062,-0.4955304667857146,0.2590113576563242,-0.8263855207285251
img_001798.jpg,-0.0,0.0,1.0,-36.104167953155546,51.767647708456565,-52.61155018872864,0.0659848647759931,-0.495627046255202,0.2578090397871442,-0.826761348664092
img_001799.jpg,-0.0,0.0,1.0,-35.93275880492787,51.86564271473303,-52.39350261880851,0.0652639038724368,-0.4957224241171161,0.2566064818650885,-0.8271354269668307
img_001800.jpg,-0.0,0.0,1.0,-35.76035531931032,51.96324928453046,-52.17446632819872,0.0645427803901852,-0.4958167963560745,0.2554031133208049,-0.8275078148614328
img_001801.jpg,-0.0,0.0,1.0,-35.587003648249066,52.06044436356528,-51.95449500018567,0.0638216921620938,-0.4959101829708618,0.2541992106316195,-0.8278783988905827
img_001802.jpg,-0.0,0.0,1.0,-35.41264799190788,52.157223514929896,-51.733571454894765,0.0631003257226453,-0.4960024511071079,0.252994909195652,-0.828247241655848
img_001803.jpg,-0.0,0.0,1.0,-35.23731127859977,52.25359640409304,-51.51168547032319,0.0623788453005731,-0.496093734888823,0.2517900010352337,-0.8286143139251834
img_001804.jpg,-0.0,0.0,1.0,-35.06095448380481,52.34954849664541,-51.288817438996894,0.0616571119989112,-0.4961838767209702,0.2505845686708005,-0.8289796951470956
img_001805.jpg,-0.0,0.0,1.0,-34.8836554812346,52.44508302395443,-51.06500434376633,0.0609355108338189,-0.4962731157976086,0.249378531268351,-0.8293432378686132
img_001806.jpg,-0.0,0.0,1.0,-34.70532612803735,52.54017796266841,-50.84021261020356,0.0602136387010903,-0.4963611326283937,0.2481721097821883,-0.8297050968003572
img_001807.jpg,-0.0,0.0,1.0,-34.526000246348126,52.634858134960105,-50.61444963247518,0.0594915978880676,-0.4964481887222026,0.2469651199442791,-0.8300651632408607
img_001808.jpg,-0.0,0.0,1.0,-34.34568230590663,52.72910703248831,-50.38771157738721,0.0587695027779187,-0.4965342169545174,0.2457575759900714,-0.8304234647335568
img_001809.jpg,-0.0,0.0,1.0,-34.16437238458097,52.82292745344679,-50.15998890067902,0.0580473786006027,-0.4966192583464043,0.2445493983243851,-0.8307799984690573
img_001810.jpg,-0.0,0.0,1.0,-33.982009286963,52.91629617660284,-49.9312745438576,0.0573249044370156,-0.4967030615309521,0.2433408856405998,-0.8311348490905159
img_001811.jpg,-0.0,0.0,1.0,-33.79865084656816,53.00923408195405,-49.701578539058026,0.056602362922126,-0.4967859147950326,0.2421317835304849,-0.8314878993570748
img_001812.jpg,-0.0,0.0,1.0,-33.614284432231635,53.10173505665987,-49.47090483987501,0.0558796655909725,-0.4968677829378176,0.2409221975129814,-0.8318391455067589
img_001813.jpg,-0.0,0.0,1.0,-33.42891346677669,53.1937660628338,-49.239231730753325,0.0551570626328216,-0.4969484817263209,0.2397120736817823,-0.8321886965603433
img_001814.jpg,-0.0,0.0,1.0,-33.24251383700839,53.28536213581322,-49.006559199474005,0.0544342275890958,-0.4970282101680488,0.2385013890432287,-0.832536462017355
img_001815.jpg,-0.0,0.0,1.0,-33.05509415035806,53.37648691777975,-48.772915475679184,0.0537112441352076,-0.4971067975172302,0.2372904408355176,-0.8328824531731337
img_001816.jpg,-0.0,0.0,1.0,-32.86665285194877,53.46716800742571,-48.53824331651897,0.0529882292013472,-0.4971844164781958,0.2360787195954422,-0.8332267048838017
img_001817.jpg,-0.0,0.0,1.0,-32.677191692821665,53.55738558843141,-48.30258085657501,0.0522651047223312,-0.4972609906406057,0.234866564121975,-0.8335691711387995
img_001818.jpg,-0.0,0.0,1.0,-32.48668879741142,53.647132860332974,-48.06591599648275,0.0515417845259881,-0.4973364538704018,0.2336540035170506,-0.8339098888608676
img_001819.jpg,-0.0,0.0,1.0,-32.295136424622015,53.73643024236656,-47.82821671789409,0.0508182612649298,-0.4974109346661757,0.2324407642867524,-0.8342488582517338
img_001820.jpg,-0.0,0.0,1.0,-32.10258427055758,53.825238835621846,-47.589538202500286,0.0500948069543829,-0.4974843377293886,0.2312271670475421,-0.8345860298670968
img_001821.jpg,-0.0,0.0,1.0,-31.90899440239363,53.91356630523105,-47.3498408410824,0.0493712782012382,-0.497556644339141,0.2300130581153784,-0.8349214667614918
img_001822.jpg,-0.0,0.0,1.0,-31.71436749376646,54.00141847828679,-47.10913644883142,0.048647597143888,-0.4976279257282968,0.2287984973523442,-0.835255114582837
img_001823.jpg,-0.0,0.0,1.0,-31.518682209459065,54.08879083858695,-46.86740339015906,0.0479237120485462,-0.4976981287078799,0.2275834324268653,-0.8355870222717494
img_001824.jpg,-0.0,0.0,1.0,-31.321969690377845,54.17567393502766,-46.62466254568476,0.0471997881972651,-0.4977672906166632,0.2263679096220132,-0.8359171453437474
img_001825.jpg,-0.0,0.0,1.0,-31.12420531228368,54.262080806368814,-46.38090479042025,0.046475625511604,-0.4978354699110043,0.2251519209865951,-0.836245462533484
img_001826.jpg,-0.0,0.0,1.0,-30.925438231316168,54.34796273153858,-46.13612775300167,0.0457517752650253,-0.4979024742381222,0.2239353985229499,-0.8365720760914881
img_001827.jpg,-0.0,0.0,1.0,-30.72558558284033,54.43337691290463,-45.89031930360711,0.0450274517280868,-0.4979685328113325,0.2227184139160256,-0.8368968735891736
img_001828.jpg,-0.0,0.0,1.0,-30.524685244661043,54.51827452968104,-45.643479721867045,0.0443031111985469,-0.4980334312218913,0.2215009664238148,-0.8372199577152918
img_001829.jpg,-0.0,0.0,1.0,-30.322759574973663,54.60267265452372,-45.39563290907434,0.0435787366566747,-0.4980973587228276,0.2202830706022231,-0.8375412131655414
img_001830.jpg,-0.0,0.0,1.0,-30.11975139290783,54.686571509958064,-45.14672688665948,0.042854125395746,-0.4981602135258061,0.2190645895440064,-0.8378607469051197
img_001831.jpg,-0.0,0.0,1.0,-29.91573113348284,54.76995164792584,-44.896825203079686,0.0421295803465872,-0.498222054283999,0.2178457414534694,-0.8381784511757865
img_001832.jpg,-0.0,0.0,1.0,-29.71068405227789,54.85280839044536,-44.64589629676834,0.0414051377299427,-0.4982828352268162,0.2166263692100984,-0.8384943928558737
img_001833.jpg,-0.0,0.0,1.0,-29.504519433161533,54.935158164740905,-44.393920484515775,0.040680145714111,-0.4983425112776137,0.2154066627121754,-0.8388085817738177
img_001834.jpg,-0.0,0.0,1.0,-29.2973624306277,55.01696938686722,-44.140933733760086,0.039955471849452,-0.4984011504815636,0.2141864388560284,-0.8391209822654384
img_001835.jpg,-0.0,0.0,1.0,-29.08910979878157,55.09826821435555,-43.88688984647233,0.0392304508163273,-0.4984587397956406,0.2129657156594984,-0.8394316293800986
img_001836.jpg,-0.0,0.0,1.0,-28.87982098745027,55.17901934127575,-43.63184692817632,0.0385053853024274,-0.4985152041577897,0.211744768511531,-0.8397404834436809
img_001837.jpg,-0.0,0.0,1.0,-28.66949138523849,55.25924941647336,-43.37575719010989,0.0377803375519339,-0.4985707185517509,0.210523173197148,-0.8400475452283973
img_001838.jpg,-0.0,0.0,1.0,-28.45808698281936,55.33894201277344,-43.11861610401572,0.0370551265208283,-0.4986251364297361,0.209301090160148,-0.8403528690834143
img_001839.jpg,-0.0,0.0,1.0,-28.24563077417724,55.41808687441542,-42.86044790570524,0.0363298398144647,-0.4986784654537599,0.2080786218177335,-0.8406564208844011
img_001840.jpg,-0.0,0.0,1.0,-28.03213201132394,55.49669568796581,-42.60125103602916,0.0356044958645617,-0.4987308236982948,0.2068556707678583,-0.8409581540354014
img_001841.jpg,-0.0,0.0,1.0,-27.817578030459277,55.5747543739141,-42.34103808322061,0.0348789847959314,-0.4987821233749636,0.205632420849603,-0.841258080089992
img_001842.jpg,-0.0,0.0,1.0,-27.601969437082385,55.65224816921547,-42.0797525839608,0.034153595804564,-0.4988322747851566,0.2044084921569498,-0.8415563331473458
img_001843.jpg,-0.0,0.0,1.0,-27.385322791093543,55.72918547089687,-41.81747737914204,0.0334280447372074,-0.4988814120411711,0.2031843846377293,-0.8418527236899824
img_001844.jpg,-0.0,0.0,1.0,-27.167610137855032,55.80557089065714,-41.55415085626247,0.0327023632992409,-0.498929521864012,0.2019597434657971,-0.842147344391955
img_001845.jpg,-0.0,0.0,1.0,-26.9488486803512,55.8813733962506,-41.289790994953975,0.0319766946772772,-0.4989764571192591,0.2007347117986328,-0.8424402422233568
img_001846.jpg,-0.0,0.0,1.0,-26.729047668635594,55.95663504136198,-41.02440065198276,0.0312509300099586,-0.4990225391080488,0.1995091299196585,-0.8427312690973139
img_001847.jpg,-0.0,0.0,1.0,-26.508188075252903,56.03130544471589,-40.7579842569136,0.0305250718953815,-0.4990674224869283,0.1982832573343995,-0.8430205677555536
img_001848.jpg,-0.0,0.0,1.0,-26.286300931919925,56.10539575655455,-40.49056218365677,0.0297992036651819,-0.4991112636510708,0.1970570627177219,-0.8433080504718403
img_001849.jpg,-0.0,0.0,1.0,-26.06335638855826,56.17892183277583,-40.22207915592936,0.0290732748368383,-0.4991541260364748,0.1958302096952473,-0.8435937601249431
img_001850.jpg,-0.0,0.0,1.0,-25.839363827201367,56.25186127731322,-39.952576517175096,0.0283472350484459,-0.499195909321224,0.194603017319057,-0.8438776830989093
img_001851.jpg,-0.0,0.0,1.0,-25.614322897747176,56.32420390579954,-39.682047813281,0.0276211268206025,-0.4992365651685696,0.1933754571534536,-0.8441598532994458
img_001852.jpg,-0.0,0.0,1.0,-25.388238753215823,56.39595672323174,-39.4104950915337,0.0268949369781922,-0.4992761723492449,0.192147487699458,-0.8444402341551549
img_001853.jpg,-0.0,0.0,1.0,-25.161156279551943,56.46711355694439,-39.137943432222905,0.0261688896654305,-0.4993147919276252,0.1909191030623354,-0.844718783893092
img_001854.jpg,-0.0,0.0,1.0,-24.9329859018238,56.53768033211632,-38.86433447233416,0.0254425404316639,-0.4993523230542917,0.1896902322890438,-0.8449955919238834
img_001855.jpg,-0.0,0.0,1.0,-24.70381162866877,56.60764968594968,-38.58974232614917,0.0247161915442787,-0.4993888942837025,0.188461063346136,-0.8452705305072994
img_001856.jpg,-0.0,0.0,1.0,-24.473614757403112,56.676982633274456,-38.314135486232686,0.0239899517165131,-0.4994242233274257,0.1872315429277658,-0.8455437757463093
img_001857.jpg,-0.0,0.0,1.0,-24.242365222157904,56.74572731530109,-38.03749623468445,0.023263496918602,-0.4994586057881195,0.1860015173990404,-0.8458151963287018
img_001858.jpg,-0.0,0.0,1.0,-24.010095855004487,56.813855640320114,-37.75985239287257,0.0225370205011574,-0.4994919312758626,0.1847711141776832,-0.846084823562494
img_001859.jpg,-0.0,0.0,1.0,-23.77679427785291,56.88136544263604,-37.48119782292603,0.0218104438668663,-0.4995241844174279,0.1835403319176495,-0.8463526689743424
img_001860.jpg,-0.0,0.0,1.0,-23.54248089759421,56.948242953359554,-37.20154995010173,0.0210838645440095,-0.4995553275177141,0.1823092322684275,-0.8466187390049053
img_001861.jpg,-0.0,0.0,1.0,-23.307162883143956,57.01449851427935,-36.92090243597125,0.0203573079284392,-0.4995854612005093,0.181077691134039,-0.846883000623195
img_001862.jpg,-0.0,0.0,1.0,-23.07084398184228,57.08012748446907,-36.63925319050034,0.019630803681723,-0.4996145788900614,0.1798456723734979,-0.8471454646256691
img_001863.jpg,-0.0,0.0,1.0,-22.833495850335257,57.14512709020386,-36.35661114202336,0.0189040896677755,-0.4996426383943886,0.1786133555193136,-0.8474061237224204
img_001864.jpg,-0.0,0.0,1.0,-22.595127901707105,57.20948012068585,-36.07297551294376,0.018177269455965,-0.4996695558786431,0.1773807222217248,-0.8476650288806682
img_001865.jpg,-0.0,0.0,1.0,-22.355776638364343,57.27320205169976,-35.78836118270956,0.0174504763244216,-0.4996955160437876,0.1761476626933024,-0.8479220913795502
img_001866.jpg,-0.0,0.0,1.0,-22.11543713953633,57.33626297586094,-35.50275582879646,0.0167237958637558,-0.4997203214923278,0.1749141679986024,-0.8481774276487607
img_001867.jpg,-0.0,0.0,1.0,-21.874105932680813,57.39867666673815,-35.216183461862386,0.015997030351845,-0.4997440838014985,0.1736803740370496,-0.8484309479266261
img_001868.jpg,-0.0,0.0,1.0,-21.63175678189641,57.46045227199034,-34.92863452769411,0.015269974852565,-0.4997668439657622,0.1724462806492608,-0.8486826319836761
img_001869.jpg,-0.0,0.0,1.0,-21.38847605904161,57.521551225390574,-34.64013155811022,0.0145432614680829,-0.49978848581099,0.1712117580324265,-0.8489325632275361
img_001870.jpg,-0.0,0.0,1.0,-21.144162505301036,57.58201579775567,-34.3506259769658,0.0138161996646091,-0.499809162652269,0.1699767571766732,-0.8491806731051805
img_001871.jpg,-0.0,0.0,1.0,-20.898920730322025,57.64179434691908,-34.06019378610397,0.0130893600388323,-0.4998286985206784,0.1687414961482797,-0.8494270117358753
img_001872.jpg,-0.0,0.0,1.0,-20.65269523921387,57.70091652292109,-33.76879856400277,0.0123623755913104,-0.4998472298809463,0.167505848941379,-0.8496715300753059
img_001873.jpg,-0.0,0.0,1.0,-20.405507863529287,57.75936094982468,-33.476469893620525,0.0116353142420737,-0.4998646602807609,0.1662699711030808,-0.8499142530716074
img_001874.jpg,-0.0,0.0,1.0,-20.157353385483837,57.817139270738814,-33.183171501590444,0.0109082339944264,-0.4998810766220144,0.165033564084713,-0.8501551872404447
img_001875.jpg,-0.0,0.0,1.0,-19.90827589021301,57.87422744839026,-32.88896526140976,0.0101812324670972,-0.4998963967261936,0.163796930325781,-0.8503943206898023
img_001876.jpg,-0.0,0.0,1.0,-19.658245375768065,57.93063382967623,-32.59382252583092,0.0094541590409782,-0.4999106487912005,0.1625599430959909,-0.8506316635316469
img_001877.jpg,-0.0,0.0,1.0,-19.40726664264834,57.98636612268111,-32.29774600890951,0.0087269868537718,-0.4999239104294382,0.1613225585224527,-0.8508671785849792
img_001878.jpg,-0.0,0.0,1.0,-19.155390298210584,58.041395563108885,-32.00076371620253,0.0080000198698349,-0.4999360684832409,0.1600848077061182,-0.851100923189076
img_001879.jpg,-0.0,0.0,1.0,-18.9025405706402,58.095752207457934,-31.70284975110084,0.0072726951677857,-0.4999472419095465,0.1588467317589552,-0.8513328250581746
img_001880.jpg,-0.0,0.0,1.0,-18.64881324055151,58.14938414851351,-31.40404623962857,0.0065456513936524,-0.4999572162248551,0.1576083216253647,-0.8515630060934787
img_001881.jpg,-0.0,0.0,1.0,-18.394193634542184,58.2023194682134,-31.104370378252767,0.0058185962080919,-0.4999661833002102,0.1563696759883621,-0.8517913382546705
img_001882.jpg,-0.0,0.0,1.0,-18.13863921490924,58.25455702146508,-30.80379107920785,0.005091320674926,-0.4999740897523612,0.1551307251423004,-0.8520178672697579
img_001883.jpg,-0.0,0.0,1.0,-17.88219565969407,58.30609629021299,-30.502314282452428,0.0043641080381467,-0.499981009302679,0.1538912878205994,-0.852242580742492
img_001884.jpg,-0.0,0.0,1.0,-17.624876125589395,58.35691574374228,-30.19997722171794,0.0036369175568002,-0.4999868222178377,0.152651603846735,-0.8524655056260124
img_001885.jpg,-0.0,0.0,1.0,-17.366687378675497,58.407022961619546,-29.896772797328268,0.0029097772483727,-0.4999916039973898,0.1514115449050589,-0.8526866207452451
img_001886.jpg,-0.0,0.0,1.0,-17.107609686168065,58.45640670870856,-29.592708205788,0.002182503852452,-0.4999952621503561,0.1501712459758861,-0.8529059569414326
img_001887.jpg,-0.0,0.0,1.0,-16.84767790069095,58.505074896994245,-29.28779166331277,0.0014552663640105,-0.49999791210567,0.1489305689846442,-0.8531234703791066
img_001888.jpg,-0.0,0.0,1.0,-16.586907921426825,58.55302112717322,-28.98203304558534,0.0007281217717967,-0.4999995415411793,0.1476895018250749,-0.8533391701708981
img_001889.jpg,-0.0,0.0,1.0,-16.325273658326584,58.600231717433104,-28.67545505327757,7.753523301040621e-07,-0.5000000314749098,0.1464483254951688,-0.853553077719335
img_001890.jpg,-0.0,0.0,1.0,-16.06284925993647,58.64670829930165,-28.36807118568777,0.0007263197627693,0.4999994999015132,-0.1452067818433197,0.8537651685706938
img_001891.jpg,-0.0,0.0,1.0,-15.7995526483911,58.69246938370166,-28.05984205824941,0.0014536839442999,0.499997986969291,-0.1439648657822691,0.8539754195818168
img_001892.jpg,-0.0,0.0,1.0,-15.535458944489264,58.737473177710434,-27.750810801239485,0.0021808817578248,0.4999952997905345,-0.1427226242648442,0.8541839359675923
img_001893.jpg,-0.0,0.0,1.0,-15.270567298804972,58.78173797931719,-27.44099327683434,0.0029080702960486,0.4999915785548675,-0.1414801085261131,0.8543906269340764
img_001894.jpg,-0.0,0.0,1.0,-15.00489621283248,58.82526162117337,-27.130402155385656,0.0036351993011602,0.4999868405925678,-0.1402373034598086,0.8545954851733215
img_001895.jpg,-0.0,0.0,1.0,-14.738425926172765,58.86803744531918,-26.819023296334645,0.0043623770792304,0.499981024589207,-0.1389941691523466,0.8547985526769417
img_001896.jpg,-0.0,0.0,1.0,-14.47117761099081,58.91005926985317,-26.506887560293187,0.0050896051198139,0.4999741211547858,-0.1377508208312627,0.8549998160558498
img_001897.jpg,-0.0,0.0,1.0,-14.20316379264806,58.95134064136835,-26.193970612348885,0.005816753353782,0.4999662542838252,-0.1365069616745989,0.855199251269663
img_001898.jpg,-0.0,0.0,1.0,-13.93441629207602,58.99184506518991,-25.88035665985947,0.0065439099512284,0.4999572035698403,-0.1352631146530827,0.8553969029962187
img_001899.jpg,-0.0,0.0,1.0,-13.664893697128822,59.0316079610172,-25.56597415700971,0.0072711904626392,0.4999471890359748,-0.1340188243246382,0.8555927142577391
img_001900.jpg,-0.0,0.0,1.0,-13.39468783488265,59.07059085863171,-25.25090438384779,0.0079982206066732,0.4999360440098951,-0.1327743312208201,0.8557867475812693
img_001901.jpg,-0.0,0.0,1.0,-13.123742375228897,59.1088159617989,-24.935096689715557,0.0087252892960947,0.4999238751134514,-0.1315294253587564,0.8559789709350604
img_001902.jpg,-0.0,0.0,1.0,-12.852077312242974,59.14627896834639,-24.61859685978306,0.0094524788470493,0.4999106800630054,-0.1302843322876817,0.8561693496983773
img_001903.jpg,-0.0,0.0,1.0,-12.579732874722549,59.18296827482462,-24.30141594582481,0.0101795544909865,0.4998964275270042,-0.1290389417723328,0.8563579216206155
img_001904.jpg,-0.0,0.0,1.0,-12.306710751130382,59.21888413148596,-23.983563889279672,0.0109065900053966,0.4998811275888111,-0.1277932819078646,0.8565446758191952
img_001905.jpg,-0.0,0.0,1.0,-12.033029663691885,59.2540049032141,-23.66507218324419,0.0116335825074569,0.4998646474648005,-0.1265475036941017,0.8567296675624839
img_001906.jpg,-0.0,0.0,1.0,-11.758663105761922,59.288365147765845,-23.34589283337573,0.0123606334391244,0.499847221727477,-0.1253012669064638,0.8569128089741344
img_001907.jpg,-0.0,0.0,1.0,-11.483641695335765,59.32194208128327,-23.026062988313253,0.0130876740299493,0.4998287219673117,-0.124054714102402,0.8570941543342719
img_001908.jpg,-0.0,0.0,1.0,-11.208024069379292,59.35473061936842,-22.705639394229983,0.0138145477707749,0.4998091743210377,-0.1228079817800926,0.8572736710908087
img_001909.jpg,-0.0,0.0,1.0,-10.931764457695555,59.38672526039272,-22.38460360762032,0.014541551149499,0.4997884969302205,-0.1215610993514848,0.857451398477404
img_001910.jpg,-0.0,0.0,1.0,-10.65491384481917,59.41793088850197,-22.062959243897463,0.0152683730418751,0.4997667854445818,-0.1203138225414836,0.8576273206098906
img_001911.jpg,-0.0,0.0,1.0,-10.377431730444114,59.448363590950784,-21.74070489760616,0.0159953848530186,0.4997441216519742,-0.1190662521580694,0.8578013686948346
img_001912.jpg,-0.0,0.0,1.0,-10.099439611442309,59.47798294484952,-21.417925737131306,0.0167220207219346,0.499720328896165,-0.1178185146224579,0.8579736385944743
img_001913.jpg,-0.0,0.0,1.0,-9.820840812553037,59.50681212418873,-21.094581762576084,0.0174489182646033,0.4996954870699027,-0.1165706552253176,0.858144065873387
img_001914.jpg,-0.0,0.0,1.0,-9.541713167569103,59.534833359171806,-20.770676441436866,0.0181755252999821,0.499669549816748,-0.1153223432490466,0.8583127334564873
img_001915.jpg,-0.0,0.0,1.0,-9.262002094539405,59.562066509542326,-20.446210932608537,0.0189023369514392,0.4996426130606,-0.1140737542718694,0.8584795509842218
img_001916.jpg,-0.0,0.0,1.0,-8.981789111744348,59.58848625064318,-20.12125486888206,0.0196290504666518,0.4996145651868048,-0.1128250460938367,0.8586445688437686
img_001917.jpg,-0.0,0.0,1.0,-8.701075249708435,59.61410654690606,-19.795803492881703,0.0203557085657219,0.4995855138957807,-0.111576115674265,0.8588077374158427
img_001918.jpg,-0.0,0.0,1.0,-8.41987383632111,59.63891119178805,-19.469872690286152,0.0210823022766746,0.4995553529837863,-0.1103270010757981,0.8589691139206231
img_001919.jpg,-0.0,0.0,1.0,-8.138187836872643,59.66290906752794,-19.14343602960443,0.0218087571406255,0.4995241590511909,-0.1090774348268922,0.8591286899223926
img_001920.jpg,-0.0,0.0,1.0,-7.856028493952349,59.68610045846996,-18.81655688196981,0.0225353140569741,0.4994919364852443,-0.1078277979289565,0.8592864080156082
img_001921.jpg,-0.0,0.0,1.0,-7.573426692712552,59.70846971928094,-18.48923571668998,0.0232617686529978,0.4994586011365708,-0.1065779331014047,0.8594423424789278
img_001922.jpg,-0.0,0.0,1.0,-7.290386127674455,59.730037479686594,-18.161477594928872,0.0239881956950305,0.4994243106235786,-0.1053277918593364,0.8595964056971717
img_001923.jpg,-0.0,0.0,1.0,-7.006908175972617,59.75077587204742,-17.833288910933543,0.0247146212195223,0.4993888610684227,-0.1040774028695451,0.8597487116307239
img_001924.jpg,-0.0,0.0,1.0,-6.723061739920726,59.770689750363815,-17.50474434366401,0.0254409116945763,0.4993523366663334,-0.1028269734232009,0.8598991902628156
img_001925.jpg,-0.0,0.0,1.0,-6.438813443947234,59.78979481728668,-17.17578204341265,0.0261671203061696,0.4993148385333226,-0.1015761210173288,0.8600478274342639
img_001926.jpg,-0.0,0.0,1.0,-6.154180250558381,59.808069056872206,-16.846449664543922,0.0268933474821113,0.4992762095504401,-0.1003251063080795,0.860194679989608
img_001927.jpg,-0.0,0.0,1.0,-5.869214567335226,59.825529058515535,-16.516784547049948,0.0276194358522227,0.4992366112088201,-0.0990739165550482,0.8603396607447442
img_001928.jpg,-0.0,0.0,1.0,-5.583884973285461,59.842161074398426,-16.186758911390722,0.0283455329592481,0.4991959212608378,-0.0978224469199697,0.8604828480779784
img_001929.jpg,-0.0,0.0,1.0,-5.298247303328475,59.85795608773721,-15.85643617743608,0.0290715362972085,0.499154105471787,-0.0965708908688186,0.8606242430961277
img_001930.jpg,-0.0,0.0,1.0,-5.012283953525012,59.87293800927142,-15.52578921121809,0.0297975413759825,0.4991113340563159,-0.095319050470905,0.8607637662923528
img_001931.jpg,-0.0,0.0,1.0,-4.726057283196169,59.88708404833709,-15.194880809080065,0.0305233768758257,0.4990674728211298,-0.0940670990637567,0.8609014821161342
img_001932.jpg,-0.0,0.0,1.0,-4.439507786708195,59.90039124200081,-14.863642466511427,0.0312492407854372,0.4990224685981119,-0.0928147345577736,0.8610374474049025
img_001933.jpg,-0.0,0.0,1.0,-4.152731322291507,59.91287721391634,-14.532195183630868,0.0319750125240327,0.4989764982520785,-0.0915623845955651,0.861171517465223
img_001934.jpg,-0.0,0.0,1.0,-3.8657270390327705,59.92454459691555,-14.200501224842066,0.0327005883153006,0.4989295892863876,-0.0903097193751611,0.8613037159125283
img_001935.jpg,-0.0,0.0,1.0,-3.578438462338566,59.93535106312979,-13.868558857502896,0.0334263920520341,0.4988813806018212,-0.0890569560722507,0.8614342127976747
img_001936.jpg,-0.0,0.0,1.0,-3.290996301192428,59.945339730878544,-13.536432229464664,0.0341518196827261,0.4988322771568452,-0.0878039245054853,0.861562814494863
img_001937.jpg,-0.0,0.0,1.0,-3.0033198696449994,59.954490999479184,-13.204088870036523,0.0348773684476017,0.4987820777177446,-0.0865506975943935,0.861689610511618
img_001938.jpg,-0.0,0.0,1.0,-2.715499688355909,59.9627983063676,-12.87159608453847,0.0356026977134088,0.4987307798726567,-0.08529734193716,0.861814609171598
img_001939.jpg,-0.0,0.0,1.0,-2.4274984353285958,59.97028682124647,-12.538939893742686,0.0363281042920212,0.4986785461137298,-0.0840438483923507,0.8619377054241497
img_001940.jpg,-0.0,0.0,1.0,-2.139372559927117,59.97692485100263,-12.206126805971628,0.0370532154383255,0.4986251762830588,-0.0827899911431897,0.8620590525995769
img_001941.jpg,-0.0,0.0,1.0,-1.8511220741842904,59.98272019390621,-11.873229808117683,0.037778409915334,0.4985707022028795,-0.0815362635151532,0.8621785687322459
img_001942.jpg,-0.0,0.0,1.0,-1.562711649855887,59.9876913117989,-11.540162743299904,0.0385036477670933,0.4985152634334209,-0.0802821104106918,0.8622962275114858
img_001943.jpg,-0.0,0.0,1.0,-1.2742442997840129,59.99181588907089,-11.207031951472873,0.0392286511548749,0.4984587271644085,-0.0790278462539145,0.8624120881334366
img_001944.jpg,-0.0,0.0,1.0,-0.9856942922370178,59.99510238970508,-10.873841113168949,0.0399536903722851,0.4984011335811673,-0.0777735557083743,0.8625261078385509
img_001945.jpg,-0.0,0.0,1.0,-0.697106588976195,59.99755690704747,-10.540584727569952,0.0406784609700198,0.4983425572874714,-0.0765189488660577,0.8626382839137894
img_001946.jpg,-0.0,0.0,1.0,-0.4084758367977849,59.99916012616929,-10.207283586589012,0.0414031332837856,0.498282837998556,-0.075264163847196,0.8627486885245161
img_001947.jpg,-0.0,0.0,1.0,-0.119800770610137,59.99992682690019,-9.873949291162711,0.0421278318223119,0.4982220782681768,-0.0740092362584872,0.8628572532351599
img_001948.jpg,-0.0,0.0,1.0,0.1688733697127056,59.99984469230027,-9.540633458427088,0.0428524860825449,0.4981601917028098,-0.0727543122471617,0.862964018884106
img_001949.jpg,-0.0,0.0,1.0,0.4575374344601789,59.99894162341375,-9.20729435522222,0.043576916706956,0.4980974051356953,-0.0714989775274479,0.8630688984895305
img_001950.jpg,-0.0,0.0,1.0,0.7461911019518507,59.99719350226078,-8.873996287184863,0.0443014391984086,0.4980335085125018,-0.0702436732667511,0.863171960416736
img_001951.jpg,-0.0,0.0,1.0,1.0347534115326915,59.99459824485503,-8.540767753949078,0.0450256205725371,0.4979685192787981,-0.0689882119230037,0.8632732324791531
img_001952.jpg,-0.0,0.0,1.0,1.323311906798568,59.99117759202197,-8.207564643418603,0.0457499935643598,0.4979025603094435,-0.0677325856278871,0.8633726167596022
img_001953.jpg,-0.0,0.0,1.0,1.611764887511696,59.98690599093844,-7.874451603760709,0.0464741133486337,0.4978354691721098,-0.066476795389094,0.8634702300006875
img_001954.jpg,-0.0,0.0,1.0,1.9001280033754997,59.981790661290304,-7.54140507727095,0.0471980531090042,0.4977672946041375,-0.0652206791211164,0.8635660526098613
img_001955.jpg,-0.0,0.0,1.0,2.188391183517514,59.975848794665175,-7.208487925335406,0.0479220705990747,0.4976981408075461,-0.0639646138280065,0.8636599816849472
img_001956.jpg,-0.0,0.0,1.0,2.476493354549104,59.96907549098942,-6.8757153458900415,0.048645821778012,0.4976279920887668,-0.0627084003169519,0.8637520605144354
img_001957.jpg,-0.0,0.0,1.0,2.7644535927411837,59.961450104434114,-6.543097572082646,0.0493695405280705,0.4975566705635649,-0.0614521505897271,0.8638423705941062
img_001958.jpg,-0.0,0.0,1.0,3.0522508290368857,59.95298581863516,-6.210629948316946,0.0500931060961601,0.4974842825191758,-0.0601956862860517,0.8639308703366092
img_001959.jpg,-0.0,0.0,1.0,3.33989569995734,59.94369532042136,-5.878315240270436,0.0508166670748345,0.497410910799554,-0.058939024336677,0.8640175018917176
img_001960.jpg,-0.0,0.0,1.0,3.627303686511244,59.933570709958815,-5.546238378855997,0.0515400047705166,0.4973364947670154,-0.0576823892878028,0.8641022976749707
img_001961.jpg,-0.0,0.0,1.0,3.9145532055103422,59.922608469471314,-5.214316926147571,0.0522634043708718,0.49726099773764,-0.0564254502762375,0.8641852840992246
img_001962.jpg,-0.0,0.0,1.0,4.201539579584908,59.910820836841495,-4.882667160947189,0.0529866357506122,0.4971845044765647,-0.0551685813611136,0.8642664013895409
img_001963.jpg,-0.0,0.0,1.0,4.48825030387895,59.89818713111772,-4.551258108514178,0.0537095187156889,0.4971068697892014,-0.053911443876479,0.8643457663613933
img_001964.jpg,-0.0,0.0,1.0,4.7747553307921065,59.88472850010068,-4.220085003269113,0.0544326155306023,0.4970282150473597,-0.0526542583520527,0.8644232602670573
img_001965.jpg,-0.0,0.0,1.0,5.060929649435105,59.87044770025504,-3.88921792044695,0.0551553383854795,0.4969485779106757,-0.0513969635178794,0.8644989020821727
img_001966.jpg,-0.0,0.0,1.0,5.346836667775309,59.8553217316711,-3.5586281346831474,0.0558780909019966,0.496867760481556,-0.0501395649780477,0.8645727798022579
img_001967.jpg,-0.0,0.0,1.0,5.632419928887415,59.83937576046051,-3.228348383520047,0.0566006418553328,0.4967859537581102,-0.0488820213565029,0.8646448007582718
img_001968.jpg,-0.0,0.0,1.0,5.91770118575343,59.8226068403617,-2.8983799726023247,0.0573232113089895,0.4967031168119454,-0.0476243886849581,0.864714970841206
img_001969.jpg,-0.0,0.0,1.0,6.202603531073545,59.80501585382192,-2.5687803179369872,0.0580455180447118,0.4966192506699156,-0.0463667196977491,0.8647833052293753
img_001970.jpg,-0.0,0.0,1.0,6.487177910611472,59.78658583537198,-2.239507991672676,0.0587678186900217,0.4965342176187896,-0.0451088695525872,0.8648498737398306
img_001971.jpg,-0.0,0.0,1.0,6.771361423877924,59.76735686494714,-1.9106229628889635,0.0594899447535139,0.4964483058342814,-0.0438509845834283,0.8649145144224137
img_001972.jpg,-0.0,0.0,1.0,7.055137500880737,59.74729123124347,-1.5821241519443052,0.0602118201086162,0.4963612268075247,-0.0425929248611087,0.8649774054812718
img_001973.jpg,-0.0,0.0,1.0,7.33854694675609,59.72641810329903,-1.2540144538416844,0.0609338106312547,0.4962731744797465,-0.0413348535905812,0.8650384019755394
img_001974.jpg,-0.0,0.0,1.0,7.621505533241649,59.70471730192466,-0.9263358557273926,0.0616555149756621,0.4961839949135797,-0.040076668228834,0.8650976253165664
img_001975.jpg,-0.0,0.0,1.0,7.904000349534027,59.68219611082916,-0.5991017634096525,0.0623769415456236,0.4960937288894845,-0.0388183708477047,0.8651550516552917
img_001976.jpg,-0.0,0.0,1.0,8.186123600398632,59.658885983962776,-0.2722640603630794,0.0630986179313332,0.4960025987775591,-0.0375599678899302,0.8652105149807016
img_001977.jpg,-0.0,0.0,1.0,8.46770628175108,59.63473888189783,0.0540463373180459,0.0638198960806935,0.4959102154309546,-0.0363016462654489,0.8652642773013871
img_001978.jpg,-0.0,0.0,1.0,8.74885482887824,59.60979634046287,0.3799194670356028,0.0645412252471303,0.4958168962233056,-0.0350431641632383,0.8653161343165372
img_001979.jpg,-0.0,0.0,1.0,9.029462652386176,59.584045763708,0.7052875840907844,0.0652621445709138,0.4957225301610587,-0.033784520803119,0.8653661836071634
img_001980.jpg,-0.0,0.0,1.0,9.309600071122908,59.55748750674683,1.03016401121833,0.0659831742278579,0.495627094670875,-0.0325258758439985,0.8654143927318892
img_001981.jpg,-0.0,0.0,1.0,9.589176563700915,59.5301172808316,1.3545066647806163,0.0667038612968004,0.4955305477373917,-0.0312671086339307,0.8654608246852378
img_001982.jpg,-0.0,0.0,1.0,9.86821867306715,59.5019555896622,1.6783160796877346,0.0674244409073126,0.4954330242781294,-0.0300083004675441,0.8655053813385636
img_001983.jpg,-0.0,0.0,1.0,10.14676066426054,59.47299265181739,2.001605603896756,0.0681451640069771,0.4953344380794994,-0.0287494492371518,0.8655480923920341
img_001984.jpg,-0.0,0.0,1.0,10.4246786649099,59.44323792955274,2.324306870648995,0.068865430834776,0.4952348392448422,-0.0274905004071428,0.8655889779921189
img_001985.jpg,-0.0,0.0,1.0,10.702022510781532,59.41267782816303,2.6464329118460475,0.0695856136597104,0.495134107054934,-0.0262315183791563,0.8656280759344851
img_001986.jpg,-0.0,0.0,1.0,10.97876530324414,59.38133244308892,2.9679579271679235,0.0703056539669594,0.4950323706197724,-0.0249725559211102,0.8656653155288211
img_001987.jpg,-0.0,0.0,1.0,11.25490227911366,59.34919204775988,3.2888953441899096,0.0710255073087519,0.4949295526719323,-0.0237134419429652,0.8657007496096517
img_001988.jpg,-0.0,0.0,1.0,11.530465372230376,59.316279027996025,3.6092479054512,0.0717454321493577,0.4948258045043574,-0.0224542723420352,0.8657342674377093
img_001989.jpg,-0.0,0.0,1.0,11.805326519069917,59.28257001457644,3.928906081106207,0.0724649920543229,0.4947208934040312,-0.0211952608629718,0.865766032755406
img_001990.jpg,-0.0,0.0,1.0,12.079608734497226,59.24808972271055,4.248004914303026,0.0731845588741083,0.4946150532101184,-0.0199359010855139,0.865795893573227
img_001991.jpg,-0.0,0.0,1.0,12.353174331951363,59.21281928178194,4.566398068058564,0.0739037796158678,0.494508060029445,-0.0186766471496945,0.8658239964193936
img_001992.jpg,-0.0,0.0,1.0,12.626096130996194,59.17677058584778,4.884142981818066,0.0746229896853664,0.4944000128445293,-0.0174173515493595,0.8658502599033815
img_001993.jpg,-0.0,0.0,1.0,12.898340045952017,59.13994789408306,5.201221950116882,0.0753420457558396,0.4942909238845293,-0.0161579667513394,0.8658746900199625
img_001994.jpg,-0.0,0.0,1.0,13.169844394832674,59.10236186018314,5.517563844618583,0.0760608200707865,0.494180819954921,-0.014898737621671,0.8658972782357744
img_001995.jpg,-0.0,0.0,1.0,13.440696782480291,59.06400685523574,5.833273101351824,0.0767795686244,0.4940697012962566,-0.0136392097853923,0.8659180100097865
img_001996.jpg,-0.0,0.0,1.0,13.710803094659864,59.02488213296834,6.148243842118369,0.0774980772652032,0.4939574891371006,-0.0123797395023897,0.8659369428517418
img_001997.jpg,-0.0,0.0,1.0,13.980139685073327,58.984999165493946,6.462466415336833,0.0782162374973766,0.493844248786593,-0.0111202743240619,0.8659540505310414
img_001998.jpg,-0.0,0.0,1.0,14.248781459404247,58.94434835003128,6.775970376282455,0.0789345356050716,0.4937299050856531,-0.0098608666566143,0.8659693315711037
img_001999.jpg,-0.0,0.0,1.0,14.516676539183637,58.90296098700897,7.088746607932071,0.0796526262416703,0.4936146764527189,-0.0086013637633071,0.8659826943217132
img_002000.jpg,-0.0,0.0,1.0,14.783775391261662,58.86080612623719,7.400752413923174,0.0803703869272777,0.4934982889609501,-0.0073418029972801,0.8659943057702651
img_002001.jpg,-0.0,0.0,1.0,15.05010262103209,58.81789053050922,7.711991493422843,0.0810880187748133,0.4933807773706942,-0.0060822353936989,0.8660041270946004
img_002002.jpg,-0.0,0.0,1.0,15.315664461481571,58.77425041497493,8.02246108299949,0.0818055785734707,0.4932623942633254,-0.0048227211606428,0.8660120086237131
img_002003.jpg,-0.0,0.0,1.0,15.58041333485137,58.72985452426721,8.332145439235513,0.0825228437536276,0.4931428802572196,-0.0035631012131283,0.8660181200299293
img_002004.jpg,-0.0,0.0,1.0,15.844363713190203,58.68471471280042,8.641046346845187,0.0832399388652087,0.4930223078349244,-0.0023034066494988,0.8660224078351832
img_002005.jpg,-0.0,0.0,1.0,16.107498617510966,58.63884509453408,8.949118177546856,0.0839569504245414,0.492900732699519,-0.001043896272067,0.8660248313185145
img_002006.jpg,-0.0,0.0,1.0,16.369816521841955,58.592235588510526,9.256377337238236,0.0846738422705051,0.492778074117906,0.000215605973882,0.8660254405142273
img_002007.jpg,-0.0,0.0,1.0,16.63129419513999,58.54490199102732,9.562827660774518,0.0853904371155276,0.4926544354647722,0.0014752378567153,0.8660241937378955
img_002008.jpg,-0.0,0.0,1.0,16.891928787579488,58.4968299762806,9.868432141264194,0.0861069235177774,0.4925296645889459,0.0027347832730285,0.8660211592003129
img_002009.jpg,-0.0,0.0,1.0,17.151725277171344,58.4480501366891,10.173212969677186,0.0868232376724053,0.4924039884008522,0.0039943736336499,0.8660162138125874
img_002010.jpg,-0.0,0.0,1.0,17.410636154566696,58.39853864490957,10.477128729769737,0.0875392610519763,0.4922771783985277,0.0052539649141872,0.8660094995178393
img_002011.jpg,-0.0,0.0,1.0,17.668671753766272,58.348303205449625,10.78017413714767,0.0882551166140181,0.4921492692614628,0.00651349073804,0.8660009847542091
img_002012.jpg,-0.0,0.0,1.0,17.925851636681113,58.29736229683734,11.082382389328044,0.0889708157568291,0.4920204066573586,0.0077731177832163,0.8659905842537897
img_002013.jpg,-0.0,0.0,1.0,18.18212729151266,58.24570942935325,11.383690475544192,0.0896863015568283,0.4918904717901213,0.0090326160171866,0.8659783732421009
img_002014.jpg,-0.0,0.0,1.0,18.43752731294021,58.19334585703839,11.684132383648173,0.0904016725984755,0.4917594834453567,0.0102921450984542,0.8659643293936687
img_002015.jpg,-0.0,0.0,1.0,18.691994907469876,58.14029521454927,11.983651576450894,0.0911167374452228,0.4916275480565914,0.0115515093398799,0.8659484146190077
img_002016.jpg,-0.0,0.0,1.0,18.94557696388218,58.086520813121965,12.282308017467509,0.0918316757646214,0.491494425971159,0.0128110479797667,0.8659307418120704
img_002017.jpg,-0.0,0.0,1.0,19.198265434111587,58.03206889157089,12.58005351830276,0.0925465934018607,0.4913604018723762,0.0140703796356564,0.8659111432118403
img_002018.jpg,-0.0,0.0,1.0,19.450021023423258,57.976910208686014,12.876900465050916,0.0932612121248343,0.4912252449214608,0.0153298414143144,0.8658897741786014
img_002019.jpg,-0.0,0.0,1.0,19.7008098203037,57.92107655128762,13.17280823799688,0.0939754281433265,0.491089132070518,0.0165892411791595,0.8658665488079578
img_002020.jpg,-0.0,0.0,1.0,19.950683197975312,57.86454890724837,13.467779445605746,0.0946896746978973,0.4909519111165371,0.0178484358259411,0.8658415096397224
img_002021.jpg,-0.0,0.0,1.0,20.199605438504367,57.80734193902865,13.76185032182468,0.0954035297261921,0.4908136947631158,0.0191078498090236,0.865814630059136
img_002022.jpg,-0.0,0.0,1.0,20.44760546959564,57.749449525980495,14.054995651666928,0.0961173556611051,0.4906744016123304,0.0203672030540473,0.8657859219130635
img_002023.jpg,-0.0,0.0,1.0,20.69459746150385,57.69089362142588,14.347142173504992,0.096830806466294,0.4905340957825251,0.0216262915393462,0.8657553923067202
img_002024.jpg,-0.0,0.0,1.0,20.94067002565033,57.63166267240128,14.638377851139053,0.0975442186846133,0.4903927608983809,0.0228854437603058,0.8657230053103391
img_002025.jpg,-0.0,0.0,1.0,21.18577119627525,57.571750406106105,14.928671888840308,0.0982573670974019,0.4902502944978954,0.0241446835656182,0.8656888429518595
img_002026.jpg,-0.0,0.0,1.0,21.42987286622777,57.51118824765926,15.217961795634988,0.0989702759474955,0.4901068462879471,0.0254036197716149,0.8656528286807929
img_002027.jpg,-0.0,0.0,1.0,21.673030755752865,57.44997045228986,15.506332388039016,0.0996830357826827,0.4899624373163903,0.0266626856914685,0.8656149280065869
img_002028.jpg,-0.0,0.0,1.0,21.91519515905972,57.388090045865454,15.79372070877372,0.1003955754565646,0.4898169293028717,0.027921652057848,0.8655752339013698
img_002029.jpg,-0.0,0.0,1.0,22.15634226569641,57.32556233332438,16.080115770654302,0.1011077564492367,0.4896703962469576,0.0291805265429249,0.8655337206000856
img_002030.jpg,-0.0,0.0,1.0,22.39654504647991,57.26238204308642,16.365570127540682,0.1018199365036117,0.489522842070817,0.0304394237526145,0.8654903402712935
img_002031.jpg,-0.0,0.0,1.0,22.63572721841586,57.198564552988415,16.650010526226474,0.1025318446935311,0.4893742726655951,0.031698103178054,0.8654451295903599
img_002032.jpg,-0.0,0.0,1.0,22.873915140124936,57.13409724855936,16.93349010152986,0.1032434974915266,0.4892246272684264,0.032956897515293,0.8653981090838786
img_002033.jpg,-0.0,0.0,1.0,23.11106147176377,57.06900024067988,17.215934622075366,0.1039548359377242,0.489073949437398,0.0342154235587219,0.8653492756439815
img_002034.jpg,-0.0,0.0,1.0,23.347233660880377,57.00325364111668,17.497418448022447,0.1046661103191563,0.488922157832737,0.0354740142480399,0.8652986324061586
img_002035.jpg,-0.0,0.0,1.0,23.582394997582167,56.93689324942116,17.777902174991574,0.1053771603982652,0.4887694444065561,0.03673246843228,0.8652460979650681
img_002036.jpg,-0.0,0.0,1.0,23.816536809467944,56.86990693668179,18.057390063939327,0.1060879445779956,0.4886156983724152,0.0379908968552774,0.8651917354409857
img_002037.jpg,-0.0,0.0,1.0,24.04965800905096,56.80229470768214,18.335873255360266,0.1067985106456959,0.4884608877124612,0.0392492527721131,0.8651355590055503
img_002038.jpg,-0.0,0.0,1.0,24.281753831884217,56.73405392296486,18.613347296001084,0.1075088651056201,0.4883049638322794,0.0405075441231158,0.8650775948373485
img_002039.jpg,-0.0,0.0,1.0,24.51280404613791,56.6652125887603,18.8897952794419,0.1082188864806707,0.4881480830541949,0.0417656811093444,0.8650177740953483
img_002040.jpg,-0.0,0.0,1.0,24.74283972254504,56.59576115251961,19.165238151658784,0.1089287561222078,0.487990182490494,0.0430237245146754,0.8649561069854633
img_002041.jpg,-0.0,0.0,1.0,24.97183678773551,56.52570665473223,19.43965629675577,0.1096383770223088,0.4878312615742348,0.0442816260775774,0.86489260842415
img_002042.jpg,-0.0,0.0,1.0,25.199828884912115,56.45503710524093,19.713103222206524,0.1103478169854586,0.4876712736357564,0.0455396874137198,0.8648272804596786
img_002043.jpg,-0.0,0.0,1.0,25.42676795279095,56.383780016488366,19.98549130363858,0.1110570421273243,0.4875102907153972,0.0467974002421927,0.8647601130782402
img_002044.jpg,-0.0,0.0,1.0,25.652640222372945,56.311923069196965,20.25684583773402,0.1117658823035293,0.4873482165766628,0.0480550548648125,0.8646911674432668
img_002045.jpg,-0.0,0.0,1.0,25.877506240835828,56.239480509883215,20.527197216195567,0.1124746480408336,0.4871851841010286,0.0493126008415833,0.8646203313239726
img_002046.jpg,-0.0,0.0,1.0,26.101305283264303,56.16643737306685,20.796518204603835,0.1131830445469276,0.4870210081425133,0.0505701382399788,0.8645477414077997
img_002047.jpg,-0.0,0.0,1.0,26.32407588030895,56.09281697464528,21.06482204301376,0.1138912674384579,0.4868558615113116,0.0518275576745445,0.864473281009212
img_002048.jpg,-0.0,0.0,1.0,26.545797806161207,56.01862504505783,21.33209362388952,0.1145992278270287,0.4866897362692483,0.0530848269664227,0.8643969682602799
img_002049.jpg,-0.0,0.0,1.0,26.766473635950504,55.943856247340655,21.59833979180581,0.1153069407356994,0.486522576410107,0.0543420096083105,0.864318828935929
img_002050.jpg,-0.0,0.0,1.0,26.986106156139957,55.86850403751836,21.863540270389823,0.1160145411080512,0.4863542903508698,0.0555989669873252,0.864238905267943
img_002051.jpg,-0.0,0.0,1.0,27.204689523899983,55.79260081840778,22.12772616182475,0.1167217884075235,0.4861851137303014,0.0568558860330924,0.864157084980153
img_002052.jpg,-0.0,0.0,1.0,27.422219116067478,55.7161202405957,22.39087324999342,0.1174288242473476,0.4860148046857453,0.0581126788876521,0.8640734907487113
img_002053.jpg,-0.0,0.0,1.0,27.63870651204744,55.63908182596662,22.653009103828808,0.1181355836668188,0.4858435114462744,0.0593694630275614,0.863988039915526
img_002054.jpg,-0.0,0.0,1.0,27.854112147655396,55.56149258263194,22.914071658661705,0.1188420249043419,0.485671173336658,0.0606259277146524,0.8639007937229642
img_002055.jpg,-0.0,0.0,1.0,28.068475335690746,55.483350372844896,23.17411519404718,0.119548229446585,0.485497824833775,0.0618823282791738,0.8638117042299255
img_002056.jpg,-0.0,0.0,1.0,28.28180006828421,55.40464714222249,23.43314896636887,0.1202542182446407,0.4853233945953772,0.0631387460436491,0.8637208023434573
img_002057.jpg,-0.0,0.0,1.0,28.494065519087123,55.325411350453045,23.6911248528814,0.120959976956582,0.4851479976310706,0.0643948380561621,0.863628050262928
img_002058.jpg,-0.0,0.0,1.0,28.705301030019115,55.245625991048,23.94809163777908,0.1216655716097497,0.484971553883682,0.0656508990707272,0.8635334620382262
img_002059.jpg,-0.0,0.0,1.0,28.91546915965928,55.16531143483321,24.204011628593168,0.1223708368588468,0.4847941207537072,0.0669067548105621,0.8634370416711487
img_002060.jpg,-0.0,0.0,1.0,29.124554022015616,55.08445109970927,24.458881513604204,0.1230757176491707,0.4846155396355494,0.0681624977983029,0.8633388792141723
img_002061.jpg,-0.0,0.0,1.0,29.332627699127052,55.00307118366489,24.712759283126456,0.1237804525847312,0.4844360747121188,0.0694181939876526,0.8632387870218333
img_002062.jpg,-0.0,0.0,1.0,29.53961329027181,54.921163032920816,24.965570478744365,0.1244848069039315,0.484255511073945,0.0706736357860095,0.8631369358620854
img_002063.jpg,-0.0,0.0,1.0,29.745579306185878,54.83873221197033,25.217367412137573,0.1251890683456866,0.4840739592780595,0.0719289167800535,0.8630332149149594
img_002064.jpg,-0.0,0.0,1.0,29.9504759917932,54.75578479719341,25.468119091173023,0.1258929839694329,0.4838913705159329,0.0731840008855103,0.862927691143281
img_002065.jpg,-0.0,0.0,1.0,30.154340686160804,54.67232076974799,25.717868691943387,0.1265966592629123,0.4837077882431229,0.0744390592605353,0.8628203103270246
img_002066.jpg,-0.0,0.0,1.0,30.35711533361232,54.58833486934881,25.966553591872508,0.1272999421479488,0.4835230410153636,0.0756938839429564,0.8627112086150347
img_002067.jpg,-0.0,0.0,1.0,30.558907714433627,54.50384748200651,26.2142588459971,0.1280032363150612,0.4833374105384755,0.0769486058027979,0.862600157159641
img_002068.jpg,-0.0,0.0,1.0,30.75961232785357,54.41887058693097,26.46090262382144,0.1287060652487624,0.4831507924298418,0.0782030218228483,0.8624873030487882
img_002069.jpg,-0.0,0.0,1.0,30.959260087856528,54.33337701307475,26.706531828770988,0.1294085434690487,0.4829630398088615,0.079457435125149,0.862372684550674
img_002070.jpg,-0.0,0.0,1.0,31.157887033707887,54.24739209913914,26.951146405611546,0.1301108780431534,0.4827743283345809,0.0807116224155965,0.8622561923946825
img_002071.jpg,-0.0,0.0,1.0,31.35546237943455,54.16090614994721,27.19474049147975,0.1308128936589595,0.4825845340547855,0.0819656993709109,0.8621379115143546
img_002072.jpg,-0.0,0.0,1.0,31.55200768719996,54.073949647862285,27.437298016023032,0.1315147391577399,0.4823938397403992,0.0832193660797838,0.8620177456839646
img_002073.jpg,-0.0,0.0,1.0,31.747485299873155,53.98649138773981,27.678845989321303,0.1322161092881941,0.4822020017266333,0.0844730773501943,0.8618958342969922
img_002074.jpg,-0.0,0.0,1.0,31.941976151566635,53.89855513612424,27.919411853381497,0.1329174342756346,0.4820092500250841,0.0857266295864036,0.8617720020606343
img_002075.jpg,-0.0,0.0,1.0,32.1353659687224,53.81014343005134,28.15892497858438,0.1336181479333199,0.4818154071670593,0.0869799651037783,0.8616464411983931
img_002076.jpg,-0.0,0.0,1.0,32.32777569241942,53.7212363976034,28.397453373566997,0.1343189344770371,0.4816204760021806,0.0882331470934981,0.8615190379152183
img_002077.jpg,-0.0,0.0,1.0,32.51911873224718,53.63189261170033,28.63494207587361,0.1350192072513413,0.4814247068211679,0.089485949015041,0.8613897667515266
img_002078.jpg,-0.0,0.0,1.0,32.709440193298484,53.54205253517375,28.871437199554133,0.1357192872259744,0.4812277443342615,0.0907387084186532,0.8612587415825436
img_002079.jpg,-0.0,0.0,1.0,32.8987317094979,53.451770357125845,29.106921729013536,0.136419027070746,0.4810299111513475,0.0919911665390796,0.8611258322159295
img_002080.jpg,-0.0,0.0,1.0,33.087013408409575,53.36100677824405,29.341423187567187,0.1371185804003203,0.4808309541990379,0.0932435656406231,0.8609911299541166
img_002081.jpg,-0.0,0.0,1.0,33.27425995906609,53.26979292679718,29.574913399566498,0.137817785236898,0.4806310074269866,0.0944957033686403,0.8608546072461842
img_002082.jpg,-0.0,0.0,1.0,33.46047275400412,53.17812272470038,29.807424588343192,0.1385165366425664,0.4804300393178959,0.0957478333273006,0.8607162707946684
img_002083.jpg,-0.0,0.0,1.0,33.64567222924068,53.08600177110642,30.0389078911913,0.1392151777716736,0.4802280177708422,0.0969994837683573,0.8605761357222038
img_002084.jpg,-0.0,0.0,1.0,33.82988139594151,52.99344135278364,30.269423609243017,0.1399135956109781,0.4800250849518134,0.0982509737643894,0.8604341053994554
img_002085.jpg,-0.0,0.0,1.0,34.01306572826076,52.90042794140775,30.49895418296345,0.1406116466588794,0.4798210680937149,0.0995023567975227,0.8602902931156573
img_002086.jpg,-0.0,0.0,1.0,34.19524964359455,52.80697658315109,30.727507896045505,0.1413094346439066,0.4796160737198722,0.1007535428850665,0.8601446326672394
img_002087.jpg,-0.0,0.0,1.0,34.376395457918555,52.71309840618311,30.955055495473808,0.1420067652395484,0.4794100802456785,0.1020044318291116,0.859997179921104
img_002088.jpg,-0.0,0.0,1.0,34.55651883454976,52.61878278337538,31.18160382505509,0.1427037603885397,0.4792030064957845,0.1032550405867843,0.8598479586123308
img_002089.jpg,-0.0,0.0,1.0,34.73567338310968,52.52403428061893,31.407204494434303,0.1434005926841417,0.4789949675026336,0.1045055147158143,0.8596968585024437
img_002090.jpg,-0.0,0.0,1.0,34.91385056297234,52.42883940495205,31.63186176412972,0.1440972229593465,0.4787858406748904,0.105755962960666,0.8595439403561084
img_002091.jpg,-0.0,0.0,1.0,35.09099234286127,52.33324820496964,31.855512247231683,0.1447933232450921,0.4785758078492746,0.1070059858626029,0.8593892067478092
img_002092.jpg,-0.0,0.0,1.0,35.2671442396921,52.237217682265744,32.078189740386414,0.1454892288071454,0.4783646284993484,0.1082557835587277,0.859232711102102
img_002093.jpg,-0.0,0.0,1.0,35.44234068115944,52.14078802473728,32.29992741337942,0.1461849311828043,0.4781526243428911,0.109505325314013,0.8590742793594492
img_002094.jpg,-0.0,0.0,1.0,35.616504934983354,52.04392360654886,32.52069533014305,0.1468800930003659,0.477939411188362,0.1107548205284458,0.8589141559217879
img_002095.jpg,-0.0,0.0,1.0,35.78970917341911,51.94665795005744,32.74050706290419,0.1475750905033684,0.4777252757580668,0.1120039547531933,0.8587521573099227
img_002096.jpg,-0.0,0.0,1.0,35.96193006796151,51.84899830141925,32.95935872999109,0.1482697399234477,0.4775102108256621,0.1132527672351257,0.858588314324072
img_002097.jpg,-0.0,0.0,1.0,36.133161129984494,51.750918302022704,33.177245973748754,0.1489640949025596,0.4772939948570569,0.1145013360591737,0.8584227309105446
img_002098.jpg,-0.0,0.0,1.0,36.3034367959496,51.65244091398714,33.39420871376563,0.1496581712090378,0.4770768416235144,0.115749735228,0.858255275411428
img_002099.jpg,-0.0,0.0,1.0,36.47273785305447,51.553564930144965,33.61023612736794,0.1503518722844936,0.4768586808130033,0.1169979627677045,0.8580860036977859
img_002100.jpg,-0.0,0.0,1.0,36.6410907617119,51.45429932329484,33.82532235457951,0.1510453892643041,0.4766395637746961,0.1182458291134825,0.8579148795328866
img_002101.jpg,-0.0,0.0,1.0,36.80843825032619,51.354630885539706,34.039452039527426,0.1517383990054515,0.4764192920727418,0.1194934973938311,0.8577420477560608
img_002102.jpg,-0.0,0.0,1.0,36.974840170176805,51.254581115114775,34.25265900534717,0.1524311355778896,0.4761980887880488,0.1207408930829614,0.8575673535522289
img_002103.jpg,-0.0,0.0,1.0,37.140315861295576,51.15414457383547,34.46496163881679,0.1531236830350972,0.4759759335196226,0.1219880864460023,0.8573907832308051
img_002104.jpg,-0.0,0.0,1.0,37.304795232407336,51.05333485360977,34.676293316069206,0.1538157455580063,0.4757527256343978,0.1232348174633353,0.8572124825471538
img_002105.jpg,-0.0,0.0,1.0,37.468362630765206,50.95212044466353,34.88675306967214,0.1545076467752386,0.4755284457313058,0.1244815802129243,0.8570323334484177
img_002106.jpg,-0.0,0.0,1.0,37.63096336275191,50.85056011204831,35.09626991564734,0.1551990708963451,0.4753033077290188,0.1257278605845284,0.8568503481516492
img_002107.jpg,-0.0,0.0,1.0,37.79263719127181,50.74860081075426,35.30489888125284,0.1558902641173339,0.4750770419299404,0.126974083786753,0.8566665698105888
img_002108.jpg,-0.0,0.0,1.0,37.95333200232057,50.646289631114016,35.51258296678304,0.1565809099052381,0.4748498015826022,0.1282198687792061,0.8564810271339665
img_002109.jpg,-0.0,0.0,1.0,38.11313694042157,50.543608855514506,35.719378695867455,0.1572714975158087,0.4746216142563666,0.1294653241474296,0.8562935998786964
img_002110.jpg,-0.0,0.0,1.0,38.271976657870056,50.4405443508819,35.92529492941668,0.1579614731116436,0.4743922839264388,0.1307108719071306,0.8561044340083366
img_002111.jpg,-0.0,0.0,1.0,38.42993631206956,50.33713362995703,36.13029410113705,0.158651495778983,0.4741620789925997,0.1319557394336258,0.8559133767870626
img_002112.jpg,-0.0,0.0,1.0,38.586942009303066,50.23336181337611,36.33440261168344,0.1593409520697317,0.4739308222468184,0.1332004756703095,0.8557205560223321
img_002113.jpg,-0.0,0.0,1.0,38.74302059303648,50.129234475092034,36.53761624688272,0.1600300371146904,0.4736985466469944,0.1344449112466114,0.8555259434789144
img_002114.jpg,-0.0,0.0,1.0,38.89821315038821,50.02475355114841,36.73998145906465,0.1607188552917672,0.4734653495344966,0.1356892091577924,0.8553294399598402
img_002115.jpg,-0.0,0.0,1.0,39.05246718892463,49.91992048178016,36.94142410364323,0.161407312429058,0.4732310459821617,0.1369330206075386,0.8551312206207612
img_002116.jpg,-0.0,0.0,1.0,39.20581808836303,49.81474699489564,37.14199589763021,0.1620954136606635,0.4729957995199723,0.1381765358701187,0.8549311641539186
img_002117.jpg,-0.0,0.0,1.0,39.35825490768265,49.709224333377726,37.341699740338754,0.1627830924400091,0.4727595137084323,0.1394198459488703,0.854729321814472
img_002118.jpg,-0.0,0.0,1.0,39.50982504870621,49.60336258984161,37.54055899431429,0.1634705661992619,0.4725223182118765,0.14066288548456,0.8545255908545539
img_002119.jpg,-0.0,0.0,1.0,39.66048193065991,49.49715074552805,37.73854582542578,0.1641576376914944,0.4722840147186898,0.141905671687651,0.8543201155138634
img_002120.jpg,-0.0,0.0,1.0,39.81025968549328,49.39061017027031,37.93566534194476,0.1648444597649702,0.4720447659258087,0.1431480163709418,0.8541128078046296
img_002121.jpg,-0.0,0.0,1.0,39.959130683498,49.283741100661246,38.13193044143261,0.1655307679467219,0.4718045285326304,0.1443901206750497,0.8539037093083244
img_002122.jpg,-0.0,0.0,1.0,40.10713546356772,49.17654131915557,38.3273463982264,0.1662168461966664,0.4715633175374588,0.1456318571456893,0.85369277833293
img_002123.jpg,-0.0,0.0,1.0,40.254250543818806,49.06900264912304,38.52192544190756,0.1669024945904056,0.4713210383724205,0.1468734359133128,0.8534800700133899
img_002124.jpg,-0.0,0.0,1.0,40.40048410188162,48.96114539461201,38.71564536787736,0.167587787301197,0.4710777749260976,0.1481145749016767,0.8532655719175954
img_002125.jpg,-0.0,0.0,1.0,40.545875703987726,48.85296063479832,38.90855515393304,0.168272845435465,0.4708335624591305,0.149355501115054,0.8530492015339839
img_002126.jpg,-0.0,0.0,1.0,40.69035237151525,48.74446844313659,39.10058287154764,0.1689573430938455,0.4705883045774836,0.1505958960059195,0.8528311321215545
img_002127.jpg,-0.0,0.0,1.0,40.83401537204384,48.63563583479949,39.29183153627412,0.1696417273410709,0.4703420391646148,0.151836225254765,0.852611172363812
img_002128.jpg,-0.0,0.0,1.0,40.97678567850196,48.52650739918451,39.48222195774771,0.1703255664403697,0.4700948113460085,0.1530760489928092,0.8523894608611011
img_002129.jpg,-0.0,0.0,1.0,41.118726769515874,48.41705405844404,39.671830352414666,0.1710091223418554,0.4698465984267443,0.1543157742288549,0.8521658851695689
img_002130.jpg,-0.0,0.0,1.0,41.25982116393373,48.30729854542936,39.860593076146245,0.1716924369680965,0.4695974042725733,0.1555549054593883,0.8519405239662792
img_002131.jpg,-0.0,0.0,1.0,41.40003702832328,48.19723390642674,40.04855009166538,0.1723751306030979,0.46934717092353,0.1567938878670799,0.8517134049803192
img_002132.jpg,-0.0,0.0,1.0,41.53942676389745,48.08685268205431,40.235703524257126,0.1730576072023121,0.469095895791498,0.1580325422770868,0.85148448061161
img_002133.jpg,-0.0,0.0,1.0,41.67798505322786,47.97619234297651,40.42205013722932,0.1737396949965219,0.4688437849382688,0.1592707155303838,0.8512537006566923
img_002134.jpg,-0.0,0.0,1.0,41.81571345528015,47.865225256344566,40.60761204907645,0.1744214133524611,0.4685906648200008,0.160508661650549,0.851021109575332
img_002135.jpg,-0.0,0.0,1.0,41.952587363136686,47.7539461711122,40.792368681756045,0.1751026787337417,0.4683364074022697,0.1617463398963671,0.8507868022788859
img_002136.jpg,-0.0,0.0,1.0,42.08867638983042,47.642381202619895,40.97634344676717,0.1757838085647882,0.4680812896541421,0.1629835309882319,0.8505506025797531
img_002137.jpg,-0.0,0.0,1.0,42.22390151680524,47.530515982195816,41.15952487939166,0.1764643122564426,0.4678250602508966,0.164220518790035,0.8503126958416165
img_002138.jpg,-0.0,0.0,1.0,42.35833976806878,47.41837341273415,41.34191416451086,0.1771446641867488,0.4675679524630555,0.1654569005461889,0.8500729332482704
img_002139.jpg,-0.0,0.0,1.0,42.49195691299212,47.30593101920829,41.523550157579805,0.1778245320751496,0.4673098031203151,0.166693181804993,0.8498313755326019
img_002140.jpg,-0.0,0.0,1.0,42.62475660845072,47.19320217643227,41.70440207650688,0.1785040124445574,0.4670506294259763,0.1679290587189285,0.84958805213572
img_002141.jpg,-0.0,0.0,1.0,42.7567642823529,47.08020503522156,41.88449846797681,0.1791831022567818,0.4667906035391909,0.1691645597600426,0.849342863650684
img_002142.jpg,-0.0,0.0,1.0,42.88794958300905,46.96692197258998,42.06381412070736,0.1798617414077278,0.4665294990760611,0.170399680765687,0.8490959482087824
img_002143.jpg,-0.0,0.0,1.0,43.01836984523721,46.85335404292608,42.24238213131282,0.1805402106280045,0.4662674325431418,0.1716344204293826,0.8488471826070301
img_002144.jpg,-0.0,0.0,1.0,43.14797679795628,46.739509104912926,42.42018953360277,0.1812181692996164,0.4660043355458815,0.1728688394021586,0.8485966643417164
img_002145.jpg,-0.0,0.0,1.0,43.27677836941475,46.62538268999102,42.59725528353946,0.18189561110691,0.465740193211535,0.1741030539747811,0.848344379178633
img_002146.jpg,-0.0,0.0,1.0,43.404821380221975,46.51100741531369,42.773559147288,0.182572832362309,0.4654752285598831,0.1753365868190075,0.8480902391862494
img_002147.jpg,-0.0,0.0,1.0,43.532083149882894,46.39633913760292,42.94912521196813,0.1832497336877184,0.4652091327312796,0.1765698723731413,0.8478343459054507
img_002148.jpg,-0.0,0.0,1.0,43.65857340333509,46.28141006867815,43.12397314631544,0.1839261760361168,0.4649421338614518,0.1778028807926226,0.8475766098182133
img_002149.jpg,-0.0,0.0,1.0,43.78428146770495,46.16622236018815,43.29807072302414,0.1846021970362696,0.464674150626169,0.1790353989021979,0.8473171121422969
img_002150.jpg,-0.0,0.0,1.0,43.90920089135759,46.05076054799412,43.47144178489442,0.1852777075174637,0.4644050840761567,0.1802676808239141,0.8470558731463106
img_002151.jpg,-0.0,0.0,1.0,44.0334064591437,45.93506232139425,43.644103041568506,0.1859530382958495,0.464135295278671,0.1814993881809018,0.846792694415275
img_002152.jpg,-0.0,0.0,1.0,44.15681226294684,45.8190715722276,43.81602249498096,0.186627900077886,0.4638642087878775,0.1827308457218814,0.8465278853882374
img_002153.jpg,-0.0,0.0,1.0,44.27949370172537,45.70284649802325,43.98724069006428,0.1873024498801367,0.4635923583336989,0.183961807058807,0.8462611719245757
img_002154.jpg,-0.0,0.0,1.0,44.40137894562518,45.5863501611376,44.15773915783081,0.1879763727989414,0.4633193346048813,0.1851925638491462,0.8459927846888667
img_002155.jpg,-0.0,0.0,1.0,44.52256561410789,45.46962947472135,44.32752849020124,0.1886501542392717,0.4630455871074608,0.1864226026749347,0.84572248212857
img_002156.jpg,-0.0,0.0,1.0,44.64297590181744,45.35263324165685,44.49662631406882,0.1893233470614579,0.4627706640103898,0.1876525631968969,0.845450470645362
img_002157.jpg,-0.0,0.0,1.0,44.76265017686988,45.23538638080342,44.66502490088008,0.189996175568,0.4624947519239877,0.1888821160730011,0.8451766702530827
img_002158.jpg,-0.0,0.0,1.0,44.8816216994466,45.11790856155193,44.8327358322688,0.1906687535126977,0.4622180250845583,0.1901111238668752,0.8449009908284628
img_002159.jpg,-0.0,0.0,1.0,44.99984250652022,45.00017220922111,44.99974612425254,0.1913408845552187,0.461940180230406,0.1913397856123221,0.8446235979583787
img_002160.jpg,-0.0,0.0,1.0,45.11733243990105,44.882208608467295,45.16607382545514,0.1920125105380896,0.4616614541722831,0.1925680186310332,0.8443443940294216
img_002161.jpg,-0.0,0.0,1.0,45.23410839296105,44.764003758052375,45.33171082184972,0.1926838391925096,0.4613817462424691,0.1937957417576195,0.8440634056899392
img_002162.jpg,-0.0,0.0,1.0,45.35013821702936,44.64554990683866,45.49667244664844,0.1933545977397518,0.4611009525020346,0.1950232191659353,0.8437806913652213
img_002163.jpg,-0.0,0.0,1.0,45.465443177898806,44.52685674205123,45.66096038541893,0.1940248913258341,0.4608191475390004,0.1962503287565859,0.8434962141410945
img_002164.jpg,-0.0,0.0,1.0,45.58008861245314,44.40793212774008,45.82460045032878,0.1946950593646386,0.4605365119322752,0.1974769562090676,0.8432098237109522
img_002165.jpg,-0.0,0.0,1.0,45.69401276231715,44.28878975814479,45.98756572623006,0.1953646937017158,0.4602529561988218,0.1987030862774106,0.8429216667454409
img_002166.jpg,-0.0,0.0,1.0,45.80721119444004,44.169400286787074,46.14984971340886,0.1960339019130703,0.4599682487305679,0.1999287986619168,0.8426318264379016
img_002167.jpg,-0.0,0.0,1.0,45.91970174981299,44.04978471906351,46.31150353460458,0.1967025186253358,0.4596826157536418,0.2011543023582197,0.8423401679743862
img_002168.jpg,-0.0,0.0,1.0,46.03154328298265,43.929946494916194,46.47250206427135,0.1973710573922525,0.459396114626402,0.2023791526761321,0.8420466460547898
img_002169.jpg,-0.0,0.0,1.0,46.142660629869376,43.80986947037222,46.63283991514926,0.1980390479955324,0.4591084764037169,0.2036036679325189,0.8417514412032245
img_002170.jpg,-0.0,0.0,1.0,46.25310573461508,43.68959641726072,46.7925440234006,0.1987065822493611,0.4588200852899564,0.2048276527205823,0.8414543696400129
img_002171.jpg,-0.0,0.0,1.0,46.36284648862253,43.56908100576046,46.95159032831562,0.1993737059866564,0.4585305239184966,0.2060512392001506,0.8411556162924062
img_002172.jpg,-0.0,0.0,1.0,46.471916837778274,43.44833636514458,47.11002535331352,0.2000404227080165,0.4582399923744003,0.2072745695821705,0.8408550359461692
img_002173.jpg,-0.0,0.0,1.0,46.5802964168249,43.32740341273596,47.26781778930331,0.2007065328926768,0.4579486332308869,0.2084973171703132,0.8405526787233176
img_002174.jpg,-0.0,0.0,1.0,46.68802772521243,43.20623218206673,47.42498416721234,0.2013724837364748,0.4576562122927364,0.2097196295097191,0.8402485293899509
img_002175.jpg,-0.0,0.0,1.0,46.795069928881375,43.08486670722638,47.581517087350186,0.2020378165815691,0.4573628954830955,0.2109414240556142,0.8399426278762503
img_002176.jpg,-0.0,0.0,1.0,46.901461162008864,42.96326383890204,47.73743976459067,0.2027028924785064,0.4570684970950264,0.2121628873452868,0.8396349418511905
img_002177.jpg,-0.0,0.0,1.0,47.00719536921986,42.8414727329517,47.892746805259705,0.2033674777713155,0.4567732822255718,0.2133837908740848,0.839325440709393
img_002178.jpg,-0.0,0.0,1.0,47.11225793187496,42.71945703774892,48.047437485514514,0.2040316145660528,0.4564769691437754,0.2146043284560567,0.8390142186559219
img_002179.jpg,-0.0,0.0,1.0,47.21665063011055,42.597250679728646,48.20151320424631,0.2046951626488031,0.4561797523627736,0.2158243526237644,0.8387012416450519
img_002180.jpg,-0.0,0.0,1.0,47.32042533352317,42.4748142438966,48.35501077614684,0.2053585150491888,0.4558815237060003,0.2170440804213097,0.8383864167520579
img_002181.jpg,-0.0,0.0,1.0,47.42355403681812,42.35219851318471,48.50788434185876,0.2060214300904031,0.4555824437570527,0.2182630667875095,0.8380698305990785
img_002182.jpg,-0.0,0.0,1.0,47.52603320396075,42.22935214321371,48.6601769731641,0.2066839213613994,0.4552822369889545,0.2194818450848752,0.8377514912019836
img_002183.jpg,-0.0,0.0,1.0,47.62785533530249,42.10633433606747,48.8118653717294,0.2073457713396553,0.4549811942113818,0.2207000179431276,0.8374313978478782
img_002184.jpg,-0.0,0.0,1.0,47.72905951445867,41.9830960878534,48.96298796398566,0.2080073146698618,0.4546791293468288,0.2219179058668001,0.8371094847365765
img_002185.jpg,-0.0,0.0,1.0,47.82961947492652,41.85968748747041,49.11349366022071,0.2086683444534339,0.4543761890556621,0.2231350206563773,0.8367858527717794
img_002186.jpg,-0.0,0.0,1.0,47.92954196924455,41.73605156595216,49.26342935875597,0.2093289602290564,0.4540720915063287,0.2243519069375923,0.8364604856046437
img_002187.jpg,-0.0,0.0,1.0,48.02887544624163,41.612246793914494,49.41280029162012,0.2099892410669367,0.453767283613547,0.2255681561132456,0.8361332297581439
img_002188.jpg,-0.0,0.0,1.0,48.12756883191618,41.48822580440105,49.561605415057066,0.2106490145259051,0.4534613446362582,0.2267841519665045,0.8358042534091192
img_002189.jpg,-0.0,0.0,1.0,48.22563261826682,41.36402359175151,49.70982414450692,0.2113082842182753,0.4531544522800079,0.2279995461005138,0.8354735533680848
img_002190.jpg,-0.0,0.0,1.0,48.32308317376958,41.23964169204487,49.85748077072813,0.2119670612266895,0.4528466698908983,0.2292144346520162,0.835141066808956
img_002191.jpg,-0.0,0.0,1.0,48.419954310669866,41.11505915590915,50.00458623621279,0.2126256329447909,0.4525379323747338,0.2304288423778067,0.8348067492403567
img_002192.jpg,-0.0,0.0,1.0,48.51618641924379,40.990299056040286,50.151131419129406,0.2132834968965224,0.4522282242077332,0.2316428313770468,0.8344707195900504
img_002193.jpg,-0.0,0.0,1.0,48.611817568779976,40.86535287970063,50.29710646424653,0.2139410004340834,0.4519175275108922,0.2328562057860746,0.8341329534844063
img_002194.jpg,-0.0,0.0,1.0,48.70685052628309,40.74021207518606,50.44254686718306,0.2145980552134448,0.4516058384803559,0.2340692397315279,0.833793399086708
img_002195.jpg,-0.0,0.0,1.0,48.801286349869365,40.6149101725614,50.58742093785891,0.2152546440808084,0.4512932857173589,0.2352815469714775,0.8334520994770984
img_002196.jpg,-0.0,0.0,1.0,48.89514374252516,40.48940150872692,50.73178421116579,0.2159108759874209,0.4509797062796313,0.2364936415711759,0.8331089698536958
img_002197.jpg,-0.0,0.0,1.0,48.98837436687463,40.36372516278077,50.87558232040495,0.2165664397129629,0.4506651182796457,0.2377051432922597,0.8327641882360518
img_002198.jpg,-0.0,0.0,1.0,49.08105870860344,40.23788870965372,51.01884908522182,0.2172217488567317,0.4503497765134503,0.2389159395595897,0.8324175421279075
img_002199.jpg,-0.0,0.0,1.0,49.173156868584776,40.111853746103066,51.16160028864337,0.2178766126023885,0.4500333687960678,0.2401264554892258,0.8320691281529151
img_002200.jpg,-0.0,0.0,1.0,49.26464585107299,39.98564204274014,51.30380900518358,0.2185308704854731,0.4497159083732575,0.2413364838220266,0.8317190402878232
img_002201.jpg,-0.0,0.0,1.0,49.355579251738426,39.85927849653749,51.44549695373208,0.219184712813768,0.4493976809398998,0.2425458563023557,0.8313671232525033
img_002202.jpg,-0.0,0.0,1.0,49.44592699606593,39.73272049123862,51.586658587554425,0.2198381233870075,0.4490783274465607,0.2437548226292284,0.8310135027594147
img_002203.jpg,-0.0,0.0,1.0,49.53572074675387,39.60601033143401,51.72730542797522,0.2204910972811582,0.4487581767819214,0.2449631525509168,0.8306580696552781
img_002204.jpg,-0.0,0.0,1.0,49.62491837258161,39.47912801869924,51.86742384823134,0.2211434644834067,0.448436967562977,0.2461709880425787,0.8303009688572802
img_002205.jpg,-0.0,0.0,1.0,49.71359845411321,39.35207503403835,52.00705601557731,0.2217956179248132,0.4481149375120786,0.2473783113565081,0.8299419725006675
img_002206.jpg,-0.0,0.0,1.0,49.80165967725763,39.22485531065326,52.14616332077487,0.2224469525996381,0.4477917965957843,0.2485852128272651,0.8295813716232285
img_002207.jpg,-0.0,0.0,1.0,49.88919881519801,39.097474730791234,52.2847725480038,0.2230980338093116,0.447467820629093,0.2497914734694319,0.8292189316422046
img_002208.jpg,-0.0,0.0,1.0,49.97619928130534,38.96992370344465,52.42289747451417,0.2237487246880667,0.4471429211623374,0.2509972895445675,0.8288546777910806
img_002209.jpg,-0.0,0.0,1.0,50.06262040873706,38.84220555786282,52.56051557281796,0.2243987995927095,0.4468169647548899,0.2522026331419721,0.8284887510309564
img_002210.jpg,-0.0,0.0,1.0,50.14846498210437,38.71433634456311,52.69762775071473,0.2250481997373984,0.4464900358528992,0.2534074216564554,0.8281211471327491
img_002211.jpg,-0.0,0.0,1.0,50.23382397788265,38.586311149518366,52.83426429165568,0.2256974812150154,0.4461623439432935,0.2546115311529717,0.8277516403029131
img_002212.jpg,-0.0,0.0,1.0,50.3186254371702,38.45812974612264,52.9704006936477,0.2263462154537381,0.4458336598493241,0.2558150566676004,0.8273804416816242
img_002213.jpg,-0.0,0.0,1.0,50.40286779958193,38.32978196589113,53.1060533344524,0.2269943677218046,0.4455039287514017,0.2570181568403651,0.8270075414069848
img_002214.jpg,-0.0,0.0,1.0,50.48660821324677,38.20127879872787,53.24125085874114,0.2276421858787784,0.4451733824646927,0.2582207596385786,0.8266327685526091
img_002215.jpg,-0.0,0.0,1.0,50.5697844125738,38.07261377755764,53.37595395174039,0.2282893974096956,0.4448417431002754,0.2594228419024408,0.8262563547259941
img_002216.jpg,-0.0,0.0,1.0,50.65243774966784,37.94380238387191,53.51018282705471,0.2289361487387177,0.444509218133077,0.2606243129358876,0.8258781764292484
img_002217.jpg,-0.0,0.0,1.0,50.73456926818778,37.814841795590354,53.64394993583901,0.2295824068067143,0.4441757974548017,0.2618252613250624,0.8254982204537392
img_002218.jpg,-0.0,0.0,1.0,50.81617541993288,37.685737441157855,53.77723686979776,0.2302281885266547,0.4438414491354165,0.2630255355762644,0.8251165474476487
img_002219.jpg,-0.0,0.0,1.0,50.89725210075679,37.55647751373319,53.91007126643778,0.2308734051982541,0.4435061268698694,0.2642253922923103,0.8247331254830406
img_002220.jpg,-0.0,0.0,1.0,50.977824864313234,37.4270653484092,54.04242758262892,0.2315183202447378,0.4431698385534738,0.2654245251762392,0.824347974475895
img_002221.jpg,-0.0,0.0,1.0,51.05787442530328,37.2975102884477,54.17433760750452,0.2321626256117988,0.4428326409405367,0.266623188146725,0.8239610688188742
img_002222.jpg,-0.0,0.0,1.0,51.13741806702872,37.16780166701449,54.305810298827794,0.2328064542308244,0.442494507712591,0.2678214155870652,0.8235723737872728
img_002223.jpg,-0.0,0.0,1.0,51.21644048431983,37.03796197753032,54.43681417969967,0.2334497125868164,0.4421554565934749,0.2690189339953372,0.8231819950957144
img_002224.jpg,-0.0,0.0,1.0,51.294978801023184,36.90796855541006,54.56737343187648,0.234092670910713,0.4418154661867,0.2702158627973886,0.8227898290309502
img_002225.jpg,-0.0,0.0,1.0,51.37298760109192,36.777833538568856,54.69748992637764,0.2347349370973735,0.4414744879063279,0.2714123290101171,0.8223959712298217
img_002226.jpg,-0.0,0.0,1.0,51.45050104164916,36.64756074021337,54.82716169483417,0.2353767424852514,0.4411326019315715,0.2726081611941716,0.8220003692580958
img_002227.jpg,-0.0,0.0,1.0,51.52752965331503,36.51714751965323,54.95640935422039,0.236018090648716,0.4407898406091829,0.2738034691225049,0.8216029683483057
img_002228.jpg,-0.0,0.0,1.0,51.60406190374532,36.38659161228724,55.085206553758816,0.2366590060854644,0.4404460895321791,0.2749981090473112,0.8212038705917398
img_002229.jpg,-0.0,0.0,1.0,51.68011429829498,36.25590046837775,55.21358941129823,0.2372994303509784,0.4401014890969346,0.2761922351520567,0.8208029659373027
img_002230.jpg,-0.0,0.0,1.0,51.75565362977994,36.125077423180144,55.34151800325983,0.2379392595870313,0.4397558778847196,0.2773856655108985,0.8204004322171526
img_002231.jpg,-0.0,0.0,1.0,51.830710698536016,35.994112382304046,55.46904080423475,0.2385785696281366,0.4394093504086938,0.2785786637637918,0.8199961079073379
img_002232.jpg,-0.0,0.0,1.0,51.905286350277656,35.86302123221367,55.5961214422736,0.2392174300703568,0.4390619107336055,0.2797708884886515,0.8195900863527814
img_002233.jpg,-0.0,0.0,1.0,51.979353061513095,35.731786845339684,55.72279273005586,0.2398555915657299,0.438713437352874,0.2809627452729973,0.8191823672719895
img_002234.jpg,-0.0,0.0,1.0,52.05297623281163,35.60042329415023,55.84905215131748,0.2404934636639702,0.4383641519348875,0.2821538956047655,0.8187728277296265
img_002235.jpg,-0.0,0.0,1.0,52.12612511175711,35.46893212281659,55.97488727309808,0.2411308627848095,0.4380139442362524,0.2833443529065798,0.8183615761649652
img_002236.jpg,-0.0,0.0,1.0,52.19879566894284,35.337292791564614,56.10032711587523,0.2417677383359134,0.4376627227946299,0.2845344202537329,0.8179485714070295
img_002237.jpg,-0.0,0.0,1.0,52.27096585385119,35.20554029568568,56.22532983920319,0.2424039300466764,0.4373105374055933,0.2857237221492298,0.8175339645379555
img_002238.jpg,-0.0,0.0,1.0,52.34272443458303,35.073667740658955,56.3499517604192,0.2430398833422968,0.4369576683608283,0.2869123428376536,0.817117444859085
img_002239.jpg,-0.0,0.0,1.0,52.41398295287102,34.941659954659606,56.47417410626719,0.2436751039059161,0.436603745771097,0.288100542997167,0.8166992653601606
img_002240.jpg,-0.0,0.0,1.0,52.48477689850649,34.809522904209395,56.59799236405082,0.2443098311005494,0.4362488665921038,0.2892881203152332,0.8162793739089608
img_002241.jpg,-0.0,0.0,1.0,52.5551101010687,34.67726008739305,56.721412336355016,0.2449440502684299,0.4358930559717727,0.2904750776058585,0.8158577604482022
img_002242.jpg,-0.0,0.0,1.0,52.62498818507397,34.54486360507204,56.84443423823155,0.2455778327982003,0.4355362632309554,0.2916614207023261,0.8154344284630467
img_002243.jpg,-0.0,0.0,1.0,52.69440515301293,34.412369731026985,56.96706625759251,0.2462109353871267,0.4351786913362595,0.2928470640353208,0.815009373558703
img_002244.jpg,-0.0,0.0,1.0,52.763382944649,34.27972677259089,57.08931225705565,0.2468437317084916,0.4348200758366434,0.2940321681553441,0.8145825666287668
img_002245.jpg,-0.0,0.0,1.0,52.831900986688304,34.146977712394445,57.21117624587711,0.2474758600482079,0.4344606140032796,0.295216643791428,0.8141540436562471
img_002246.jpg,-0.0,0.0,1.0,52.89996510449159,34.014109083359145,57.33264776457399,0.248107459306683,0.4341001994712139,0.2964004444759365,0.8137238364272623
img_002247.jpg,-0.0,0.0,1.0,52.967596701561234,33.88111614963341,57.453747939688334,0.248738619397674,0.4337388875000527,0.2975836512059052,0.8132918585755778
img_002248.jpg,-0.0,0.0,1.0,53.03476893978719,33.74801677777687,57.57447044830467,0.2493690881719153,0.4333766849367357,0.2987662341799599,0.8128581943558656
img_002249.jpg,-0.0,0.0,1.0,53.10149700419186,33.61479066673052,57.69480562967576,0.24999909944062,0.4330134708083979,0.2999481472785082,0.8124228537661493
img_002250.jpg,-0.0,0.0,1.0,53.1678108509976,33.48144546864157,57.8147795676222,0.2506287282243211,0.4326494094485383,0.3011294204307582,0.8119857149257774
img_002251.jpg,-0.0,0.0,1.0,53.23367368848748,33.347992965100275,57.934395525750354,0.2512576437160729,0.4322844655202463,0.3023101557364505,0.8115468606819479
img_002252.jpg,-0.0,0.0,1.0,53.299119135775726,33.21442264795937,58.05362702202176,0.2518862287246303,0.4319185896094532,0.3034900760575084,0.8111063021967416
img_002253.jpg,-0.0,0.0,1.0,53.36410281913116,33.080730975838975,58.17250106642639,0.2525140800971115,0.4315516854516113,0.304669546900231,0.8106640792141903
img_002254.jpg,-0.0,0.0,1.0,53.42869977646395,32.94694386123949,58.29101829609039,0.2531416034968619,0.4311840923621589,0.3058481685447228,0.8102200348489894
img_002255.jpg,-0.0,0.0,1.0,53.49283229976344,32.81303171220756,58.40917989729905,0.2537683778365179,0.4308154122668033,0.3070263624992386,0.8097743535665308
img_002256.jpg,-0.0,0.0,1.0,53.55656296119963,32.679019325650444,58.526974278698574,0.2543947712366237,0.4304459184842119,0.308203694845601,0.8093269389506744
img_002257.jpg,-0.0,0.0,1.0,53.61984271566013,32.544886813376195,58.64441753793229,0.2550204651554671,0.4300753794782648,0.3093805419837084,0.8088778712267894
img_002258.jpg,-0.0,0.0,1.0,53.68273086628414,32.41064986375628,58.76152022504972,0.2556457629434174,0.4297040561141683,0.3105566788152454,0.8084270018321718
img_002259.jpg,-0.0,0.0,1.0,53.7451780459072,32.27629760575533,58.87827141709626,0.2562704041744838,0.4293317094463952,0.3117322524924417,0.8079744834857544
img_002260.jpg,-0.0,0.0,1.0,53.807223737605874,32.1418473933645,58.99467080450501,0.2568945848683443,0.4289585332956989,0.3129070287685094,0.8075202414338523
img_002261.jpg,-0.0,0.0,1.0,53.8688572747554,32.00728428967789,59.11073164972449,0.257518245985078,0.428584423235602,0.3140811979908947,0.80706427638273
img_002262.jpg,-0.0,0.0,1.0,53.9300625933681,31.87261077400922,59.22645384401756,0.258141260232157,0.4282093337565951,0.315254800243146,0.8066066371987902
img_002263.jpg,-0.0,0.0,1.0,53.99090494303394,31.73786312627024,59.34183483184932,0.2587639247986129,0.4278336391990832,0.3164274071481494,0.8061471977238313
img_002264.jpg,-0.0,0.0,1.0,54.05129380487149,31.60299361802182,59.45688661371773,0.2593857762357137,0.4274568166618384,0.3175996412050847,0.8056861404308288
img_002265.jpg,-0.0,0.0,1.0,54.111303074089605,31.46801024252424,59.57159128279847,0.2600073610533678,0.4270790617490538,0.3187710575020966,0.8052233603867974
img_002266.jpg,-0.0,0.0,1.0,54.17088608096801,31.332934529141745,59.6859717656049,0.2606281625190989,0.4267004094619894,0.319941889080279,0.8047589136372651
img_002267.jpg,-0.0,0.0,1.0,54.230091560113806,31.19775848597897,59.80004055891235,0.2612485106177061,0.4263209610054578,0.3211120686794106,0.8042926664192848
img_002268.jpg,-0.0,0.0,1.0,54.2888802200315,31.062478220630425,59.913770589349056,0.2618682453560281,0.4259405063108314,0.322281561241584,0.8038247958613337
img_002269.jpg,-0.0,0.0,1.0,54.34727330834764,30.927101080521464,60.02716063908348,0.2624874830996414,0.4255591301021311,0.3234502390672675,0.8033552706306597
img_002270.jpg,-0.0,0.0,1.0,54.40528302221404,30.79161791022152,60.14025789254162,0.2631061737985336,0.425176905244809,0.3246184194790404,0.8028839407351926
img_002271.jpg,-0.0,0.0,1.0,54.46288503137151,30.65603729024257,60.25304046791181,0.2637241854284096,0.4247937487985818,0.3257859936392487,0.8024109367090262
img_002272.jpg,-0.0,0.0,1.0,54.52011254216787,30.520364843797037,60.365471090923066,0.2643418594898111,0.424409687354981,0.3269525448658414,0.8019363017138369
img_002273.jpg,-0.0,0.0,1.0,54.57694617426407,30.38460762947125,60.47761830043806,0.2649587703591654,0.4240248506012096,0.3281185859757508,0.8014598989467
img_002274.jpg,-0.0,0.0,1.0,54.63339725067972,30.24874935021079,60.58943768239639,0.2655752350653744,0.4236390566548235,0.329283827192842,0.8009818383370605
img_002275.jpg,-0.0,0.0,1.0,54.68947882012263,30.11278620160654,60.70097236456346,0.2661912003196928,0.4232524057365032,0.3304485303434009,0.8005019767024377
img_002276.jpg,-0.0,0.0,1.0,54.74516246037757,29.97673091695454,60.81217548539798,0.2668065783695853,0.422864768099973,0.3316124094392896,0.8000205294518007
img_002277.jpg,-0.0,0.0,1.0,54.800431070865656,29.84058556048246,60.92307450741747,0.2674211361770263,0.4224761547851764,0.3327757022770334,0.7995374703775597
img_002278.jpg,-0.0,0.0,1.0,54.8553600976551,29.70434618484849,61.03368285481825,0.2680353666159172,0.4220867779326954,0.3339382333974887,0.7990525955234927
img_002279.jpg,-0.0,0.0,1.0,54.90990957919941,29.56801293272768,61.143991869228415,0.268649019368677,0.4216964880328812,0.3351000811525208,0.7985660348302801
img_002280.jpg,-0.0,0.0,1.0,54.96408208892524,29.43160011833375,61.2539905643423,0.2692620829756059,0.421305337033105,0.3362610892296309,0.7980778304959748
img_002281.jpg,-0.0,0.0,1.0,55.01786525086971,29.29507912984733,61.36370860300738,0.2698744939572316,0.4209131742067267,0.3374216262993249,0.7975879283164112
img_002282.jpg,-0.0,0.0,1.0,55.071294826242266,29.158496498903613,61.47312037577069,0.2704863742735034,0.4205203056561669,0.338581172153464,0.7970963453224487
img_002283.jpg,-0.0,0.0,1.0,55.12435774060437,29.021798640815344,61.58225445096024,0.271097777191347,0.420126429095822,0.3397401989554409,0.7966030228356037
img_002284.jpg,-0.0,0.0,1.0,55.17703371486671,28.88501847910736,61.69110051495103,0.2717084424869082,0.4197316407254359,0.3408985580022949,0.7961080612625576
img_002285.jpg,-0.0,0.0,1.0,55.22936075054032,28.74814986784605,61.79965432873681,0.272318676201644,0.4193359928608952,0.3420560994431236,0.795611392902909
img_002286.jpg,-0.0,0.0,1.0,55.281319318263904,28.61120456434857,61.90791620660906,0.2729282835873353,0.4189394836433532,0.3432128381229397,0.7951130792599932
img_002287.jpg,-0.0,0.0,1.0,55.33293173271711,28.47418585350464,62.015888529222885,0.2735373927038916,0.4185421909607502,0.3443686870080256,0.7946130735061563
img_002288.jpg,-0.0,0.0,1.0,55.38413665116086,28.337037050455283,62.12361328806296,0.2741456897940012,0.4181436819801641,0.345524399661413,0.7941113846470548
img_002289.jpg,-0.0,0.0,1.0,55.4350468352024,28.19984188795261,62.23104351331892,0.2747537308911301,0.4177446651250159,0.3466788671641095,0.7936079291330211
img_002290.jpg,-0.0,0.0,1.0,55.48554298947398,28.062550536242146,62.3381946079938,0.2753608658704402,0.4173445089536098,0.3478328401709497,0.793102937639221
img_002291.jpg,-0.0,0.0,1.0,55.5357415067101,27.925194188941127,62.44506687858605,0.2759677498709046,0.4169437373715741,0.3489857535353592,0.7925961548778616
img_002292.jpg,-0.0,0.0,1.0,55.58555271526071,27.787741086218706,62.55168183445077,0.2765738317644479,0.4165419289830089,0.3501382126653894,0.7920877281044892
img_002293.jpg,-0.0,0.0,1.0,55.63498514478744,27.65019257309423,62.65801858606515,0.277179238464285,0.4161390531482825,0.351290028088139,0.7915777121515262
img_002294.jpg,-0.0,0.0,1.0,55.68410314539047,27.51257619208721,62.76409651014718,0.2777842118009516,0.4157355028150108,0.3524409727357646,0.7910659164130018
img_002295.jpg,-0.0,0.0,1.0,55.73287849959375,27.374884296531818,62.86989782202023,0.2783886551248357,0.4153310904627015,0.3535910519300831,0.7905524713691214
img_002296.jpg,-0.0,0.0,1.0,55.7812901399095,27.23709034304621,62.97545679575356,0.2789924224184271,0.4149256646889047,0.3547406857685637,0.7900373199261017
img_002297.jpg,-0.0,0.0,1.0,55.82937219879971,27.099244345776277,63.08073228304335,0.2795956592842428,0.414519512375586,0.3558892424452298,0.7895205432926217
img_002298.jpg,-0.0,0.0,1.0,55.87707565101887,26.96130738094196,63.18575058806749,0.2801981149009571,0.4141123028287599,0.3570372416521782,0.7890021705453134
img_002299.jpg,-0.0,0.0,1.0,55.92447670550481,26.82330171297376,63.29051360446829,0.280800199797715,0.4137043959416995,0.3581843168352425,0.7884820326078125
img_002300.jpg,-0.0,0.0,1.0,55.97150384151573,26.68519905424018,63.39504164088361,0.2814014805542448,0.4132954391097511,0.3593309807327566,0.7879602356963149
img_002301.jpg,-0.0,0.0,1.0,56.01822966202993,26.547042295487408,63.49929864955799,0.2820023812420005,0.4128858108053506,0.3604765302641428,0.7874367500556309
img_002302.jpg,-0.0,0.0,1.0,56.064591796350726,26.408807078866023,63.60330141859307,0.2826025260002148,0.4124752003067781,0.361621403628915,0.7869116734854267
img_002303.jpg,-0.0,0.0,1.0,56.11062735277704,26.270494973386764,63.707050659086,0.2832021579233715,0.4120637225064312,0.362765457639902,0.7863849242482979
img_002304.jpg,-0.0,0.0,1.0,56.15634021428798,26.132091136822577,63.81056661051224,0.2838012994383918,0.4116513401935442,0.3639088737843187,0.7858564297217195
img_002305.jpg,-0.0,0.0,1.0,56.201722312728734,25.99364988707539,63.91383677529656,0.2843996801168965,0.4112383038046215,0.3650513532713973,0.7853262945477034
img_002306.jpg,-0.0,0.0,1.0,56.24675883193565,25.85510563776068,64.01686069052936,0.2849975100398911,0.4108241669958486,0.3661932215891518,0.7847945256851552
img_002307.jpg,-0.0,0.0,1.0,56.291474581827416,25.716497383950628,64.11965096037444,0.2855947268854135,0.4104092568865441,0.3673343002243285,0.7842610571205123
img_002308.jpg,-0.0,0.0,1.0,56.33584940413115,25.57780631416205,64.22219106351804,0.2861913396087469,0.4099933449393918,0.3684746218679708,0.7837259899209771
img_002309.jpg,-0.0,0.0,1.0,56.37991160689763,25.43904996994773,64.32449463889856,0.2867874078102226,0.4095766467286247,0.3696140954592868,0.7831892323147973
img_002310.jpg,-0.0,0.0,1.0,56.42365546807574,25.30023865308332,64.42656365049834,0.2873828344106776,0.4091591972715079,0.3707527031980129,0.7826508102887176
img_002311.jpg,-0.0,0.0,1.0,56.467062991078926,25.161338717742225,64.52840559120949,0.2879776283830961,0.408740747633711,0.3718906978203064,0.782110731066521
img_002312.jpg,-0.0,0.0,1.0,56.510158049537765,25.022381776518504,64.63002123148436,0.2885717978178533,0.4083215505510214,0.3730278557934354,0.7815689653907283
img_002313.jpg,-0.0,0.0,1.0,56.55289858294101,24.883347294985796,64.73140142287977,0.2891651848108081,0.407901313518516,0.3741643453709329,0.7810256442501369
img_002314.jpg,-0.0,0.0,1.0,56.59536167808124,24.74425607606678,64.83253195230603,0.2897582645812501,0.407480361975729,0.3752996985162827,0.7804806461435021
img_002315.jpg,-0.0,0.0,1.0,56.63746857140613,24.605078832064045,64.93344829507987,0.2903505124006016,0.4070583444389948,0.3764345555835336,0.7799340417842526
img_002316.jpg,-0.0,0.0,1.0,56.679297907805626,24.465843757180718,65.03415521449989,0.2909423109075826,0.4066356845947501,0.3775685408342774,0.779385648257773
img_002317.jpg,-0.0,0.0,1.0,56.72080416589204,24.32653309735794,65.1346449052964,0.2915334612726458,0.406212097768895,0.3787018315718233,0.7788356022606637
img_002318.jpg,-0.0,0.0,1.0,56.76199520497536,24.187178048009617,65.23487667843614,0.2921240106663578,0.4057876771325107,0.3798339823708108,0.7782840543888417
img_002319.jpg,-0.0,0.0,1.0,56.80288247526545,24.047752184889063,65.33491803027631,0.2927139224369132,0.4053624661652632,0.3809655172612716,0.7777307408697848
img_002320.jpg,-0.0,0.0,1.0,56.8434533941893,23.908257522939262,65.43473214763321,0.2933032305372886,0.4049363296463472,0.3820962146976495,0.7771758273406751
img_002321.jpg,-0.0,0.0,1.0,56.88369945673685,23.76868671989035,65.53434930297564,0.2938918042189923,0.4045092620339001,0.3832263339686119,0.7766192382980691
img_002322.jpg,-0.0,0.0,1.0,56.923658697618606,23.62908020065447,65.6337379124766,0.2944798181563382,0.404081534665612,0.3843553464733591,0.7760610270321773
img_002323.jpg,-0.0,0.0,1.0,56.96328948020752,23.48938127597394,65.73292280882944,0.2950671725552152,0.4036527288366726,0.3854838023512585,0.7755011775025195
img_002324.jpg,-0.0,0.0,1.0,57.00261167620348,23.349617608093745,65.83189952656583,0.2956538843329753,0.4032230501273501,0.3866114755365263,0.7749396876585234
img_002325.jpg,-0.0,0.0,1.0,57.04165940573935,23.20981983486047,65.93063452859005,0.2962401540259262,0.402792695115214,0.3877378814547199,0.7743766210246299
img_002326.jpg,-0.0,0.0,1.0,57.08041836293018,23.06995055746985,66.02919877306017,0.2968258129244787,0.4023615695959244,0.3888637026470365,0.773811750271126
img_002327.jpg,-0.0,0.0,1.0,57.11882903497738,22.930006803580397,66.12755404299058,0.2974106068003862,0.4019293443934928,0.3899888949021353,0.7732453652826212
img_002328.jpg,-0.0,0.0,1.0,57.156965266098695,22.79001323779792,66.2256916391871,0.2979949453526559,0.401496380602066,0.3911130280457162,0.772677337703533
img_002329.jpg,-0.0,0.0,1.0,57.19478622563454,22.649956314441425,66.3236357435886,0.2985785320809561,0.4010625119012917,0.3922364588734228,0.7721076881227419
img_002330.jpg,-0.0,0.0,1.0,57.232289596507535,22.509834162001024,66.4213682616208,0.2991614228793752,0.4006276609361321,0.3933590740411747,0.771536492476604
img_002331.jpg,-0.0,0.0,1.0,57.26955866419407,22.369664396618077,66.51893283870209,0.2997439402428031,0.4001923198596593,0.3944807942201657,0.7709634105484452
img_002332.jpg,-0.0,0.0,1.0,57.306504375683126,22.229443226347023,66.6162765186868,0.3003256867429249,0.3997560117955343,0.3956015832974529,0.7703888629830182
img_002333.jpg,-0.0,0.0,1.0,57.34315882261359,22.08915957273,66.71343156885283,0.3009068178296945,0.3993188560043568,0.3967215860911526,0.7698126534113992
img_002334.jpg,-0.0,0.0,1.0,57.37947245850051,21.94878611106027,66.81039623321523,0.3014871373374002,0.3988805059723997,0.3978410717282571,0.7692348988582185
img_002335.jpg,-0.0,0.0,1.0,57.41555906986092,21.808392069006825,66.9071680644721,0.30206708435171,0.3984417434181032,0.3989593270658315,0.7686553902760184
img_002336.jpg,-0.0,0.0,1.0,57.45135236755132,21.667936249484903,67.00375660520191,0.3026463773419248,0.3980021130621045,0.4000768144869409,0.7680742352076986
img_002337.jpg,-0.0,0.0,1.0,57.486795338564015,21.527416870142137,67.10014992293354,0.3032246836700464,0.3975613629095565,0.4011936520649899,0.7674916334901976
img_002338.jpg,-0.0,0.0,1.0,57.52198976400645,21.386845055629504,67.19633827546426,0.3038026647933301,0.3971198770691604,0.4023093670862211,0.7669073720181145
img_002339.jpg,-0.0,0.0,1.0,57.55691916048117,21.246213766783963,67.29238310485718,0.3043800299813153,0.3966777102186599,0.4034244508335921,0.7663212799041071
img_002340.jpg,-0.0,0.0,1.0,57.59154058965045,21.10553105698522,67.38820646443929,0.3049567224373163,0.3962345412845414,0.4045384894186586,0.7657337633356572
img_002341.jpg,-0.0,0.0,1.0,57.62585085453676,20.96481165845017,67.48385876097923,0.3055324749216508,0.3957905677529186,0.4056517616595484,0.765144680115191
img_002342.jpg,-0.0,0.0,1.0,57.65989700414552,20.82399968691012,67.57934331400813,0.306107858626102,0.3953456291006882,0.4067643551595869,0.7645538383985321
img_002343.jpg,-0.0,0.0,1.0,57.69365270043357,20.683153016782043,67.6746371312521,0.306682497794997,0.3948998979500941,0.4078759565863182,0.7639614651172026
img_002344.jpg,-0.0,0.0,1.0,57.727131495026775,20.542267652446952,67.76974914614401,0.3072564704187153,0.3944534128478434,0.4089865887984426,0.7633674977764875
img_002345.jpg,-0.0,0.0,1.0,57.76035651532991,20.40131983023444,67.86470252907645,0.3078299644141106,0.394006170469887,0.4100964194537635,0.762771772807348
img_002346.jpg,-0.0,0.0,1.0,57.79327182193217,20.260329553260974,67.95946073998478,0.3084026360069402,0.3935579793379633,0.411205306624766,0.7621746038848463
img_002347.jpg,-0.0,0.0,1.0,57.82589956800072,20.11927539071488,68.05407720670068,0.3089745520187178,0.3931089273789679,0.412313612206786,0.7615757234896487
img_002348.jpg,-0.0,0.0,1.0,57.85826841032333,19.97816940356583,68.14850967517538,0.3095459893677876,0.3926590644589682,0.4134208991384072,0.760975229373543
img_002349.jpg,-0.0,0.0,1.0,57.89037375981737,19.837035281605598,68.24276436603864,0.3101167810917933,0.3922085192614905,0.4145271187037825,0.7603731500803494
img_002350.jpg,-0.0,0.0,1.0,57.92219455881226,19.695818834940766,68.3368816849529,0.3106869099003073,0.3917570001483813,0.4156328307147509,0.7597693379463155
img_002351.jpg,-0.0,0.0,1.0,57.95376474288276,19.554580851345417,68.43081206689821,0.3112564767427014,0.391304840175985,0.4167373291882685,0.7591639652944517
img_002352.jpg,-0.0,0.0,1.0,57.985048012995,19.41329473272237,68.52456937298297,0.3118253212198846,0.3908517807116826,0.4178409345319476,0.7585570565159165
img_002353.jpg,-0.0,0.0,1.0,58.01601098908396,19.271945370120463,68.6181750236166,0.3123932221666013,0.3903976601979907,0.4189439580720883,0.7579486141231442
img_002354.jpg,-0.0,0.0,1.0,58.04678439199439,19.130571664427336,68.7116085895751,0.3129609257984534,0.3899431175720267,0.4200456501148406,0.7573384156380715
img_002355.jpg,-0.0,0.0,1.0,58.0772354738774,18.989131615175204,68.80488278270104,0.3135277131899501,0.3894874482721222,0.4211467148869669,0.7567267308878862
img_002356.jpg,-0.0,0.0,1.0,58.10744107016097,18.84765451459466,68.89801290755449,0.314093898459407,0.3890311368572453,0.4222468629929082,0.7561133408416885
img_002357.jpg,-0.0,0.0,1.0,58.137380122677065,18.70612282017585,68.99097414754839,0.3146595110957458,0.3885739269955511,0.4233460682244567,0.7554983797832633
img_002358.jpg,-0.0,0.0,1.0,58.16703847189434,18.56455661715901,69.0837888061983,0.3152242848046431,0.3881159349730615,0.4244444353394866,0.7548818401569426
img_002359.jpg,-0.0,0.0,1.0,58.19638990534118,18.422917478604365,69.17645513627626,0.3157882386686279,0.3876568258693986,0.4255421935418783,0.7542637570445734
img_002360.jpg,-0.0,0.0,1.0,58.22552879791455,18.281258073986542,69.2689581623082,0.3163517899838381,0.387197205576802,0.4266386996598355,0.7536440067565734
img_002361.jpg,-0.0,0.0,1.0,58.25441162457311,18.13956118008,69.36129982214615,0.3169147281802239,0.3867368091548418,0.4277341786877994,0.7530226874998254
img_002362.jpg,-0.0,0.0,1.0,58.28298640824004,17.997801234116604,69.45351311698832,0.3174767238651318,0.3862753760861798,0.4288291214859897,0.7523997927956237
img_002363.jpg,-0.0,0.0,1.0,58.3113552836164,17.856004292997554,69.54556270066483,0.3180384409712051,0.3858133329010484,0.42992283676188,0.7517752168374586
img_002364.jpg,-0.0,0.0,1.0,58.3394188070469,17.7141636674808,69.63747617941428,0.3185991659003224,0.3853503359290444,0.4310158615501828,0.7511491311178793
img_002365.jpg,-0.0,0.0,1.0,58.36721275444196,17.572279690927765,69.7292477811823,0.3191591514881429,0.3848864959774122,0.4321080288851377,0.7505214671204276
img_002366.jpg,-0.0,0.0,1.0,58.39476783472776,17.43034929640223,69.82084189296407,0.3197187331207863,0.3844218029561966,0.433199008221807,0.7498922778500853
img_002367.jpg,-0.0,0.0,1.0,58.4220627040413,17.288378119252116,69.91233998429473,0.320277470203027,0.3839564277476287,0.4342893744773093,0.7492613315043936
img_002368.jpg,-0.0,0.0,1.0,58.44911132075456,17.146391161496435,70.00365751289533,0.3208356164099365,0.3834903237368506,0.4353784183932139,0.7486289545833001
img_002369.jpg,-0.0,0.0,1.0,58.475877883339415,17.004322910631917,70.09485585922369,0.3213930492789215,0.383023137550066,0.4364669230080701,0.7479949258493451
img_002370.jpg,-0.0,0.0,1.0,58.50241172549495,16.862251398523963,70.18591325873628,0.3219497862228511,0.3825554403043923,0.4375542542052654,0.7473593144341261
img_002371.jpg,-0.0,0.0,1.0,58.528655141765306,16.720113949152253,70.27683169763556,0.3225057476326086,0.3820866450369111,0.4386408675616152,0.7467221891260251
img_002372.jpg,-0.0,0.0,1.0,58.55464257302795,16.577927075080602,70.36762894996846,0.3230610192904927,0.3816170203450276,0.4397266890467629,0.7460834179486515
img_002373.jpg,-0.0,0.0,1.0,58.58042436478885,16.435732793005677,70.45827181133005,0.3236158359656956,0.3811469016097044,0.4408111565514451,0.7454430591033252
img_002374.jpg,-0.0,0.0,1.0,58.60589833815979,16.293479034125223,70.54879297016693,0.3241696762060497,0.3806756778610161,0.4418950286559946,0.7448012036527857
img_002375.jpg,-0.0,0.0,1.0,58.631190318868754,16.151191794359754,70.63917676337417,0.3247232844119642,0.380203932187549,0.442977672363268,0.7441576044746525
img_002376.jpg,-0.0,0.0,1.0,58.65617072282189,16.008873505946372,70.7294306216893,0.3252757823135866,0.3797311912221398,0.4440595496054929,0.7435126120365851
img_002377.jpg,-0.0,0.0,1.0,58.680926410534575,15.86650817580324,70.81956411505213,0.3258277800732179,0.3792577168856727,0.4451404923902693,0.7428659259582272
img_002378.jpg,-0.0,0.0,1.0,58.70540238994,15.724103636350955,70.9095680549818,0.3263789138475494,0.3787833069484012,0.4462205844243855,0.742217758483915
img_002379.jpg,-0.0,0.0,1.0,58.72964862146033,15.58163864549366,70.99946116672164,0.3269295488775449,0.3783080776680789,0.4472998607917864,0.7415678680858931
img_002380.jpg,-0.0,0.0,1.0,58.75362409241567,15.439181892101734,71.08920075996218,0.3274792279161586,0.3778321374650008,0.4483778956247236,0.7409166578618743
img_002381.jpg,-0.0,0.0,1.0,58.777397694234295,15.2966966009129,71.17881413763065,0.3280284846987806,0.3773556123544669,0.4494547810782234,0.7402637738108852
img_002382.jpg,-0.0,0.0,1.0,58.80090533414376,15.154136494952237,71.26832639433913,0.3285770469859405,0.3768780473034178,0.4505310705807369,0.7396092320246799
img_002383.jpg,-0.0,0.0,1.0,58.82416090981344,15.011552946247852,71.35771519501331,0.3291248296364758,0.3763997225227989,0.4516063593999175,0.738953172772858
img_002384.jpg,-0.0,0.0,1.0,58.84714914956773,14.868946546547022,71.44697391598166,0.3296717535803222,0.375920553915974,0.4526806459174828,0.738295675760405
img_002385.jpg,-0.0,0.0,1.0,58.86993955126722,14.726290751957055,71.5361280090191,0.3302183122437945,0.3754407275543678,0.4537539662710654,0.7376364039590126
img_002386.jpg,-0.0,0.0,1.0,58.89245169861093,14.583625077149192,71.62514326612327,0.3307639085017705,0.3749600481767597,0.4548261982573227,0.736975799116026
img_002387.jpg,-0.0,0.0,1.0,58.914766672481015,14.440908481867517,71.71407025664625,0.3313090980203622,0.3744787377076982,0.4558975599438661,0.7363133649547671
img_002388.jpg,-0.0,0.0,1.0,58.9367622815896,14.29813836651144,71.8028848199078,0.3318531879320128,0.3739962178198684,0.4569682984843368,0.7356495530455541
img_002389.jpg,-0.0,0.0,1.0,58.95857211920399,14.155350325570389,71.89156943404572,0.332396921384602,0.3735131680843823,0.4580377155695816,0.7349841161803469
img_002390.jpg,-0.0,0.0,1.0,58.98014381201767,14.012544940024934,71.98014776917822,0.3329398822537759,0.3730294444777762,0.4591061255041546,0.7343171207877472
img_002391.jpg,-0.0,0.0,1.0,59.00146415636194,13.86970392638904,72.06861361501896,0.3334820955602506,0.3725448625586536,0.4601735977908261,0.7336486060902349
img_002392.jpg,-0.0,0.0,1.0,59.02253838763592,13.726825760717604,72.15696999722036,0.334023593171726,0.3720594355192822,0.4612401339205839,0.7329785498271039
img_002393.jpg,-0.0,0.0,1.0,59.043339507440365,13.583903267386084,72.24522727672095,0.3345642045775102,0.3715730354599026,0.4623059092623284,0.7323069838501225
img_002394.jpg,-0.0,0.0,1.0,59.06393408283519,13.440964765504614,72.33337291510907,0.3351042592810899,0.3710860506112949,0.4633705081118501,0.731633822800415
img_002395.jpg,-0.0,0.0,1.0,59.084291300790206,13.297978415704382,72.4214281947567,0.3356436466109318,0.3705982274614525,0.4644342861738029,0.7309590208201656
img_002396.jpg,-0.0,0.0,1.0,59.10443642999184,13.154994118964307,72.50933847207767,0.3361824626541314,0.3701097901429634,0.4654966085693203,0.730282823606441
img_002397.jpg,-0.0,0.0,1.0,59.124306667258544,13.011966512533798,72.59718374336376,0.3367202696316934,0.3696204481566958,0.4665583615106146,0.7296050161752818
img_002398.jpg,-0.0,0.0,1.0,59.14393944993991,12.868895233244192,72.68492051101514,0.3372574495488781,0.3691302163597298,0.4676191409998539,0.7289256718380577
img_002399.jpg,-0.0,0.0,1.0,59.1633320995762,12.725794172068804,72.77256528568131,0.3377938655592462,0.3686392055213004,0.468678998879567,0.7282447641778231
img_002400.jpg,-0.0,0.0,1.0,59.182554063815545,12.582708223378868,72.86007156100415,0.3383298909079492,0.3681478156724695,0.4697372328880802,0.7275623703659049
img_002401.jpg,-0.0,0.0,1.0,59.201492575271125,12.439555092571492,72.94751045413597,0.3388649812007326,0.3676553115276624,0.4707949752402433,0.7268783857770591
img_002402.jpg,-0.0,0.0,1.0,59.22018820020415,12.29636518906707,73.03485300522298,0.339399340748131,0.3671619423493124,0.4718517843692066,0.726192873262751
img_002403.jpg,-0.0,0.0,1.0,59.23866828650749,12.153162676978068,73.12210329174475,0.3399330133192039,0.3666679656343005,0.4729074967544828,0.7255057883619799
img_002404.jpg,-0.0,0.0,1.0,59.25692920277713,12.009934785556114,73.2092603152148,0.340466041880813,0.3661732829848532,0.4739621613883782,0.7248171291616692
img_002405.jpg,-0.0,0.0,1.0,59.27492465102691,11.866677006243345,73.29631929218347,0.3409981718073215,0.3656776555585016,0.4750159068620433,0.7241270518889159
img_002406.jpg,-0.0,0.0,1.0,59.29272722698804,11.723409125030823,73.38327038292057,0.3415297981375415,0.3651814621864148,0.4760683552789124,0.723435427499617
img_002407.jpg,-0.0,0.0,1.0,59.31027303946702,11.580095271139664,73.47016395725214,0.3420605321188208,0.3646843735806947,0.4771201618956306,0.7227421747382204
img_002408.jpg,-0.0,0.0,1.0,59.32756005573475,11.4367402116581,73.5569542218714,0.3425904852958807,0.3641862648433968,0.478171018033321,0.7220475063298297
img_002409.jpg,-0.0,0.0,1.0,59.344648379898025,11.293388152061947,73.64366084745318,0.3431197600955402,0.3636876942029801,0.4792206777324154,0.7213512551808466
img_002410.jpg,-0.0,0.0,1.0,59.361498307889136,11.14999883508216,73.73026300879219,0.343648369183373,0.3631881940270834,0.4802692862495546,0.7206535552970629
img_002411.jpg,-0.0,0.0,1.0,59.378145066560656,11.006587909597895,73.81679050793737,0.3441763645591359,0.3626880851038688,0.4813168519053212,0.7199542145681882
img_002412.jpg,-0.0,0.0,1.0,59.394550922518825,10.86315585249194,73.90322140545642,0.3447035772629679,0.3621871395226804,0.4823633478551436,0.7192534465906083
img_002413.jpg,-0.0,0.0,1.0,59.41072709314261,10.71968963340773,73.9895956540027,0.3452300161896073,0.3616854424325852,0.4834090329493878,0.7185510305587255
img_002414.jpg,-0.0,0.0,1.0,59.426677099691965,10.576205373036418,74.07587550242569,0.3457557456075781,0.3611829817723189,0.4844535899523197,0.7178471545111217
img_002415.jpg,-0.0,0.0,1.0,59.442385298344206,10.432703250653256,74.16206997274135,0.3462806394247074,0.3606797128514322,0.4854971174731303,0.7171418356380456
img_002416.jpg,-0.0,0.0,1.0,59.45786546369481,10.289158248070976,74.2481984836406,0.346804845939566,0.3601756012239611,0.4865397831002523,0.7164349060288393
img_002417.jpg,-0.0,0.0,1.0,59.47311511399485,10.145586285124534,74.33426500243458,0.3473282613035899,0.3596707340937242,0.4875815508742624,0.7157263954775986
img_002418.jpg,-0.0,0.0,1.0,59.48819144481233,10.002037897863502,74.42019967353785,0.3478512171408941,0.3591654292061932,0.488621604675172,0.7150165401173524
img_002419.jpg,-0.0,0.0,1.0,59.50299103687912,9.85843284616486,74.50607998520984,0.3483732163158344,0.3586590104179919,0.489661054201458,0.7143051647566775
img_002420.jpg,-0.0,0.0,1.0,59.517608329303165,9.714831653989966,74.59189903109618,0.3488945767074294,0.3581522036425572,0.4906993214688289,0.7135921449120323
img_002421.jpg,-0.0,0.0,1.0,59.53191115693761,9.57118077018312,74.67763486715994,0.3494148059873606,0.3576440601402842,0.4917368808288891,0.7128778714729913
img_002422.jpg,-0.0,0.0,1.0,59.54607124190258,9.427517490321184,74.76330341233296,0.3499347433235388,0.3571355737722432,0.4927731456358702,0.7121618385603016
img_002423.jpg,-0.0,0.0,1.0,59.56000694688333,9.283830743452366,74.848897987258,0.3504539565714269,0.3566263043039759,0.493808364980605,0.7114443070803941
img_002424.jpg,-0.0,0.0,1.0,59.57365983958879,9.140118884086952,74.93442988548614,0.3509720577398234,0.3561160182002365,0.4948427899708153,0.7107254107466416
img_002425.jpg,-0.0,0.0,1.0,59.58714076052392,8.996393034431858,75.0198982480972,0.351489684911724,0.355605249079619,0.4958760213662012,0.7100048448156574
img_002426.jpg,-0.0,0.0,1.0,59.60040731627001,8.852652548535673,75.10527911141807,0.3520066537842882,0.3550937310569559,0.4969080385766892,0.7092828484134563
img_002427.jpg,-0.0,0.0,1.0,59.61343974059923,8.708899698534948,75.19058581553462,0.3525227909937856,0.3545814262511264,0.497938970476119,0.7085594369344405
img_002428.jpg,-0.0,0.0,1.0,59.62623259290813,8.565128996896405,75.27583671481766,0.3530380346993168,0.3540683292862023,0.4989689612906778,0.7078345427574324
img_002429.jpg,-0.0,0.0,1.0,59.638845787376624,8.421324294376879,75.36102467234902,0.3535528573829671,0.3535545798132451,0.499997835750934,0.7071079835313705
img_002430.jpg,-0.0,0.0,1.0,59.65116913235545,8.277500680390613,75.4461550509977,0.3540664907475818,0.3530397949904881,0.5010259031475334,0.7063801155595796
img_002431.jpg,-0.0,0.0,1.0,59.66330947442069,8.133643508389573,75.531250203271,0.35457959840601,0.3525244196892657,0.5020530195541054,0.705650485349216
img_002432.jpg,-0.0,0.0,1.0,59.67523007754724,7.989791911621447,75.61623944427953,0.3550919824110509,0.3520082952606225,0.5030787093327586,0.7049196098217058
img_002433.jpg,-0.0,0.0,1.0,59.68695047823749,7.845928122528478,75.70119015606707,0.355603643790491,0.3514916075490437,0.5041033876047117,0.7041871008126805
img_002434.jpg,-0.0,0.0,1.0,59.69844167997135,7.702046621530068,75.78605864110577,0.3561145669736423,0.3509740559839148,0.5051268887060889,0.7034532347793147
img_002435.jpg,-0.0,0.0,1.0,59.709680931337054,7.558142617082792,75.87089258985213,0.3566244916270403,0.350455654399025,0.5061495860442653,0.7027178685779416
img_002436.jpg,-0.0,0.0,1.0,59.72074227309705,7.414235370553016,75.95564893190091,0.3571339118869058,0.3499367012400657,0.5071709102437414,0.7019810124982808
img_002437.jpg,-0.0,0.0,1.0,59.73157018923687,7.270278650982101,76.04037940364263,0.3576425561781861,0.3494168396122532,0.5081915132355541,0.7012425116042778
img_002438.jpg,-0.0,0.0,1.0,59.74218636263862,7.126333605041961,76.12503645361657,0.3581504067345641,0.3488963649634334,0.5092108035032307,0.7005026554316287
img_002439.jpg,-0.0,0.0,1.0,59.75255278562058,6.982362360995513,76.20965103299032,0.3586573233273771,0.3483749802677068,0.5102292198871025,0.699761345546119
img_002440.jpg,-0.0,0.0,1.0,59.76273100990289,6.838378487543709,76.2942052811904,0.3591636723298568,0.3478529762293317,0.511246408832116,0.6990185068102218
img_002441.jpg,-0.0,0.0,1.0,59.77262786025165,6.694360384421703,76.37873067578315,0.3596688970702926,0.3473299053402652,0.5122629179684826,0.6982742471343029
img_002442.jpg,-0.0,0.0,1.0,59.782395719597,6.550345196749141,76.46318602832625,0.3601738724956345,0.3468065283928123,0.5132778902547085,0.697528365596195
img_002443.jpg,-0.0,0.0,1.0,59.79194418577999,6.406337636615032,76.5475839696102,0.3606779878648823,0.3462825031696671,0.5142916535227866,0.696781107798631
img_002444.jpg,-0.0,0.0,1.0,59.80119733092988,6.262280558012976,76.63195978896798,0.3611809558246645,0.3457572634907339,0.5153048543847156,0.6960324266444258
img_002445.jpg,-0.0,0.0,1.0,59.81029122157118,6.118229264761199,76.71624693467525,0.3616835371766297,0.3452315247732794,0.5163164676940531,0.6952823300113803
img_002446.jpg,-0.0,0.0,1.0,59.81917157681928,5.974167014697355,76.80052607810984,0.3621852422480083,0.3447051956901535,0.5173272019796726,0.6945305928854736
img_002447.jpg,-0.0,0.0,1.0,59.82788141556887,5.830096754175077,76.88474292864967,0.3626864828615512,0.3441783111717998,0.51833658111597,0.6937773374400845
img_002448.jpg,-0.0,0.0,1.0,59.83628469336672,5.685994798590783,76.96893466196565,0.3631864411894026,0.3436502311755069,0.5193453182886271,0.6930227759034199
img_002449.jpg,-0.0,0.0,1.0,59.84450027035767,5.541874583935506,77.05308523818135,0.3636858221828806,0.3431215146713369,0.520352903067932,0.6922666431235762
img_002450.jpg,-0.0,0.0,1.0,59.852491653899136,5.397756583367889,77.13718533609138,0.3641843355312945,0.3425920797476728,0.5213593075343861,0.6915091532981028
img_002451.jpg,-0.0,0.0,1.0,59.86031180506886,5.253640053922153,77.22122487965227,0.3646823365333087,0.3420621258222632,0.5223643090528944,0.6907501893783691
img_002452.jpg,-0.0,0.0,1.0,59.86791708090279,5.109505295274391,77.30524328519937,0.3651795420554964,0.3415314609637837,0.5233683405504231,0.6899896690136581
img_002453.jpg,-0.0,0.0,1.0,59.87530839970572,4.9653579972748245,77.38922609832069,0.3656759755423108,0.3410000711397746,0.5243712845014383,0.6892276752889134
img_002454.jpg,-0.0,0.0,1.0,59.88246860894334,4.821191907960306,77.47317122602831,0.3661715730295529,0.3404678297522104,0.5253731948218775,0.6884642635398993
img_002455.jpg,-0.0,0.0,1.0,59.88940423503047,4.677022080132149,77.55707694423533,0.3666663082356537,0.3399348426438168,0.5263739805556578,0.6876994647050063
img_002456.jpg,-0.0,0.0,1.0,59.8961703312148,4.53285959025831,77.64094261022264,0.3671604617535122,0.339401419683591,0.5273734283416825,0.6869331399203644
img_002457.jpg,-0.0,0.0,1.0,59.90266085245749,4.388643760478662,77.72479698967001,0.3676536105905298,0.3388668095648888,0.5283722349685689,0.686165351288871
img_002458.jpg,-0.0,0.0,1.0,59.90903604283798,4.244466445448862,77.80858699457886,0.3681464266213835,0.3383321064037804,0.529369273220318,0.6853960657258543
img_002459.jpg,-0.0,0.0,1.0,59.91512867168154,4.100246263869928,77.89238616520723,0.3686380904508288,0.3377962996387172,0.5303657610826932,0.6846252826841353
img_002460.jpg,-0.0,0.0,1.0,59.92103281919867,3.956030792950637,77.97611141185662,0.3691291808777245,0.3372598265147032,0.5313607474863395,0.6838532103270196
img_002461.jpg,-0.0,0.0,1.0,59.9266528441314,3.8117857252263017,78.05986216452001,0.3696190042149515,0.3367223603032611,0.5323552223157079,0.6830796154681691
img_002462.jpg,-0.0,0.0,1.0,59.93207018921032,3.667554911117098,78.14354691951296,0.370108105102709,0.336184231834719,0.5333482373047636,0.6823047783555996
img_002463.jpg,-0.0,0.0,1.0,59.93740070280229,3.523331143437457,78.22718804303831,0.3705971440660874,0.3356460068752824,0.5343396060605121,0.6815282094483209
img_002464.jpg,-0.0,0.0,1.0,59.942420923062,3.379071006747416,78.31084541413308,0.3710848298626103,0.3351065827128896,0.5353304861212794,0.6807502463440477
img_002465.jpg,-0.0,0.0,1.0,59.94725657647147,3.2348329778870446,78.39440324653225,0.3715719670697665,0.3345665034013853,0.5363196081379891,0.6799711802836861
img_002466.jpg,-0.0,0.0,1.0,59.9518831263713,3.090562304856975,78.4780224841341,0.3720582089499794,0.3340258550328681,0.5373081850871978,0.6791902027862272
img_002467.jpg,-0.0,0.0,1.0,59.95627898626848,2.9462812602612365,78.56158134005415,0.372543677573897,0.3334842653551878,0.538295471662416,0.6784080175292478
img_002468.jpg,-0.0,0.0,1.0,59.96037804082587,2.801990839575533,78.64514703757332,0.3730277844798011,0.3329416420994988,0.5392820474678849,0.6776245333818914
img_002469.jpg,-0.0,0.0,1.0,59.96442028087099,2.6577272656724773,78.72865556872233,0.3735119614075693,0.3323991108828152,0.5402667033403414,0.6768393716618027
img_002470.jpg,-0.0,0.0,1.0,59.96817045877466,2.5134458462638403,78.81215130776256,0.3739949088383768,0.331855445987372,0.5412505343573928,0.6760529788332666
img_002471.jpg,-0.0,0.0,1.0,59.971722665031045,2.3691505796558645,78.89565151305692,0.3744771165182337,0.3313111655014871,0.5422333477817795,0.6752649830781982
img_002472.jpg,-0.0,0.0,1.0,59.97508597749005,2.2248533517223827,78.97911356402639,0.3749587059938667,0.3307662376916976,0.5432148179782289,0.6744755935773835
img_002473.jpg,-0.0,0.0,1.0,59.978197989785926,2.08054005439229,79.06259174343103,0.3754392248828204,0.3302204582416267,0.544195486431006,0.6736847259113108
img_002474.jpg,-0.0,0.0,1.0,59.98113814894951,1.936231704487431,79.14599438486796,0.3759193053455286,0.3296740206687906,0.5451745054268003,0.6728926174340544
img_002475.jpg,-0.0,0.0,1.0,59.98385633017037,1.791914869820831,79.22946132967463,0.3763983185277093,0.3291270635140011,0.546152880297236,0.672098737697964
img_002476.jpg,-0.0,0.0,1.0,59.98634405509749,1.6475926880659657,79.31285321741255,0.3768766034946509,0.3285791022887814,0.5471297992865135,0.6713037926379782
img_002477.jpg,-0.0,0.0,1.0,59.98867884877836,1.5032910105677173,79.39621165441062,0.3773543714509068,0.3280307884425174,0.5481051894677699,0.6705074059689212
img_002478.jpg,-0.0,0.0,1.0,59.99076812707283,1.3589702493520932,79.47957846803011,0.3778311562196166,0.327481584281287,0.5490796897654825,0.6697095815601025
img_002479.jpg,-0.0,0.0,1.0,59.99255414419016,1.2146242207433595,79.56301615056655,0.3783064767102424,0.3269313781380372,0.5500538424478296,0.6689101988131327
img_002480.jpg,-0.0,0.0,1.0,59.99422644182085,1.070302397538441,79.64633956653881,0.3787817306243371,0.3263807496054523,0.5510258496403769,0.6681096615528889
img_002481.jpg,-0.0,0.0,1.0,59.99566175973643,0.925966249737786,79.72975688579477,0.3792557956189811,0.3258295680619661,0.5519974017967628,0.6673072774034381
img_002482.jpg,-0.0,0.0,1.0,59.99693649089648,0.7816469116667228,79.81304521076564,0.3797296023488404,0.3252776396776939,0.5529668705155677,0.6665039582312466
img_002483.jpg,-0.0,0.0,1.0,59.99790664997084,0.6373078271016661,79.89641253529385,0.3802019034892282,0.3247247427538715,0.5539359920565184,0.6656990842197099
img_002484.jpg,-0.0,0.0,1.0,59.9987599189765,0.4929665274546953,79.97973816865382,0.3806740505765797,0.3241714808865496,0.5549034655586276,0.6648926696155297
img_002485.jpg,-0.0,0.0,1.0,59.99939776393999,0.3486444570297521,80.06305192196467,0.3811452847677894,0.3236175968317785,0.5558696651180532,0.6640849631798995
img_002486.jpg,-0.0,0.0,1.0,59.99981154479306,0.204305725169915,80.14640690539564,0.3816155845151275,0.3230630136477088,0.5568350361472096,0.6632756420877925
img_002487.jpg,-0.0,0.0,1.0,59.99993827065395,0.0599487270387141,80.2297731306242,0.3820846822147086,0.3225073114544278,0.5577995792965971,0.662465062483948
img_002488.jpg,-0.0,0.0,1.0,59.99995003784526,-0.0843803358005828,80.3131309947751,0.3825534068284936,0.3219515249949654,0.5587625350110136,0.6616528817630852
img_002489.jpg,-0.0,0.0,1.0,59.99969900206311,-0.2287159181276729,80.39643558653371,0.3830212008808959,0.3213945810957442,0.5597241685600204,0.660839721905275
img_002490.jpg,-0.0,0.0,1.0,59.99928918345775,-0.3730467704523229,80.47978072021387,0.3834883498831411,0.3208373615905774,0.5606846848461844,0.6600248155110817
img_002491.jpg,-0.0,0.0,1.0,59.99868057568448,-0.5173813375911409,80.56308585253524,0.3839548929492068,0.3202793494253683,0.5616437531482203,0.6592086718646887
img_002492.jpg,-0.0,0.0,1.0,59.99785171198159,-0.6617174213090768,80.64643758421093,0.3844204571075082,0.3197207381466639,0.5626019174909923,0.6583909508731612
img_002493.jpg,-0.0,0.0,1.0,59.99680591742934,-0.8060534276260646,80.72975625372935,0.3848852799894537,0.3191612820045914,0.5635586979438788,0.6575720426602893
img_002494.jpg,-0.0,0.0,1.0,59.99550253573918,-0.9503868145062552,80.81311935758487,0.3853489039574737,0.3186010513872344,0.5645146368579749,0.6567517164399581
img_002495.jpg,-0.0,0.0,1.0,59.9940392930498,-1.09470832570666,80.89646875318924,0.3858120099335317,0.3180403815859137,0.5654690912036799,0.6559299623931043
img_002496.jpg,-0.0,0.0,1.0,59.99231600354989,-1.2390441177351756,80.97984054429637,0.3862740548649166,0.3174787450224769,0.5664226245787702,0.6551068701841448
img_002497.jpg,-0.0,0.0,1.0,59.99040600843532,-1.3833710810635471,81.06321826275641,0.3867353954971697,0.3169165778047896,0.5673748561980378,0.6542823466489098
img_002498.jpg,-0.0,0.0,1.0,59.98820788690994,-1.5276912130681175,81.14664919493347,0.3871953358748999,0.3163535218320887,0.5683263355428679,0.653456500028558
img_002499.jpg,-0.0,0.0,1.0,59.98588292332633,-1.6720173001356975,81.23003587669399,0.3876551315492964,0.3157899694770828,0.5692760952703141,0.6526292374043209
img_002500.jpg,-0.0,0.0,1.0,59.98335619753824,-1.81633332838019,81.31343582270152,0.3881141213531077,0.3152258328365135,0.5702246118388583,0.6518005792971153
img_002501.jpg,-0.0,0.0,1.0,59.98055235042568,-1.960642770413292,81.39688672955009,0.3885717942810194,0.3146608404756515,0.571172310535089,0.650970589073265
img_002502.jpg,-0.0,0.0,1.0,59.97762602547349,-2.104949441836599,81.48030830302483,0.389029272286166,0.3140954648639408,0.5721183151910798,0.6501391371693611
img_002503.jpg,-0.0,0.0,1.0,59.97450670782963,-2.2492527813730203,81.56373316596692,0.3894860651861903,0.3135294653955727,0.5730629967341544,0.6493063076303939
img_002504.jpg,-0.0,0.0,1.0,59.97107415410054,-2.393551201166419,81.6472171949106,0.3899413355835354,0.3129624356358217,0.5740069879017923,0.648472240365102
img_002505.jpg,-0.0,0.0,1.0,59.96751683590136,-2.5378379867192717,81.73071003012562,0.3903962601162024,0.3123951827271084,0.5749494591159691,0.647636571974154
img_002506.jpg,-0.0,0.0,1.0,59.96372006481982,-2.682130477908669,81.81421038416184,0.3908502814290485,0.3118270240555781,0.5758907646539109,0.6467996534954307
img_002507.jpg,-0.0,0.0,1.0,59.95971933582717,-2.826412784340369,81.8977337436817,0.391303484665165,0.3112582785134244,0.5768308372274373,0.6459613395314397
img_002508.jpg,-0.0,0.0,1.0,59.95555052125299,-2.9706907316370503,81.98126151774512,0.391756154556481,0.3106890263426691,0.577769486145356,0.6451215894362039
img_002509.jpg,-0.0,0.0,1.0,59.95101602075762,-3.1149321933750103,82.06491836544964,0.3922066891930038,0.3101188791865742,0.5787078393750839,0.6442805525313856
img_002510.jpg,-0.0,0.0,1.0,59.94641367368385,-3.259213830044195,82.14846138703295,0.3926577997294264,0.3095480622660477,0.5796439582511851,0.6434382108033989
img_002511.jpg,-0.0,0.0,1.0,59.94154778733086,-3.4034785694936502,82.23206470623751,0.3931076402615234,0.3089765095595067,0.5805791644715327,0.6425945327264916
img_002512.jpg,-0.0,0.0,1.0,59.93649792521793,-3.547725498702979,82.31570327381499,0.3935567252723624,0.3084045397043277,0.5815130920587265,0.6417493807141188
img_002513.jpg,-0.0,0.0,1.0,59.931179571397465,-3.6919643058081872,82.39938020814985,0.3940046247043038,0.3078316751681373,0.5824460087622371,0.6409030054163729
img_002514.jpg,-0.0,0.0,1.0,59.92565658105658,-3.836186319922757,82.48310979920808,0.3944516204195394,0.3072583356118727,0.5833777877041627,0.6400551469668987
img_002515.jpg,-0.0,0.0,1.0,59.92000860571866,-3.980432597243704,82.56677420491955,0.3948986766847991,0.3066842808968668,0.584307677986213,0.6392060109618231
img_002516.jpg,-0.0,0.0,1.0,59.91408612367369,-4.124641204641204,82.65053280135515,0.3953442341441321,0.3061096526933676,0.5852367705219675,0.6383554961664802
img_002517.jpg,-0.0,0.0,1.0,59.90792967469218,-4.268871260046632,82.73430469296322,0.3957890288019911,0.3055340332404281,0.5861646803082687,0.6375036994174377
img_002518.jpg,-0.0,0.0,1.0,59.90157196204294,-4.413062881763267,82.8181276872466,0.3962328546915321,0.3049580627089257,0.5870913381359034,0.6366505050163807
img_002519.jpg,-0.0,0.0,1.0,59.89507499588578,-4.557263984815693,82.90194875052597,0.3966764346974603,0.3043815960290782,0.5880164248763255,0.6357958274714983
img_002520.jpg,-0.0,0.0,1.0,59.88826258749536,-4.701428749778806,82.98585004180705,0.3971183538938542,0.3038042751935558,0.5889407167867646,0.634940003059695
img_002521.jpg,-0.0,0.0,1.0,59.88126882434263,-4.845599188126864,83.06976699229648,0.3975597373359811,0.3032263184426313,0.5898636203269724,0.6340827741453249
img_002522.jpg,-0.0,0.0,1.0,59.87413673906564,-4.989765549220556,83.15368429492219,0.3980008193415455,0.3026479480804298,0.5907849006026226,0.6332241060999756
img_002523.jpg,-0.0,0.0,1.0,59.866713520243565,-5.133889914530467,83.23772624499647,0.3984402466553496,0.3020690244542872,0.5917055257805585,0.6323640131057523
img_002524.jpg,-0.0,0.0,1.0,59.85912027422465,-5.27806563795516,83.32169798738377,0.3988796619154813,0.3014889521775032,0.5926243752918041,0.6315027924206681
img_002525.jpg,-0.0,0.0,1.0,59.851263322162886,-5.422172568436271,83.40578703167633,0.3993174738836563,0.3009085902170941,0.5935423593742596,0.6306401850605254
img_002526.jpg,-0.0,0.0,1.0,59.84320085135193,-5.566266169903962,83.48992558805237,0.3997544572928321,0.3003276800228384,0.5944591108088032,0.6297761698119577
img_002527.jpg,-0.0,0.0,1.0,59.83488671294899,-5.710386374855532,83.57405865810142,0.400190702020763,0.2997455562112615,0.5953745602346301,0.6289110720707269
img_002528.jpg,-0.0,0.0,1.0,59.82641467440401,-5.854466809234817,83.65825480792101,0.4006262245369445,0.2991633253316642,0.5962886325898583,0.6280444248887904
img_002529.jpg,-0.0,0.0,1.0,59.81776306917549,-5.998559178540956,83.74246372696891,0.4010612931588115,0.2985803981587779,0.59720125614737,0.6271764063013939
img_002530.jpg,-0.0,0.0,1.0,59.8088387335772,-6.142624116031934,83.82674051883401,0.4014950672071792,0.297996706327097,0.5981128506406007,0.6263071865507205
img_002531.jpg,-0.0,0.0,1.0,59.79968911598849,-6.286665401506986,83.91107719491976,0.4019278514000812,0.2974124438429522,0.5990232518121636,0.6254366349236812
img_002532.jpg,-0.0,0.0,1.0,59.790342013798,-6.43069284750328,83.99546569259547,0.4023598713526702,0.2968276681277533,0.599932364732432,0.6245646700746491
img_002533.jpg,-0.0,0.0,1.0,59.78083410441757,-6.574708500678009,84.07987584807782,0.4027914193135356,0.2962424511191067,0.6008399288870999,0.6236913199149687
img_002534.jpg,-0.0,0.0,1.0,59.77099485609644,-6.718753864873611,84.16431779270322,0.4032217479169755,0.2956556912353681,0.601746554377523,0.6228170024507155
img_002535.jpg,-0.0,0.0,1.0,59.76099009504559,-6.862755097665467,84.24882914973321,0.4036513079294814,0.2950688137817757,0.6026517928006224,0.6219411816035582
img_002536.jpg,-0.0,0.0,1.0,59.75077550191436,-7.006703581420841,84.33342165406106,0.4040797912369712,0.2944816749592809,0.6035557900480817,0.621063985211265
img_002537.jpg,-0.0,0.0,1.0,59.74034170235724,-7.150720470062838,84.41800119096334,0.4045079843592426,0.2938931908365716,0.6044584043897898,0.620185553146855
img_002538.jpg,-0.0,0.0,1.0,59.72967179118156,-7.294649508594831,84.50269706618808,0.4049347077314082,0.2933046279476353,0.6053599182094438,0.6193057783715841
img_002539.jpg,-0.0,0.0,1.0,59.71881891555766,-7.43856952470384,84.58742236513243,0.4053608609850732,0.2927155020626624,0.6062599459965016,0.618424680227077
img_002540.jpg,-0.0,0.0,1.0,59.70774332173031,-7.58248324671949,84.67221889998707,0.4057861406833996,0.2921257325384807,0.607158815349516,0.6175421745609775
img_002541.jpg,-0.0,0.0,1.0,59.69648897121827,-7.726368079034601,84.75705310780499,0.4062107643290939,0.2915355614144181,0.6080561606941556,0.6166583631281073
img_002542.jpg,-0.0,0.0,1.0,59.68495568973844,-7.8702577116427666,84.84194825276339,0.4066343029031387,0.2909443422257001,0.6089524508869307,0.6157733722629887
img_002543.jpg,-0.0,0.0,1.0,59.67325423722588,-8.014155155781967,84.92687746985736,0.4070574403321616,0.2903525474471965,0.609847260173393,0.6148869471050417
img_002544.jpg,-0.0,0.0,1.0,59.66126193407736,-8.157995760864923,85.01190629788987,0.4074790423023236,0.2897601278264657,0.6107410598354966,0.6139993943298199
img_002545.jpg,-0.0,0.0,1.0,59.64905797425557,-8.30181666464285,85.09699528446237,0.4078998208539889,0.2891671471504288,0.6116335348359978,0.6131105252890282
img_002546.jpg,-0.0,0.0,1.0,59.636696381628056,-8.44563515748533,85.18213766342565,0.4083201712558025,0.2885737676829916,0.6125245538244579,0.6122201314176328
img_002547.jpg,-0.0,0.0,1.0,59.62406882289336,-8.58940385366092,85.26736190256028,0.4087392169886654,0.2879797833679078,0.613414401075545,0.6113286100126478
img_002548.jpg,-0.0,0.0,1.0,59.61124039246742,-8.73321690869896,85.35259637771351,0.4091579503961312,0.287384740143006,0.6143027862177701,0.6104358030175315
img_002549.jpg,-0.0,0.0,1.0,59.59814056699964,-8.876990538530121,85.43793110890464,0.4095753669345818,0.2867890622172443,0.6151901234810498,0.6095417660540802
img_002550.jpg,-0.0,0.0,1.0,59.58488136761471,-9.020725218717349,85.52333666329265,0.4099921448070197,0.2861932403624808,0.6160759690907004,0.6086462607100429
img_002551.jpg,-0.0,0.0,1.0,59.571380430176966,-9.164438145324104,85.60879825411376,0.410407972194474,0.2855966777386186,0.6169604907893177,0.6077496086620605
img_002552.jpg,-0.0,0.0,1.0,59.55760425194082,-9.308158570571752,85.6943331880864,0.4108227773023437,0.2849990836696109,0.617843935971116,0.6068517436250722
img_002553.jpg,-0.0,0.0,1.0,59.54369836865509,-9.451778883368712,85.77996732836478,0.4112367479160818,0.2844019543816802,0.6187257756174815,0.605952374443596
img_002554.jpg,-0.0,0.0,1.0,59.52949358743558,-9.595485900239815,85.86562682066473,0.4116500886566355,0.2838030309698611,0.6196065437593895,0.605051877983903
img_002555.jpg,-0.0,0.0,1.0,59.51508707148438,-9.73912515676228,85.9513703550404,0.4120624204831112,0.2832039376871511,0.6204858782489077,0.6041501189255646
img_002556.jpg,-0.0,0.0,1.0,59.50043715181042,-9.882767854889876,86.03718570591964,0.4124739069965128,0.28260399160529,0.6213640037456535,0.6032470761014601
img_002557.jpg,-0.0,0.0,1.0,59.485605631005626,-10.026299249949917,86.12311796248467,0.4128842088745064,0.2820043502712403,0.6222406863277632,0.6023426805137776
img_002558.jpg,-0.0,0.0,1.0,59.47054460903368,-10.169944663245811,86.20904562878273,0.4132944776680272,0.2814030131919859,0.6231160060355785,0.6014369974634521
img_002559.jpg,-0.0,0.0,1.0,59.455238236335255,-10.313462571884411,86.29512020507386,0.4137030859754863,0.2808018319086215,0.6239901382313033,0.6005300952002328
img_002560.jpg,-0.0,0.0,1.0,59.43973283250196,-10.45697139958646,86.38126673209722,0.4141110447273304,0.2802001023209559,0.6248628864614495,0.5996218128264101
img_002561.jpg,-0.0,0.0,1.0,59.42402397981344,-10.600485097627583,86.46746956718309,0.4145184424824265,0.2795976613433881,0.6257342088007694,0.5987122084522134
img_002562.jpg,-0.0,0.0,1.0,59.40798651896511,-10.743963992763229,86.5537677750929,0.4149243429433506,0.2789941929361282,0.6266045005297853,0.597801664314148
img_002563.jpg,-0.0,0.0,1.0,59.39184072292477,-10.88740306892577,86.64014290410194,0.4153299227106239,0.278390860799269,0.6274731073012354,0.5968895069762592
img_002564.jpg,-0.0,0.0,1.0,59.37537421163281,-11.030838394364716,86.72660696855746,0.4157342274217305,0.2777863361116676,0.6283406954168759,0.5959763200855795
img_002565.jpg,-0.0,0.0,1.0,59.35870162952027,-11.174245460004409,86.81315260402361,0.4161377592834418,0.2771813587194548,0.6292068746379158,0.5950618191292224
img_002566.jpg,-0.0,0.0,1.0,59.341800740505306,-11.317620556644355,86.8997780755911,0.4165403948735101,0.2765758196316709,0.6300716721760403,0.5941461127996867
img_002567.jpg,-0.0,0.0,1.0,59.32469200814829,-11.46100761853374,86.98647750862575,0.4169424749867553,0.2759695542900541,0.6309351144172397,0.5932290106292615
img_002568.jpg,-0.0,0.0,1.0,59.3073233663969,-11.60431925493532,87.07329454191958,0.4173432048850058,0.2753629369507677,0.6317973171777534,0.5923107734096625
img_002569.jpg,-0.0,0.0,1.0,59.28976928322794,-11.747618687301827,87.1601784128203,0.4177434068225099,0.2747558262653278,0.6326579947204524,0.5913911934632404
img_002570.jpg,-0.0,0.0,1.0,59.27195365993959,-11.890907356280287,87.24716595826285,0.4181426126987611,0.2741479262024022,0.6335175150180544,0.5904703448690081
img_002571.jpg,-0.0,0.0,1.0,59.25385517548349,-12.034144315761043,87.33424691767243,0.4185405449812738,0.2735393147498693,0.6343757618484016,0.589548512229664
img_002572.jpg,-0.0,0.0,1.0,59.23557418345577,-12.177429014511691,87.42139881013335,0.4189382661002033,0.2729298889760092,0.6352326251600319,0.5886251072055904
img_002573.jpg,-0.0,0.0,1.0,59.21705747380511,-12.320594421787394,87.50865943399712,0.4193346030247066,0.2723204541709059,0.6360879925894832,0.5877007117825744
img_002574.jpg,-0.0,0.0,1.0,59.19828238208644,-12.4637856931089,87.59601533778151,0.4197301873041605,0.2717099956451133,0.6369422091779758,0.5867749741592823
img_002575.jpg,-0.0,0.0,1.0,59.1793479914675,-12.606930203287916,87.68346589061949,0.4201251797893078,0.2710994788358844,0.6377948442098884,0.58584779813634
img_002576.jpg,-0.0,0.0,1.0,59.16012399420414,-12.75006272481149,87.77101699567021,0.4205190761832515,0.2704879981429615,0.6386463156553477,0.5849195097844216
img_002577.jpg,-0.0,0.0,1.0,59.14070171683269,-12.893112678002357,87.85867661799723,0.4209119867032743,0.2698764962701263,0.6394962631652836,0.5839899875923401
img_002578.jpg,-0.0,0.0,1.0,59.12101551546122,-13.036148416046018,87.94643232107482,0.4213039465489633,0.2692641652872325,0.6403449406990886,0.5830593030177281
img_002579.jpg,-0.0,0.0,1.0,59.101082710321,-13.179188523751904,88.03428915645215,0.4216951302581193,0.2686510108366239,0.6411923697393964,0.5821273026418061
img_002580.jpg,-0.0,0.0,1.0,59.08093910113525,-13.322215692481096,88.12223367819477,0.4220856735955984,0.268037281560721,0.6420383458894847,0.5811939970839195
img_002581.jpg,-0.0,0.0,1.0,59.060516560087535,-13.465173897273672,88.2102899889321,0.4224749077964329,0.2674230055720694,0.6428830046093268,0.5802597097487304
img_002582.jpg,-0.0,0.0,1.0,59.03988652700026,-13.608099424040706,88.29845598650046,0.4228633844258533,0.2668083643724923,0.6437262490480699,0.5793240639739476
img_002583.jpg,-0.0,0.0,1.0,59.01901991888075,-13.750990449924569,88.38672023724642,0.4232509808147531,0.266193161407566,0.6445680763505708,0.5783872431242929
img_002584.jpg,-0.0,0.0,1.0,58.99789143575968,-13.893899680102102,88.47510425237624,0.4236377842254601,0.265577027913746,0.6454087724368844,0.5774490336666585
img_002585.jpg,-0.0,0.0,1.0,58.9765244326851,-14.03673067308865,88.56359033157351,0.4240234897473618,0.2649605837586077,0.646247951322799,0.5765098044334129
img_002586.jpg,-0.0,0.0,1.0,58.95494452614242,-14.179506101153525,88.65219734997463,0.4244083004171775,0.2643439108317222,0.6470856958917492,0.5755692777724363
img_002587.jpg,-0.0,0.0,1.0,58.93309554559536,-14.322325266813747,88.74089224981226,0.424792502942974,0.2637259955083278,0.6479221983436537,0.5746274911889546
img_002588.jpg,-0.0,0.0,1.0,58.91104000399954,-14.465057870105197,88.82971909014555,0.4251756798231665,0.2631081034367153,0.6487572154972338,0.5736844450855529
img_002589.jpg,-0.0,0.0,1.0,58.88868214831075,-14.607766348187145,88.91866185004193,0.4255577012945554,0.2624892715996301,0.649591026975129,0.5727403625006594
img_002590.jpg,-0.0,0.0,1.0,58.86612158275109,-14.750420026949062,89.00770996063392,0.4259389475135469,0.2618701997055028,0.6504232701329129,0.5717950517159621
img_002591.jpg,-0.0,0.0,1.0,58.843282551609086,-14.893083690862918,89.09687789458414,0.4263193313250432,0.2612501367787278,0.6512543339303033,0.570848479290837
img_002592.jpg,-0.0,0.0,1.0,58.820239728212414,-15.035688259326148,89.18616742423346,0.4266988907076138,0.2606299098566256,0.652083885520497,0.5699006167758642
img_002593.jpg,-0.0,0.0,1.0,58.79691059244299,-15.17826500100258,89.27557316523978,0.4270773877897291,0.2600088477068844,0.6529121502327044,0.568951692177241
img_002594.jpg,-0.0,0.0,1.0,58.77339841772906,-15.320791298958158,89.3651033288161,0.4274552138886246,0.2593876977411493,0.6537388730333902,0.568001362907704
img_002595.jpg,-0.0,0.0,1.0,58.749597157713424,-15.46331810928356,89.45474185394124,0.4278321360871356,0.2587655004383903,0.6545643231859161,0.5670499324805105
img_002596.jpg,-0.0,0.0,1.0,58.72556404565084,-15.605770497315754,89.54451739483369,0.4282080145027969,0.2581431190237745,0.6553883316513105,0.5660973071403551
img_002597.jpg,-0.0,0.0,1.0,58.70126356160206,-15.748183559967634,89.63441668793675,0.4285828831735392,0.2575200971243866,0.6562109846578101,0.5651435706456637
img_002598.jpg,-0.0,0.0,1.0,58.67669945489712,-15.89057858319368,89.72444545700246,0.4289568602939996,0.2568963530224746,0.6570323407667029,0.5641886023282403
img_002599.jpg,-0.0,0.0,1.0,58.65192781642886,-16.032945193155467,89.81459882392478,0.4293301900821718,0.2562722482760836,0.6578522171175707,0.5632322638850019
img_002600.jpg,-0.0,0.0,1.0,58.62686377060288,-16.175272746400758,89.90487206541545,0.4297024214040001,0.2556473378420001,0.6586707473521126,0.5622749454461284
img_002601.jpg,-0.0,0.0,1.0,58.60158795670531,-16.31755733539468,89.99527818463206,0.4300739101436255,0.2550221545079212,0.6594877973784603,0.5613162901901362
img_002602.jpg,-0.0,0.0,1.0,58.57606262538048,-16.459758466373756,90.0858188542832,0.4304442767763966,0.2543967193488176,0.6603033610158228,0.5603565875460125
img_002603.jpg,-0.0,0.0,1.0,58.55023074319676,-16.602001256780476,90.17649673370492,0.4308138580418918,0.2537699917869328,0.6611178454182246,0.5593955715386788
img_002604.jpg,-0.0,0.0,1.0,58.52415495248194,-16.744189496338954,90.26731061649303,0.4311825002485526,0.2531428801928216,0.6619308824238985,0.5584333806109809
img_002605.jpg,-0.0,0.0,1.0,58.497854783257736,-16.88629477965168,90.35825398258908,0.4315501815795809,0.2525156350462922,0.6627423266624919,0.5574700918307504
img_002606.jpg,-0.0,0.0,1.0,58.47131342002384,-17.028358985659857,90.44934160225976,0.4319170005426964,0.2518879727294077,0.663552370426047,0.5565055305551273
img_002607.jpg,-0.0,0.0,1.0,58.44448664947905,-17.170407368028503,90.54055688130154,0.4322829111166787,0.2512594279314954,0.6643610753780542,0.5555398690954078
img_002608.jpg,-0.0,0.0,1.0,58.41740362019673,-17.31241706165426,90.63191547049236,0.4326479170743667,0.2506303582915064,0.6651683939703866,0.5545729988168733
img_002609.jpg,-0.0,0.0,1.0,58.3900710796304,-17.454384336149314,90.7234152405477,0.4330120458940055,0.2500008150269155,0.6659742836316059,0.55360492604197
img_002610.jpg,-0.0,0.0,1.0,58.362522054964415,-17.596278219524,90.81505367148304,0.4333753187476977,0.2493711575955799,0.6667785853039081,0.5526356639232494
img_002611.jpg,-0.0,0.0,1.0,58.33465766623691,-17.738146165744112,90.9068371121344,0.4337374860028628,0.2487405605371895,0.6675816367319848,0.5516653741878363
img_002612.jpg,-0.0,0.0,1.0,58.30652313004253,-17.88001094954859,90.99877784272095,0.4340988602409926,0.2481092006698933,0.6683834357746352,0.5506937323617475
img_002613.jpg,-0.0,0.0,1.0,58.278131515577634,-18.021804889744736,91.0908685334593,0.4344591970924684,0.2474775141277742,0.6691837663678692,0.5497209954991877
img_002614.jpg,-0.0,0.0,1.0,58.249497376587605,-18.16352099862528,91.18309016884275,0.4348185815461692,0.2468455526972552,0.669982482964715,0.5487472521810013
img_002615.jpg,-0.0,0.0,1.0,58.22061483850141,-18.305227788746404,91.27546521480528,0.4351772815349576,0.2462129724737565,0.6707798393065489,0.547772136021322
img_002616.jpg,-0.0,0.0,1.0,58.19140312597453,-18.44690145096628,91.36799574151118,0.4355347989307332,0.245579443814032,0.6715759587920365,0.5467960380881643
img_002617.jpg,-0.0,0.0,1.0,58.16200483646276,-18.58849630833761,91.460677586063,0.4358916082191357,0.2449460473628081,0.6723704123196664,0.5458186222570223
img_002618.jpg,-0.0,0.0,1.0,58.13230344301448,-18.73007954041251,91.55351097798405,0.4362474917269275,0.2443117138686514,0.6731635784758648,0.5448400765748558
img_002619.jpg,-0.0,0.0,1.0,58.10232060601153,-18.871581888376173,91.64650576450131,0.4366022010931505,0.2436770039842093,0.6739553067890844,0.5438605337590943
img_002620.jpg,-0.0,0.0,1.0,58.07209014849186,-19.01309415951513,91.73965101283284,0.4369563754502632,0.2430415522022747,0.6747456467965043,0.542879583319952
img_002621.jpg,-0.0,0.0,1.0,58.04159542570852,-19.154492249089547,91.83295801457656,0.4373093109149492,0.2424060152282302,0.6755344285277407,0.5418977082826263
img_002622.jpg,-0.0,0.0,1.0,58.01078663455787,-19.295888030598533,91.92643474364633,0.43766131451014,0.2417694861573277,0.676322008797433,0.5409146233562954
img_002623.jpg,-0.0,0.0,1.0,57.97977730762686,-19.43721448001551,92.0200570060117,0.4380126532409268,0.2411329261191725,0.677107890293288,0.5399303033212917
img_002624.jpg,-0.0,0.0,1.0,57.94843098960569,-19.578511951048565,92.11384288301193,0.4383628530464041,0.2404953655527266,0.6778925158205428,0.5389450113055805
img_002625.jpg,-0.0,0.0,1.0,57.91683501375015,-19.71975585742237,92.20781200114348,0.4387121730438611,0.2398575354526267,0.6786757351657795,0.5379583983979743
img_002626.jpg,-0.0,0.0,1.0,57.88496701224757,-19.860937704381698,92.30193459494822,0.4390605379176443,0.2392192373635402,0.6794574292262783,0.5369707649284942
img_002627.jpg,-0.0,0.0,1.0,57.852829394220905,-20.00207708493162,92.39621942128986,0.4394080463494925,0.2385804055523336,0.6802376623664382,0.5359819787903788
img_002628.jpg,-0.0,0.0,1.0,57.820402829773336,-20.14314007158961,92.490691134546,0.4397543992691789,0.2379412132841018,0.6810165150159725,0.5349921061284857
img_002629.jpg,-0.0,0.0,1.0,57.787716884316175,-20.28420287969668,92.58531029313804,0.4401002015761018,0.2373012467357842,0.6817938768114882,0.5340009741682856
img_002630.jpg,-0.0,0.0,1.0,57.75471848497612,-20.425175744337547,92.68011835825035,0.4404446877324587,0.2366608629426301,0.682569870090453,0.5330088980910251
img_002631.jpg,-0.0,0.0,1.0,57.721492083485344,-20.566109052453456,92.7750965549412,0.4407885475018432,0.2360202027863405,0.6833443182778394,0.5320154724679584
img_002632.jpg,-0.0,0.0,1.0,57.68795155591773,-20.707016886138877,92.87025036549,0.4411314483828867,0.2353786925139033,0.6841174401770662,0.5310209453530436
img_002633.jpg,-0.0,0.0,1.0,57.65417063042415,-20.847803481690462,92.9655744497765,0.4414732812451702,0.2347372992678055,0.6848888714538528,0.5300254484812474
img_002634.jpg,-0.0,0.0,1.0,57.62002591864951,-20.98859400331286,93.06108704641557,0.4418140647180597,0.2340946376308117,0.6856591710742761,0.529028859299322
img_002635.jpg,-0.0,0.0,1.0,57.5856349318498,-21.129334002156654,93.15676721638198,0.4421541269817717,0.2334516402249326,0.6864278899237047,0.5280310706806619
img_002636.jpg,-0.0,0.0,1.0,57.55096436162791,-21.27000789218092,93.25264708957025,0.4424931816002062,0.2328083203087961,0.6871952057524061,0.527032085762558
img_002637.jpg,-0.0,0.0,1.0,57.51603141969816,-21.41060789204838,93.34869606781648,0.4428313414533383,0.2321647067980116,0.6879609189393228,0.5260320579168084
img_002638.jpg,-0.0,0.0,1.0,57.48075463736759,-21.55120531922528,93.4449381384967,0.4431685460082822,0.2315199939376015,0.6887254223270999,0.5250308799265011
img_002639.jpg,-0.0,0.0,1.0,57.445217646419984,-21.691701143934345,93.5413763284807,0.4435046949135866,0.2308752615948045,0.6894883722079616,0.5240286096799988
img_002640.jpg,-0.0,0.0,1.0,57.40941798263466,-21.83213598666236,93.6379817038868,0.4438400451890963,0.2302301500301871,0.6902497044022899,0.5230252746055108
img_002641.jpg,-0.0,0.0,1.0,57.37333937915772,-21.972531990360547,93.73477899876596,0.4441745918545413,0.2295845298074408,0.6910095935247068,0.5220207057969707
img_002642.jpg,-0.0,0.0,1.0,57.336929058933926,-22.112875456681195,93.83178040338146,0.4445080131892087,0.2289382074091524,0.6917681656031686,0.5210150942697278
img_002643.jpg,-0.0,0.0,1.0,57.30021273927683,-22.25313580065404,93.92895794011038,0.4448403423183963,0.2282914030357951,0.6925251780127483,0.5200086373940451
img_002644.jpg,-0.0,0.0,1.0,57.263212229706994,-22.39338058381286,94.02634707950617,0.4451719520418646,0.2276439988607432,0.6932808540961087,0.5190007709451842
img_002645.jpg,-0.0,0.0,1.0,57.22593280128827,-22.53353868092769,94.12392464011847,0.4455025713157343,0.2269963429223447,0.6940349454173734,0.517991905139891
img_002646.jpg,-0.0,0.0,1.0,57.18833927681994,-22.673664434019354,94.22171233244428,0.4458322773459178,0.2263479952269227,0.6947877017425068,0.5169818324087133
img_002647.jpg,-0.0,0.0,1.0,57.15046446386119,-22.813694404304066,94.31968893583098,0.4461609573925764,0.2256994338254444,0.6955388445270481,0.5159708145073635
img_002648.jpg,-0.0,0.0,1.0,57.11232971125421,-22.953685066206912,94.41785772646196,0.4464889905065349,0.2250504779648071,0.6962884313641778,0.5149585265559548
img_002649.jpg,-0.0,0.0,1.0,57.07381398552844,-23.093604029908374,94.51625036111598,0.4468156213509142,0.2244006998669022,0.6970367772511951,0.5139453838447319
img_002650.jpg,-0.0,0.0,1.0,57.035053278730565,-23.233467017345028,94.61483004994672,0.4471416217702155,0.2237506921532831,0.6977834652750052,0.5129310220979365
img_002651.jpg,-0.0,0.0,1.0,56.99595586639912,-23.3732799496571,94.7136240347042,0.4474665675731764,0.2230999685468804,0.6985287956331847,0.5119156147353914
img_002652.jpg,-0.0,0.0,1.0,56.9565625503737,-23.513022819801574,94.81262811622511,0.4477905619116059,0.2224488745762276,0.6992726260787642,0.5108991145809187
img_002653.jpg,-0.0,0.0,1.0,56.91685444084513,-23.65268991557867,94.91184832016984,0.4481134917336741,0.221797350488032,0.7000150002932294,0.5098815874369397
img_002654.jpg,-0.0,0.0,1.0,56.87687990308197,-23.79230320359843,95.01126919743088,0.4484357220938743,0.2211455054700457,0.7007557802144873,0.5088628548602547
img_002655.jpg,-0.0,0.0,1.0,56.83656677254353,-23.931868540925034,95.11090014746031,0.4487569542537778,0.220492901267958,0.7014951450875324,0.507843123334296
img_002656.jpg,-0.0,0.0,1.0,56.79595966682529,-24.07132587682898,95.21075656012697,0.4490770703455186,0.2198402128194357,0.7022329718704644,0.5068223741463737
img_002657.jpg,-0.0,0.0,1.0,56.755004936225546,-24.21075882795229,95.31084657461476,0.449396243986261,0.2191866659475503,0.702969518561502,0.5058004323201475
img_002658.jpg,-0.0,0.0,1.0,56.71379069317819,-24.350119747115933,95.4111245384425,0.4497147268495244,0.2185328931278781,0.7037043293463557,0.5047774320777552
img_002659.jpg,-0.0,0.0,1.0,56.67222428678158,-24.489398967376,95.511633358906,0.4500319916894477,0.2178785485554475,0.7044377451177467,0.5037535188848064
img_002660.jpg,-0.0,0.0,1.0,56.63034682371896,-24.62864762248356,95.6123745025557,0.4503484829130573,0.2172235984789437,0.7051697596095075,0.5027283186115896
img_002661.jpg,-0.0,0.0,1.0,56.58817935108178,-24.76778434459961,95.7133302820987,0.4506639337375691,0.2165685660815899,0.7059001215113858,0.5017021959925578
img_002662.jpg,-0.0,0.0,1.0,56.54565144874004,-24.906883887079186,95.814530675152,0.4509783623533567,0.2159127093103391,0.7066291959351138,0.5006749425519996
img_002663.jpg,-0.0,0.0,1.0,56.50280768673532,-25.04589007328877,95.91595026218349,0.4512917449993081,0.215256521861491,0.7073566923183784,0.49964677575661
img_002664.jpg,-0.0,0.0,1.0,56.4596962055806,-25.18483231530735,96.01757724853576,0.4516044711640425,0.2146000868110931,0.7080825016583995,0.4986174638041665
img_002665.jpg,-0.0,0.0,1.0,56.41618908009109,-25.323749367019413,96.11947302523008,0.451916073883698,0.2139426349809108,0.7088071748501872,0.4975869773053401
img_002666.jpg,-0.0,0.0,1.0,56.37242789282746,-25.462540743989777,96.2215841078106,0.4522267809269571,0.2132854019819692,0.7095300580903275,0.496555508055412
img_002667.jpg,-0.0,0.0,1.0,56.32831360278827,-25.60127303609673,96.32392540246288,0.4525364777115443,0.2126274547979236,0.7102514857963331,0.4955230859714682
img_002668.jpg,-0.0,0.0,1.0,56.28388798321577,-25.73994478066744,96.42650250349853,0.4528453398675206,0.2119690821230661,0.7109713903750142,0.4944895230966919
img_002669.jpg,-0.0,0.0,1.0,56.23911813158642,-25.87853278977234,96.52932948333866,0.4531530961488149,0.2113102669428221,0.7116898492569015,0.4934549634971613
img_002670.jpg,-0.0,0.0,1.0,56.19402024899926,-26.017050140960794,96.6323932239092,0.4534599184730291,0.2106509831690163,0.7124067824001866,0.4924193761607819
img_002671.jpg,-0.0,0.0,1.0,56.14857233460103,-26.155526426209907,96.7357157564045,0.4537658321318048,0.2099910127946361,0.7131223530293573,0.4913825940599505
img_002672.jpg,-0.0,0.0,1.0,56.10284701027052,-26.29389340580372,96.83925214747212,0.454070902964594,0.2093310170802452,0.7138361307938241,0.4903448977427732
img_002673.jpg,-0.0,0.0,1.0,56.05673542267348,-26.432202879274712,96.94306479924714,0.4543748215339038,0.2086702710940453,0.7145486405902595,0.4893061206935625
img_002674.jpg,-0.0,0.0,1.0,56.01030883476309,-26.57042922582729,97.04711222395083,0.4546778535818215,0.2080091994227991,0.715259528335862,0.4882663510241864
img_002675.jpg,-0.0,0.0,1.0,55.96355471085778,-26.708578057180134,97.15140351979296,0.4549799693250175,0.2073477280168443,0.7159688518510254,0.4872255641675461
img_002676.jpg,-0.0,0.0,1.0,55.9164119454712,-26.84665873611876,97.25597385631664,0.4552809053510216,0.2066855612441896,0.7166768710892493,0.4861837496684271
img_002677.jpg,-0.0,0.0,1.0,55.868991543418936,-26.98464184731079,97.36077247787716,0.4555810905842163,0.2060233580285345,0.7173831202033146,0.4851409122060301
img_002678.jpg,-0.0,0.0,1.0,55.82118858556064,-27.122580448117706,97.46585851661835,0.4558802519821041,0.2053603962274905,0.7180880944852654,0.4840968829403281
img_002679.jpg,-0.0,0.0,1.0,55.773026969812335,-27.26042141943843,97.57118880861124,0.4561783164793671,0.2046969541951648,0.7187914880875947,0.4830520646577282
img_002680.jpg,-0.0,0.0,1.0,55.72460189025024,-27.398154151296623,97.67676970888589,0.4564756332622199,0.2040337143363771,0.7194931339616113,0.4820060890010165
img_002681.jpg,-0.0,0.0,1.0,55.67579374352618,-27.535850508280724,97.78259887715816,0.4567720751457109,0.2033695100729844,0.7201933128515448,0.4809591519699693
img_002682.jpg,-0.0,0.0,1.0,55.62657306656302,-27.67346395912775,97.888747660493,0.4570671736885002,0.2027047031905022,0.7208923053620575,0.4799111231370189
img_002683.jpg,-0.0,0.0,1.0,55.577052958632144,-27.81097300338524,97.99512415081595,0.457361471866398,0.2020397597558532,0.7215894876214407,0.478862225367825
img_002684.jpg,-0.0,0.0,1.0,55.5272054071109,-27.94839810539098,98.10177052576108,0.4576548926696016,0.2013745563601621,0.7222850994244181,0.4778122250589472
img_002685.jpg,-0.0,0.0,1.0,55.47698746013405,-28.08577380298455,98.20869139562116,0.4579474355570215,0.2007086456382134,0.7229792634775434,0.4767611251080465
img_002686.jpg,-0.0,0.0,1.0,55.426390262257776,-28.223046054475866,98.31590552685232,0.4582387740666884,0.200042351827005,0.7236719968675027,0.4757090753466663
img_002687.jpg,-0.0,0.0,1.0,55.37545481651544,-28.36026222111034,98.42337783554436,0.458529391599804,0.1993755258654545,0.7243631241050428,0.4746559397729786
img_002688.jpg,-0.0,0.0,1.0,55.32414695236927,-28.497356066306576,98.53114050802613,0.4588187714212679,0.1987084546331418,0.7250527503466072,0.4736019365074506
img_002689.jpg,-0.0,0.0,1.0,55.27250760962234,-28.63438753113345,98.63916278377329,0.4591074511451077,0.1980409355880051,0.7257407327774797,0.4725468494467791
img_002690.jpg,-0.0,0.0,1.0,55.220466783621866,-28.771310787273624,98.74748551483933,0.4593948548145932,0.1973729477230433,0.7264272974749371,0.4714908995518949
img_002691.jpg,-0.0,0.0,1.0,55.168087222457416,-28.90816506109165,98.85608860904914,0.4596814872623181,0.1967045867707741,0.7271122836397895,0.4704338027733257
img_002692.jpg,-0.0,0.0,1.0,55.11530304153224,-29.04492656711603,98.96498589507502,0.4599669486972652,0.1960356244263187,0.7277958224015261,0.4693758418972975
img_002693.jpg,-0.0,0.0,1.0,55.06221250060758,-29.18159733014746,99.07415184712022,0.4602517098127758,0.19536657081467,0.7284776306224142,0.4683167820026165
img_002694.jpg,-0.0,0.0,1.0,55.00873040344963,-29.318175907044164,99.18361747000466,0.460535375504769,0.1946970175715342,0.7291579669204965,0.4672567800832848
img_002695.jpg,-0.0,0.0,1.0,54.954840030714266,-29.4546917119871,99.29339744521778,0.4608180163830702,0.19402675145179,0.7298369360403698,0.4661956909807756
img_002696.jpg,-0.0,0.0,1.0,54.90061952929384,-29.591091267099277,99.40344706537311,0.4610997713272271,0.1933563914287571,0.7305141554909877,0.4651337177661033
img_002697.jpg,-0.0,0.0,1.0,54.84600723557626,-29.727395552973107,99.51380640782476,0.4613804418628239,0.1926855879470749,0.7311899017271081,0.4640707701162158
img_002698.jpg,-0.0,0.0,1.0,54.79100647365764,-29.86361234204238,99.62446301032551,0.4616601168617353,0.1920142682640205,0.7318641129775533,0.4630068870090603
img_002699.jpg,-0.0,0.0,1.0,54.73565915034768,-29.999752348915543,99.73541618989822,0.4619390355997191,0.1913426373060568,0.7325367134742139,0.4619418642538923
img_002700.jpg,-0.0,0.0,1.0,54.67990232425863,-30.135784058492423,99.84668629300324,0.4622167656641127,0.1906705522605255,0.7332078467861948,0.4608759653646788
img_002701.jpg,-0.0,0.0,1.0,54.62379049544521,-30.27173436382131,99.95825008721908,0.4624937161385529,0.189998117113564,0.7338773411172985,0.4598090105905453
img_002702.jpg,-0.0,0.0,1.0,54.5672990433504,-30.4075673842332,100.07011742796264,0.4627696046317159,0.1893254159075653,0.7345452306630516,0.4587411950442178
img_002703.jpg,-0.0,0.0,1.0,54.51037330782612,-30.54331978439956,100.18231708996612,0.4630443658326723,0.1886520087060801,0.7352117415210294,0.4576724046863594
img_002704.jpg,-0.0,0.0,1.0,54.45309483622557,-30.678969317501146,100.29481697009368,0.4633182815893318,0.1879784138138815,0.7358765767805879,0.4566026167586088
img_002705.jpg,-0.0,0.0,1.0,54.39541759366069,-30.81453949411221,100.4076403077442,0.4635912640951916,0.1873042983811304,0.7365399126214205,0.4555317736209023
img_002706.jpg,-0.0,0.0,1.0,54.337353840313455,-30.949982274776072,100.5207836776254,0.4638631396632118,0.1866299968458299,0.7372016595305622,0.454460058888015
img_002707.jpg,-0.0,0.0,1.0,54.27886075645493,-31.085360833663977,100.63425852653916,0.4641340560563844,0.1859549263924934,0.7378619737194748,0.4533873080466771
img_002708.jpg,-0.0,0.0,1.0,54.220014101669726,-31.22061606313328,100.74803533649332,0.4644040767730072,0.185279786495504,0.7385205510116937,0.4523136632096976
img_002709.jpg,-0.0,0.0,1.0,54.160728544892486,-31.35577216986944,100.86215164000664,0.4646729421803048,0.184604044297315,0.739177685315407,0.4512391308013205
img_002710.jpg,-0.0,0.0,1.0,54.10112386902984,-31.490833356143387,100.97656283323376,0.4649412328864118,0.1839282684817787,0.7398329977503498,0.4501635008028625
img_002711.jpg,-0.0,0.0,1.0,54.041002934351134,-31.62580073904183,101.09135894642652,0.4652080509641336,0.183251546013383,0.7404871457222542,0.4490869929334025
img_002712.jpg,-0.0,0.0,1.0,53.98057074457043,-31.760659116198365,101.20644568143564,0.4654742908468745,0.182574903572994,0.7411394045476071,0.4480094554501386
img_002713.jpg,-0.0,0.0,1.0,53.91966469042796,-31.89540428132216,101.3219021675355,0.465739183802928,0.1818976353123866,0.7417903271325473,0.446931061250986
img_002714.jpg,-0.0,0.0,1.0,53.85836405912247,-32.03004340922333,101.43768486097136,0.466003162227071,0.1812200373049135,0.7424396084523301,0.4458517451740283
img_002715.jpg,-0.0,0.0,1.0,53.79668249853895,-32.1645811249905,101.55379184644497,0.466266321217835,0.1805421650990384,0.743087209721272,0.444771450374226
img_002716.jpg,-0.0,0.0,1.0,53.73455589326421,-32.29902188431532,101.67025461917832,0.4665284009658691,0.1798637068909644,0.7437333435906613,0.4436902203870687
img_002717.jpg,-0.0,0.0,1.0,53.67205159857673,-32.43335206527797,101.78705141332648,0.4667896436274115,0.1791850875741301,0.744377795826022,0.4426079869076456
img_002718.jpg,-0.0,0.0,1.0,53.60907159318461,-32.567560083848626,101.90422935472289,0.4670495540127204,0.1785059274819889,0.7450208799005299,0.4415248990289835
img_002719.jpg,-0.0,0.0,1.0,53.5457132134704,-32.70167806138918,102.02172235662344,0.4673087916888865,0.1778264114422546,0.7456621968109077,0.4404408573815261
img_002720.jpg,-0.0,0.0,1.0,53.48190795722223,-32.83569133896703,102.13958672643676,0.4675669469224348,0.1771464057831068,0.7463020455209299,0.4393558442937068
img_002721.jpg,-0.0,0.0,1.0,53.41770281512944,-32.96956226476453,102.25780170619112,0.4678240563491148,0.1764663416579538,0.7469402348692802,0.4382699717027656
img_002722.jpg,-0.0,0.0,1.0,53.35306546973394,-33.10333842439427,102.37637500618008,0.4680802443869142,0.1757857760926006,0.7475768612695699,0.4371831220810647
img_002723.jpg,-0.0,0.0,1.0,53.287958462258665,-33.23701065949019,102.4953230318997,0.4683353136576611,0.1751045830823826,0.7482120236673416,0.4360953870477725
img_002724.jpg,-0.0,0.0,1.0,53.22247746348434,-33.370566884668186,102.61461327331683,0.468589633279418,0.174423322075761,0.7488454300050663,0.435006646224679
img_002725.jpg,-0.0,0.0,1.0,53.15654183918453,-33.504008488232614,102.73427858610415,0.4688428702631173,0.1737415938582078,0.7494773150973624,0.4339170147868141
img_002726.jpg,-0.0,0.0,1.0,53.09017768015873,-33.6373147710106,102.85430538463557,0.4690950552268809,0.173059628691883,0.7501075615268447,0.4328265706018615
img_002727.jpg,-0.0,0.0,1.0,53.02334740528093,-33.77052076873864,102.97473195937876,0.4693461858476498,0.1723771437268011,0.7507363759843725,0.4317350714555208
img_002728.jpg,-0.0,0.0,1.0,52.956109865983,-33.903604740082386,103.09551002876802,0.4695964625805026,0.1716944479183859,0.7513634606994264,0.4306426927415127
img_002729.jpg,-0.0,0.0,1.0,52.88841977843445,-34.0365711902168,103.21666290439516,0.469845720123702,0.1710113158355366,0.7519889598108338,0.4295494540332442
img_002730.jpg,-0.0,0.0,1.0,52.82024806113472,-34.1694374743182,103.33822033745732,0.4700939127424061,0.1703275831663292,0.7526130216500628,0.4284552103289379
img_002731.jpg,-0.0,0.0,1.0,52.75165317916698,-34.30217476591108,103.4601421977668,0.4703411885638404,0.1696436292833208,0.7532353790693767,0.4273601164148914
img_002732.jpg,-0.0,0.0,1.0,52.68260841375482,-34.43477824695276,103.58244702622774,0.4705874126044496,0.1689593821274932,0.7538561247666283,0.4262641873781881
img_002733.jpg,-0.0,0.0,1.0,52.61313128000594,-34.56726007318577,103.70513893901256,0.4708327242236095,0.1682749075153648,0.7544752396339356,0.4251672777627475
img_002734.jpg,-0.0,0.0,1.0,52.54315898439878,-34.69962946492801,103.82823345958974,0.4710769333260451,0.1675898057896908,0.7550928624718446,0.4240695095471711
img_002735.jpg,-0.0,0.0,1.0,52.47273319387246,-34.83186844728818,103.95173055356362,0.4713201203004633,0.1669044510169736,0.7557089083817083,0.4229707959460159
img_002736.jpg,-0.0,0.0,1.0,52.40190480907533,-34.96398134833198,104.07559521265928,0.4715625638150841,0.1662190121557008,0.7563231615210115,0.4218711459118646
img_002737.jpg,-0.0,0.0,1.0,52.3305112196095,-35.09596041505282,104.1998932556586,0.4718035475725534,0.165532730333808,0.7569360823020019,0.4207708342975841
img_002738.jpg,-0.0,0.0,1.0,52.258723114562905,-35.2278228047825,104.3245722975061,0.4720438827881965,0.1648464231737879,0.75754722219049,0.4196694361524606
img_002739.jpg,-0.0,0.0,1.0,52.1864416746998,-35.359560851638975,104.4496763219568,0.4722831218500081,0.164159662289496,0.7581568668828028,0.4185671072732079
img_002740.jpg,-0.0,0.0,1.0,52.11371561538768,-35.491158195077595,104.5751553405178,0.4725214482577597,0.1634726546421446,0.7587647427260164,0.4174640551191942
img_002741.jpg,-0.0,0.0,1.0,52.04052053098996,-35.62264120098507,104.70106181624784,0.472758852950275,0.1627853112576337,0.7593710703243293,0.4163599247650743
img_002742.jpg,-0.0,0.0,1.0,51.96679753940636,-35.75397653596442,104.82740120441908,0.4729949605872292,0.1620974482397258,0.7599759258705593,0.4152550741778368
img_002743.jpg,-0.0,0.0,1.0,51.89262234195552,-35.885187873335376,104.95413428186436,0.4732302436903157,0.1614092763972322,0.7605790518681154,0.4141493544714574
img_002744.jpg,-0.0,0.0,1.0,51.81797629429691,-36.01627570484126,105.08129698868822,0.4734646050618308,0.160720819037656,0.761180589445126,0.4130426083753106
img_002745.jpg,-0.0,0.0,1.0,51.74282037467022,-36.14721151171856,105.20888741652678,0.4736977774565508,0.1600319662525147,0.7617805626519853,0.4119351402535385
img_002746.jpg,-0.0,0.0,1.0,51.6671986985663,-36.27800350551467,105.33690833934314,0.4739299777663548,0.159342978536347,0.7623789067903742,0.4108267199765144
img_002747.jpg,-0.0,0.0,1.0,51.59111450154255,-36.40867758907733,105.4653330942396,0.4741614083281207,0.1586536268580486,0.7629755130532716,0.4097174050710772
img_002748.jpg,-0.0,0.0,1.0,51.51447300500691,-36.53921556034188,105.59421754481843,0.4743915773989522,0.1579636118515384,0.7635706920084149,0.4086073016106551
img_002749.jpg,-0.0,0.0,1.0,51.43736777073055,-36.66961478180505,105.72353170874295,0.4746208669015731,0.1572734478800568,0.7641641903035716,0.4074962399227816
img_002750.jpg,-0.0,0.0,1.0,51.35976160243644,-36.79985531799348,105.85327693793192,0.4748490572618268,0.1565830025054977,0.7647560448424557,0.4063844583898868
img_002751.jpg,-0.0,0.0,1.0,51.28167382183451,-36.92995379402576,105.98346308929652,0.4750763098638382,0.1558923558431746,0.7653462521735707,0.4052717452274371
img_002752.jpg,-0.0,0.0,1.0,51.20306478388223,-37.05992579476275,106.11409703028494,0.4753025764747849,0.1552011879471208,0.7659348770434741,0.4041581573896932
img_002753.jpg,-0.0,0.0,1.0,51.12390529799554,-37.18975126187732,106.24520918009615,0.4755276287874872,0.1545095399376548,0.7665220459652302,0.4030437065347644
img_002754.jpg,-0.0,0.0,1.0,51.04431631145176,-37.31943358950888,106.37671670042516,0.4757520418035985,0.1538178596994959,0.7671072888704653,0.4019284365642441
img_002755.jpg,-0.0,0.0,1.0,50.964154934846256,-37.44896886018916,106.5087147372765,0.4759751847453604,0.1531256084990049,0.7676911160115782,0.4008123275615745
img_002756.jpg,-0.0,0.0,1.0,50.88350510936247,-37.57834397755207,106.6411661877226,0.4761973534150905,0.1524332664117518,0.7682732669731125,0.3996953429125336
img_002757.jpg,-0.0,0.0,1.0,50.80233207731888,-37.707582739908986,106.7740854313028,0.4764185524507433,0.1517405323997598,0.7688538244650891,0.3985774332713555
img_002758.jpg,-0.0,0.0,1.0,50.72060805322633,-37.83666823814234,106.90746266740278,0.4766386300916128,0.1510472720163349,0.7694327731053717,0.397458860251211
img_002759.jpg,-0.0,0.0,1.0,50.63843919259543,-37.96560524753245,107.0412726547514,0.4768580330145464,0.1503540683684884,0.7700098699811039,0.3963393376971619
img_002760.jpg,-0.0,0.0,1.0,50.55567585302219,-38.09439051757435,107.17559595294904,0.4770761404082017,0.1496602703742169,0.7705855742873475,0.3952189676938202
img_002761.jpg,-0.0,0.0,1.0,50.47239772026469,-38.22302970732147,107.31038223890477,0.477293345110756,0.148966174576617,0.771159590461801,0.3940977386179484
img_002762.jpg,-0.0,0.0,1.0,50.38860995007229,-38.35149167093412,107.44563777400836,0.4775095121807348,0.1482720113851538,0.7717319175305549,0.3929757293794748
img_002763.jpg,-0.0,0.0,1.0,50.30421926125528,-38.47982367025976,107.58139413394233,0.4777245519901318,0.1475770301565435,0.7723027673718514,0.3918529164186256
img_002764.jpg,-0.0,0.0,1.0,50.21934879244712,-38.60798195819383,107.71762418555582,0.477938711034617,0.1468821846669557,0.7728718720496204,0.3907291667082792
img_002765.jpg,-0.0,0.0,1.0,50.13395869116467,-38.73597963511665,107.85430468337697,0.4781519719120966,0.1461870402880627,0.7734391880923701,0.3896047527063871
img_002766.jpg,-0.0,0.0,1.0,50.047954271821474,-38.86382638996929,107.99153301110532,0.478363961287228,0.145491313285908,0.7740051499806018,0.3884793766771144
img_002767.jpg,-0.0,0.0,1.0,49.96145987570164,-38.99151601709853,108.12921647769448,0.4785752081378916,0.1447954910876226,0.7745692677547638,0.3873531791096042
img_002768.jpg,-0.0,0.0,1.0,49.87437710771986,-39.11902050715069,108.26742540955632,0.4787851624136,0.1440993543010841,0.775131890627703,0.3862262244779814
img_002769.jpg,-0.0,0.0,1.0,49.78677138003111,-39.24637468471611,108.406108195079,0.4789943167830374,0.1434029438407105,0.7756927414827546,0.3850984432561858
img_002770.jpg,-0.0,0.0,1.0,49.698584943755385,-39.373585554771005,108.54530156275412,0.4792024897640515,0.1427059864399495,0.7762519980496041,0.383969804492661
img_002771.jpg,-0.0,0.0,1.0,49.609823949005886,-39.50058985564527,108.68502279391409,0.4794093657621917,0.1420089360117709,0.7768097022955199,0.3828404478785431
img_002772.jpg,-0.0,0.0,1.0,49.52052614173374,-39.62747059703855,108.82523873658792,0.4796155767965468,0.1413114667216442,0.7773656662143331,0.3817100848264808
img_002773.jpg,-0.0,0.0,1.0,49.43060845513629,-39.75414828488613,108.96598662091354,0.4798203977742551,0.1406135974870137,0.7779201129802493,0.3805791637784601
img_002774.jpg,-0.0,0.0,1.0,49.34016174631355,-39.88066911762997,109.10723778526604,0.4800244352060585,0.1399155791605297,0.7784728098512829,0.3794473041616271
img_002775.jpg,-0.0,0.0,1.0,49.24915675302865,-40.006997230661085,109.24900025753568,0.480227411440257,0.1392174397372057,0.7790238106287511,0.3783147370217911
img_002776.jpg,-0.0,0.0,1.0,49.15757216842072,-40.13319129771234,109.39129804929227,0.4804295632850233,0.1385188237612706,0.779573189775479,0.3771811394659618
img_002777.jpg,-0.0,0.0,1.0,49.065354271678416,-40.25918406372279,109.53413494253424,0.4806303720729987,0.1378197411620007,0.7801210227630074,0.3760470106651684
img_002778.jpg,-0.0,0.0,1.0,48.97258579093979,-40.38500483841965,109.67749886720286,0.4808303042277854,0.1371205494298694,0.780667145494932,0.3749119648731695
img_002779.jpg,-0.0,0.0,1.0,48.87923542634304,-40.51064801294434,109.8213878108077,0.4810292514337411,0.1364210584438884,0.7812115735480173,0.3737761782574893
img_002780.jpg,-0.0,0.0,1.0,48.78530789662191,-40.636120148806775,109.96582238469026,0.481227262285908,0.1357213536154205,0.7817543492513055,0.3726394686990034
img_002781.jpg,-0.0,0.0,1.0,48.6907752462926,-40.76138786430021,110.11079839994012,0.4814240937424247,0.1350214050828375,0.7822954854216663,0.3715021340754597
img_002782.jpg,-0.0,0.0,1.0,48.595636815955416,-40.88650337807289,110.25633674292888,0.4816200238116094,0.134321020746822,0.7828350153413276,0.3703638141136087
img_002783.jpg,-0.0,0.0,1.0,48.49989815224428,-41.01142313327527,110.40240857796942,0.4818148926898074,0.1336203493786824,0.7833728361251072,0.3692248786790159
img_002784.jpg,-0.0,0.0,1.0,48.40353880421142,-41.136150769688136,110.54904916740075,0.4820086360277599,0.1329193813505508,0.7839090668740875,0.3680851636899301
img_002785.jpg,-0.0,0.0,1.0,48.306598465365,-41.260698278335546,110.6962366876148,0.4822014948778585,0.1322182345134201,0.7844435689769809,0.3669446060243554
img_002786.jpg,-0.0,0.0,1.0,48.20902938129253,-41.38505535588803,110.84399859745996,0.4823932518504906,0.1315167534921289,0.784976472037579,0.3658032701705052
img_002787.jpg,-0.0,0.0,1.0,48.11086138520105,-41.50922963514324,110.9923073370512,0.4825840988934098,0.1308149878260326,0.7855076325644121,0.3646611929426587
img_002788.jpg,-0.0,0.0,1.0,48.01210731635624,-41.63321449838633,111.14117909187657,0.4827740452304478,0.1301131302728446,0.7860370730370092,0.3635182449256743
img_002789.jpg,-0.0,0.0,1.0,47.91263598088375,-41.75697023428844,111.29066586262046,0.4829624238518178,0.1294107097813493,0.7865651078574276,0.3623748010586521
img_002790.jpg,-0.0,0.0,1.0,47.81261899938899,-41.88057235242313,111.4406960904718,0.4831502939717014,0.1287082073796945,0.7870912622474967,0.3612303083654615
img_002791.jpg,-0.0,0.0,1.0,47.71195323919573,-42.00397037311451,111.591314609998,0.4833370278330013,0.1280053707588784,0.7876158005591396,0.360085119509302
img_002792.jpg,-0.0,0.0,1.0,47.61061617163797,-42.127155331768805,111.7425344709606,0.4835225159644432,0.1273021480010223,0.7881387752857769,0.3589392853405382
img_002793.jpg,-0.0,0.0,1.0,47.50868384398437,-42.25016791601831,111.89432214120384,0.4837072803716455,0.1265987092297181,0.788659956927807,0.3577925461429644
img_002794.jpg,-0.0,0.0,1.0,47.4061102883862,-42.372947567304514,112.04671528279636,0.4838908284004907,0.1258952152009149,0.7891795293627757,0.3566451056921292
img_002795.jpg,-0.0,0.0,1.0,47.30291142643927,-42.49552841540008,112.1996769595103,0.4840734606139594,0.1251914427414402,0.7896973238028949,0.3554970100747515
img_002796.jpg,-0.0,0.0,1.0,47.199026907396174,-42.61794315077182,112.35326844654294,0.4842551264047798,0.1244870662521355,0.790213558373003,0.3543479575926798
img_002797.jpg,-0.0,0.0,1.0,47.09447787905111,-42.74012866676871,112.50745892660198,0.4844356047362157,0.1237824310978439,0.7907281325091753,0.3531983508935408
img_002798.jpg,-0.0,0.0,1.0,46.98931965531575,-42.862091248831454,112.6622557925884,0.4846151165575135,0.1230779186770005,0.7912409883767881,0.3520478845989686
img_002799.jpg,-0.0,0.0,1.0,46.88345913257688,-42.98385500974315,112.81768166182376,0.4847935082347192,0.1223728582269689,0.7917522622265304,0.3508966987619102
img_002800.jpg,-0.0,0.0,1.0,46.776975254205816,-43.105432584416015,112.97369632795332,0.4849711595918524,0.121667561201362,0.7922617187525309,0.3497446896162007
img_002801.jpg,-0.0,0.0,1.0,46.66980421374636,-43.22677381939435,113.13034896878456,0.4851475716825963,0.1209620559195082,0.7927695914180469,0.348592010294368
img_002802.jpg,-0.0,0.0,1.0,46.56201255549403,-43.3478851353527,113.28759476166566,0.4853230542156207,0.1202565808534221,0.7932756518191832,0.3474386680251864
img_002803.jpg,-0.0,0.0,1.0,46.45347026607792,-43.46880656031264,113.44550448578671,0.4854973844433823,0.1195503306578928,0.7937802045077599,0.3462845579430908
img_002804.jpg,-0.0,0.0,1.0,46.34429982520552,-43.58947634272682,113.6040482969534,0.4856706490696492,0.118844346729332,0.7942830562094645,0.3451296401372919
img_002805.jpg,-0.0,0.0,1.0,46.23442778226488,-43.709971559923055,113.76320328808792,0.4858431015134824,0.1181376278448172,0.7947841390412496,0.3439740599629847
img_002806.jpg,-0.0,0.0,1.0,46.12386536041964,-43.83020502252097,113.92302569714298,0.486014260341493,0.1174309398362396,0.7952836573244492,0.3428177613638729
img_002807.jpg,-0.0,0.0,1.0,46.01265749041796,-43.95023846205108,114.0834593909252,0.4861846849478614,0.1167240408938367,0.7957813310835595,0.3416606847421006
img_002808.jpg,-0.0,0.0,1.0,45.9007144054189,-44.070058559241126,114.24457240936304,0.4863539897161862,0.1160166665363603,0.796277446134751,0.3405028025583012
img_002809.jpg,-0.0,0.0,1.0,45.78809807620783,-44.18962316057422,114.40630988413614,0.4865222063377078,0.1153092313111453,0.7967717918607664,0.3393444203308864
img_002810.jpg,-0.0,0.0,1.0,45.67476714513364,-44.30896596330256,114.56872532336988,0.4866893710740209,0.1146015038023069,0.7972645227712385,0.3381852039048619
img_002811.jpg,-0.0,0.0,1.0,45.56071715273775,-44.428077646840045,114.7317932198184,0.4868554709169088,0.1138933935398303,0.7977555563403202,0.3370253961861076
img_002812.jpg,-0.0,0.0,1.0,45.44598533848269,-44.54696319768488,114.8955417208165,0.4870206412975746,0.113185255366013,0.7982449150049948,0.3358646283646105
img_002813.jpg,-0.0,0.0,1.0,45.33054425437848,-44.66561133504122,115.05994441059012,0.4871847904613977,0.1124768448676314,0.7987325396293696,0.3347032558086701
img_002814.jpg,-0.0,0.0,1.0,45.214391873586,-44.7840227839428,115.22502313085184,0.4873479209484471,0.1117682383964398,0.7992184768662975,0.3335411384949358
img_002815.jpg,-0.0,0.0,1.0,45.09750414708729,-44.90219162127164,115.39077562089948,0.4875099580460738,0.1110592898995146,0.7997027301821737,0.3323784263036766
img_002816.jpg,-0.0,0.0,1.0,44.97985530825147,-45.02011139958629,115.55724109313697,0.4876707798741331,0.110350019930087,0.8001854250778793,0.3312149891706558
img_002817.jpg,-0.0,0.0,1.0,44.86153114911295,-45.13781431077782,115.72435263225708,0.4878309066141535,0.1096405814384877,0.80066623486455,0.3300507988199218
img_002818.jpg,-0.0,0.0,1.0,44.742449700823286,-45.25525173091827,115.89218706041729,0.4879897806773071,0.1089309758136434,0.8011454885502929,0.3288858808740711
img_002819.jpg,-0.0,0.0,1.0,44.62262045988922,-45.37244090509952,116.06070368230792,0.4881475924216969,0.1082210099988054,0.8016230238191728,0.3277204123803475
img_002820.jpg,-0.0,0.0,1.0,44.50210036802845,-45.48939365189287,116.22989864230183,0.4883046012390469,0.107511007829835,0.8020987451492471,0.3265541343088336
img_002821.jpg,-0.0,0.0,1.0,44.38082941504744,-45.60609739268496,116.39980347698686,0.4884605612917732,0.1068007485408874,0.8025727931406827,0.3253871415467961
img_002822.jpg,-0.0,0.0,1.0,44.25876186473844,-45.7225322035851,116.57044441691828,0.48861523320436,0.1060901243268701,0.8030452863289901,0.3242195359717678
img_002823.jpg,-0.0,0.0,1.0,44.1359572761403,-45.83872359115818,116.74178688200082,0.4887689899193125,0.1053792782389411,0.8035160244607285,0.3230512043715683
img_002824.jpg,-0.0,0.0,1.0,44.01243604865465,-45.95465826863566,116.9138210724969,0.4889218488046881,0.1046683794272351,0.8039849570229474,0.3218821911667241
img_002825.jpg,-0.0,0.0,1.0,43.888137747844056,-46.0703329194072,117.0865915287309,0.4890736068518621,0.1039572117627627,0.8044522495713234,0.3207124621262162
img_002826.jpg,-0.0,0.0,1.0,43.76304644005403,-46.18574343557751,117.26009686401244,0.4892242254122071,0.1032456787479233,0.8049178974121685,0.319542118531001
img_002827.jpg,-0.0,0.0,1.0,43.63720080262817,-46.30089543321537,117.43432599094209,0.4893738821222341,0.102533977716801,0.805381808665812,0.31837105581439
img_002828.jpg,-0.0,0.0,1.0,43.51057346862617,-46.41576490728385,117.60930025505348,0.4895223720345474,0.1018221275280402,0.805844076293751,0.3171993479274584
img_002829.jpg,-0.0,0.0,1.0,43.38322244169045,-46.53039190645003,117.7849592993168,0.4896701649223905,0.1011100810622503,0.8063044153534081,0.3160270097223694
img_002830.jpg,-0.0,0.0,1.0,43.25501299660469,-46.6447282276795,117.96142726406148,0.4898165311965178,0.1003976602080885,0.8067633262117665,0.3148539519699235
img_002831.jpg,-0.0,0.0,1.0,43.126053150227776,-46.75878433504036,118.1386139775118,0.4899619356701188,0.0996851885222542,0.8072204334221381,0.3136803096298023
img_002832.jpg,-0.0,0.0,1.0,42.99633710514539,-46.87259933471624,118.31654072342803,0.4901065946161956,0.0989725250986283,0.807675733122202,0.3125058004498971
img_002833.jpg,-0.0,0.0,1.0,42.865825077596845,-46.98612198074801,118.49522325764698,0.4902501189413555,0.0982597101481782,0.8081293479749873,0.3113307038843177
img_002834.jpg,-0.0,0.0,1.0,42.73445317592839,-47.09936160569727,118.6746996901134,0.4903923845027931,0.0975464106256625,0.8085814048665076,0.3101549914152908
img_002835.jpg,-0.0,0.0,1.0,42.60233093730779,-47.212311544752026,118.8548996869252,0.4905337379296152,0.0968331314012883,0.8090316091431727,0.3089787242239005
img_002836.jpg,-0.0,0.0,1.0,42.46939427720878,-47.32499242036246,119.03587375941154,0.4906741092094404,0.0961195365355123,0.8094801058891455,0.3078017404392286
img_002837.jpg,-0.0,0.0,1.0,42.33563783579213,-47.4373835260225,119.2176453781656,0.4908133733670431,0.0954057904122801,0.8099269701391811,0.3066239891480078
img_002838.jpg,-0.0,0.0,1.0,42.20106792479312,-47.54948501094968,119.40017757960484,0.4909516073405224,0.0946917790944691,0.8103720779112125,0.305445709682663
img_002839.jpg,-0.0,0.0,1.0,42.06569230298513,-47.66129443581975,119.58349471082974,0.4910888253467677,0.0939776741490983,0.8108154722038918,0.3042667126319239
img_002840.jpg,-0.0,0.0,1.0,41.92946258718269,-47.77279933748706,119.7676086294919,0.4912248451466788,0.0932632447723702,0.8112572223832413,0.3030871785743809
img_002841.jpg,-0.0,0.0,1.0,41.79243844739285,-47.88403315960314,119.95249386987965,0.4913600682481512,0.0925486429972146,0.8116971454010428,0.3019068998190417
img_002842.jpg,-0.0,0.0,1.0,41.65459487252587,-47.99494463899793,120.13816634196208,0.4914941450664335,0.0918340079696219,0.8121353583972702,0.3007260879714098
img_002843.jpg,-0.0,0.0,1.0,41.515920541239545,-48.10556384338439,120.3246411616114,0.4916272367016889,0.091119179638374,0.8125718479607722,0.2995445661945932
img_002844.jpg,-0.0,0.0,1.0,41.376346505649394,-48.21587575616395,120.5119541440988,0.491759076142487,0.0904038951141015,0.8130067644729968,0.2983624435159949
img_002845.jpg,-0.0,0.0,1.0,41.235970394272094,-48.32591116378219,120.7000515992914,0.4918901696886421,0.0896884693699511,0.8134398243058233,0.2971795613077478
img_002846.jpg,-0.0,0.0,1.0,41.09477232712472,-48.43561429363583,120.88894248588429,0.4920201596006974,0.088973067185771,0.813871132362253,0.2959961752615134
img_002847.jpg,-0.0,0.0,1.0,40.952711306421776,-48.545003542127255,121.07865696696597,0.4921490519629122,0.0882574388236717,0.8143007523988142,0.2948121771348968
img_002848.jpg,-0.0,0.0,1.0,40.80979209545751,-48.654091380425605,121.2692123923666,0.4922769480634775,0.0875416333473171,0.814728686104141,0.2936273775982279
img_002849.jpg,-0.0,0.0,1.0,40.665962874722695,-48.76285964725992,121.4605920285032,0.4924036507905557,0.0868252966785142,0.8151549384669933,0.2924421974300103
img_002850.jpg,-0.0,0.0,1.0,40.52132625674899,-48.871317012736846,121.65278910937076,0.4925295073085641,0.0861090883439074,0.8155793813003513,0.2912562138954294
img_002851.jpg,-0.0,0.0,1.0,40.37579286800012,-48.97944055700453,121.84582917266422,0.4926541639071659,0.0853925904478368,0.8160021651674592,0.2900697273476814
img_002852.jpg,-0.0,0.0,1.0,40.2294324894409,-49.08724249628814,122.03968202787182,0.4927779205813498,0.0846761119508741,0.8164231229680002,0.2888826082262161
img_002853.jpg,-0.0,0.0,1.0,40.08212926007224,-49.19471532179158,122.23442105564548,0.4929004151778017,0.083959178014212,0.8168425187989976,0.2876948672236572
img_002854.jpg,-0.0,0.0,1.0,39.93402294337309,-49.30186708171596,122.42995934478012,0.4930221397037763,0.0832423727791873,0.817259998669061,0.2865064950597937
img_002855.jpg,-0.0,0.0,1.0,39.78495986517209,-49.408687073544,122.62639024381316,0.4931426064948272,0.0825250518847423,0.817675907421801,0.2853175352004199
img_002856.jpg,-0.0,0.0,1.0,39.63504674601666,-49.51516622531074,122.82365583278812,0.4932620994515252,0.081807768949017,0.8180900193084375,0.2841279825926664
img_002857.jpg,-0.0,0.0,1.0,39.48426972041468,-49.62133090539353,123.02177216646956,0.4933807573898591,0.0810903711170072,0.8185023203083184,0.2829376814767064
img_002858.jpg,-0.0,0.0,1.0,39.33255122635725,-49.72711983607825,123.22076641950147,0.4934980331437612,0.0803727053146279,0.8189130207802787,0.2817470211380521
img_002859.jpg,-0.0,0.0,1.0,39.17993079609444,-49.83258458734748,123.42063745157392,0.4936143624184038,0.079654808522076,0.8193219799326121,0.2805556377848937
img_002860.jpg,-0.0,0.0,1.0,39.02642850801413,-49.93770439912376,123.62135809444555,0.4937297182592394,0.078936802736494,0.8197291350469587,0.2793637264151472
img_002861.jpg,-0.0,0.0,1.0,38.87201965631012,-50.04248476882774,123.82294644946715,0.4938440892516166,0.0782185630808023,0.8201345191199556,0.27817124662462
img_002862.jpg,-0.0,0.0,1.0,38.716693396765045,-50.14690429575277,124.02542820223418,0.4939573322860792,0.0775002199078124,0.8205382221834265,0.2769781502774581
img_002863.jpg,-0.0,0.0,1.0,38.56042810058632,-50.25096488829799,124.22881564262956,0.4940694277589676,0.0767816609507396,0.8209402660688824,0.2757844387240231
img_002864.jpg,-0.0,0.0,1.0,38.40327108147426,-50.35468104480383,124.43308002934091,0.4941806255896435,0.0760630336403387,0.821340503593526,0.2745900605666391
img_002865.jpg,-0.0,0.0,1.0,38.245185194671926,-50.45803310679299,124.6382246987938,0.494290744593848,0.0753441746460791,0.821738986225682,0.2733952334488458
img_002866.jpg,-0.0,0.0,1.0,38.08614270121729,-50.5610163133713,124.8443065276193,0.4943996819388116,0.0746251501303577,0.8221358582923974,0.2721996913603071
img_002867.jpg,-0.0,0.0,1.0,37.92622318540565,-50.66365191641972,125.05124990283836,0.4945078339437282,0.0739061069544979,0.8225308282243569,0.2710035537473002
img_002868.jpg,-0.0,0.0,1.0,37.76532420340634,-50.765885268722194,125.2590950722188,0.49461462927593,0.0731867287196139,0.822924146593718,0.2698071907836349
img_002869.jpg,-0.0,0.0,1.0,37.60348949454056,-50.867774049845885,125.46787463109392,0.494720529866699,0.0724672076496283,0.8233157302166396,0.268609957972
img_002870.jpg,-0.0,0.0,1.0,37.44074394349568,-50.96929876688764,125.6775371778032,0.4948255375755994,0.0717475871174244,0.8237054620465304,0.267412196618925
img_002871.jpg,-0.0,0.0,1.0,37.27704468180952,-51.07042983840152,125.88813257039249,0.4949293693703439,0.0710279047658979,0.8240935271519502,0.2662138512277266
img_002872.jpg,-0.0,0.0,1.0,37.11240078886119,-51.171183654553225,126.09963151113703,0.4950321934713696,0.0703080234465846,0.8244798007109059,0.2650150325654449
img_002873.jpg,-0.0,0.0,1.0,36.94677532366777,-51.27155144846956,126.31208749508012,0.4951338673929114,0.0695879450279494,0.8248644287488844,0.2638155519526896
img_002874.jpg,-0.0,0.0,1.0,36.78020056042465,-51.3715383117155,126.52545799945165,0.4952345523329536,0.068867692804075,0.825247264297973,0.2626155590061906
img_002875.jpg,-0.0,0.0,1.0,36.61267072649403,-51.471134934271376,126.73975992946572,0.4953341966305914,0.0681473369046558,0.8256283512298503,0.2614149952979148
img_002876.jpg,-0.0,0.0,1.0,36.44416128699189,-51.570343368960046,126.9550048260164,0.4954327792179119,0.0674267385541529,0.8260077080479776,0.2602138782803346
img_002877.jpg,-0.0,0.0,1.0,36.27471779306601,-51.66914904231929,127.17117859930538,0.4955303512665514,0.0667062262493919,0.8263852890653247,0.2590121703118075
img_002878.jpg,-0.0,0.0,1.0,36.10426900667817,-51.76755878216013,127.38829626509778,0.4956268134788423,0.0659853180341358,0.8267611378863289,0.2578100472162515
img_002879.jpg,-0.0,0.0,1.0,35.93288982610524,-51.86557631333706,127.60633870038193,0.4957223976105244,0.0652644521145292,0.8271351423392928,0.2566073110899635
img_002880.jpg,-0.0,0.0,1.0,35.760490638805805,-51.963176307768734,127.82536715396144,0.4958167400907891,0.0645433536038796,0.8275075286791892,0.2554040049227271
img_002881.jpg,-0.0,0.0,1.0,35.587125773545324,-52.06037070448518,128.0453440212623,0.495910086898601,0.0638221961981901,0.8278781379176824,0.2542001214449209
img_002882.jpg,-0.0,0.0,1.0,35.41275523113818,-52.1571625869395,128.26627887096976,0.4960023919411755,0.0631007154218709,0.8282469891399507,0.252995754672854
img_002883.jpg,-0.0,0.0,1.0,35.237452422377814,-52.25352278229327,128.48813463465382,0.4960936850112752,0.0623794031277693,0.8286140088019623,0.2517909652360433
img_002884.jpg,-0.0,0.0,1.0,35.06110118256403,-52.34947026839821,128.7110099195191,0.4961838030011131,0.0616577603157017,0.8289794176823615,0.2505854730251072
img_002885.jpg,-0.0,0.0,1.0,34.883795160168795,-52.44500292545807,128.93481429938137,0.4962730163131282,0.0609360777069582,0.8293429537827128,0.2493795354958508
img_002886.jpg,-0.0,0.0,1.0,34.7054599240474,-52.54010607045749,129.1596224920183,0.496361059602093,0.0602141984897569,0.8297048367298925,0.2481729895011661
img_002887.jpg,-0.0,0.0,1.0,34.52613621532068,-52.63477850066833,129.38537925820083,0.4964480719164069,0.0594921784407871,0.8300649108404671,0.2469660632278434
img_002888.jpg,-0.0,0.0,1.0,34.34581556616002,-52.72903702771437,129.6121155144162,0.4965341523119542,0.0587700143617696,0.8304231913076454,0.2457585081705055
img_002889.jpg,-0.0,0.0,1.0,34.16448828069127,-52.82284402763516,129.83984318135197,0.4966190665543237,0.05804784146386,0.8307797805845134,0.2445504181309988
img_002890.jpg,-0.0,0.0,1.0,33.98216199755989,-52.91622207767351,130.06854029530402,0.4967030120766429,0.0573255194611661,0.8311345578781342,0.2433418363397798
img_002891.jpg,-0.0,0.0,1.0,33.798779517315936,-53.00915533599806,130.29825020543657,0.4967857748090871,0.0566028823050308,0.8314876650676858,0.2421327538818033
img_002892.jpg,-0.0,0.0,1.0,33.6144268531324,-53.101647351889234,130.5289216329197,0.496867613110879,0.05588031112334,0.8318389258395666,0.2409231564800952
img_002893.jpg,-0.0,0.0,1.0,33.42906396312019,-53.19369668914108,130.7605933409492,0.4969484418898849,0.0551576838140382,0.8321884293246063,0.2397129410727154
img_002894.jpg,-0.0,0.0,1.0,33.24263341523739,-53.28527132757093,130.993280524707,0.4970279597556497,0.0544347751627867,0.8325362974374874,0.2385023604142994
img_002895.jpg,-0.0,0.0,1.0,33.05525118446352,-53.376419674878015,131.22691044075526,0.497106777466469,0.0537119061294252,0.8328821876249349,0.2372912650603663
img_002896.jpg,-0.0,0.0,1.0,32.86677549366868,-53.46709055922417,131.46159798213844,0.4971842500851946,0.0529887487730298,0.8332265168722544,0.2360796169761846
img_002897.jpg,-0.0,0.0,1.0,32.677339082582726,-53.5573291030967,131.69722828622798,0.4972610200157786,0.052265578451324,0.8335688565449777,0.2348675130372746
img_002898.jpg,-0.0,0.0,1.0,32.48684232271625,-53.64706077766829,131.93391207262266,0.4973363843535763,0.0515424475805815,0.8339096541828984,0.233654842783268
img_002899.jpg,-0.0,0.0,1.0,32.29529706447012,-53.73634322156875,132.17159057658338,0.4974107898292484,0.0508189452979405,0.8342486211131377,0.2324417757871344
img_002900.jpg,-0.0,0.0,1.0,32.10271666618157,-53.82514811589071,132.4102878726262,0.4974841001421279,0.0500953805113628,0.8345858573792561,0.2312281765264156
img_002901.jpg,-0.0,0.0,1.0,31.909144207422244,-53.91349344560444,132.64997407223964,0.4975565575458331,0.0493718574086777,0.8349212219526,0.2300140101653256
img_002902.jpg,-0.0,0.0,1.0,31.71449679738608,-54.001363907319146,132.8906984921308,0.4976279034248354,0.0486480401123087,0.8352548744412158,0.228799328339099
img_002903.jpg,-0.0,0.0,1.0,31.518835229528207,-54.08871405202532,133.1324145493664,0.4976980146524106,0.0479243414700442,0.8355868012719827,0.2275843607231554
img_002904.jpg,-0.0,0.0,1.0,31.322130042979342,-54.17561100256271,133.37515280479823,0.4977672777941643,0.0472004041526818,0.8359168834317938,0.2263687765547353
img_002905.jpg,-0.0,0.0,1.0,31.12434904044296,-54.261999958029485,133.61892074299368,0.4978353010538473,0.0464762339666829,0.8362452800121307,0.2251528466582921
img_002906.jpg,-0.0,0.0,1.0,30.92552465266154,-54.34790306635808,133.8637318784756,0.4979023132648524,0.0457520295322988,0.8365719297458776,0.223936251197618
img_002907.jpg,-0.0,0.0,1.0,30.72571932117303,-54.433294741212784,134.10950747748174,0.4979683284299823,0.0450279954537836,0.8368967097308193,0.2227193766778992
img_002908.jpg,-0.0,0.0,1.0,30.52482508987812,-54.51821777423621,134.35634163433008,0.4980334022659068,0.0443035762973638,0.8372197150978089,0.221501855536817
img_002909.jpg,-0.0,0.0,1.0,30.3229184029329,-54.60260458207244,134.60417305723806,0.498097295293699,0.043579316451795,0.837540969110977,0.2202840272451486
img_002910.jpg,-0.0,0.0,1.0,30.11990303921821,-54.68650387905367,134.85307821089214,0.4981601358957132,0.0428546462671807,0.8378605070301587,0.2190655816344605
img_002911.jpg,-0.0,0.0,1.0,29.915890971582872,-54.76987776317304,135.10297730047702,0.4982219487878711,0.0421301727579143,0.8381782253406124,0.2178467370750957
img_002912.jpg,-0.0,0.0,1.0,29.710808613138003,-54.85274383157689,135.353921866291,0.4982827145501183,0.0414055036161096,0.8384941874309358,0.2166273719902365
img_002913.jpg,-0.0,0.0,1.0,29.504698223483366,-54.93508589027021,135.605879201084,0.4983424454016062,0.0406808563552677,0.8388083483951314,0.2154075896991122
img_002914.jpg,-0.0,0.0,1.0,29.29749366933395,-55.01691451128056,135.8588816542738,0.4984011003519872,0.0399558361706257,0.8391207493947472,0.2141873998605717
img_002915.jpg,-0.0,0.0,1.0,29.089249363349055,-55.09820510789319,136.11292112569657,0.4984586494131051,0.0392308868835537,0.8394314131562965,0.21296669914805
img_002916.jpg,-0.0,0.0,1.0,28.87996735345761,-55.17896591378949,136.3679839001759,0.49851517996089,0.0385059206352963,0.8397402775026893,0.2117455448511156
img_002917.jpg,-0.0,0.0,1.0,28.669630432724023,-55.25919638003656,136.62407291230838,0.4985706804977092,0.0377808138786938,0.8400473429723985,0.2105239848941874
img_002918.jpg,-0.0,0.0,1.0,28.45823794532329,-55.33887790723686,136.8811977246555,0.4986250491776325,0.0370556593685459,0.840352669667839,0.2093020043465943
img_002919.jpg,-0.0,0.0,1.0,28.2457625878228,-55.41801720580188,137.13937537320578,0.4986783001413111,0.0363302926863326,0.8406562654106815,0.2080795670585263
img_002920.jpg,-0.0,0.0,1.0,28.032305662318603,-55.49663919577601,137.39854987816346,0.4987308248305965,0.0356051093378178,0.8409579097959217,0.2068565553820067
img_002921.jpg,-0.0,0.0,1.0,27.81776035755188,-55.57468434707767,137.6587562884097,0.498782048518364,0.034879681667943,0.8412578665360474,0.2056333578818994
img_002922.jpg,-0.0,0.0,1.0,27.602126271532843,-55.65218754157011,137.92004013414044,0.4988322133826686,0.0341540633862501,0.8415561004272967,0.204409521988476
img_002923.jpg,-0.0,0.0,1.0,27.38549780023528,-55.729126818363326,138.182312521778,0.4988813931686152,0.033428625567734,0.8418524790002742,0.2031853492353388
img_002924.jpg,-0.0,0.0,1.0,27.1677541519783,-55.80549835646364,138.44565915034687,0.4989293461971735,0.032702852380843,0.8421471910418588,0.2019607376935543
img_002925.jpg,-0.0,0.0,1.0,26.94897861600307,-55.88131142166294,138.71002042162837,0.4989763233780492,0.0319770478314214,0.8424400669715296,0.200735723480192
img_002926.jpg,-0.0,0.0,1.0,26.729205134126527,-55.95656505293705,138.97540320615957,0.4990223984602847,0.0312514798047983,0.8427311020711172,0.1995101011150939
img_002927.jpg,-0.0,0.0,1.0,26.508344920952485,-56.03124586121903,139.24182357408526,0.499067345734096,0.0305255969192013,0.8430203796541129,0.1982841694197651
img_002928.jpg,-0.0,0.0,1.0,26.28646483930613,-56.10534124705768,139.5092565343138,0.499111226712384,0.0297998095019363,0.8433078674622805,0.1970578478506462
img_002929.jpg,-0.0,0.0,1.0,26.063528221219865,-56.17887499689871,139.77772525962885,0.4991541543596768,0.0290738494078736,0.8435935303864095,0.195831041860779
img_002930.jpg,-0.0,0.0,1.0,25.83953276068219,-56.25180307381432,140.04721128256696,0.4991958566592449,0.0283477541745006,0.8438774660631415,0.1946040179399086
img_002931.jpg,-0.0,0.0,1.0,25.614479404298283,-56.324140377801335,140.31775953795395,0.4992364470951423,0.0276216567699769,0.844159693699509,0.1933763830002303
img_002932.jpg,-0.0,0.0,1.0,25.38844837779936,-56.3959157506887,140.5892709413549,0.4992763018673831,0.0268956009401798,0.8444399244577219,0.1921484192636864
img_002933.jpg,-0.0,0.0,1.0,25.161313663540454,-56.46706571589908,140.86185938623711,0.4993147753273642,0.0261693514180017,0.8447185742210291,0.1909200108740226
img_002934.jpg,-0.0,0.0,1.0,24.933168511604805,-56.53761558728568,141.13546037300807,0.4993522318994003,0.0254432091203732,0.8449954224339172,0.1896911375696564
img_002935.jpg,-0.0,0.0,1.0,24.703973482967704,-56.60757604165151,141.41006299570074,0.4993887023155205,0.0247167812011042,0.8452704163714114,0.1884620066060474
img_002936.jpg,-0.0,0.0,1.0,24.47375715259098,-56.67691431129684,141.68567614882218,0.4994240306612168,0.0239904064256471,0.8455436629317036,0.1872325080579601
img_002937.jpg,-0.0,0.0,1.0,24.242548613359464,-56.74569045242925,141.96228187873112,0.4994586973415854,0.0232640039675222,0.8458149208710007,0.186002460739713
img_002938.jpg,-0.0,0.0,1.0,24.01026889970452,-56.81379994891734,142.23993052376346,0.4994918729205485,0.0225375327359338,0.8460846247047754,0.1847721200362192
img_002939.jpg,-0.0,0.0,1.0,23.77697508477365,-56.88129725180339,142.51858868047603,0.4995240485210835,0.0218110684030245,0.846352520593723,0.1835413117771485
img_002940.jpg,-0.0,0.0,1.0,23.542686962896145,-56.94820158314271,142.798217970641,0.4995554148107625,0.0210845076245488,0.8466184709126282,0.1823101636800338
img_002941.jpg,-0.0,0.0,1.0,23.307342438499703,-57.01443292872749,143.07889340864764,0.499585331440942,0.0203579531800119,0.8468828677117418,0.1810785982044835
img_002942.jpg,-0.0,0.0,1.0,23.071016192374127,-57.08006586086438,143.36053560505712,0.4996144620806395,0.019631350212811,0.847145312935942,0.1798466517324132
img_002943.jpg,-0.0,0.0,1.0,22.8337020255524,-57.1450844902157,143.64315567612047,0.4996427051603989,0.0189047308919097,0.8474058716705566,0.1786142967070874
img_002944.jpg,-0.0,0.0,1.0,22.595322301933948,-57.20941827058478,143.92679779073868,0.4996694665865233,0.0181779110047186,0.8476648593373457,0.1773817182159471
img_002945.jpg,-0.0,0.0,1.0,22.35593422038983,-57.27314433207563,144.2114526275669,0.4996953882905436,0.0174510082354498,0.8479219802053123,0.1761485075651537
img_002946.jpg,-0.0,0.0,1.0,22.115626794466785,-57.336197326889724,144.4970211221552,0.499720189764707,0.0167244275657403,0.8481772870018194,0.1749151659472579
img_002947.jpg,-0.0,0.0,1.0,21.874280611253848,-57.398633099077415,144.7835839055598,0.4997440794142908,0.0159974412011771,0.8484307226721441,0.17368144918615
img_002948.jpg,-0.0,0.0,1.0,21.631933678116788,-57.46040899851428,145.0711625770131,0.4997668371668385,0.0152705301960567,0.8486824545073408,0.1724471246126804
img_002949.jpg,-0.0,0.0,1.0,21.38861367949212,-57.52149528216511,145.35967912700627,0.4997883269658852,0.0145436221252163,0.8489324596124456,0.1712127048454176
img_002950.jpg,-0.0,0.0,1.0,21.144333737775405,-57.5819554818178,145.64917189594348,0.4998090215152447,0.0138167653152103,0.8491805657310281,0.1699776626293271
img_002951.jpg,-0.0,0.0,1.0,20.899090052507464,-57.6417537298366,145.93958705432908,0.4998286899631807,0.0130897783026067,0.8494268138441373,0.1687424852142353
img_002952.jpg,-0.0,0.0,1.0,20.65286209731463,-57.70087395074628,146.2309842026146,0.4998472002276433,0.0123627889662514,0.8496713463455043,0.1675068388842088
img_002953.jpg,-0.0,0.0,1.0,20.405686746454187,-57.75930306232316,146.52332876867143,0.4998645358277466,0.0116359295006225,0.8499141501524169,0.1662708282804388
img_002954.jpg,-0.0,0.0,1.0,20.15753842519074,-57.81708552338037,146.8166053844108,0.4998809882632379,0.0109087869787321,0.8501550417241953,0.1650345447794275
img_002955.jpg,-0.0,0.0,1.0,19.908449241184197,-57.87417376537312,147.11082416674492,0.4998962870213033,0.0101817522114164,0.8503941983586494,0.1637978679414668
img_002956.jpg,-0.0,0.0,1.0,19.658415660684017,-57.93059076598202,147.4059557967517,0.4999106064159015,0.0094545767463427,0.8506314913750472,0.1625609499618415
img_002957.jpg,-0.0,0.0,1.0,19.40748109278994,-57.98632415086355,147.70201819660588,0.4999239352884241,0.0087276670761438,0.8508669833692919,0.1613234743153791
img_002958.jpg,-0.0,0.0,1.0,19.15556907968697,-58.04134350470832,147.99902754719807,0.4999359663799615,0.0080005802812651,0.8511008097803331,0.1600857015044077
img_002959.jpg,-0.0,0.0,1.0,18.902743847418197,-58.09569407604332,148.29691308906837,0.4999471289658536,0.0072733290712062,0.8513326972409226,0.1588477432370936
img_002960.jpg,-0.0,0.0,1.0,18.64902079496325,-58.14933236665178,148.59569725808188,0.4999571507991394,0.0065462144076307,0.8515628327303629,0.1576094424645162
img_002961.jpg,-0.0,0.0,1.0,18.39438080109307,-58.20227961208734,148.8954060760283,0.4999661682930333,0.005819118614633,0.8517911715495871,0.1563706126198683
img_002962.jpg,-0.0,0.0,1.0,18.13880787242841,-58.25450872301167,149.19599548792746,0.4999739856262901,0.0050917711993201,0.8520177507388457,0.155131685960458
img_002963.jpg,-0.0,0.0,1.0,17.882375402793365,-58.30604978932124,149.49746820242652,0.4999809293010906,0.0043646175062522,0.8522424556961244,0.1538922257889643
img_002964.jpg,-0.0,0.0,1.0,17.625059766198728,-58.35686545593605,149.79980861856248,0.4999867166285832,0.0036374795479464,0.8524654033391019,0.1526525075044931
img_002965.jpg,-0.0,0.0,1.0,17.366886551759364,-58.40696969165037,150.10300281827722,0.4999914941461316,0.0029104168244176,0.8526865200287573,0.1514124625540264
img_002966.jpg,-0.0,0.0,1.0,17.10780847774219,-58.456377470744464,150.40705763796356,0.4999953189727167,0.0021830359189308,0.8529057569514585,0.1501721849032223
img_002967.jpg,-0.0,0.0,1.0,16.847866501571797,-58.50502880466325,150.71198955007475,0.4999978314092919,0.0014558314698905,0.8531233587539282,0.1489314738030639
img_002968.jpg,-0.0,0.0,1.0,16.587124046044945,-58.55296784308858,151.01772477611928,0.4999994412501178,0.0007288066926398,0.8533390598843905,0.1476904752040539
img_002969.jpg,-0.0,0.0,1.0,16.325487456266668,-58.60018988643574,151.32430706115767,0.5000000056904536,1.4324981495311695e-06,0.8535529338336879,0.1464492521366988
img_002970.jpg,-0.0,0.0,1.0,16.063014338660295,-58.64667250397642,151.63171291758152,0.4999994514982621,-0.0007259450653017,0.8537650335765239,0.1452077441022902
img_002971.jpg,-0.0,0.0,1.0,15.799758036016486,-58.69242609158803,151.93992098397266,0.4999979317104076,-0.0014530834785638,0.8539752914398008,0.1439658238750647
img_002972.jpg,-0.0,0.0,1.0,15.535643891340284,-58.73742825247488,152.2489830425973,0.4999952038016987,-0.0021802962402645,0.8541838565940142,0.1427234445274464
img_002973.jpg,-0.0,0.0,1.0,15.270755339374032,-58.7816852182991,152.5587774892683,0.4999914257602729,-0.00290754500299,0.8543905536061962,0.1414811021188436
img_002974.jpg,-0.0,0.0,1.0,15.005069390060145,-58.82522968664163,152.86938232108943,0.4999868159140225,-0.0036347743384956,0.8545953513756017,0.1402382178112559
img_002975.jpg,-0.0,0.0,1.0,14.738617164050314,-58.868000197196686,153.1807486542111,0.499980979521144,-0.00436186051126,0.8547984290203118,0.1389951079511962
img_002976.jpg,-0.0,0.0,1.0,14.47136778860123,-58.91001536855549,153.4928749993022,0.4999740225430143,-0.0050891231608936,0.8549997113539187,0.1377518464207517
img_002977.jpg,-0.0,0.0,1.0,14.203370632403864,-58.95129281840413,153.80578021473124,0.4999661426364937,-0.0058161904294253,0.8551991532372045,0.1365080087337075
img_002978.jpg,-0.0,0.0,1.0,13.934594966867568,-58.99180952403368,154.11942816399934,0.4999571451801462,-0.0065434369324447,0.8553967996042403,0.1352640071979701
img_002979.jpg,-0.0,0.0,1.0,13.665104909339597,-59.031555968127165,154.43377951731688,0.4999470439929034,-0.0072705754653901,0.8555926456230206,0.1340198369308076
img_002980.jpg,-0.0,0.0,1.0,13.394877258882731,-59.07055820610088,154.74887785829594,0.4999360116004986,-0.0079976861808903,0.8557866383064099,0.1327751897643227
img_002981.jpg,-0.0,0.0,1.0,13.123954111708906,-59.10878279283247,155.06464388530404,0.4999238576735022,-0.0087247695106088,0.8559788215656722,0.131530498200508
img_002982.jpg,-0.0,0.0,1.0,12.852303720602343,-59.14626394138013,155.38115693953722,0.499910807984496,-0.0094518300625905,0.8561691485693018,0.1302852102384346
img_002983.jpg,-0.0,0.0,1.0,12.579937170126057,-59.18293747389239,155.69834985391356,0.4998964127182829,-0.0101789863274603,0.8563577996265135,0.1290398535630514
img_002984.jpg,-0.0,0.0,1.0,12.306915181923888,-59.21883029366048,156.01618763692713,0.4998809398385886,-0.0109060371277422,0.8565446348367699,0.1277943381867993
img_002985.jpg,-0.0,0.0,1.0,12.0332028258503,-59.25398755210393,156.3347399408245,0.499864693115424,-0.0116330729038579,0.8567295476935218,0.1265481817344287
img_002986.jpg,-0.0,0.0,1.0,11.758850045846897,-59.28833764478198,156.6538848845809,0.4998472014172832,-0.0123601512071544,0.856912697402443,0.1253021585125951
img_002987.jpg,-0.0,0.0,1.0,11.483857478574295,-59.3219094145062,156.97368913143063,0.4998286885620558,-0.0130870782536867,0.8570940432207109,0.1240556792278833
img_002988.jpg,-0.0,0.0,1.0,11.208223608946426,-59.35468052600788,157.2941103247883,0.4998089915635248,-0.0138140515002254,0.8572736308059601,0.1228090626060147
img_002989.jpg,-0.0,0.0,1.0,10.93199224872025,-59.38669754785207,157.6151448374507,0.4997885037211809,-0.0145408920283378,0.8574512736266563,0.1215620309273761
img_002990.jpg,-0.0,0.0,1.0,10.655113813272246,-59.4179135354211,157.93679660412133,0.4997668356614805,-0.015267909354464,0.8576271619167478,0.1203148039913578
img_002991.jpg,-0.0,0.0,1.0,10.377681107785769,-59.44832146486857,158.25902403444027,0.4997440338050956,-0.0159946240849091,0.85780129467526,0.1190672563303687
img_002992.jpg,-0.0,0.0,1.0,10.099639327931673,-59.477956602854086,158.581836148191,0.499720305992303,-0.0167215169799048,0.8579735312619201,0.1178194648723249
img_002993.jpg,-0.0,0.0,1.0,9.821043906846237,-59.50678115817247,158.90521008379514,0.4996954342841258,-0.0174482509650328,0.8581440127293184,0.1165713726035836
img_002994.jpg,-0.0,0.0,1.0,9.541908519234422,-59.534805418439454,159.2290987934796,0.4996695051138155,-0.0181749942270655,0.8583126537287675,0.115323214025805
img_002995.jpg,-0.0,0.0,1.0,9.262248304960329,-59.562048010472246,159.55351675006054,0.4996426769500263,-0.0189016486314762,0.8584793971529937,0.11407474616696
img_002996.jpg,-0.0,0.0,1.0,8.982006890058383,-59.58846586333159,159.87848853040023,0.4996145853093998,-0.0196285036992518,0.8586444381656303,0.1128260466198906
img_002997.jpg,-0.0,0.0,1.0,8.70131483259571,-59.61409162268259,160.2039241361494,0.4995855886313606,-0.0203550762592008,0.8588075768871923,0.1115771319916774
img_002998.jpg,-0.0,0.0,1.0,8.420086858678207,-59.638890097107584,160.52988355346244,0.4995553573828015,-0.0210817345632815,0.858969006421627,0.110327926587005
img_002999.jpg,-0.0,0.0,1.0,8.1383820327856,-59.66286797928576,160.85631965787718,0.4995239935648,-0.0218083021202626,0.8591286660936587,0.1090784713306693
img_003000.jpg,-0.0,0.0,1.0,7.856247220511926,-59.686083649339714,161.18318444229976,0.4994919670209009,-0.0225347757502248,0.8592862780403099,0.1078288047560111
img_003001.jpg,-0.0,0.0,1.0,7.573651348266437,-59.70846333414158,161.51050174172997,0.4994587094876236,-0.0232612184840806,0.8594421707049793,0.106578930589056
img_003002.jpg,-0.0,0.0,1.0,7.290602902522226,-59.730005844121,161.83827213711578,0.4994242229334241,-0.0239876139843697,0.8595963541111168,0.1053287611317908
img_003003.jpg,-0.0,0.0,1.0,7.007137860830365,-59.750753438884345,162.16645562661907,0.4993888481210281,-0.0247139791115048,0.8597486236913309,0.1040783439034819
img_003004.jpg,-0.0,0.0,1.0,6.72329299053579,-59.77065557113168,162.49500652864307,0.4993522350372987,-0.0254402141016887,0.8598991623780357,0.1028278727353018
img_003005.jpg,-0.0,0.0,1.0,6.439040302935701,-59.78977942158719,162.82395871147628,0.4993148660014146,-0.0261665261900144,0.8600477145670844,0.1015770946870973
img_003006.jpg,-0.0,0.0,1.0,6.154436432004192,-59.808072905070425,163.15326879109318,0.4992763963880411,-0.0268926562650819,0.8601944773091335,0.1003260995735725
img_003007.jpg,-0.0,0.0,1.0,5.869413511813504,-59.82551072991178,163.48297012373752,0.4992365876478763,-0.027618987088108,0.8603395743988562,0.0990749101898454
img_003008.jpg,-0.0,0.0,1.0,5.584105432323259,-59.84214429298107,163.81297036677572,0.4991959174818822,-0.0283450354798752,0.8604827428684835,0.0978235358111616
img_003009.jpg,-0.0,0.0,1.0,5.298450278456157,-59.85796664088896,164.143335139258,0.4991542971841479,-0.0290710211121258,0.8606240569172057,0.096571714230762
img_003010.jpg,-0.0,0.0,1.0,5.012516171143091,-59.87291919903424,164.4739534160113,0.4991113199680043,-0.0297968953140741,0.8607636928369795,0.0953199895252021
img_003011.jpg,-0.0,0.0,1.0,4.726267346986075,-59.88707295780538,164.8048868777406,0.4990675005872682,-0.0305227974263556,0.8609013947520849,0.0940679393245195
img_003012.jpg,-0.0,0.0,1.0,4.439736124688431,-59.90037530454741,165.1360865897423,0.4990224606003326,-0.0312486867222267,0.8610373584139526,0.092815789659132
img_003013.jpg,-0.0,0.0,1.0,4.152946091003532,-59.91287511767023,165.46754203846191,0.4989765808667916,-0.0319745404137533,0.8611713764060079,0.0915634259450632
img_003014.jpg,-0.0,0.0,1.0,3.8659404088082936,-59.92453832992295,165.79923800100732,0.4989296361518261,-0.0327001132042419,0.8613035981744201,0.0903107553818105
img_003015.jpg,-0.0,0.0,1.0,3.578686616298881,-59.93536758634605,166.13116874397815,0.4988816176714692,-0.0334257297820865,0.8614340024897768,0.0890579108921631
img_003016.jpg,-0.0,0.0,1.0,3.291190365405529,-59.94534840177829,166.46333980747875,0.4988324228533135,-0.0341513617541587,0.8615626603558332,0.0878047873478944
img_003017.jpg,-0.0,0.0,1.0,3.003538486149369,-59.95447074565476,166.79564217383927,0.4987820092099873,-0.034876875313723,0.861689561142768,0.0865517826181704
img_003018.jpg,-0.0,0.0,1.0,2.715708933116172,-59.9627910096135,167.12815631356685,0.4987308039914471,-0.0356021947303996,0.8618145213402115,0.0852982982688737
img_003019.jpg,-0.0,0.0,1.0,2.4277182885933897,-59.97027234954239,167.4608153802787,0.498678521214961,-0.0363275023185951,0.8619376581056366,0.0840447416173237
img_003020.jpg,-0.0,0.0,1.0,2.1395893394651,-59.97691526818537,167.7935982109765,0.4986251720629716,-0.0370527726964846,0.8620589654344814,0.0827911223181945
img_003021.jpg,-0.0,0.0,1.0,1.8513011451788008,-59.9827231794832,168.1265476381193,0.4985707786682648,-0.0377780334392898,0.862178456497116,0.0815371571728533
img_003022.jpg,-0.0,0.0,1.0,1.5629364671320354,-59.987676516187925,168.45957855232547,0.4985152228546148,-0.038503069368819,0.8622961858632078,0.080283087117759
img_003023.jpg,-0.0,0.0,1.0,1.2744627829346125,-59.99177621497296,168.79270575324742,0.49845848983977,-0.0392281166164324,0.862412153960685,0.0790288901242775
img_003024.jpg,-0.0,0.0,1.0,0.9859139138884097,-59.99508613373479,169.12591495086798,0.4984010753468332,-0.039953086008838,0.8625260893537349,0.0777744443608804
img_003025.jpg,-0.0,0.0,1.0,0.6973424730349892,-59.99755604710293,169.4591542406553,0.4983426156694629,-0.0406778198200724,0.8626381970752793,0.0765198884546721
img_003026.jpg,-0.0,0.0,1.0,0.4086717456196722,-59.99914511166155,169.7924721293583,0.4982827654099024,-0.0414027102079702,0.8627486640764999,0.075265157391118
img_003027.jpg,-0.0,0.0,1.0,0.1200087929013496,-59.99991139013616,170.12579242599136,0.4982220014432205,-0.0421273782993978,0.8628572299922437,0.0740102825669748
img_003028.jpg,-0.0,0.0,1.0,-0.1686529115806332,-59.99983977366517,170.45910523487174,0.4981601969092228,-0.0428519587708654,0.8629639568124408,0.0727553234305258
img_003029.jpg,-0.0,0.0,1.0,-0.4573389497641168,-59.99893538271608,170.79245899277157,0.498097388163407,-0.0435764902303781,0.8630688472270995,0.071499974476075
img_003030.jpg,-0.0,0.0,1.0,-0.7459756826225618,-59.997177071306986,171.12574581215225,0.4980334170191551,-0.0443009282681904,0.8631719571425933,0.0702446844211409
img_003031.jpg,-0.0,0.0,1.0,-1.0345491662041884,-59.99460009615048,171.4589978490097,0.4979685641007432,-0.0450251014582614,0.8632731635512246,0.0689890897053864
img_003032.jpg,-0.0,0.0,1.0,-1.3231024690252948,-59.99117410224972,171.79220248776647,0.4979025648151214,-0.0457494256949587,0.8633725779380126,0.0677334309169073
img_003033.jpg,-0.0,0.0,1.0,-1.611527684542872,-59.98691133411776,172.12528536249854,0.4978355404100395,-0.0464734711555143,0.8634701503176304,0.0664777458541597
img_003034.jpg,-0.0,0.0,1.0,-1.8999010553676292,-59.981788743621614,172.4583338034216,0.4977673017551274,-0.0471974762664025,0.8635660058272415,0.0652216614100489
img_003035.jpg,-0.0,0.0,1.0,-2.1881499795265857,-59.97586276055787,172.7912355915036,0.4976982652287925,-0.0479214589853208,0.8636598673117604,0.063965648218409
img_003036.jpg,-0.0,0.0,1.0,-2.4762668391622498,-59.96905938403476,173.12401479124412,0.4976278798957869,-0.0486452805110952,0.8637520792556266,0.062709452365675
img_003037.jpg,-0.0,0.0,1.0,-2.7642295968537525,-59.96145682723101,173.45665417234414,0.497556734491722,-0.0493689320663614,0.8638423046341919,0.0614530490118203
img_003038.jpg,-0.0,0.0,1.0,-3.052027805806277,-59.95299416568521,173.7891217428325,0.4974843541645746,-0.0500925051248506,0.8639308009705577,0.0601965898215459
img_003039.jpg,-0.0,0.0,1.0,-3.3396577171145,-59.94370214867644,174.12141093073615,0.4974109633473279,-0.0508160630871189,0.8640174367904302,0.0589400559577624
img_003040.jpg,-0.0,0.0,1.0,-3.6271112359451743,-59.93358646478588,174.453540648161,0.4973366112683973,-0.0515395161850623,0.86410220425854,0.0576832207752741
img_003041.jpg,-0.0,0.0,1.0,-3.914307422199951,-59.922595219642304,174.7853989406835,0.4972608890736127,-0.0522627812001555,0.8641853140943798,0.0564265256997353
img_003042.jpg,-0.0,0.0,1.0,-4.201306665458402,-59.91082826591617,175.11707373512576,0.4971845529353897,-0.0529860044716857,0.8642663519358275,0.055169525683112
img_003043.jpg,-0.0,0.0,1.0,-4.48805957770911,-59.89819163933438,175.4484954459631,0.4971068780764892,-0.0537091497822476,0.8643457201468374,0.0539124759453661
img_003044.jpg,-0.0,0.0,1.0,-4.774515364680712,-59.88474869453153,175.77963882283507,0.4970283467327421,-0.054432005172733,0.8644231592923707,0.052655303968256
img_003045.jpg,-0.0,0.0,1.0,-5.060726080784175,-59.87044048022705,176.1105374611456,0.4969484969139012,-0.0551548629992079,0.864498921820264,0.0513979248039645
img_003046.jpg,-0.0,0.0,1.0,-5.346611401072161,-59.85532872320788,176.44111187379485,0.4968677851075052,-0.0558775188465924,0.8645727454192584,0.0501405513343925
img_003047.jpg,-0.0,0.0,1.0,-5.632213035606799,-59.83940071957392,176.77140409037267,0.4967861083821803,-0.056600153822659,0.8646446886324302,0.0488829983273115
img_003048.jpg,-0.0,0.0,1.0,-5.917468828411571,-59.82261114293975,177.10136079073712,0.4967031162176267,-0.0573225814569543,0.8647149605999951,0.0476253389421933
img_003049.jpg,-0.0,0.0,1.0,-6.2024071535507534,-59.80502407459284,177.43097430448384,0.4966192679625348,-0.0580450989307698,0.8647832696372211,0.0463677229765526
img_003050.jpg,-0.0,0.0,1.0,-6.48695755756513,-59.786610658659214,177.76024577677435,0.4965343656692702,-0.0587672201308646,0.8648497818400073,0.0451097816310118
img_003051.jpg,-0.0,0.0,1.0,-6.771141194771623,-59.76737231054499,178.08913176739537,0.4964483794926854,-0.0594893430764876,0.8649144677488795,0.0438518875088297
img_003052.jpg,-0.0,0.0,1.0,-7.054933288558652,-59.747295294558434,178.4176314487938,0.4963612049956856,-0.0602113366115101,0.8649774042882594,0.0425938867612644
img_003053.jpg,-0.0,0.0,1.0,-7.338333733503348,-59.726398668817936,178.74573034272632,0.4962729688595577,-0.0609333101415935,0.8650385076668968,0.0413358482184284
img_003054.jpg,-0.0,0.0,1.0,-7.621295806517109,-59.70474459484267,179.0734215207413,0.4961841438937495,-0.0616549760174445,0.8650975349028138,0.0400776045415666
img_003055.jpg,-0.0,0.0,1.0,-7.903809636678684,-59.68221206265415,179.40066814602002,0.4960937887322725,-0.0623764936543689,0.8651550083765452,0.038819290328726
img_003056.jpg,-0.0,0.0,1.0,-8.185895246083764,-59.65888145472472,179.72748060310684,0.4960024988249562,-0.0630980002985493,0.8652105766437647,0.0375609049609798
img_003057.jpg,-0.0,0.0,1.0,-8.467504371583772,-59.63475498177349,-179.94619695523866,0.4959102654609287,-0.0638194191524425,0.8652642430115709,0.0363026185712438
img_003058.jpg,-0.0,0.0,1.0,-8.74865934661167,-59.609802969324505,-179.62029790178244,0.4958168836185289,-0.0645406872568324,0.8653161492865844,0.0350439636893918
img_003059.jpg,-0.0,0.0,1.0,-9.029265364044903,-59.58405899398502,-179.2949412764606,0.4957225578434863,-0.0652616396194101,0.8653661713544459,0.0337854038697983
img_003060.jpg,-0.0,0.0,1.0,-9.309395926162752,-59.557495303674685,-178.97006472201332,0.4956270797441516,-0.0659826185283998,0.8654144117187512,0.0325267254101576
img_003061.jpg,-0.0,0.0,1.0,-9.588968708501316,-59.53014477978619,-178.64573484330438,0.4955306713238712,-0.0667033234038717,0.865460761276586,0.0312680526215525
img_003062.jpg,-0.0,0.0,1.0,-9.86802921447637,-59.50194852143503,-178.3219129121007,0.4954328858479481,-0.0674240033865869,0.8655054632705487,0.0300092058630734
img_003063.jpg,-0.0,0.0,1.0,-10.14652085259853,-59.47300277033756,-177.99866363319276,0.4953344144304529,-0.0681445112299484,0.865548123951615,0.0287504538035734
img_003064.jpg,-0.0,0.0,1.0,-10.424451841468844,-59.44324546786239,-177.67594847560963,0.4952347970292762,-0.0688648169047667,0.8655890206776027,0.0274914547893236
img_003065.jpg,-0.0,0.0,1.0,-10.701844234205156,-59.41271340693198,-177.3537924512331,0.4951342791148301,-0.0695852201708458,0.865627980033484,0.0262324791501447
img_003066.jpg,-0.0,0.0,1.0,-10.978546781747502,-59.38134722538506,-177.03229627325044,0.4950323736369033,-0.0703050923177981,0.865665330896305,0.0249735445980334
img_003067.jpg,-0.0,0.0,1.0,-11.254708119252284,-59.34920975546713,-176.7113307548458,0.49492958605817,-0.0710250057019833,0.8657007474374637,0.0237143267991783
img_003068.jpg,-0.0,0.0,1.0,-11.530241950805037,-59.31630503167027,-176.39100445782293,0.4948258860278643,-0.0717448165054645,0.8657342468280984,0.0224552374808465
img_003069.jpg,-0.0,0.0,1.0,-11.80511837119509,-59.28258982102847,-176.07131911783603,0.4947209385343647,-0.0724643777816377,0.8657660382778739,0.0211960820207971
img_003070.jpg,-0.0,0.0,1.0,-12.07937336671741,-59.248082047923226,-175.75225080424258,0.4946148731148257,-0.0731838899463299,0.8657960320750965,0.0199368098989448
img_003071.jpg,-0.0,0.0,1.0,-12.352973006267687,-59.21284657234323,-175.43383718500908,0.4945081463132637,-0.0739032528118558,0.8658239719221865,0.0186775827808522
img_003072.jpg,-0.0,0.0,1.0,-12.625903060595205,-59.17679409381446,-175.11608260681987,0.494400071962605,-0.0746224854601815,0.865850251590362,0.0174182469847868
img_003073.jpg,-0.0,0.0,1.0,-12.898118970049737,-59.139991352835295,-174.7990373746977,0.4942911110318824,-0.0753414579932333,0.8658746147084729,0.0161590180943892
img_003074.jpg,-0.0,0.0,1.0,-13.16963680650538,-59.10239176682746,-174.48264432230053,0.4941809333390582,-0.0760601235844324,0.8658972624899469,0.014899447535874
img_003075.jpg,-0.0,0.0,1.0,-13.440483473289875,-59.0640321308569,-174.16697643823738,0.4940697491903,-0.0767790102441913,0.8659180165377965,0.0136402036716737
img_003076.jpg,-0.0,0.0,1.0,-13.71057978477047,-59.02491362296657,-173.8520178321527,0.4939575725221389,-0.0774974888769192,0.8659369329254691,0.0123807900167599
img_003077.jpg,-0.0,0.0,1.0,-13.979949610089966,-58.98504085936808,-173.5377655650655,0.4938444215094555,-0.0782157613860812,0.8659539824168848,0.0111212567241438
img_003078.jpg,-0.0,0.0,1.0,-14.24857934020661,-58.94438700910912,-173.22424996908026,0.493730060412358,-0.0789339197975196,0.8659692895736119,0.0098617070521338
img_003079.jpg,-0.0,0.0,1.0,-14.516448850295268,-58.902985668077314,-172.91150142606463,0.493614706000062,-0.0796519491441067,0.8659827305824961,0.0086022875388394
img_003080.jpg,-0.0,0.0,1.0,-14.783558798279552,-58.86080958190232,-172.59949978478215,0.4934981518255495,-0.0803698326166797,0.8659944270750157,0.0073427804644539
img_003081.jpg,-0.0,0.0,1.0,-15.049908626621892,-58.81792072633316,-172.2882272907291,0.4933808587714312,-0.0810874624760775,0.8660041267896428,0.0060830921794615
img_003082.jpg,-0.0,0.0,1.0,-15.315494493617187,-58.77426543782829,-171.97774720376913,0.493262365058237,-0.0818051741667006,0.866012058658011,0.0048235832763507
img_003083.jpg,-0.0,0.0,1.0,-15.580195441360706,-58.72987957658041,-171.66810091993514,0.4931428968388807,-0.0825222290339,0.8660181652236265,0.0035640588291009
img_003084.jpg,-0.0,0.0,1.0,-15.844154819091113,-58.68473037389414,-171.3592155431402,0.4930222387646416,-0.0832394688239656,0.8660224894042922,0.0023045084936982
img_003085.jpg,-0.0,0.0,1.0,-16.107323760655706,-58.63886752324182,-171.05108735435795,0.4929007511175637,-0.0839564864447073,0.8660248648125284,0.0010447286934806
img_003086.jpg,-0.0,0.0,1.0,-16.369622862145793,-58.59227128651654,-170.7438514346808,0.4927781709964282,-0.0846733191464605,0.8660254367716967,-0.0002146590986328
img_003087.jpg,-0.0,0.0,1.0,-16.6310935355428,-58.54493920988104,-170.43740021977374,0.4926545405246388,-0.0853898540861758,0.8660241930149287,-0.0014743244012164
img_003088.jpg,-0.0,0.0,1.0,-16.891721151733485,-58.49687663478332,-170.13180611897909,0.4925298281938191,-0.086106319055697,0.8660211293391719,-0.0027338061655348
img_003089.jpg,-0.0,0.0,1.0,-17.15150540642284,-58.44807281397057,-169.8270452611692,0.4924039539100683,-0.0868226561525204,0.8660162965244598,-0.0039933327448659
img_003090.jpg,-0.0,0.0,1.0,-17.41044387204964,-58.39857253171596,-169.52309870792732,0.4922772479462491,-0.0875387399193662,0.8660095183926493,-0.005253020191146
img_003091.jpg,-0.0,0.0,1.0,-17.668485827419758,-58.34832585376181,-169.22004473872877,0.4921492585024876,-0.0882546207974818,0.8660010480980471,-0.0065125998209846
img_003092.jpg,-0.0,0.0,1.0,-17.925668543224823,-58.29740918107544,-168.91785353312338,0.4920205593820405,-0.0889703800770765,0.8659905518572163,-0.0077720466003876
img_003093.jpg,-0.0,0.0,1.0,-18.18192658149694,-58.24575296547147,-168.61655754063102,0.4918905850695343,-0.0896857878227843,0.8659783733986133,-0.0090315330066097
img_003094.jpg,-0.0,0.0,1.0,-18.437330629641817,-58.19340073444112,-168.31611131029197,0.4917596806422654,-0.0904011529035003,0.8659642845893952,-0.0102910574729744
img_003095.jpg,-0.0,0.0,1.0,-18.691811214303208,-58.14031579509398,-168.01656470027157,0.4916275101344136,-0.0911162469290947,0.8659484995082857,-0.0115506287249544
img_003096.jpg,-0.0,0.0,1.0,-18.945405393831518,-58.08656173046052,-167.71791429183514,0.4914945317313308,-0.0918312714673315,0.8659307396514047,-0.0128100345692037
img_003097.jpg,-0.0,0.0,1.0,-19.1980562348187,-58.03209892903244,-167.4201856429425,0.4913604053674716,-0.0925459922569794,0.8659112211072284,-0.0140694177162288
img_003098.jpg,-0.0,0.0,1.0,-19.449839891363755,-57.97693832028121,-167.12331401202664,0.4912252540533985,-0.0932607191706091,0.8658898379072952,-0.0153289480667253
img_003099.jpg,-0.0,0.0,1.0,-19.70060465984816,-57.92111235523972,-166.8274260210121,0.4910891748589877,-0.0939748252539946,0.8658666082584945,-0.0165882867629735
img_003100.jpg,-0.0,0.0,1.0,-19.95050526154249,-57.86456862559977,-166.532422125092,0.4909518624482258,-0.09468916211889,0.8658416097049451,-0.0178476396027699
img_003101.jpg,-0.0,0.0,1.0,-20.199422927280114,-57.807376165394565,-166.23835872149672,0.4908137428281137,-0.0954029901247596,0.8658146812555662,-0.0191069895231011
img_003102.jpg,-0.0,0.0,1.0,-20.447392394840502,-57.74949757695785,-165.9452592036451,0.4906745042250569,-0.0961167571890337,0.8657859561277498,-0.0203661008275324
img_003103.jpg,-0.0,0.0,1.0,-20.694424665258342,-57.6909110506206,-165.65306133604795,0.4905340195936911,-0.0968303426901314,0.8657555080940982,-0.0216254609314561
img_003104.jpg,-0.0,0.0,1.0,-20.940492281438317,-57.63170604562206,-165.36182616245011,0.4903928709697125,-0.0975436744965972,0.8657230270956058,-0.0228845804900525
img_003105.jpg,-0.0,0.0,1.0,-21.18557077053757,-57.57179344106259,-165.07155854147456,0.4902503711579555,-0.0982567638137717,0.8656888949654543,-0.0241437171500614
img_003106.jpg,-0.0,0.0,1.0,-21.429696513434205,-57.51122347526432,-164.78225809944405,0.4901068761114939,-0.098969821906228,0.865652892341276,-0.0254026439817917
img_003107.jpg,-0.0,0.0,1.0,-21.67286626286989,-57.45000746713597,-164.4938729394953,0.489962492161942,-0.0996826046900774,0.8656149749757275,-0.0266617646533611
img_003108.jpg,-0.0,0.0,1.0,-21.915004154360066,-57.38814808108428,-164.20650159867674,0.4898171136687939,-0.1003949772273378,0.8655752305448529,-0.0279206728414426
img_003109.jpg,-0.0,0.0,1.0,-22.1561817324169,-57.32560817846344,-163.92008663384033,0.4896705127440975,-0.1011073241247987,0.8655337367484746,-0.0291795905981921
img_003110.jpg,-0.0,0.0,1.0,-22.396346508915748,-57.262430248378976,-163.63466880024103,0.4895229299784188,-0.1018193673573409,0.8654903946310597,-0.0304383681833866
img_003111.jpg,-0.0,0.0,1.0,-22.63552712854805,-57.198594539455904,-163.35020967384378,0.4893742396447311,-0.1025312169713907,0.8654452545291572,-0.0316972322367245
img_003112.jpg,-0.0,0.0,1.0,-22.87371818143969,-57.13414337971464,-163.06674683527345,0.489224694294434,-0.1032429328290106,0.8653981783768917,-0.0329558519134229
img_003113.jpg,-0.0,0.0,1.0,-23.110878770550663,-57.06903310971581,-162.78428343742414,0.4890739370656661,-0.103954322834365,0.8653493813207748,-0.0342144866232109
img_003114.jpg,-0.0,0.0,1.0,-23.347064880988945,-57.00330987874265,-162.5027878673449,0.4889223273844396,-0.1046656050370196,0.8652986370342806,-0.035473055321378
img_003115.jpg,-0.0,0.0,1.0,-23.58222184195834,-56.93693824118439,-162.22230721990783,0.4887695242454181,-0.1053766560966495,0.8652461542098472,-0.0367315279271849
img_003116.jpg,-0.0,0.0,1.0,-23.81633274177219,-56.8699212108695,-161.94284937056946,0.48861551298413,-0.1060873958572517,0.8651919499733504,-0.0379899277808415
img_003117.jpg,-0.0,0.0,1.0,-24.04946885455431,-56.80233324507761,-161.66435361671682,0.4884608918103331,-0.1067979706522705,0.8651356683701257,-0.0392482604733851
img_003118.jpg,-0.0,0.0,1.0,-24.28155741547816,-56.73409295184484,-161.38687888398985,0.488304965831491,-0.1075082651592,0.865077713139465,-0.0405065858368611
img_003119.jpg,-0.0,0.0,1.0,-24.51262660338489,-56.66525018201287,-161.11041795804755,0.4881480899359966,-0.1082183764778266,0.8650178793637123,-0.0417647418937051
img_003120.jpg,-0.0,0.0,1.0,-24.74266363076098,-56.59582114724441,-160.8349515126862,0.4879903712321226,-0.1089281072507575,0.8649561229780196,-0.0430229050429608
img_003121.jpg,-0.0,0.0,1.0,-24.97167041202604,-56.52573960568899,-160.56053401191429,0.4878312539611358,-0.1096378606883335,0.8648927193609138,-0.0442808215695597
img_003122.jpg,-0.0,0.0,1.0,-25.199655048736663,-56.45509595623267,-160.28711049505404,0.4876714247603436,-0.110347286761635,0.8648273161294509,-0.0455386764508245
img_003123.jpg,-0.0,0.0,1.0,-25.42660384355796,-56.38383540453587,-160.0147105334552,0.4875104286286137,-0.1110565407645855,0.8647601514493054,-0.0467964442786387
img_003124.jpg,-0.0,0.0,1.0,-25.652463869109955,-56.31196462613405,-159.743349926622,0.4873482519067756,-0.1117652919151305,0.8646912697686991,-0.0480542284542193
img_003125.jpg,-0.0,0.0,1.0,-25.877330012537712,-56.23953319567565,-159.47301827356745,0.4871852769928385,-0.1124741163498371,0.8646204053896346,-0.0493115971815802
img_003126.jpg,-0.0,0.0,1.0,-26.10112725609535,-56.16647781754644,-159.2036886407783,0.4870210168702288,-0.113182488854781,0.8645478620187775,-0.0505692359254797
img_003127.jpg,-0.0,0.0,1.0,-26.3239093200402,-56.092870555050176,-158.93539190890743,0.4868559594428778,-0.1138907972483349,0.8644733500263535,-0.051826519768429
img_003128.jpg,-0.0,0.0,1.0,-26.545624922350747,-56.01866882158578,-158.66812549431393,0.4866897520208705,-0.1145987531127672,0.8643970853988577,-0.0530837999470876
img_003129.jpg,-0.0,0.0,1.0,-26.76630557205041,-55.9439200177934,-158.40187844271009,0.4865227354698477,-0.1153064507222864,0.864318873418783,-0.0543409177770446
img_003130.jpg,-0.0,0.0,1.0,-26.98593285125004,-55.86855490829688,-158.1366718743945,0.486354356745562,-0.1160140144847511,0.864239002455375,-0.0555979743577138
img_003131.jpg,-0.0,0.0,1.0,-27.204505582028105,-55.79263854899752,-157.8724952323979,0.4861850675852778,-0.1167212507558862,0.8641572483719312,-0.0568549009790082
img_003132.jpg,-0.0,0.0,1.0,-27.42205886724248,-55.716167469418366,-157.60931386986547,0.4860148700683547,-0.1174282960131109,0.8640735830852575,-0.058111826525263
img_003133.jpg,-0.0,0.0,1.0,-27.638533458710505,-55.63914642777684,-157.34720632425692,0.4858436620930316,-0.1181350355523863,0.8639881028147823,-0.0593684055165857
img_003134.jpg,-0.0,0.0,1.0,-27.853947586355623,-55.56153952036517,-157.08612974279112,0.485671213010014,-0.118841522977355,0.8639009066562552,-0.0606249845220973
img_003135.jpg,-0.0,0.0,1.0,-28.06834046499244,-55.4834081058122,-156.82605471606607,0.4854979870971009,-0.1195477900356036,0.8638117355261073,-0.0618814672550744
img_003136.jpg,-0.0,0.0,1.0,-28.28163335171682,-55.40469449737999,-156.5670643759956,0.4853234167249107,-0.1202537471903034,0.8637209305896585,-0.0631377187304371
img_003137.jpg,-0.0,0.0,1.0,-28.49389544683276,-55.32544943742075,-156.30908083605104,0.4851479563944122,-0.1209594702852567,0.8636282138666244,-0.0643939062969432
img_003138.jpg,-0.0,0.0,1.0,-28.70511728873699,-55.245700029652006,-156.0521298666008,0.4849717405628305,-0.121664936722035,0.8635335295612824,-0.0656498084636614
img_003139.jpg,-0.0,0.0,1.0,-28.915277361674057,-55.1653688894572,-155.79620690602624,0.4847941840115978,-0.122370169324753,0.863437177537547,-0.0669057639815494
img_003140.jpg,-0.0,0.0,1.0,-29.12439349189259,-55.08450864808103,-155.54131034303433,0.4846156469236368,-0.1230751712251738,0.8633389698066111,-0.0681615742037906
img_003141.jpg,-0.0,0.0,1.0,-29.332478721020465,-55.00313793665288,-155.28743907659776,0.4844362439120033,-0.1237799953760664,0.8632388419004817,-0.0694171460335716
img_003142.jpg,-0.0,0.0,1.0,-29.53946307104125,-54.92123742169408,-155.0346222705414,0.4842557363650747,-0.1244842950506959,0.8631369670459144,-0.0706726128145168
img_003143.jpg,-0.0,0.0,1.0,-29.74541654104444,-54.838788512664905,-154.7828349817771,0.4840740346692879,-0.1251885487959683,0.8630333308115071,-0.0719279230740907
img_003144.jpg,-0.0,0.0,1.0,-29.950317932715546,-54.75584293019817,-154.5320704290563,0.4838914725542971,-0.1258924392824928,0.8629277916631634,-0.0731830779352309
img_003145.jpg,-0.0,0.0,1.0,-30.154177292218503,-54.672375156921,-154.2823340409135,0.4837078424067485,-0.1265961388769296,0.862820441771646,-0.074438068732625
img_003146.jpg,-0.0,0.0,1.0,-30.35694935989841,-54.58837923255779,-154.03365739801646,0.483523010099155,-0.1272994629905735,0.8627113856475483,-0.0756928695522305
img_003147.jpg,-0.0,0.0,1.0,-30.558709278339403,-54.50389440961271,-153.7859740835265,0.4833373479381728,-0.1280025972723187,0.8626003808083605,-0.0769475549248033
img_003148.jpg,-0.0,0.0,1.0,-30.759447578563822,-54.41893732973171,-153.5392789988523,0.4831509460214984,-0.1287054079541409,0.8624873935141049,-0.078202156946818
img_003149.jpg,-0.0,0.0,1.0,-30.95911630966929,-54.33345389015293,-153.2936551444565,0.4829632697507921,-0.1294080370840354,0.862372726137857,-0.0794564108379011
img_003150.jpg,-0.0,0.0,1.0,-31.15776168772448,-54.24747645416908,-153.04902175236154,0.4827746418473745,-0.1301104085937453,0.86225617977547,-0.0807106387269996
img_003151.jpg,-0.0,0.0,1.0,-31.355304143424267,-54.16096822698525,-152.80546696721547,0.4825846197525415,-0.1308124028884592,0.8621380403975342,-0.0819646224193225
img_003152.jpg,-0.0,0.0,1.0,-31.55185516698068,-54.074015017438505,-152.5628696087593,0.4823939949025866,-0.1315141130163837,0.8620178327989781,-0.0832185537965539
img_003153.jpg,-0.0,0.0,1.0,-31.74736023028252,-53.98656599675959,-152.3213274152436,0.4822022319553199,-0.1322156863044915,0.8618958683888596,-0.0844720773188022
img_003154.jpg,-0.0,0.0,1.0,-31.94179401343135,-53.89861524343515,-152.08079739724715,0.4820092915247674,-0.1329167727834428,0.8617721791084971,-0.0857256420869417
img_003155.jpg,-0.0,0.0,1.0,-32.13520657563953,-53.810196131955685,-151.84126522623947,0.4818154326517401,-0.1336175974093177,0.8616466050646965,-0.08697904633681
img_003156.jpg,-0.0,0.0,1.0,-32.32759594499814,-53.72130640402775,-151.60277343704377,0.4816205603689765,-0.1343183334822489,0.8615192034427506,-0.0882319852422734
img_003157.jpg,-0.0,0.0,1.0,-32.51898371614556,-53.63196512054143,-151.36524365116244,0.4814248880735772,-0.1350187611044405,0.8613898444464684,-0.0894848991598851
img_003158.jpg,-0.0,0.0,1.0,-32.709296519747745,-53.54211331248884,-151.1287457145261,0.4812278371860433,-0.1357187971209489,0.8612588678303048,-0.0907377507377555
img_003159.jpg,-0.0,0.0,1.0,-32.89857859025636,-53.45181422384834,-150.89325871468287,0.4810298785646733,-0.1364185042961774,0.8611260238708627,-0.0919903181101571
img_003160.jpg,-0.0,0.0,1.0,-33.08683636580297,-53.36105386447731,-150.658767329216,0.4808309093452849,-0.1371179096353958,0.8609913522021979,-0.0932427311292239
img_003161.jpg,-0.0,0.0,1.0,-33.27411967558934,-53.26986426811509,-150.42526012411648,0.4806311782030237,-0.1378172458302452,0.8608547011621586,-0.0944947658759458
img_003162.jpg,-0.0,0.0,1.0,-33.46033424001972,-53.178180385516185,-150.19276992145322,0.4804300882125856,-0.1385161382488295,0.8607164256347781,-0.0957467724112392
img_003163.jpg,-0.0,0.0,1.0,-33.645544902404005,-53.08607718187216,-149.96126151238542,0.4802282264056666,-0.1392147032496971,0.8605762060833941,-0.0969985076456224
img_003164.jpg,-0.0,0.0,1.0,-33.82973176601592,-52.99350317962976,-149.73076680325445,0.4800251518390549,-0.1399130814997652,0.8604342657207192,-0.0982499750675748
img_003165.jpg,-0.0,0.0,1.0,-34.012911722286645,-52.90047981686443,-149.50122887626597,0.4798210681703055,-0.1406110981342534,0.8602904861903327,-0.0995014622595436
img_003166.jpg,-0.0,0.0,1.0,-34.195070245033435,-52.80704379775614,-149.27270119240168,0.4796161220375393,-0.1413087561850214,0.8601448382551727,-0.1007525092992575
img_003167.jpg,-0.0,0.0,1.0,-34.37623895747023,-52.713168115362,-149.04512736509207,0.4794101948926631,-0.1420061398630818,0.8599973309697925,-0.1020034901314589
img_003168.jpg,-0.0,0.0,1.0,-34.55640416457237,-52.618834265701885,-148.818543648636,0.4792030740296268,-0.1427033563415832,0.8598480833034897,-0.103254247218785
img_003169.jpg,-0.0,0.0,1.0,-34.73551282999398,-52.52408835212336,-148.59297891216838,0.4789949634876015,-0.1433999855061946,0.8596970690386685,-0.1045046343310064
img_003170.jpg,-0.0,0.0,1.0,-34.913717501067026,-52.42891338944012,-148.36830530309302,0.4787860161058739,-0.1440966899960591,0.8595440474592333,-0.1057550244245857
img_003171.jpg,-0.0,0.0,1.0,-35.090855139947145,-52.333312376929165,-148.1446731834691,0.4785758858298102,-0.1447928656039881,0.859389368422425,-0.1070049578987049
img_003172.jpg,-0.0,0.0,1.0,-35.26701150033737,-52.2372910547812,-147.92198598293044,0.4783647829747603,-0.1454887336134614,0.859232835580285,-0.1082547784706285
img_003173.jpg,-0.0,0.0,1.0,-35.44218910582266,-52.14085875877947,-147.7002518020906,0.4781527352171118,-0.1461843164328287,0.8590744427225189,-0.1095043802523647
img_003174.jpg,-0.0,0.0,1.0,-35.61634848744672,-52.04399486511752,-147.47949755261843,0.4779395001390118,-0.1468794957658731,0.8589143413746144,-0.1107537905059983
img_003175.jpg,-0.0,0.0,1.0,-35.78956802781533,-51.94672340166014,-147.25967557066764,0.4777253497683579,-0.1475745826757822,0.858752333664159,-0.1120029560463893
img_003176.jpg,-0.0,0.0,1.0,-35.96180844166679,-51.84906966186288,-147.04080405487352,0.4775103669867246,-0.1482692752510909,0.8585884333061685,-0.1132518151270826
img_003177.jpg,-0.0,0.0,1.0,-36.13303719910791,-51.7509749408386,-146.82293220788543,0.4772940254893549,-0.1489637238594858,0.8584229128940037,-0.1145003267447546
img_003178.jpg,-0.0,0.0,1.0,-36.30331351244914,-51.65252040475988,-146.60595003865333,0.4770770510250273,-0.149657648138494,0.8582553776118576,-0.1157487906599726
img_003179.jpg,-0.0,0.0,1.0,-36.47260822539187,-51.55363800917323,-146.38992752010805,0.476858830795921,-0.1503513418295751,0.8580861406675424,-0.1169970285788326
img_003180.jpg,-0.0,0.0,1.0,-36.64093481393712,-51.45436299133524,-146.17485963384942,0.4766395955282977,-0.1510447679384427,0.85791509959706,-0.1182448981411432
img_003181.jpg,-0.0,0.0,1.0,-36.80831111952037,-51.35470449193745,-145.96071027586692,0.4764194440905056,-0.1517378774343578,0.8577421863288729,-0.1194925589146632
img_003182.jpg,-0.0,0.0,1.0,-36.97473458182223,-51.2546573496068,-145.74749702093752,0.4761982867639447,-0.1524307390564754,0.8575674536256602,-0.1207399020861853
img_003183.jpg,-0.0,0.0,1.0,-37.14017488468973,-51.15422529779708,-145.53521904171205,0.4759760886116178,-0.1531231077682296,0.8573909485490466,-0.1219870414574864
img_003184.jpg,-0.0,0.0,1.0,-37.30465209051467,-51.0533960470348,-145.32386566588772,0.4757527721923552,-0.1538151285026213,0.8572126834581053,-0.1232340103768645
img_003185.jpg,-0.0,0.0,1.0,-37.46823095393378,-50.95219793296772,-145.11341499548195,0.4755285996127527,-0.1545070969726418,0.8570324895501146,-0.1244806000586188
img_003186.jpg,-0.0,0.0,1.0,-37.63081341592083,-50.85061986429408,-144.90391300820076,0.475303298719011,-0.1551985051668779,0.8568505956829151,-0.1257269060250294
img_003187.jpg,-0.0,0.0,1.0,-37.79250408041625,-50.748669031653634,-144.69527631820313,0.4750771159936567,-0.1558897622940861,0.856666767844179,-0.1269730866855282
img_003188.jpg,-0.0,0.0,1.0,-37.95321223217905,-50.64635546864071,-144.48755967238654,0.4748499160053143,-0.1565803799158276,0.8564811805776912,-0.1282190672692839
img_003189.jpg,-0.0,0.0,1.0,-38.11301307004474,-50.5436716584848,-144.28077521824395,0.4746216855113611,-0.157270992998329,0.8562937829085834,-0.1294644652241769
img_003190.jpg,-0.0,0.0,1.0,-38.27187390768956,-50.44063204205252,-144.07486196549232,0.4743925396525866,-0.1579610516088817,0.8561045315598158,-0.1307098142425949
img_003191.jpg,-0.0,0.0,1.0,-38.42978206303776,-50.337202999419056,-143.86988744196717,0.4741621156144909,-0.1586508538632336,0.8559136241873946,-0.1319547748846423
img_003192.jpg,-0.0,0.0,1.0,-38.586825011453314,-50.23344781159081,-143.6657440685848,0.4739310588548148,-0.1593403850525665,0.8557206735386692,-0.1331995571410816
img_003193.jpg,-0.0,0.0,1.0,-38.74289620040327,-50.12931085458446,-143.46253492808876,0.4736987011033174,-0.1600294658508985,0.8555261043806853,-0.1344440231312448
img_003194.jpg,-0.0,0.0,1.0,-38.89807374726187,-50.02484027761157,-143.26019954167188,0.4734655107880837,-0.1607182576837001,0.8553296354089793,-0.1356881222968218
img_003195.jpg,-0.0,0.0,1.0,-39.052351580933,-49.92000559462806,-143.05873098948754,0.4732312581483829,-0.1614067897707145,0.8551313599097898,-0.1369320336007777
img_003196.jpg,-0.0,0.0,1.0,-39.205686934655375,-49.81480878286663,-142.8581581833905,0.4729958358705731,-0.1620948522145522,0.8549313849392787,-0.1381757040164698
img_003197.jpg,-0.0,0.0,1.0,-39.35813715208645,-49.7092890394246,-142.65844957484703,0.4727595897948426,-0.1627825999637479,0.8547295142774218,-0.139418983030064
img_003198.jpg,-0.0,0.0,1.0,-39.50970465624281,-49.60343293349757,-142.45959560101917,0.4725224184425364,-0.1634700547342651,0.854525783513342,-0.1406619727762338
img_003199.jpg,-0.0,0.0,1.0,-39.66037250091869,-49.49723131853364,-142.2616009086124,0.4722842051139574,-0.1641571378548659,0.8543202620205709,-0.1419047342137642
img_003200.jpg,-0.0,0.0,1.0,-39.81011753099441,-49.39068583935048,-142.06449793791995,0.4720448564049121,-0.1648438006382379,0.854113037342423,-0.1431471074611966
img_003201.jpg,-0.0,0.0,1.0,-39.95898730697261,-49.28380434821741,-141.86825447090962,0.4718045006943382,-0.1655302325497292,0.8539040009955648,-0.1443891004209288
img_003202.jpg,-0.0,0.0,1.0,-40.10701151437983,-49.17661674394733,-141.67280561199198,0.471563439770045,-0.1662162750677966,0.8536929756645235,-0.1456309564477305
img_003203.jpg,-0.0,0.0,1.0,-40.25411342631388,-49.06907322058756,-141.47826447927122,0.4713210535708924,-0.1669019978977983,0.8534803500709726,-0.1468723241501865
img_003204.jpg,-0.0,0.0,1.0,-40.40035608869927,-48.961221739911714,-141.28452816234852,0.4710778609607854,-0.1675872689047837,0.8532658083776464,-0.1481135256054901
img_003205.jpg,-0.0,0.0,1.0,-40.54574783836089,-48.85302893694299,-141.09162362634993,0.4708335848430287,-0.1682723780638701,0.853049466930966,-0.1493544412911359
img_003206.jpg,-0.0,0.0,1.0,-40.69025332783337,-48.74454312013265,-140.89954164550545,0.4705884840209216,-0.1689568429687659,0.8528312732451814,-0.1505950971842087
img_003207.jpg,-0.0,0.0,1.0,-40.83389537562839,-48.635718002693125,-140.7083105270492,0.470342211957693,-0.1696411147175751,0.8526113542595333,-0.1518353530500983
img_003208.jpg,-0.0,0.0,1.0,-40.97667754508442,-48.526567213457454,-140.5179139329516,0.4700948591244417,-0.1703250983289199,0.8523896702557364,-0.1530752571297271
img_003209.jpg,-0.0,0.0,1.0,-41.118595270777455,-48.41712259056085,-140.3283360906231,0.4698466241503272,-0.171008572578367,0.8521661545552517,-0.1543148175314525
img_003210.jpg,-0.0,0.0,1.0,-41.259692625597175,-48.307381909511726,-140.13955910605597,0.4695975500464256,-0.1716917946207055,0.8519407409557802,-0.1555539859663918
img_003211.jpg,-0.0,0.0,1.0,-41.39991647544189,-48.19731935205394,-139.9515855764239,0.4693473632769251,-0.1723744711167424,0.8517135867540099,-0.1567930496892034
img_003212.jpg,-0.0,0.0,1.0,-41.53932249110798,-48.0869516351268,-139.76444556120572,0.4690961762964689,-0.173057071928678,0.8514846309815982,-0.1580314856021925
img_003213.jpg,-0.0,0.0,1.0,-41.6778939911226,-47.97627117823051,-139.57806802932654,0.46884399609767,-0.173739205688064,0.8512538349102602,-0.1592699101545049
img_003214.jpg,-0.0,0.0,1.0,-41.81558029446638,-47.86529982194872,-139.3925327798635,0.4685907462471834,-0.1744207355240589,0.8510213575074129,-0.1605078459670872
img_003215.jpg,-0.0,0.0,1.0,-41.95246704291462,-47.75402522319562,-139.20779800840512,0.4683365001067643,-0.1751021677067198,0.8507870557330653,-0.1617452915210097
img_003216.jpg,-0.0,0.0,1.0,-42.08854839834848,-47.64245142125646,-139.02381893333882,0.4680813175039697,-0.1757832554704502,0.8505508839557239,-0.1629825791368357
img_003217.jpg,-0.0,0.0,1.0,-42.223801394905685,-47.530606219091055,-138.84061627435128,0.467825288633201,-0.1764638022447161,0.8503128664079318,-0.1642195330456342
img_003218.jpg,-0.0,0.0,1.0,-42.358229207398864,-47.41845600255522,-138.65821102855506,0.4675681380494388,-0.1771440396693986,0.8500731162530608,-0.1654561044942063
img_003219.jpg,-0.0,0.0,1.0,-42.491815632869,-47.306007918203726,-138.47660477924302,0.4673098583010749,-0.177823821840933,0.8498316644771056,-0.1666923116780906
img_003220.jpg,-0.0,0.0,1.0,-42.624646649602056,-47.19329048361905,-138.29574152976485,0.4670508194819707,-0.1785034435552428,0.8495882566748832,-0.1679281000317477
img_003221.jpg,-0.0,0.0,1.0,-42.75665142812622,-47.0802954428387,-138.11566557284286,0.4667907684188971,-0.1791825860013501,0.8493431024809676,-0.1691634524971897
img_003222.jpg,-0.0,0.0,1.0,-42.88783816776378,-46.96699597333699,-137.93634080427955,0.4665295710324751,-0.1798612609216617,0.8490962076099353,-0.1703986983352585
img_003223.jpg,-0.0,0.0,1.0,-43.018258286277685,-46.85343513932296,-137.7577427758192,0.46626759504088,-0.1805395785573046,0.8488473870629798,-0.1716336326758147
img_003224.jpg,-0.0,0.0,1.0,-43.147873940963855,-46.73958444198917,-137.57994063026578,0.4660044630529569,-0.181217644493673,0.848596877561773,-0.1728679991533977
img_003225.jpg,-0.0,0.0,1.0,-43.276683582681535,-46.625474801257965,-137.40288275465625,0.465740426788839,-0.1818951118873896,0.8483445627376931,-0.1741020562756693
img_003226.jpg,-0.0,0.0,1.0,-43.40470451955581,-46.511076371519486,-137.2265993504146,0.4654752434926607,-0.1825723421753563,0.8480905368919893,-0.1753356176089444
img_003227.jpg,-0.0,0.0,1.0,-43.53198677961088,-46.39643333231552,-137.05099955449975,0.4652093937287005,-0.1832491585745701,0.8478345149922137,-0.176568969686649
img_003228.jpg,-0.0,0.0,1.0,-43.65845282125796,-46.28148294037855,-136.87618262415472,0.4649421674359573,-0.1839256302521699,0.8475769092073125,-0.1778019304025552
img_003229.jpg,-0.0,0.0,1.0,-43.784193358631136,-46.16630139797561,-136.70205422736785,0.4646743217053912,-0.184601741295766,0.8473173033607845,-0.1790345198100471
img_003230.jpg,-0.0,0.0,1.0,-43.90911430728777,-46.05085447154506,-136.5287048437744,0.4644053162959135,-0.1852772913028778,0.8470560720439216,-0.1802665757623517
img_003231.jpg,-0.0,0.0,1.0,-44.03331263494116,-45.935146168819735,-136.3560304826611,0.4641354700264227,-0.1859525542527039,0.8467929063045846,-0.1814984486503456
img_003232.jpg,-0.0,0.0,1.0,-44.15670700180329,-45.81916294235025,-136.1841259117571,0.463864387156942,-0.1866273610368722,0.8465281296173163,-0.1827298120355176
img_003233.jpg,-0.0,0.0,1.0,-44.27938106314498,-45.70292777267199,-136.0128947160227,0.4635924786505649,-0.1873018428701788,0.8462614290974825,-0.1839609388374259
img_003234.jpg,-0.0,0.0,1.0,-44.40130272908806,-45.58645366666716,-135.8423843258354,0.463319673617781,-0.1879758970641728,0.8459929273195521,-0.1851915470180193
img_003235.jpg,-0.0,0.0,1.0,-44.522489440432686,-45.46970692847726,-135.67258226394134,0.4630457778221074,-0.1886497302971573,0.845722652919164,-0.1864217831673656
img_003236.jpg,-0.0,0.0,1.0,-44.64289279198399,-45.35271726592599,-135.5035036576748,0.4627708518037666,-0.1893229224243831,0.8454506760499726,-0.187651603063101
img_003237.jpg,-0.0,0.0,1.0,-44.76257943608205,-45.235477797405096,-135.33509564933678,0.4624950209151198,-0.1899957735593797,0.8451768303798126,-0.188881145293619
img_003238.jpg,-0.0,0.0,1.0,-44.88150098876286,-45.11797846340952,-135.1674197339187,0.4622180132424792,-0.1906682098550048,0.8449013318147081,-0.1901101824800441
img_003239.jpg,-0.0,0.0,1.0,-44.99974036086339,-45.00026069948675,-135.00039055270346,0.4619403471383994,-0.1913403259185444,0.8446238489722979,-0.1913388332520628
img_003240.jpg,-0.0,0.0,1.0,-45.11724676055002,-44.88230152984672,-134.83404769848838,0.4616617000292743,-0.1920119933760627,0.8443445882860885,-0.192567093133346
img_003241.jpg,-0.0,0.0,1.0,-45.23398823284969,-44.7640778136495,-134.668429303891,0.4613817799561882,-0.1926832184072426,0.8440637236595092,-0.1937948938200645
img_003242.jpg,-0.0,0.0,1.0,-45.350049062904496,-44.64563069366172,-134.50344679752857,0.461101114596437,-0.1933540931989682,0.8437809140978294,-0.1950223724739282
img_003243.jpg,-0.0,0.0,1.0,-45.46537276897095,-44.5269467415923,-134.33915965271473,0.4608193969559974,-0.1940244896856157,0.8434963949723937,-0.1962493629541832
img_003244.jpg,-0.0,0.0,1.0,-45.57998981980611,-44.40803031034079,-134.1755369017916,0.4605367331239109,-0.194694484167417,0.8432100729310424,-0.1974759433094703
img_003245.jpg,-0.0,0.0,1.0,-45.69391406957296,-44.28887439726934,-134.01258150968073,0.460253072186182,-0.1953642133089294,0.8429219578882337,-0.1987020548742037
img_003246.jpg,-0.0,0.0,1.0,-45.8071229473095,-44.16947030873701,-133.8502706512923,0.4599683336643824,-0.1960334494582456,0.8426320790737254,-0.1999279821220721
img_003247.jpg,-0.0,0.0,1.0,-45.91962500462123,-44.04988734276246,-133.6886300174037,0.4596829031204016,-0.1967020691755548,0.8423403771708938,-0.20115320914281
img_003248.jpg,-0.0,0.0,1.0,-46.03143603028864,-43.93003821993343,-133.52764219667654,0.4593962583873171,-0.1973704704877558,0.8420469468559048,-0.2023781471647187
img_003249.jpg,-0.0,0.0,1.0,-46.14257526444799,-43.80996691773178,-133.36728446397092,0.4591087271740514,-0.1980385177683208,0.8417516640641107,-0.2036026968339304
img_003250.jpg,-0.0,0.0,1.0,-46.2529912739867,-43.68966714081015,-133.2075969135824,0.4588200840022522,-0.1987060140841843,0.8414547155522911,-0.2048267857428684
img_003251.jpg,-0.0,0.0,1.0,-46.36275768748362,-43.56915987922033,-133.04851973848366,0.4585306715969791,-0.1993731682854984,0.8411558535538726,-0.2060504622772821
img_003252.jpg,-0.0,0.0,1.0,-46.47180883938355,-43.448446123434245,-132.89010437006752,0.4582402641699382,-0.2000396940249983,0.8408553007802934,-0.2072735975891106
img_003253.jpg,-0.0,0.0,1.0,-46.58023937562142,-43.3274999077525,-132.73229259608974,0.4579489453701525,-0.2007061548501791,0.8405528419409415,-0.2084963374849248
img_003254.jpg,-0.0,0.0,1.0,-46.68792462524258,-43.20631945497738,-132.57516101254973,0.4576563190484137,-0.2013719443896319,0.8402488533904178,-0.2097186163026167
img_003255.jpg,-0.0,0.0,1.0,-46.794994873831214,-43.084960666815455,-132.41859529922053,0.4573631514231027,-0.2020373232355091,0.8399428364221715,-0.2109405112424723
img_003256.jpg,-0.0,0.0,1.0,-46.90136967413598,-42.96336508553791,-132.26268536084012,0.4570687440209169,-0.2027022982584498,0.8396351963003733,-0.2121619161242592
img_003257.jpg,-0.0,0.0,1.0,-47.00708492537484,-42.84154367453837,-132.10738179379672,0.4567732947549262,-0.2033668845166195,0.8393257799771786,-0.2133829949795299
img_003258.jpg,-0.0,0.0,1.0,-47.11216939686466,-42.71955072568116,-131.9526879575612,0.4564771690485572,-0.2040310731826274,0.8390144857825673,-0.2146033735997045
img_003259.jpg,-0.0,0.0,1.0,-47.21658313950486,-42.59731259763012,-131.7986054284665,0.4561798023241189,-0.204694880833356,0.83870150380416,-0.2158234955438971
img_003260.jpg,-0.0,0.0,1.0,-47.32031959951856,-42.474895521255846,-131.645126856444,0.4558815869814511,-0.2053579469441088,0.8383867608982104,-0.2170431556828762
img_003261.jpg,-0.0,0.0,1.0,-47.423448432409465,-42.35227402766491,-131.49225725244307,0.4555824616749411,-0.2060209022954822,0.8380701929484382,-0.2182621362557502
img_003262.jpg,-0.0,0.0,1.0,-47.52592581770559,-42.229446041554766,-131.33995388391833,0.4552823837462905,-0.2066832595823825,0.8377518162619342,-0.219480923108428
img_003263.jpg,-0.0,0.0,1.0,-47.62777406492603,-42.10642530804681,-131.18825972486516,0.4549813809944373,-0.2073452891796014,0.8374316718453102,-0.2206990462004562
img_003264.jpg,-0.0,0.0,1.0,-47.72898630631756,-41.98319973182578,-131.0371441113945,0.4546793963212736,-0.208006864608442,0.8371097453088324,-0.221916797799691
img_003265.jpg,-0.0,0.0,1.0,-47.82952075433743,-41.85976493416172,-130.88661944672023,0.454376275053664,-0.2086677432103229,0.8367861583913621,-0.223134261682275
img_003266.jpg,-0.0,0.0,1.0,-47.92944233480823,-41.73613628900787,-130.73670306988163,0.4540721837921931,-0.2093283973470313,0.8364608250700674,-0.2243509797023731
img_003267.jpg,-0.0,0.0,1.0,-48.02879320621296,-41.61234380924128,-130.5872988155245,0.4537675456942404,-0.209988620108241,0.8361334606181392,-0.2255673512155443
img_003268.jpg,-0.0,0.0,1.0,-48.12747131980002,-41.48831596665019,-130.43852083172104,0.453461481942856,-0.2106484180992658,0.8358045772328898,-0.2267832379674834
img_003269.jpg,-0.0,0.0,1.0,-48.22555514073792,-41.36410829600644,-130.29029398491906,0.4531546082040955,-0.2113078243991758,0.8354738338102122,-0.2279986347098275
img_003270.jpg,-0.0,0.0,1.0,-48.32299208027656,-41.239716709548375,-130.1426539270564,0.4528467056994614,-0.2119666084407241,0.8351414196959804,-0.2292134968789239
img_003271.jpg,-0.0,0.0,1.0,-48.41985314215695,-41.11515166621598,-129.9955300144326,0.4525380889099014,-0.2126249582745765,0.8348070674152135,-0.2304280048043641
img_003272.jpg,-0.0,0.0,1.0,-48.51609899172802,-40.99039412270437,-129.84898864835003,0.4522284151341478,-0.2132829257198406,0.8344710204723335,-0.2316419006430059
img_003273.jpg,-0.0,0.0,1.0,-48.61173738282315,-40.86542591391623,-129.7030160910105,0.451917589550119,-0.2139405858567637,0.8341332731412116,-0.232855321212988
img_003274.jpg,-0.0,0.0,1.0,-48.70678606799499,-40.74030731511373,-129.55757248649724,0.4516060746178347,-0.2145976461848192,0.8337936620693459,-0.2340682223480908
img_003275.jpg,-0.0,0.0,1.0,-48.80120346524453,-40.61499037105597,-129.41270040365063,0.45129338516221,-0.2152541730068715,0.8334524201725187,-0.2352806511818003
img_003276.jpg,-0.0,0.0,1.0,-48.89508571665997,-40.48949637152526,-129.26832157780095,0.4509799753021242,-0.2159104604384648,0.8331091995844258,-0.2364926986558842
img_003277.jpg,-0.0,0.0,1.0,-48.98831412845093,-40.3638225773879,-129.1245272646456,0.4506653896949218,-0.2165660112314748,0.8327644304767783,-0.2377041704369109
img_003278.jpg,-0.0,0.0,1.0,-49.08098923818392,-40.23798182532035,-128.98125133228012,0.4503500177419565,-0.217221235169896,0.8324177901866278,-0.2389150876187935
img_003279.jpg,-0.0,0.0,1.0,-49.173079637769206,-40.11195442064114,-128.83850538011123,0.4500336288101116,-0.2178760297071427,0.8320693975675529,-0.2401255635092282
img_003280.jpg,-0.0,0.0,1.0,-49.26456437336039,-39.98575590499099,-128.69630770221235,0.4497162180427462,-0.2185302420495376,0.8317193315630923,-0.241335471995607
img_003281.jpg,-0.0,0.0,1.0,-49.35551324803446,-39.859367415142856,-128.55461384199702,0.4493978785618842,-0.219184281281607,0.8313673996758656,-0.2425449326193662
img_003282.jpg,-0.0,0.0,1.0,-49.4458302880887,-39.732815765042375,-128.41346368397308,0.4490784752491115,-0.2198374857899855,0.8310138596062118,-0.2437539087929838
img_003283.jpg,-0.0,0.0,1.0,-49.535636781397415,-39.6061032476586,-128.2728257375846,0.448758318036432,-0.2204905965493073,0.8306584265823035,-0.24496213416415
img_003284.jpg,-0.0,0.0,1.0,-49.624858411426,-39.47922081014527,-128.1326755151743,0.4484372189539289,-0.2211430130985924,0.8303012146607311,-0.2461701065268819
img_003285.jpg,-0.0,0.0,1.0,-49.71350113162018,-39.35217112624946,-127.99305964509972,0.4481150954396182,-0.2217949445704894,0.8299423258200431,-0.2473774436251876
img_003286.jpg,-0.0,0.0,1.0,-49.8015897173166,-39.22494151379937,-127.85394916926352,0.4477919570731898,-0.2224465077125026,0.8295816768705304,-0.2485843031805363
img_003287.jpg,-0.0,0.0,1.0,-49.88913587191255,-39.09756092920544,-127.71533307098234,0.4474680080092126,-0.2230976122783533,0.8292192112653417,-0.2497905860364828
img_003288.jpg,-0.0,0.0,1.0,-49.97612127129325,-38.97001547733462,-127.5772037266705,0.4471431168146592,-0.2237481518189703,0.8288549754124442,-0.2509964688534549
img_003289.jpg,-0.0,0.0,1.0,-50.06254567452353,-38.84231357251808,-127.43959322286508,0.4468172507305368,-0.2243982079460186,0.8284890487296852,-0.2522016749650987
img_003290.jpg,-0.0,0.0,1.0,-50.148425400139935,-38.71444618744291,-127.30247721556178,0.446490416458333,-0.2250478384528454,0.8281213692156033,-0.2534063461459495
img_003291.jpg,-0.0,0.0,1.0,-50.23375916761497,-38.58640280399968,-127.16585460302711,0.4461625280227679,-0.2256970714087458,0.827751960393854,-0.2546105312236314
img_003292.jpg,-0.0,0.0,1.0,-50.31854382879536,-38.4582121723172,-127.02971444465294,0.445833755548188,-0.2263457098830547,0.8273807967607669,-0.2558141887832902
img_003293.jpg,-0.0,0.0,1.0,-50.40279938675204,-38.32987273235397,-126.89404619080008,0.445504134229172,-0.226993859248634,0.8270078320996588,-0.2570173143855291
img_003294.jpg,-0.0,0.0,1.0,-50.486537995506296,-38.20137965510384,-126.75885765106456,0.4451736261568738,-0.2276416540161982,0.8266330785969589,-0.2582198158554521
img_003295.jpg,-0.0,0.0,1.0,-50.56971615336645,-38.072715442298886,-126.62416007847456,0.444841983424214,-0.2282888968761625,0.8262566759728094,-0.2594218471074478
img_003296.jpg,-0.0,0.0,1.0,-50.65238143567468,-37.94391956186255,-126.48991461622798,0.4445096118578882,-0.228935600390217,0.8258784284605143,-0.2606233244425979
img_003297.jpg,-0.0,0.0,1.0,-50.734496846596734,-37.81495219175488,-126.35616595337508,0.4441760743813412,-0.2295818433536882,0.8254985547947995,-0.26182423146302
img_003298.jpg,-0.0,0.0,1.0,-50.81610876175643,-37.68584812047704,-126.22286695599468,0.4438417634167659,-0.2302276179028056,0.8251168457518945,-0.2630245689252996
img_003299.jpg,-0.0,0.0,1.0,-50.89719909841146,-37.556571469259616,-126.09002365945727,0.443506386798953,-0.2308729722976725,0.8247333899158636,-0.2642245088724049
img_003300.jpg,-0.0,0.0,1.0,-50.97775695097078,-37.42716366155211,-125.95766911605938,0.4431700854927444,-0.2315177668948048,0.8243482731896726,-0.2654236677947188
img_003301.jpg,-0.0,0.0,1.0,-51.057800765395314,-37.29760452772314,-125.8257631833772,0.44283283976097,-0.2321620643947534,0.8239613942074823,-0.2666223410385243
img_003302.jpg,-0.0,0.0,1.0,-51.13734396455983,-37.16790774918637,-125.6942974658824,0.4424947617806678,-0.2328058632564728,0.8235727122261339,-0.2678204687968566
img_003303.jpg,-0.0,0.0,1.0,-51.21637130413927,-37.03806511837697,-125.56329482848876,0.4421557000035886,-0.2334491743385468,0.8231823314096938,-0.2690179719087339
img_003304.jpg,-0.0,0.0,1.0,-51.29488998944245,-36.90805362106711,-125.43273643439905,0.4418155498661671,-0.2340920754462624,0.8227902209807025,-0.2702150483748907
img_003305.jpg,-0.0,0.0,1.0,-51.37293383276066,-36.77793889195164,-125.30259832500072,0.4414748203655807,-0.234734418355336,0.8223962319640837,-0.2714114468364169
img_003306.jpg,-0.0,0.0,1.0,-51.45043934805423,-36.64765687235548,-125.17293609266623,0.4411328384762302,-0.2353762444404796,0.8220006768407419,-0.2726072809819319
img_003307.jpg,-0.0,0.0,1.0,-51.52747015144332,-36.51724856041788,-125.0436895818655,0.4407901082986712,-0.2360175901106084,0.821603274506588,-0.2738025509458939
img_003308.jpg,-0.0,0.0,1.0,-51.60399886125346,-36.3866949604633,-124.91488974495336,0.4404463666421512,-0.2366584590705748,0.8212041795496807,-0.2749972133535251
img_003309.jpg,-0.0,0.0,1.0,-51.68003246850323,-36.25598733215559,-124.78653712004902,0.4401015567626737,-0.237298938621064,0.820803397763259,-0.2761912664887804
img_003310.jpg,-0.0,0.0,1.0,-51.75557023863874,-36.12516682750236,-124.65857472101942,0.4397560255066549,-0.2379386149729081,0.82040078740871,-0.2773849338996857
img_003311.jpg,-0.0,0.0,1.0,-51.83065650487689,-35.99420668580135,-124.53106444861471,0.4394095709144144,-0.2385781594537425,0.8199964333796064,-0.2785777092037328
img_003312.jpg,-0.0,0.0,1.0,-51.90522199129035,-35.86311260030195,-124.4039623561534,0.4390621319568264,-0.2392168776969069,0.8195903848650254,-0.2797701391200803
img_003313.jpg,-0.0,0.0,1.0,-51.979320774605725,-35.73187856660022,-124.27729701451896,0.4387137254549619,-0.2398552891885657,0.8191826157654721,-0.2809618290325867
img_003314.jpg,-0.0,0.0,1.0,-52.052918633286886,-35.60050820099922,-124.15104298964708,0.4383643240203704,-0.2404930313689013,0.818773148002569,-0.2821530673218417
img_003315.jpg,-0.0,0.0,1.0,-52.126057675089854,-35.46900382120003,-124.02521515765528,0.4380139953946207,-0.2411304475407674,0.818361943033809,-0.2833435676015233
img_003316.jpg,-0.0,0.0,1.0,-52.19872781069354,-35.33737998899348,-123.89976526377802,0.4376628862499773,-0.2417672109436172,0.8179489109078217,-0.2845336409927521
img_003317.jpg,-0.0,0.0,1.0,-52.27093453690421,-35.20564501283313,-123.7747390403324,0.4373109459770131,-0.2424034936365773,0.8175341644956869,-0.2857228949241044
img_003318.jpg,-0.0,0.0,1.0,-52.3426643762152,-35.07375941188731,-123.65013556184245,0.4369578860657351,-0.2430393710962482,0.8171177590251736,-0.2869115504607344
img_003319.jpg,-0.0,0.0,1.0,-52.41391774332955,-34.94175505955256,-123.52592877910092,0.436603936739104,-0.2436745981661006,0.8166996311519817,-0.2880996444092267
img_003320.jpg,-0.0,0.0,1.0,-52.4847131534442,-34.80961541512222,-123.40210662883052,0.4362490523650389,-0.2443093323100319,0.8162797304950691,-0.2892872552321125
img_003321.jpg,-0.0,0.0,1.0,-52.55503343075775,-34.67734920332899,-123.27869649574583,0.4358931659884226,-0.2449435119035823,0.815858173454019,-0.2904742064783048
img_003322.jpg,-0.0,0.0,1.0,-52.62492491004768,-34.544959212883775,-123.1556740004832,0.4355364460343569,-0.2455773574334099,0.8154348123524291,-0.2916604746885382
img_003323.jpg,-0.0,0.0,1.0,-52.69434737921684,-34.41246492498761,-123.03303580712068,0.4351788974203812,-0.2462104770952283,0.8150097329274163,-0.2928461429524092
img_003324.jpg,-0.0,0.0,1.0,-52.76329198823637,-34.279837809762206,-122.91079700811756,0.4348202751298178,-0.2468429919033702,0.8145830148019927,-0.2940312528972365
img_003325.jpg,-0.0,0.0,1.0,-52.83183143274451,-34.14707653937393,-122.78892644659534,0.4344608073200566,-0.2474753028271215,0.8141544349407519,-0.2952157473098853
img_003326.jpg,-0.0,0.0,1.0,-52.89990151830474,-34.01420123161105,-122.66744416700396,0.434100389795788,-0.2481069338407061,0.8137241914236508,-0.2963996309903813
img_003327.jpg,-0.0,0.0,1.0,-52.96753445636598,-33.881215717848846,-122.546348817756,0.4337391139643964,-0.2487380872750398,0.813292224393252,-0.2975827661300487
img_003328.jpg,-0.0,0.0,1.0,-53.03471379719024,-33.74810776721425,-122.42563516087206,0.4333768576740214,-0.2493686788207008,0.8128585723209107,-0.2987652969476534
img_003329.jpg,-0.0,0.0,1.0,-53.10145120899416,-33.614879048938064,-122.30529616329008,0.4330136592724076,-0.2499987534375213,0.812423204609467,-0.2999472133147575
img_003330.jpg,-0.0,0.0,1.0,-53.1677604969854,-33.48153550035061,-122.1853139480524,0.4326496126395605,-0.250628310595245,0.8119860563928739,-0.3011285553290495
img_003331.jpg,-0.0,0.0,1.0,-53.23362574829209,-33.34808461360646,-122.06568976314108,0.4322847015168146,-0.2512572042613298,0.8115471775496662,-0.3023093328901199
img_003332.jpg,-0.0,0.0,1.0,-53.29908315751479,-33.214517604673034,-121.94644350750784,0.4319189083282646,-0.2518858026423339,0.8111065558083335,-0.3034892982964804
img_003333.jpg,-0.0,0.0,1.0,-53.36407039022431,-33.08084359491053,-121.8275984704224,0.4315520544517673,-0.2525137065282676,0.8106644025020561,-0.3046684736394613
img_003334.jpg,-0.0,0.0,1.0,-53.42863348469116,-32.94702549352127,-121.7090770564221,0.4311841935122823,-0.253141117065789,0.8102204277563512,-0.3058473876987714
img_003335.jpg,-0.0,0.0,1.0,-53.49277578621618,-32.81313235063786,-121.59092709511351,0.4308156261415779,-0.2537679161898469,0.8097747570225313,-0.3070253798532029
img_003336.jpg,-0.0,0.0,1.0,-53.55648238368936,-32.6791051764881,-121.47311635318938,0.4304460140630093,-0.25439414600137,0.8093273557776085,-0.3082029828660413
img_003337.jpg,-0.0,0.0,1.0,-53.61980075399254,-32.54498368799302,-121.35567406212608,0.4300756415073537,-0.2550200648890748,0.8088782068339658,-0.309379630220023
img_003338.jpg,-0.0,0.0,1.0,-53.68266125772207,-32.41073016303361,-121.2385775076371,0.4297041292892235,-0.2556452668421947,0.8084274190023463,-0.310555899989323
img_003339.jpg,-0.0,0.0,1.0,-53.74513580383663,-32.27639807281326,-121.12181612203834,0.4293319988668354,-0.2562699691406661,0.8079748138861025,-0.3117313551623704
img_003340.jpg,-0.0,0.0,1.0,-53.80717775818922,-32.14194577332644,-121.00541876946151,0.4289587943096884,-0.2568941403213773,0.8075205884388511,-0.3129061404004251
img_003341.jpg,-0.0,0.0,1.0,-53.86881396323857,-32.0073950557409,-120.88935113797731,0.4285847795116045,-0.2575177369688683,0.8070646015581592,-0.314080293602117
img_003342.jpg,-0.0,0.0,1.0,-53.93003802585218,-31.872729959584507,-120.77363889365918,0.4282097682251958,-0.2581408807956129,0.8066069504838861,-0.3152537192321052
img_003343.jpg,-0.0,0.0,1.0,-53.99085614220222,-31.737957304404627,-120.65824768452146,0.4278338796575797,-0.2587634522409132,0.8061475394247598,-0.3164265979353083
img_003344.jpg,-0.0,0.0,1.0,-54.051222847576334,-31.60308225289232,-120.54321254097589,0.4274569238229506,-0.2593852353357525,0.8056865806319662,-0.3175988220305716
img_003345.jpg,-0.0,0.0,1.0,-54.11122817408696,-31.46809762226968,-120.42849648221885,0.427079174819127,-0.2600067555064217,0.8052237804989074,-0.3187703387172098
img_003346.jpg,-0.0,0.0,1.0,-54.17083462681689,-31.333029470595243,-120.31410799095384,0.4267006497765012,-0.2606276563520301,0.8047592613169768,-0.3199411063763353
img_003347.jpg,-0.0,0.0,1.0,-54.230022760520285,-31.197851811759787,-120.2000595310878,0.4263210955460507,-0.2612479655199668,0.804293112982343,-0.3211112150225611
img_003348.jpg,-0.0,0.0,1.0,-54.28881929315301,-31.062564218911245,-120.08632446369404,0.4259406294307006,-0.2618677705586056,0.8038252122259013,-0.3222807458301362
img_003349.jpg,-0.0,0.0,1.0,-54.34722494112903,-30.927200569819306,-119.97292025889622,0.4255593999906459,-0.2624869805434261,0.803355622597444,-0.3234494176310561
img_003350.jpg,-0.0,0.0,1.0,-54.40521748803592,-30.791719366165797,-119.85983955278084,0.4251770990303104,-0.2631056028045883,0.8028843818499132,-0.3246175374413503
img_003351.jpg,-0.0,0.0,1.0,-54.46284022872681,-30.65613656875037,-119.74705753192872,0.4247939858713934,-0.2637237714609937,0.8024113342029549,-0.3257850405965838
img_003352.jpg,-0.0,0.0,1.0,-54.5200545796161,-30.52047347766857,-119.634612400926,0.4244099747017187,-0.2643412555426463,0.8019366925146716,-0.3269517016173075
img_003353.jpg,-0.0,0.0,1.0,-54.57691397380264,-30.384700790244068,-119.5224577680115,0.4240251357044476,-0.2649583910975919,0.8014602087836505,-0.3281177669896399
img_003354.jpg,-0.0,0.0,1.0,-54.63335785985814,-30.248849269259697,-119.41064369928309,0.4236393479442334,-0.2655747931750373,0.8009821838108351,-0.3292829684648853
img_003355.jpg,-0.0,0.0,1.0,-54.68942335580533,-30.11288464432257,-119.29911507264988,0.4232526267804536,-0.2661906750204176,0.8005023791742866,-0.3304476953950912
img_003356.jpg,-0.0,0.0,1.0,-54.745066325960096,-29.97681400532919,-119.18790909239374,0.4228647857825587,-0.2668058301493948,0.8000210174058127,-0.3316118116900113
img_003357.jpg,-0.0,0.0,1.0,-54.800388334695874,-29.840673198036235,-119.07699442838836,0.4224763893950017,-0.267420681423781,0.7995377920211146,-0.3327749970785129
img_003358.jpg,-0.0,0.0,1.0,-54.85531657477777,-29.704449834341176,-118.96639883613572,0.4220870743132402,-0.2680348779716289,0.7990529626026783,-0.3339373726379031
img_003359.jpg,-0.0,0.0,1.0,-54.90984720509376,-29.56810735164881,-118.85609920664128,0.4216966514914715,-0.2686484768196447,0.7985664735758415,-0.3350992648514915
img_003360.jpg,-0.0,0.0,1.0,-54.96402640405184,-29.43169171243317,-118.74608016716004,0.4213055498701366,-0.269261525173261,0.7980781956433011,-0.3362604025881192
img_003361.jpg,-0.0,0.0,1.0,-55.01781620430116,-29.295185414790936,-118.63639312222712,0.4209134194283691,-0.2698740269372847,0.79758837595494,-0.3374206358113458
img_003362.jpg,-0.0,0.0,1.0,-55.07125289340636,-29.158582423319118,-118.52697288989438,0.4205204701056022,-0.2704860209700979,0.7970967474796952,-0.3385803033834338
img_003363.jpg,-0.0,0.0,1.0,-55.12431795593902,-29.02189996521643,-118.41781675518936,0.4201267421017516,-0.2710972851484709,0.796603362105061,-0.3397394090166901
img_003364.jpg,-0.0,0.0,1.0,-55.17698963284457,-28.885126070121828,-118.30899945661682,0.4197319088067537,-0.271707996123121,0.7961085009020592,-0.34089755699282
img_003365.jpg,-0.0,0.0,1.0,-55.22932130470213,-28.74826438776077,-118.20043382282878,0.4193363426312019,-0.2723181857153939,0.7956117915833303,-0.3420551338175279
img_003366.jpg,-0.0,0.0,1.0,-55.281266915484046,-28.611298747981497,-118.0921742435896,0.4189396678505124,-0.2729278069743978,0.7951135107299423,-0.3432119927044424
img_003367.jpg,-0.0,0.0,1.0,-55.332850725578055,-28.474263394622827,-117.98420656176256,0.4185421786116148,-0.2735368128085191,0.7946135832013611,-0.3443679865398266
img_003368.jpg,-0.0,0.0,1.0,-55.38411808289764,-28.33714992479088,-117.8764761867364,0.4181440785222065,-0.2741453553025137,0.7941117449809331,-0.3455233570197689
img_003369.jpg,-0.0,0.0,1.0,-55.43499591483767,-28.19994026991941,-117.76903620807887,0.4177449007337104,-0.2747532046584657,0.79360833403052,-0.3466780734315169
img_003370.jpg,-0.0,0.0,1.0,-55.485518990021255,-28.06265944838385,-117.66189104998816,0.4173448730297977,-0.2753604975751453,0.7931033029661207,-0.3478318619033341
img_003371.jpg,-0.0,0.0,1.0,-55.53567504922284,-27.925285034399938,-117.55502029316828,0.4169438610033116,-0.2759671782902984,0.7925966214591038,-0.3489849981442696
img_003372.jpg,-0.0,0.0,1.0,-55.58548293671627,-27.78781412744519,-117.4483944311813,0.4165419624807537,-0.2765732814926221,0.7920881636102906,-0.3501376222652499
img_003373.jpg,-0.0,0.0,1.0,-55.63493777216593,-27.65028111937128,-117.342064627593,0.416139228699865,-0.2771787947610868,0.7915781243972565,-0.3512892412921214
img_003374.jpg,-0.0,0.0,1.0,-55.68406484088092,-27.51267903962638,-117.23599636841055,0.4157357660379076,-0.2777837978229083,0.791066345836163,-0.35244002466998
img_003375.jpg,-0.0,0.0,1.0,-55.73282362630932,-27.37497274822795,-117.13018528094452,0.4153312404213422,-0.2783881591471925,0.7905529061542793,-0.3535902941933362
img_003376.jpg,-0.0,0.0,1.0,-55.78124566631842,-27.23720626456446,-117.02464532747396,0.4149259611885841,-0.2789919366921392,0.790037805041247,-0.3547396405789851
img_003377.jpg,-0.0,0.0,1.0,-55.82931650455538,-27.099333003749926,-116.91933984569408,0.4145196854768831,-0.2795951164792955,0.7895209508781551,-0.3558885630608671
img_003378.jpg,-0.0,0.0,1.0,-55.87705366994199,-26.961414358058025,-116.81432110505251,0.4141126887794057,-0.280197715623459,0.7890025067291322,-0.3570363644314567
img_003379.jpg,-0.0,0.0,1.0,-55.92442696684544,-26.8233964983557,-116.709558217265,0.4137046222803562,-0.2807996674083119,0.7884824326609867,-0.3581835921315518
img_003380.jpg,-0.0,0.0,1.0,-55.971460219887504,-26.685305061970528,-116.6050594235203,0.4132956778012556,-0.2814010422229677,0.7879607212635703,-0.3593299846831908
img_003381.jpg,-0.0,0.0,1.0,-56.01819191833084,-26.54714135077319,-116.50078674464478,0.4128860645104424,-0.282001959447117,0.7874371704689884,-0.3604756512787774
img_003382.jpg,-0.0,0.0,1.0,-56.06454668027954,-26.40890227964769,-116.3967862353302,0.4124754015164142,-0.2826020796708534,0.7869121193154296,-0.3616205527677878
img_003383.jpg,-0.0,0.0,1.0,-56.1105849646854,-26.27058744031137,-116.29303363687268,0.4120639235110303,-0.2832017309193375,0.7863853534571975,-0.3627646322520784
img_003384.jpg,-0.0,0.0,1.0,-56.15628714278319,-26.13219549513512,-116.18951769042135,0.4116515761180893,-0.2838007423759308,0.7858568953440436,-0.3639080358367818
img_003385.jpg,-0.0,0.0,1.0,-56.20169649710846,-25.993746816380032,-116.08623840745362,0.4112386044020993,-0.2843993121718702,0.785326661225598,-0.3650505124689402
img_003386.jpg,-0.0,0.0,1.0,-56.24669526742333,-25.8551959034532,-115.983221038102,0.4108242907380494,-0.2849969383814381,0.7847950049777278,-0.3661925004895561
img_003387.jpg,-0.0,0.0,1.0,-56.2914592197612,-25.71659892950296,-115.88041948096377,0.4104096283014757,-0.2855943908442774,0.7842613901651513,-0.3673334354669543
img_003388.jpg,-0.0,0.0,1.0,-56.335815208009066,-25.577908007436505,-115.77788362260446,0.4099936453768932,-0.2861908888561041,0.7837263859555754,-0.368473795327879
img_003389.jpg,-0.0,0.0,1.0,-56.37986432468698,-25.439161983325512,-115.67559203662456,0.409576934623778,-0.286786861016031,0.783189709406831,-0.3696131897700685
img_003390.jpg,-0.0,0.0,1.0,-56.42361758609465,-25.300339709777603,-115.57349520391764,0.4091595199779547,-0.2873823043725822,0.7826511685617491,-0.3707520016046343
img_003391.jpg,-0.0,0.0,1.0,-56.46700369548012,-25.16144584172968,-115.47167536685076,0.4087409800458984,-0.2879770018899591,0.7821112215320551,-0.3718898960273394
img_003392.jpg,-0.0,0.0,1.0,-56.51008792451994,-25.02246818122411,-115.37006377714398,0.4083216148481475,-0.2885712104683027,0.7815694833991527,-0.3730271544483608
img_003393.jpg,-0.0,0.0,1.0,-56.55284579885507,-24.88344935448576,-115.268688787179,0.4079015118171664,-0.2891646593587097,0.7810261498237007,-0.3741634799480003
img_003394.jpg,-0.0,0.0,1.0,-56.59531813447045,-24.74436242627194,-115.16754953471045,0.4074806366002231,-0.289757750307421,0.7804811056919883,-0.3752988417121356
img_003395.jpg,-0.0,0.0,1.0,-56.63743162552688,-24.60518549453632,-115.0666225031883,0.4070586686416158,-0.2903500032889036,0.7799344522497162,-0.3764337472488138
img_003396.jpg,-0.0,0.0,1.0,-56.67925452286033,-24.46595057961048,-114.96590948713948,0.4066360031116223,-0.2909417353291768,0.7793860574737002,-0.3775677966043372
img_003397.jpg,-0.0,0.0,1.0,-56.720763045746594,-24.32663911596537,-114.8654469613058,0.4062123490369447,-0.2915330010052,0.7788360971649964,-0.3787008985566127
img_003398.jpg,-0.0,0.0,1.0,-56.76194830975936,-24.187275665589944,-114.76518369420548,0.4057879393277502,-0.2921234394704451,0.7782844552134666,-0.3798333202618916
img_003399.jpg,-0.0,0.0,1.0,-56.80283882317324,-24.04786100560085,-114.6651665491046,0.4053627419764476,-0.2927134051629622,0.7777312255298428,-0.3809646318112594
img_003400.jpg,-0.0,0.0,1.0,-56.84341762687768,-23.90836257158337,-114.5653443225376,0.4049366294144389,-0.2933027558350879,0.7771762640880159,-0.3820953730630752
img_003401.jpg,-0.0,0.0,1.0,-56.88368720344533,-23.76879188238368,-114.46572115704444,0.4045096556313748,-0.2938914668315981,0.7766195971113937,-0.3832254501035841
img_003402.jpg,-0.0,0.0,1.0,-56.923623339183166,-23.629172978352184,-114.36632842682904,0.4040817882873656,-0.2944793686505283,0.7760614226165357,-0.3843546254958689
img_003403.jpg,-0.0,0.0,1.0,-56.963232228153394,-23.489480351130865,-114.2671650622985,0.4036528893830227,-0.2950666203589724,0.7755017096566945,-0.3854829863459802
img_003404.jpg,-0.0,0.0,1.0,-57.00258574212063,-23.349715695909083,-114.16819357646668,0.4032232959205548,-0.2956535668593919,0.7749401582634806,-0.3866105186629757
img_003405.jpg,-0.0,0.0,1.0,-57.04161854423411,-23.20992481129804,-114.06944752361544,0.4027929583776428,-0.2962396634590524,0.7743771015894663,-0.3877370230052206
img_003406.jpg,-0.0,0.0,1.0,-57.08034831239231,-23.07003970647057,-113.97089692899432,0.4023616049949843,-0.2968252487485893,0.7738123403165116,-0.3888629225126528
img_003407.jpg,-0.0,0.0,1.0,-57.1187826108665,-22.930124469391533,-113.87254324048578,0.4019296214313779,-0.2974100707598349,0.7732459290923548,-0.389987900285073
img_003408.jpg,-0.0,0.0,1.0,-57.15693155550916,-22.790117361695746,-113.77437948613668,0.4014966888505106,-0.2979944680019535,0.7726777688492877,-0.3911122235476612
img_003409.jpg,-0.0,0.0,1.0,-57.19473627324096,-22.650048206315383,-113.67643111602727,0.4010627034086373,-0.2985779887754705,0.7721081372597893,-0.3922357925158909
img_003410.jpg,-0.0,0.0,1.0,-57.23227101134744,-22.509943813459397,-113.578703290523,0.4006280506310985,-0.2991610218281966,0.7715368956324525,-0.3933581914032975
img_003411.jpg,-0.0,0.0,1.0,-57.26950552194839,-22.369763118199845,-113.48114903094948,0.4001924991176229,-0.2997433948425575,0.7709639308669685,-0.3944800098869425
img_003412.jpg,-0.0,0.0,1.0,-57.30647108579946,-22.229537090041102,-113.3837926583115,0.3997562634477946,-0.3003252536641253,0.7703892848850514,-0.395600836172189
img_003413.jpg,-0.0,0.0,1.0,-57.34310933182464,-22.089235385381134,-113.28663882337278,0.399318942249884,-0.3009063666019217,0.7698131054898478,-0.3967209642997709
img_003414.jpg,-0.0,0.0,1.0,-57.37946232015708,-21.948906628857383,-113.18968069763493,0.3988809715526258,-0.3014867581763032,0.7692353188897144,-0.397840080120412
img_003415.jpg,-0.0,0.0,1.0,-57.41552197514573,-21.808502334402867,-113.0929255992673,0.3984420106074592,-0.3020666314062268,0.7686559311501139,-0.3989583610876347
img_003416.jpg,-0.0,0.0,1.0,-57.45128599357804,-21.668043954649885,-112.99632227564948,0.3980023011807215,-0.3026456887862924,0.7680748016143436,-0.4000760608171997
img_003417.jpg,-0.0,0.0,1.0,-57.48676102014154,-21.527506418267272,-112.89992878487762,0.3975615566720984,-0.3032242963897181,0.7674920972527516,-0.4011928655771325
img_003418.jpg,-0.0,0.0,1.0,-57.52198526233243,-21.386952463820503,-112.80370810348178,0.3971203645228984,-0.3038022788962839,0.7669076650158995,-0.402308618797169
img_003419.jpg,-0.0,0.0,1.0,-57.55687348022352,-21.246316625750268,-112.70770583679491,0.3966779127357699,-0.3043795376310221,0.7663218289498369,-0.4034235802405393
img_003420.jpg,-0.0,0.0,1.0,-57.59145973661521,-21.105622841380768,-112.61187567905776,0.3962345721804344,-0.3049560245880148,0.7657343719532004,-0.4045378331947459
img_003421.jpg,-0.0,0.0,1.0,-57.62580432400124,-20.964899186545896,-112.51621170098898,0.3957907252005779,-0.3055319863676962,0.7651451534259222,-0.4056510832479466
img_003422.jpg,-0.0,0.0,1.0,-57.65984791967787,-20.82410628388139,-112.42074201318437,0.3953458479754729,-0.3061073123828511,0.7645543953621741,-0.4067635066309197
img_003423.jpg,-0.0,0.0,1.0,-57.69359953419949,-20.68324335341388,-112.32542503421678,0.3949000685552131,-0.306681922606124,0.7639619340656735,-0.4078753455411772
img_003424.jpg,-0.0,0.0,1.0,-57.72710284490186,-20.54237890403567,-112.23032056673608,0.3944537716102921,-0.3072559837221219,0.763367954651451,-0.4089857556695915
img_003425.jpg,-0.0,0.0,1.0,-57.760312995525545,-20.4014335058655,-112.13536495731124,0.394006495378788,-0.3078293591508603,0.7627722668224861,-0.4100956427598101
img_003426.jpg,-0.0,0.0,1.0,-57.793209389738486,-20.260417913679667,-112.04061860405128,0.3935580562115771,-0.3084020674904476,0.7621751631771986,-0.4112046227784813
img_003427.jpg,-0.0,0.0,1.0,-57.82585590213786,-20.11937439111252,-111.94600922061346,0.3931091135311566,-0.3089740811555289,0.7615762728660587,-0.4123127728318482
img_003428.jpg,-0.0,0.0,1.0,-57.85825335681906,-19.978292494808336,-111.85157024239854,0.3926595106926299,-0.3095455698468259,0.7609757099886421,-0.4134199047676711
img_003429.jpg,-0.0,0.0,1.0,-57.89035523920778,-19.837137212009697,-111.75729280820164,0.3922088907039073,-0.3101163623860661,0.7603735339080993,-0.4145263764410576
img_003430.jpg,-0.0,0.0,1.0,-57.92217523691512,-19.69593405053815,-111.66320531593048,0.3917573645605847,-0.3106865235371838,0.7597698508026506,-0.4156318385497459
img_003431.jpg,-0.0,0.0,1.0,-57.953734399849175,-19.554703200119175,-111.56926849915531,0.3913052227619819,-0.3112559606151809,0.7591644961720869,-0.4167363883469956
img_003432.jpg,-0.0,0.0,1.0,-57.98500913574815,-19.41341099034908,-111.47552219740804,0.3908520660043044,-0.3118248152359642,0.7585576454283447,-0.4178399761456887
img_003433.jpg,-0.0,0.0,1.0,-58.01602379627566,-19.27206931484012,-111.38190549643276,0.3903982083502691,-0.3123929830177255,0.7579490342729178,-0.4189428654637027
img_003434.jpg,-0.0,0.0,1.0,-58.04676958520022,-19.130668310896475,-111.28843814582916,0.3899434976524573,-0.3129605204421334,0.7573387539263249,-0.420044989357662
img_003435.jpg,-0.0,0.0,1.0,-58.07720908001102,-18.98923960215239,-111.19517877110584,0.3894878107047647,-0.313527226723907,0.756727172094174,-0.4211459490836635
img_003436.jpg,-0.0,0.0,1.0,-58.10740302092044,-18.847746864956736,-111.10204182828312,0.3890313834832214,-0.3140933872422143,0.7561137701027653,-0.4222462473685535
img_003437.jpg,-0.0,0.0,1.0,-58.13732234175382,-18.706230885506496,-111.00910938914812,0.388574112273126,-0.3146588914395686,0.755498992698705,-0.4233452649320834
img_003438.jpg,-0.0,0.0,1.0,-58.16699120882491,-18.56464634880137,-110.91629572331104,0.3881160488758261,-0.3152238262444301,0.7548824053387129,-0.4244436665599784
img_003439.jpg,-0.0,0.0,1.0,-58.19637228473312,-18.42302815278433,-110.82361512315497,0.3876572099316962,-0.315787825580872,0.7542642184875942,-0.4255413323194076
img_003440.jpg,-0.0,0.0,1.0,-58.225525348463854,-18.28137359490941,-110.73111882584128,0.3871976513844495,-0.3163514691187953,0.7536444630111104,-0.4266377270254486
img_003441.jpg,-0.0,0.0,1.0,-58.25436196920337,-18.139653901973958,-110.63877516544142,0.3867369550764734,-0.3169142067405313,0.7530232344065021,-0.4277334702687734
img_003442.jpg,-0.0,0.0,1.0,-58.282977956366565,-17.997911104070877,-110.54657288425956,0.386275744382394,-0.317476427066858,0.7524002930961903,-0.4288281316651885
img_003443.jpg,-0.0,0.0,1.0,-58.31128278304839,-17.856107279842004,-110.45451427638824,0.3858134453871446,-0.3180377264865893,0.7517758534922742,-0.4299221510875019
img_003444.jpg,-0.0,0.0,1.0,-58.33938353137981,-17.714266066708156,-110.36260130415236,0.3853505824663933,-0.3185986999665253,0.7511496677249621,-0.4310150503742652
img_003445.jpg,-0.0,0.0,1.0,-58.36716796661558,-17.57238171565782,-110.27084086287644,0.3848866725996397,-0.3191586623432504,0.7505220739619461,-0.4321071788368066
img_003446.jpg,-0.0,0.0,1.0,-58.39472504998529,-17.430450935882384,-110.17921055189152,0.3844220849818324,-0.3197181373110396,0.7498927440375642,-0.4331983906853677
img_003447.jpg,-0.0,0.0,1.0,-58.42203638201038,-17.288490660143275,-110.08772347799864,0.3839568039223852,-0.3202769661364184,0.7492618114861831,-0.4342885855426112
img_003448.jpg,-0.0,0.0,1.0,-58.44905949226952,-17.146489542468345,-109.99641396427296,0.3834904977376503,-0.3208350408605007,0.7486295175189818,-0.4353777212952756
img_003449.jpg,-0.0,0.0,1.0,-58.475864968378126,-17.00443096804998,-109.90520611549812,0.3830235416734019,-0.3213926490511259,0.7479953601172473,-0.436466118848798
img_003450.jpg,-0.0,0.0,1.0,-58.502357489780685,-16.86234788793732,-109.81417862065555,0.3825555350072032,-0.3219492720786956,0.7473599634932611,-0.4375534410911452
img_003451.jpg,-0.0,0.0,1.0,-58.52862264691392,-16.720201559046462,-109.7232274323926,0.3820868625855638,-0.322505308811523,0.7467226404402626,-0.4386402324021669
img_003452.jpg,-0.0,0.0,1.0,-58.55462170891381,-16.578040194046057,-109.6324503369754,0.3816173730463857,-0.3230605996536297,0.7460839548206415,-0.4397257803447553
img_003453.jpg,-0.0,0.0,1.0,-58.58039388523336,-16.435833942865035,-109.54178678805546,0.3811472056594053,-0.3236153426517864,0.7454435272644953,-0.4408104641201948
img_003454.jpg,-0.0,0.0,1.0,-58.60586871463965,-16.29358822819511,-109.45129894452658,0.3806759369939234,-0.3241692600162408,0.7448018123759687,-0.4418940847485894
img_003455.jpg,-0.0,0.0,1.0,-58.631149773032966,-16.151310277193105,-109.3608982041445,0.3802042502072799,-0.3247226957674456,0.7441581956122822,-0.4429768378605312
img_003456.jpg,-0.0,0.0,1.0,-58.65612772271778,-16.008964860572206,-109.2706467901896,0.3797313346523015,-0.3252753171418404,0.7435131789544716,-0.4440588184716892
img_003457.jpg,-0.0,0.0,1.0,-58.680885979026144,-15.866601892934847,-109.18050079359324,0.3792579187138396,-0.3258272785815109,0.7428664428395343,-0.4451398249179129
img_003458.jpg,-0.0,0.0,1.0,-58.70536978324353,-15.724194434264064,-109.09048871071316,0.3787835447666715,-0.3263784501681081,0.7422182186253964,-0.4462199563224421
img_003459.jpg,-0.0,0.0,1.0,-58.729622070356434,-15.581775039639234,-109.00061929193136,0.3783085352507794,-0.3269289814468148,0.7415684792272224,-0.4472988753207218
img_003460.jpg,-0.0,0.0,1.0,-58.7536255592522,-15.439304245244458,-108.91089111016367,0.3778325899579562,-0.3274789470749031,0.740917213180762,-0.4483768018094035
img_003461.jpg,-0.0,0.0,1.0,-58.77736508275733,-15.296792007038684,-108.82124040415307,0.377355881346813,-0.3280279909905802,0.7402642382360016,-0.4494541506411149
img_003462.jpg,-0.0,0.0,1.0,-58.80089508359745,-15.154241002614404,-108.73173010838497,0.3768784507238034,-0.3285766598097512,0.7396096569752963,-0.4505303178668192
img_003463.jpg,-0.0,0.0,1.0,-58.82411258712427,-15.0116602440036,-108.64236920164332,0.3763999115355753,-0.3291242747977955,0.7389538235158211,-0.4516055414254629
img_003464.jpg,-0.0,0.0,1.0,-58.84714355596444,-14.869041561010206,-108.55309939635762,0.3759208715211935,-0.3296714971233166,0.7382961414312114,-0.4526798094536601
img_003465.jpg,-0.0,0.0,1.0,-58.86992449795173,-14.726389359614474,-108.46392302070592,0.3754410922854104,-0.3302179041246683,0.7376368166135746,-0.4537532906715287
img_003466.jpg,-0.0,0.0,1.0,-58.8924432832952,-14.583725966267007,-108.37491644816777,0.3749604269747543,-0.3307635602367389,0.7369762327172921,-0.4548254366592254
img_003467.jpg,-0.0,0.0,1.0,-58.9147054877448,-14.44099207684469,-108.28600302214804,0.3744787667407576,-0.3313085386765667,0.7363139771614353,-0.4558969538141582
img_003468.jpg,-0.0,0.0,1.0,-58.93675934241424,-14.298252822172351,-108.19720327587044,0.3739966140377284,-0.3318529010913123,0.7356501110916851,-0.4569672841422956
img_003469.jpg,-0.0,0.0,1.0,-58.958562025579866,-14.15546426640499,-108.10849078623636,0.3735136130840386,-0.3323964998775527,0.7349845848712852,-0.4580369064951469
img_003470.jpg,-0.0,0.0,1.0,-58.98010210179255,-14.012653359727846,-108.0199258059296,0.3730296915953429,-0.3329393281633883,0.7343177271255744,-0.4591053567314643
img_003471.jpg,-0.0,0.0,1.0,-59.00140845410981,-13.869794567631688,-107.9314441277093,0.3725449958087048,-0.3334814866058567,0.7336491603184409,-0.460173047616966
img_003472.jpg,-0.0,0.0,1.0,-59.02249319721926,-13.726922037814928,-107.84309378240272,0.3720596252929503,-0.3340230437270107,0.7329791096275647,-0.4612394891331348
img_003473.jpg,-0.0,0.0,1.0,-59.04332518975503,-13.584013848767006,-107.75484493167836,0.3715734072516878,-0.3345638102441829,0.7323075151026477,-0.4623050542904018
img_003474.jpg,-0.0,0.0,1.0,-59.06394728307946,-13.441081764662483,-107.66670476427342,0.3710865543215615,-0.3351040269147395,0.73163430933365,-0.4633695045567298
img_003475.jpg,-0.0,0.0,1.0,-59.08425560562697,-13.29809575180276,-107.57865823266226,0.3705985090390918,-0.335643128540556,0.7309596886856097,-0.4644333847584026
img_003476.jpg,-0.0,0.0,1.0,-59.104390304882415,-13.155097832665817,-107.49072901747012,0.3701100052566781,-0.3361818829054213,0.7302834226073422,-0.4654959165019315
img_003477.jpg,-0.0,0.0,1.0,-59.12427470712423,-13.012067598590107,-107.40289590161848,0.3696206692286854,-0.3367198319814791,0.7296056202797753,-0.4665575575269011
img_003478.jpg,-0.0,0.0,1.0,-59.143933683500286,-12.869010499106423,-107.31514881819388,0.3691306560625659,-0.3372570762034302,0.7289261850827025,-0.4676182631231495
img_003479.jpg,-0.0,0.0,1.0,-59.163337948584704,-12.725905212606646,-107.22749720304972,0.3686396880166941,-0.3377935642425055,0.7282452093603234,-0.4686781448062596
img_003480.jpg,-0.0,0.0,1.0,-59.18250163442016,-12.582786660296843,-107.13998582467538,0.3681478853400994,-0.3383293612517816,0.7275629074339784,-0.4697367279240477
img_003481.jpg,-0.0,0.0,1.0,-59.20146284688813,-12.439650310059063,-107.05255496273467,0.3676555470582288,-0.3388645397971125,0.7268789220585523,-0.4707942810319628
img_003482.jpg,-0.0,0.0,1.0,-59.22016459299134,-12.296473327091242,-106.96521327398918,0.3671622746985895,-0.3393988779633274,0.7261934213455803,-0.471851015120019
img_003483.jpg,-0.0,0.0,1.0,-59.238650036503415,-12.153269258555694,-106.87795427916411,0.3666683363554007,-0.3399325639654115,0.725506283626844,-0.4729067725125425
img_003484.jpg,-0.0,0.0,1.0,-59.256901759184814,-12.01004687972572,-106.79080223181388,0.3661736323265893,-0.3404655233013353,0.7248176847732668,-0.4739614143280239
img_003485.jpg,-0.0,0.0,1.0,-59.27489363205589,-11.866783688900474,-106.70374846070985,0.3656779426950534,-0.34099767340542,0.7241276312669271,-0.4750151603834902
img_003486.jpg,-0.0,0.0,1.0,-59.29266536341365,-11.723489285974448,-106.61677766277252,0.3651815258191422,-0.3415291709946594,0.7234359673651922,-0.4760679359949505
img_003487.jpg,-0.0,0.0,1.0,-59.3102173521176,-11.580188791913256,-106.52990333407928,0.3646844819663075,-0.3420599403626931,0.7227428040913635,-0.4771195499517805
img_003488.jpg,-0.0,0.0,1.0,-59.32754251513831,-11.436832346633595,-106.4430858706734,0.3641866048568093,-0.3425900542138974,0.7220479073712212,-0.478170462343116
img_003489.jpg,-0.0,0.0,1.0,-59.34462782880936,-11.29348386944507,-106.35640519612456,0.3636879642755485,-0.3431193749065767,0.721351782366323,-0.4792199550120553
img_003490.jpg,-0.0,0.0,1.0,-59.36150056054663,-11.150114626091716,-106.2698177401057,0.3631886311839803,-0.3436480762025891,0.7206541174943252,-0.480268321711355
img_003491.jpg,-0.0,0.0,1.0,-59.378103240983286,-11.00667554188354,-106.1832629477978,0.362688255816158,-0.3441758447970073,0.7199547401917009,-0.4813163087064472
img_003492.jpg,-0.0,0.0,1.0,-59.39451437636262,-10.863259500145375,-106.0968483112108,0.3621873755360692,-0.3447030641377619,0.7192540587207313,-0.4823626245783219
img_003493.jpg,-0.0,0.0,1.0,-59.410695487573655,-10.719796048909451,-106.01047240833104,0.361685719601871,-0.3452295152478256,0.7185516284226996,-0.4834082946422361
img_003494.jpg,-0.0,0.0,1.0,-59.42664172966856,-10.576308258528917,-105.92418659408396,0.3611832399822899,-0.3457552193142881,0.7178477333044819,-0.4844529154236162
img_003495.jpg,-0.0,0.0,1.0,-59.44236746233386,-10.43281506977105,-105.83799617627436,0.3606800841423181,-0.346280192077667,0.7171423988139061,-0.4854963288235872
img_003496.jpg,-0.0,0.0,1.0,-59.45784345821189,-10.289281222627787,-105.75188717906238,0.3601759597829604,-0.3468043793788026,0.716435589607072,-0.4865388436522556
img_003497.jpg,-0.0,0.0,1.0,-59.4731115041112,-10.145726948480654,-105.66584678414328,0.3596711934257755,-0.3473279053055184,0.7157271733622538,-0.4875803237689536
img_003498.jpg,-0.0,0.0,1.0,-59.48814455434533,-10.00214382275441,-105.57987090357652,0.3591656276086975,-0.3478506304233316,0.7150172039583056,-0.4886209051014786
img_003499.jpg,-0.0,0.0,1.0,-59.502959800400895,-9.858530746445522,-105.49398629039383,0.3586592416125268,-0.3483727527093618,0.7143057478793969,-0.4896603640505164
img_003500.jpg,-0.0,0.0,1.0,-59.517555543460325,-9.714923735111128,-105.40816154083916,0.3581523256688968,-0.3488939892716218,0.7135927588214681,-0.4906987573100833
img_003501.jpg,-0.0,0.0,1.0,-59.53192002569855,-9.571276338974254,-105.32241426565784,0.357644501015931,-0.349414549472427,0.7128782575024163,-0.4917361828159131
img_003502.jpg,-0.0,0.0,1.0,-59.54603143702993,-9.42762162434303,-105.23677741793308,0.3571357579086134,-0.3499342411245406,0.7121625292340715,-0.4927723706404027
img_003503.jpg,-0.0,0.0,1.0,-59.559962885254016,-9.283939971485896,-105.15117996871034,0.3566265075958538,-0.3504533940757083,0.711445011359587,-0.4938076026878866
img_003504.jpg,-0.0,0.0,1.0,-59.573678896707534,-9.14023148112107,-105.06565570280628,0.3561164893913056,-0.3509718939509731,0.7107259640327854,-0.4948417723775415
img_003505.jpg,-0.0,0.0,1.0,-59.58713259947468,-8.996514372988349,-104.98019061374656,0.3556056427545554,-0.3514893195694944,0.7100055165885323,-0.495875036156837
img_003506.jpg,-0.0,0.0,1.0,-59.6003695236157,-8.852757286611647,-104.89478466716746,0.3550939768171254,-0.3520061077299692,0.7092834685730129,-0.4969073645640922
img_003507.jpg,-0.0,0.0,1.0,-59.613415166929286,-8.708996029699414,-104.80946562784918,0.3545817181500325,-0.3525223293592853,0.7085599463829038,-0.4979383644977871
img_003508.jpg,-0.0,0.0,1.0,-59.62622166408485,-8.565230431354506,-104.72423882591052,0.3540686353950825,-0.3530377068724953,0.7078351279368978,-0.4989681458913281
img_003509.jpg,-0.0,0.0,1.0,-59.63877326309149,-8.421427427745272,-104.63905826506888,0.3535546037096693,-0.3535521637331774,0.7071087966254226,-0.499997159442165
img_003510.jpg,-0.0,0.0,1.0,-59.65114436435275,-8.277604367496451,-104.55389199627164,0.353040140747106,-0.3540659782850129,0.7063806276115089,-0.5010252997379585
img_003511.jpg,-0.0,0.0,1.0,-59.66326755840552,-8.133763593199069,-104.46884111443964,0.352524647675934,-0.3545790366422073,0.7056512826243377,-0.502052135624847
img_003512.jpg,-0.0,0.0,1.0,-59.67521284780259,-7.989916286769469,-104.38382342274582,0.3520087437870698,-0.3550914640605006,0.7049202176276641,-0.5030779097004617
img_003513.jpg,-0.0,0.0,1.0,-59.68689757048929,-7.846034212050252,-104.2988750135784,0.3514917858243881,-0.3556030020813359,0.7041877903372672,-0.5041027527683627
img_003514.jpg,-0.0,0.0,1.0,-59.69840499736213,-7.702165368152134,-104.21402637164276,0.3509743165012505,-0.3561140240503846,0.7034539919434166,-0.5051260360048705
img_003515.jpg,-0.0,0.0,1.0,-59.70964304723449,-7.558236066764866,-104.12917083157878,0.3504558298591183,-0.3566239982972881,0.7027184788741396,-0.5061489648364678
img_003516.jpg,-0.0,0.0,1.0,-59.72069444520838,-7.41431535027292,-104.0443956993727,0.3499368127607886,-0.357133365786308,0.7019815416328239,-0.5071704854620069
img_003517.jpg,-0.0,0.0,1.0,-59.73153146954488,-7.270379763557979,-103.95967164476548,0.3494170930142868,-0.3576419825829972,0.701243090715022,-0.5081909435714019
img_003518.jpg,-0.0,0.0,1.0,-59.74213866096749,-7.126425507557993,-103.87500273906922,0.3488965616907055,-0.3581497869839213,0.7005031904359297,-0.5092103686226932
img_003519.jpg,-0.0,0.0,1.0,-59.75249956921706,-6.982450457247372,-103.79037358898886,0.3483751754376551,-0.3586566442552905,0.6997618256786071,-0.5102289054858217
img_003520.jpg,-0.0,0.0,1.0,-59.76269287506371,-6.838476136290062,-103.70586662715417,0.3478531450967512,-0.3591631825067344,0.6990191742638138,-0.5112457254486035
img_003521.jpg,-0.0,0.0,1.0,-59.77262261026992,-6.6944771750138985,-103.62137476447278,0.3473302259357609,-0.3596686159684104,0.6982750078586742,-0.5122618610034809
img_003522.jpg,-0.0,0.0,1.0,-59.78238200633705,-6.550463340797374,-103.53687680599664,0.3468069522946987,-0.360173403880558,0.6975289674750603,-0.5132771147346541
img_003523.jpg,-0.0,0.0,1.0,-59.79192194452982,-6.406435260979469,-103.45246347744724,0.3462828182275279,-0.3606775206091135,0.6967816209596869,-0.5142910738292612
img_003524.jpg,-0.0,0.0,1.0,-59.80120050559804,-6.262386795432998,-103.36811845006254,0.3457576451526801,-0.3611806938289473,0.696033020133149,-0.515303980295166
img_003525.jpg,-0.0,0.0,1.0,-59.81029730778599,-6.118343371844043,-103.28381932811163,0.3452320025115069,-0.3616832180514954,0.6952828808902025,-0.5163156299811478
img_003526.jpg,-0.0,0.0,1.0,-59.819162253351855,-5.974269133021898,-103.19952075897754,0.3447055957276946,-0.362184829320452,0.6945310778922814,-0.5173265733807959
img_003527.jpg,-0.0,0.0,1.0,-59.82780808789624,-5.830189321955951,-103.1153086161303,0.3441783513079652,-0.362685742917842,0.6937780249289996,-0.5183361520294338
img_003528.jpg,-0.0,0.0,1.0,-59.83625913724158,-5.6861129188668,-103.03116537743978,0.3436504809131988,-0.3631860113819763,0.6930235951502253,-0.5193443603907092
img_003529.jpg,-0.0,0.0,1.0,-59.8444896371449,-5.542000213072756,-102.94700340623436,0.3431219110628519,-0.3636854115350565,0.6922673836981664,-0.5203519434506307
img_003530.jpg,-0.0,0.0,1.0,-59.85250380172189,-5.397878154692982,-102.86292187896753,0.3425924968298492,-0.3641841372910283,0.6915098982471034,-0.521358183869554
img_003531.jpg,-0.0,0.0,1.0,-59.86031563896948,-5.253759840034918,-102.77883377025934,0.3420626488783674,-0.3646819513169357,0.6907507372135333,-0.5223635110389573
img_003532.jpg,-0.0,0.0,1.0,-59.867921046272265,-5.109611556167288,-102.69480522296892,0.3415319385521431,-0.365179192972178,0.6899901386811859,-0.5233676532722686
img_003533.jpg,-0.0,0.0,1.0,-59.875283673652376,-4.965454119008097,-102.61084420096284,0.3410002891249608,-0.3656755678602573,0.6892283127688493,-0.5243705891491021
img_003534.jpg,-0.0,0.0,1.0,-59.88242733368275,-4.821302642766909,-102.52690154289182,0.3404680478916146,-0.3661710019163369,0.6884650031221297,-0.5253724823365851
img_003535.jpg,-0.0,0.0,1.0,-59.88936586192333,-4.677128578273256,-102.44298946484422,0.3399350693018604,-0.3666657562384453,0.6877001572313913,-0.5263733139177443
img_003536.jpg,-0.0,0.0,1.0,-59.89611495541778,-4.532956963209479,-102.3591277316843,0.3394015021337511,-0.3671598638672978,0.6869338841071189,-0.5273728221854137
img_003537.jpg,-0.0,0.0,1.0,-59.902667963034645,-4.388762798975333,-102.27528222226132,0.3388672760823468,-0.3676533076096999,0.6861659920622899,-0.5283713144573156
img_003538.jpg,-0.0,0.0,1.0,-59.90899534930433,-4.24455774549331,-102.19143782033328,0.3383323662734702,-0.3681458117906971,0.6853965408733389,-0.5293689195179713
img_003539.jpg,-0.0,0.0,1.0,-59.91506444547338,-4.100351109573773,-102.10769927288092,0.3377963333787858,-0.3686374479065754,0.6846261496882643,-0.5303650670244013
img_003540.jpg,-0.0,0.0,1.0,-59.920978179726056,-3.956129138560134,-102.02395359336842,0.3372599320397774,-0.369128567097248,0.6838539373125687,-0.5313601712730778
img_003541.jpg,-0.0,0.0,1.0,-59.926634635909366,-3.811910171754838,-101.94020263251292,0.3367227858146128,-0.3696184799148357,0.6830802922908579,-0.5323544487486966
img_003542.jpg,-0.0,0.0,1.0,-59.93208525565769,-3.6676774519591113,-101.85655184559984,0.3361846910576209,-0.3701078876789704,0.6823055028542266,-0.5333471718788274
img_003543.jpg,-0.0,0.0,1.0,-59.93733398892597,-3.523432187217593,-101.77288551542404,0.3356460417648028,-0.3705964705663287,0.6815290277299949,-0.5343390075717928
img_003544.jpg,-0.0,0.0,1.0,-59.94235874907168,-3.3791728343952663,-101.68921301979228,0.3351066914260963,-0.3710841353885313,0.6807509832467312,-0.5353299623904961
img_003545.jpg,-0.0,0.0,1.0,-59.94718552266343,-3.2349303111632244,-101.6056021671222,0.3345667157193351,-0.37157108714042,0.6799716880068105,-0.5363194416047519
img_003546.jpg,-0.0,0.0,1.0,-59.95182573862556,-3.0906584871801077,-101.52203905519362,0.3340259419111771,-0.3720575796848492,0.6791909276573834,-0.5373076505292904
img_003547.jpg,-0.0,0.0,1.0,-59.95623142464165,-2.946395459251755,-101.43850015540076,0.3334844368618098,-0.3725430768964766,0.6784088529650965,-0.5382947282354245
img_003548.jpg,-0.0,0.0,1.0,-59.960414772651504,-2.802109938049933,-101.35491049166372,0.3329423158726005,-0.3730275887005808,0.6776249965297674,-0.5392811849560974
img_003549.jpg,-0.0,0.0,1.0,-59.96439431874269,-2.657829044283808,-101.2713834221051,0.3323994494900609,-0.3735114253894971,0.6768399077603771,-0.5402661939684316
img_003550.jpg,-0.0,0.0,1.0,-59.96814014710177,-2.513550788747372,-101.18789511962471,0.3318557576725661,-0.3739943532753949,0.6760535740793807,-0.5412499836417377
img_003551.jpg,-0.0,0.0,1.0,-59.97171205885966,-2.3692546550329663,-101.104419623968,0.3313114842142816,-0.3744767527273777,0.6752656301394532,-0.5422325984730682
img_003552.jpg,-0.0,0.0,1.0,-59.97504468619582,-2.22494980266178,-101.02093658563057,0.3307664351702907,-0.3749581378864801,0.6744762229771717,-0.5432143083865609
img_003553.jpg,-0.0,0.0,1.0,-59.97820491937293,-2.0806493718445704,-100.93749563120814,0.330220836540568,-0.3754389849086475,0.6736854100316578,-0.5441945755294597
img_003554.jpg,-0.0,0.0,1.0,-59.98111436302482,-1.9363409533362923,-100.8540879510831,0.3296742686628996,-0.3759188703793942,0.6728933799756475,-0.5451737142042078
img_003555.jpg,-0.0,0.0,1.0,-59.98383129759977,-1.7920260278853468,-100.7706369891133,0.3291272635513202,-0.3763979126257893,0.6720995875419286,-0.5461519936648936
img_003556.jpg,-0.0,0.0,1.0,-59.98634432324586,-1.6477089125311573,-100.68720597639904,0.3285795804539436,-0.3768762086468912,0.6713043881973826,-0.547129053379176
img_003557.jpg,-0.0,0.0,1.0,-59.98862983952286,-1.5033974943127686,-100.60387342009594,0.3280308891535438,-0.3773538095165789,0.6705082628537874,-0.5481044678245719
img_003558.jpg,-0.0,0.0,1.0,-59.99071316447953,-1.3590641653639008,-100.52044785383282,0.3274817767953611,-0.3778304527406187,0.669710144355851,-0.5490793725825416
img_003559.jpg,-0.0,0.0,1.0,-59.9925920372738,-1.2147374447814805,-100.43705538974852,0.3269319780770878,-0.3783063504740686,0.668910726205972,-0.5500529313331515
img_003560.jpg,-0.0,0.0,1.0,-59.994235036581024,-1.0704144564740403,-100.35368717867485,0.3263813500227939,-0.378781311049148,0.6681100687667348,-0.5510252886843724
img_003561.jpg,-0.0,0.0,1.0,-59.99565445492692,-0.9260770050789796,-100.27040895196924,0.3258296239745241,-0.3792556851115311,0.6673084049713526,-0.5519960816036583
img_003562.jpg,-0.0,0.0,1.0,-59.99690140085928,-0.7817494908062114,-100.18694700043302,0.3252780888777812,-0.3797288764595812,0.6665043199922537,-0.5529666687155979
img_003563.jpg,-0.0,0.0,1.0,-59.99790139090591,-0.637407175925283,-100.10367244520154,0.3247250094292223,-0.3802016298030239,0.6656997875919832,-0.5539351782892149
img_003564.jpg,-0.0,0.0,1.0,-59.998757937398295,-0.4930780274765985,-100.02030946596216,0.3241719573130419,-0.3806736306940923,0.6648932167368312,-0.5549028197111258
img_003565.jpg,-0.0,0.0,1.0,-59.99934710212917,-0.3487436846362344,-99.9369596403395,0.3236178859726695,-0.3811445404652492,0.6640854645082428,-0.5558694082075264
img_003566.jpg,-0.0,0.0,1.0,-59.99980111412354,-0.2044146946322756,-99.85361386192712,0.3230635234446015,-0.3816150518759827,0.663276082704287,-0.5568345805656346
img_003567.jpg,-0.0,0.0,1.0,-59.99995931183042,-0.0600645968930126,-99.7703321666612,0.32250773229656,-0.3820845357791569,0.662465830286965,-0.5577985244060426
img_003568.jpg,-0.0,0.0,1.0,-59.99995635681483,0.084264810174079,-99.68701500679536,0.3219517359193424,-0.3825532907646491,0.6616538981466048,-0.5587612893992051
img_003569.jpg,-0.0,0.0,1.0,-59.99976294507186,0.2286065809638537,-99.60362800981952,0.3213953126229865,-0.3830212153992616,0.6608401279902573,-0.5597232591342488
img_003570.jpg,-0.0,0.0,1.0,-59.99933233899439,0.3729379902741221,-99.52028454966508,0.3208379828646548,-0.3834882513044848,0.6600252990988315,-0.5606838274930588
img_003571.jpg,-0.0,0.0,1.0,-59.998645474755946,0.517292505945029,-99.4369650429686,0.3202795201371523,-0.3839544005582788,0.6592092918331885,-0.5616432647450106
img_003572.jpg,-0.0,0.0,1.0,-59.99780557668472,0.6616147616005278,-99.35360770937072,0.3197209528768168,-0.3844198183310896,0.6583916212785966,-0.5626014473816906
img_003573.jpg,-0.0,0.0,1.0,-59.99675092121719,0.8059416302193853,-99.27025338211394,0.3191616251524902,-0.3848844466482018,0.6575725952031697,-0.5635584280233038
img_003574.jpg,-0.0,0.0,1.0,-59.99544467732871,0.9502831010928277,-99.18693752748644,0.3186011743370231,-0.3853482253053824,0.6567524894962518,-0.5645141313603564
img_003575.jpg,-0.0,0.0,1.0,-59.99395587776437,1.094620896690964,-99.1035880066712,0.3180402840373799,-0.385811264105654,0.6559307755885665,-0.5654687116493731
img_003576.jpg,-0.0,0.0,1.0,-59.99227810799204,1.2389291964504976,-99.02017511280492,0.3174791689597241,-0.3862733217918288,0.6551074079940461,-0.5664222648694806
img_003577.jpg,-0.0,0.0,1.0,-59.99037487077553,1.3832513102643516,-98.93680012935437,0.3169170536147063,-0.3867346851458946,0.654282890650777,-0.567374447287629
img_003578.jpg,-0.0,0.0,1.0,-59.98824209985029,1.527579233964186,-98.85341666284708,0.316354116016654,-0.3871951673116485,0.6534570373337676,-0.5683255018462582
img_003579.jpg,-0.0,0.0,1.0,-59.98588518312307,1.6719047075567104,-98.77002513501296,0.3157904248801753,-0.3876547640896161,0.6526298619889047,-0.5692753768370502
img_003580.jpg,-0.0,0.0,1.0,-59.98332897089256,1.8162339570719472,-98.6866471324132,0.3152259905694736,-0.3881137106233402,0.6518013757268992,-0.5702238938313599
img_003581.jpg,-0.0,0.0,1.0,-59.98054207477559,1.9605463110429957,-98.60322844817112,0.3146609560521258,-0.3885715822994058,0.6509714817950861,-0.571171373630724
img_003582.jpg,-0.0,0.0,1.0,-59.97761901917423,2.104843065769137,-98.51974149340938,0.3140958754815597,-0.3890288508416628,0.6501397235283143,-0.5721177100115106
img_003583.jpg,-0.0,0.0,1.0,-59.97447318466725,2.249143042715341,-98.4362958946593,0.3135298330556501,-0.3894854201792975,0.6493068918076907,-0.5730625720659901
img_003584.jpg,-0.0,0.0,1.0,-59.97105324735435,2.3934507575937563,-98.35285094141592,0.3129626794230634,-0.3899409140706357,0.6484729511346609,-0.5740063383524591
img_003585.jpg,-0.0,0.0,1.0,-59.96747735204722,2.5377237887926998,-98.26932479535512,0.3123955258207036,-0.3903955756121539,0.6476372214558216,-0.5749490058906477
img_003586.jpg,-0.0,0.0,1.0,-59.96369667591453,2.682008174717003,-98.18580523160296,0.3118275599251497,-0.3908495961280354,0.6468001772647133,-0.5758903513413071
img_003587.jpg,-0.0,0.0,1.0,-59.95964272403672,2.82631931501463,-98.10234741077898,0.311258155811912,-0.3913028179123151,0.6459622898644981,-0.5768302915134251
img_003588.jpg,-0.0,0.0,1.0,-59.95549599472612,2.9705604518172897,-98.01876193328022,0.3106894240081889,-0.3917552765276189,0.6451222858473474,-0.5777690900570244
img_003589.jpg,-0.0,0.0,1.0,-59.95101642905489,3.114849581281772,-97.9351966540414,0.3101189649102734,-0.3922066003298683,0.6442813811825648,-0.5787069311163935
img_003590.jpg,-0.0,0.0,1.0,-59.94641718689959,3.2591048410097825,-97.85160853719265,0.3095484701725629,-0.3926574774132143,0.6434388822058082,-0.5796432134607091
img_003591.jpg,-0.0,0.0,1.0,-59.94152737503369,3.403371154504617,-97.76799851029875,0.3089768099150118,-0.3931071729822408,0.6425952489983885,-0.5805785282365792
img_003592.jpg,-0.0,0.0,1.0,-59.93646438957155,3.547624905250239,-97.68436830008676,0.3084047049292735,-0.393556240053221,0.6417501652804982,-0.581512466981674
img_003593.jpg,-0.0,0.0,1.0,-59.931214155741934,3.691834740345753,-97.60065685261056,0.3078324721426654,-0.3940042865109813,0.6409034704151814,-0.5824453046555397
img_003594.jpg,-0.0,0.0,1.0,-59.92570990682272,3.836098346309996,-97.5170124414566,0.3072586946080902,-0.3944518174736097,0.6400558550903676,-0.5833766884646977
img_003595.jpg,-0.0,0.0,1.0,-59.91997260862237,3.980324960454173,-97.43328320136207,0.3066845214244127,-0.3948981051649218,0.6392067582759386,-0.5843071204685075
img_003596.jpg,-0.0,0.0,1.0,-59.91404573551649,4.124541681784098,-97.34952284109512,0.3061098294807023,-0.3953436729539162,0.6383562262080322,-0.5852362608485926
img_003597.jpg,-0.0,0.0,1.0,-59.90787981261831,4.26875456612129,-97.26573691947216,0.3055343086884883,-0.3957882938621554,0.6375044449579371,-0.5861642221381343
img_003598.jpg,-0.0,0.0,1.0,-59.90153998683245,4.412961365626716,-97.18193448659348,0.3049582704382603,-0.3962323479456359,0.6366512486082695,-0.5870907658772404
img_003599.jpg,-0.0,0.0,1.0,-59.89500619681528,4.557137792088772,-97.09807728548198,0.3043818819669582,-0.396675507350745,0.6357965912989741,-0.5880160765581897
