IMG_NUM,X,Y,Z,ROLL,PITCH,YAW,Q1,Q2,Q3,W
img_000000.jpg,0.399812,-0.299866,1.49986,0.2500056700673735,-0.0005339949170278,0.2499920000108641,0.0021817142892706,9.96327051037372e-08,0.002181594996079,0.9999952403716844
img_000001.jpg,0.399621,-0.299735,1.499719,0.4999960286256243,-0.0021739172217473,0.4999970003599249,0.0043633158678652,6.755706100459854e-08,0.0043633243476859,0.9999809612563978
img_000002.jpg,0.399431,-0.299605,1.499577,0.7499818898960354,-0.0048975804122607,0.7499680027400566,0.0065449194670901,9.573006212997699e-08,0.006544798283972,0.9999571639048256
img_000003.jpg,0.399282,-0.299428,1.49945,0.9999698232318216,-0.0087186720451676,0.9999460115783396,0.0087266038026279,6.703931783494214e-08,0.0087263960225618,0.9999238452994932
img_000004.jpg,0.399091,-0.299297,1.499309,1.2498856003556886,-0.0136307560118064,1.249897035375934,0.0109077416825769,2.913557887073077e-08,0.0109078414600828,0.9998810130040808
img_000005.jpg,0.398901,-0.299166,1.499168,1.4998289983998274,-0.0196312721535149,1.4998210880562934,0.013089224201297,1.17244312701091e-08,0.0130891551823542,0.999828658434244
img_000006.jpg,0.39871,-0.299036,1.499027,1.749732498313236,-0.0267285316851448,1.749724190449385,0.0152704839021851,-6.387574299593185e-08,0.0152704114193086,0.9997667862339068
img_000007.jpg,0.398519,-0.298905,1.498885,1.9995983641135728,-0.0348757504869901,1.999586370585492,0.0174515544793921,2.06671961956392e-07,0.0174514498479741,0.9996953986812251
img_000008.jpg,0.398371,-0.298728,1.498758,2.2494252906569945,-0.0441629436642425,2.2494076685473,0.0196324583273425,3.6066930048875984e-08,0.019632304604703,0.9996144952910256
img_000009.jpg,0.39818,-0.298597,1.498617,2.4992153197128624,-0.0545210918126249,2.4992011322193126,0.0218132236007426,2.7827553654013064e-08,0.0218130998504258,0.9995240727221424
img_000010.jpg,0.397989,-0.298466,1.498475,2.74893804008498,-0.0659789895301095,2.748927824033307,0.0239936105857624,-8.401224778440548e-08,0.0239935214852395,0.9994241429832424
img_000011.jpg,0.397799,-0.298335,1.498334,2.998626605852035,-0.0785053628356294,2.998619817354528,0.0261739224567981,-1.5660074155618084e-08,0.0261738632565808,0.9993146925095472
img_000012.jpg,0.397608,-0.298205,1.498192,3.2482583284630837,-0.0921297471044099,3.24824420376768,0.0283539879420044,-3.825723285746669e-08,0.0283538647799239,0.9991957314359508
img_000013.jpg,0.397417,-0.298074,1.498051,3.497826786453266,-0.1068186394963506,3.497814086328866,0.030533763111858,1.3949814296949396e-07,0.0305336523857248,0.9990672576869876
img_000014.jpg,0.397269,-0.297897,1.497924,3.747324554797745,-0.1226242665847799,3.747316594441582,0.0327132171554899,5.4584591547678786e-08,0.0327131477626541,0.998929274466813
img_000015.jpg,0.397078,-0.297766,1.497783,3.996744656308187,-0.1395218585996347,3.996744869178842,0.0348923037104626,-8.388144675966319e-08,0.0348923055658463,0.9987817850532064
img_000016.jpg,0.396887,-0.297636,1.497642,4.246091155898967,-0.1574646084436351,4.246098064842558,0.037071063642433,1.2996378278770648e-07,0.0370711238514334,0.9986247884049312
img_000017.jpg,0.396697,-0.297505,1.4975,4.495375473554138,-0.1765262761011583,4.495364379642305,0.0392496394616124,5.0551805277389283e-08,0.0392495427982212,0.9984582811476208
img_000018.jpg,0.396506,-0.297374,1.497359,4.744557859859643,-0.19665781536322,4.744551011483779,0.0414276890852029,9.12888564943027e-08,0.0414276294245009,0.9982822737569356
img_000019.jpg,0.396315,-0.297243,1.497217,4.993656557367762,-0.2178888258044275,4.993655200475705,0.0436054018430999,-3.5759988546713033e-09,0.0436053900245194,0.9980967582809352
img_000020.jpg,0.396167,-0.297067,1.49709,5.242668638190972,-0.2402019396638294,5.242660200134851,0.0457827660566636,-9.310999306809399e-08,0.0457826925752469,0.997901740349596
img_000021.jpg,0.395976,-0.296936,1.496949,5.491573643756843,-0.2635776995958566,5.491557286707612,0.047959615182456,-2.342908322168144e-08,0.0479594727689792,0.9976972307685692
img_000022.jpg,0.395785,-0.296805,1.496808,5.740370133012321,-0.2880383357133963,5.740361781359399,0.0501359649792962,1.3295665800099056e-08,0.0501358922808021,0.9974832215735772
img_000023.jpg,0.395595,-0.296674,1.496667,5.989067218978716,-0.3135790758481737,5.98905902479671,0.0523119123940401,5.2583786283588736e-08,0.0523118410822603,0.9972597129656146
img_000024.jpg,0.395404,-0.296543,1.496525,6.237650686970078,-0.3401980065431118,6.237650389689144,0.05448735224319,1.01497844665413e-07,0.0544873496566377,0.9970267083548522
img_000025.jpg,0.395213,-0.296412,1.496384,6.486111934675649,-0.3679070227386339,6.48610929021094,0.0566622348314893,3.5285142927724694e-08,0.0566622118283919,0.9967842218326964
img_000026.jpg,0.395065,-0.296236,1.496257,6.734460451052136,-0.3966959931403854,6.734455161392181,0.0588366574298139,-4.8564161698582554e-08,0.0588366114289003,0.9965322377615532
img_000027.jpg,0.394874,-0.296105,1.496115,6.982686176237308,-0.4265388397614444,6.982655454504329,0.0610105379878561,5.04487240628182e-08,0.0610102708899425,0.996270776998084
img_000028.jpg,0.394683,-0.295974,1.495974,7.230753529294646,-0.4574758198164413,7.23075171613126,0.0631836069762282,-2.011936458667235e-08,0.0631835912166871,0.9959998321337388
img_000029.jpg,0.394492,-0.295843,1.495833,7.478722114288401,-0.4894687250783184,7.478702457057363,0.0653563808114966,7.721548748399616e-08,0.0653562100040843,0.9957193928517808
img_000030.jpg,0.394302,-0.295712,1.495691,7.7265274572561085,-0.5225486355196122,7.726510297400881,0.0675283350148957,3.2231693445315686e-08,0.0675281859513292,0.9954294892518696
img_000031.jpg,0.394153,-0.295536,1.495565,7.974188093463701,-0.5566988841150313,7.9741868480491505,0.0696996400521608,1.2789047858924316e-09,0.0696996292367961,0.9951301029819428
img_000032.jpg,0.393963,-0.295405,1.495423,8.22171481318774,-0.5918988163650054,8.221700745877861,0.0718703951478642,1.459589779317927e-07,0.0718702730231553,0.9948212453284488
img_000033.jpg,0.393772,-0.295274,1.495282,8.46908572277454,-0.6281988624649809,8.469065777600216,0.0740404595531187,1.7511949721056574e-08,0.0740402864554271,0.9945029141891746
img_000034.jpg,0.393581,-0.295143,1.495141,8.716272753249985,-0.6655414842739006,8.716275610315954,0.0762095717890495,8.673097183411332e-08,0.0762095965764266,0.9941751347511064
img_000035.jpg,0.393391,-0.295013,1.494999,8.963331396313183,-0.7039669628890526,8.96332411213137,0.078378257179523,3.0332644644290314e-08,0.0783781940047482,0.9938378678165034
img_000036.jpg,0.3932,-0.294882,1.494858,9.210225783578402,-0.7434570927937617,9.210213101499566,0.0805462105490779,-2.1963445390529857e-08,0.0805461005974138,0.9934911341550736
img_000037.jpg,0.393051,-0.294705,1.494731,9.45691585154918,-0.7839995931981936,9.456907443896736,0.0827130935587762,-2.3965066191060372e-08,0.0827130206918595,0.9931349859721812
img_000038.jpg,0.392861,-0.294574,1.49459,9.70347397950158,-0.8256036089950967,9.703451105705094,0.0848795571576035,2.1231989832948276e-08,0.0848793589893926,0.9927693363487204
img_000039.jpg,0.39267,-0.294443,1.494448,9.949826505613574,-0.8682664901222656,9.949809072531073,0.0870449783153016,5.098201303829764e-08,0.0870448273400285,0.9923942612608312
img_000040.jpg,0.392479,-0.294313,1.494307,10.196002180340797,-0.9119972002121796,10.195983417171275,0.089209630117,2.747803101374457e-09,0.0892094676857789,0.9920097342111156
img_000041.jpg,0.392288,-0.294182,1.494165,10.441999958812392,-0.9567760521147028,10.44196818501404,0.0913735054727791,3.4551026619616954e-08,0.0913732305188421,0.9916157598798868
img_000042.jpg,0.392098,-0.294051,1.494024,10.687788082077946,-1.0025979897968766,10.687772510237602,0.0935363418106553,1.645921516267579e-07,0.0935362071148433,0.9912123539984872
img_000043.jpg,0.391949,-0.293874,1.493897,10.933393289939934,-1.049495280878027,10.933368704805492,0.0956984129160153,1.0492517363118461e-07,0.0956982003441476,0.9907995095962836
img_000044.jpg,0.391759,-0.293743,1.493755,11.1787960752731,-1.0974488069896011,11.17877298209388,0.0978595516004214,1.0474496098603072e-08,0.0978593520136519,0.9903772288295164
img_000045.jpg,0.391568,-0.293613,1.493615,11.423993863025707,-1.1464433878542657,11.423977608791208,0.1000197390944788,-4.206394907738109e-09,0.100019598675702,0.9899455195475272
img_000046.jpg,0.391377,-0.293482,1.493473,11.668986388586228,-1.1964756282746802,11.668951941549484,0.1021789856856699,5.4573341679020615e-08,0.1021786882335991,0.9895044065364772
img_000047.jpg,0.391186,-0.293351,1.493332,11.913756829696466,-1.2475612928208946,11.913737498276925,0.1043371754359584,6.362858835130826e-08,0.1043370085840842,0.9890538622652292
img_000048.jpg,0.391038,-0.293174,1.493205,12.158319519468268,-1.299702586684608,12.158302795708742,0.1064944500971909,-1.9721697204141964e-08,0.1064943058194934,0.98859389788048
img_000049.jpg,0.390847,-0.293044,1.493064,12.402675463245467,-1.3528633610444711,12.402648226189545,0.1086508007448989,1.0927664599764965e-07,0.1086505658793827,0.9881245154491262
img_000050.jpg,0.390656,-0.292912,1.492922,12.646800854563724,-1.4070894379668757,12.64677465500872,0.1108060792353529,2.4950641190277237e-08,0.1108058534257092,0.9876457237547724
img_000051.jpg,0.390466,-0.292782,1.492781,12.89069915354563,-1.462331882298786,12.890665514582617,0.1129602846998987,1.2716485593526616e-07,0.1129599949145025,0.9871575424568344
img_000052.jpg,0.390275,-0.292651,1.492639,13.13433287751028,-1.518620632901269,13.134319732627397,0.115113137277782,1.0935097620630441e-07,0.1151130240972676,0.9866600008661728
img_000053.jpg,0.390084,-0.29252,1.492498,13.377780215132468,-1.575949306741564,13.37774911545588,0.1172653189704456,1.0705559029718092e-07,0.117265051332557,0.986153006740192
img_000054.jpg,0.389936,-0.292343,1.492371,13.620960324247251,-1.634311630434942,13.620932520262842,0.1194161420149603,6.174163583345937e-08,0.1194159028644653,0.9856366608285853
img_000055.jpg,0.389745,-0.292213,1.49223,13.863897401999008,-1.693700985105386,13.86388688041878,0.1215658221438416,6.217099930531933e-08,0.1215657316928144,0.985110919523522
img_000056.jpg,0.389554,-0.292082,1.492088,14.10659752588687,-1.7541255593650735,14.106579284437814,0.1237144338474984,-3.2341058650575677e-10,0.1237142771161515,0.984575805357526
img_000057.jpg,0.389364,-0.291951,1.491947,14.349049647325948,-1.8155717249293453,14.34902575429435,0.1258618816063239,-1.3639716708521711e-08,0.1258616764298595,0.9840313131017636
img_000058.jpg,0.389173,-0.29182,1.491806,14.591240736034369,-1.8780327050256576,14.591222415523426,0.1280080594072901,5.143362783593952e-08,0.1280079021722315,0.9834774596848884
img_000059.jpg,0.388982,-0.291689,1.491664,14.83318129212924,-1.9415229195482744,14.833163648025751,0.1301530859667908,6.579064192394068e-08,0.1301529346236923,0.9829142321800808
img_000060.jpg,0.388834,-0.291512,1.491537,15.074870531326466,-2.0060287209470635,15.07483166317142,0.1322969525673523,1.1488530132081065e-07,0.1322966193681846,0.982341651791844
img_000061.jpg,0.388643,-0.291382,1.491396,15.316268675185771,-2.071572746125247,15.316243108300796,0.1344393563834379,-3.364505872516244e-08,0.1344391373399274,0.9817597352746252
img_000062.jpg,0.388452,-0.291251,1.491255,15.557418533498783,-2.138095838580766,15.55737988402102,0.1365806099676663,1.4463296354322308e-07,0.1365802790388018,0.9811684688974276
img_000063.jpg,0.388262,-0.29112,1.491113,15.798284081352328,-2.2056637050984302,15.798263245043213,0.1387204917173496,5.80463679587806e-08,0.1387203134196101,0.980567845598895
img_000064.jpg,0.388071,-0.290989,1.490972,16.03888049299247,-2.274225855258622,16.03886329896352,0.1408590855373055,1.0987074642448968e-07,0.1408589384983223,0.9799578957622148
img_000065.jpg,0.38788,-0.290858,1.490831,16.279197084296257,-2.343803745241588,16.279170005454855,0.1429963366729464,7.86293946029859e-08,0.1429961052478927,0.9793386347847431
img_000066.jpg,0.387732,-0.290682,1.490704,16.51922767335196,-2.4143819091860945,16.519196015492668,0.1451321854507191,9.202353467088753e-08,0.1451319150654617,0.978710057154682
img_000067.jpg,0.387541,-0.290551,1.490563,16.758978963525422,-2.485967682525272,16.758962343588216,0.1472667091739521,1.1065765657611305e-07,0.1472665673179619,0.9780721213282006
img_000068.jpg,0.38735,-0.29042,1.490421,16.99842536192235,-2.5585680534990725,16.998430046129624,0.1493997093798197,-1.9741428533559532e-08,0.149399749334427,0.9774249033741852
img_000069.jpg,0.38716,-0.29029,1.49028,17.237606901875516,-2.6321389698443207,17.23758457918496,0.151531483380262,9.668562210227161e-08,0.1515312931035895,0.9767683843956672
img_000070.jpg,0.386969,-0.290159,1.490138,17.47647331561618,-2.706730223805957,17.47646183647434,0.1536616753722942,3.256505856641389e-09,0.1536615775917956,0.9761025607454272
img_000071.jpg,0.38682,-0.289982,1.490012,17.71504273789447,-2.782297885392295,17.71502839651829,0.1557903946161882,4.097279302991974e-08,0.1557902725393707,0.9754274672816218
img_000072.jpg,0.38663,-0.289851,1.48987,17.95331180151538,-2.858861812491179,17.953319936436547,0.157917647671485,7.128678030168811e-08,0.1579177168690638,0.9747430488353132
img_000073.jpg,0.386439,-0.28972,1.489728,18.191298620184227,-2.9364287206271475,18.191286947418103,0.1600436074075537,-1.8431472514901518e-08,0.1600435081868953,0.974049341263166
img_000074.jpg,0.386248,-0.289589,1.489587,18.428961743581432,-3.014954921853279,18.428939229619623,0.1621678728652113,8.55711730952946e-08,0.1621676816304825,0.9733464049581524
img_000075.jpg,0.386057,-0.289459,1.489446,18.666300020930933,-3.094488299899014,18.66631127249878,0.1642905076001316,8.721694942648295e-09,0.1642906031015764,0.9726341690712964
img_000076.jpg,0.385867,-0.289328,1.489305,18.90333662726905,-3.1749932118168926,18.90332503795845,0.1664116695759145,-3.8379836059254664e-08,0.1664115712807338,0.9719127250802062
img_000077.jpg,0.385718,-0.289151,1.489178,19.140055540950595,-3.2564597767037498,19.140050231843876,0.16853121734866,9.114181781511023e-08,0.1685311723531176,0.97118199773485
img_000078.jpg,0.385528,-0.28902,1.489036,19.37645432683392,-3.338922336870022,19.376457374293548,0.1706491862687855,4.546515398190509e-08,0.1706492120768207,0.9704420135398918
img_000079.jpg,0.385337,-0.28889,1.488895,19.612526007663,-3.422359096978388,19.61253202078029,0.1727654955097222,-3.689909728807339e-08,0.1727655463937179,0.969692811946422
img_000080.jpg,0.385146,-0.288759,1.488754,19.848283507923018,-3.5067534326114997,19.84828392343698,0.1748802385954116,4.147065031656627e-09,0.1748802421088096,0.9689343646856456
img_000081.jpg,0.384955,-0.288628,1.488612,20.083709792572414,-3.592132124649285,20.083712862102114,0.1769933173411972,-9.896583917992641e-08,0.1769933432751849,0.9681666809247368
img_000082.jpg,0.384765,-0.288497,1.488471,20.31881226404207,-3.6784357391722513,20.31880272901645,0.1791047153809613,1.2842647270638885e-07,0.1791046348856102,0.967389802866859
img_000083.jpg,0.384616,-0.288321,1.488344,20.55356061731749,-3.7657413314187327,20.5535617335579,0.1812142964079012,-1.589442682331521e-08,0.1812143058236219,0.9666037213575436
img_000084.jpg,0.384425,-0.28819,1.488202,20.78797711215597,-3.853989917623701,20.78798997753256,0.1833221689382255,-1.3448696295492724e-08,0.1833222773710727,0.965808430795294
img_000085.jpg,0.384235,-0.288059,1.488061,21.02205907138419,-3.943193190656392,21.022073293108814,0.1854283339114901,-5.425470357700579e-09,0.185428453676161,0.965003948981597
img_000086.jpg,0.384044,-0.287928,1.487919,21.25581307185536,-4.033350080897453,21.255816364050126,0.1875328512412294,1.9839057535664395e-08,0.1875328789422417,0.9641902556139887
img_000087.jpg,0.383853,-0.287797,1.487779,21.48919575318654,-4.124457003137949,21.489209873265928,0.1896353566967782,-9.643128816294588e-09,0.1896354754038162,0.9633674366298948
img_000088.jpg,0.383663,-0.287666,1.487637,21.722244108589635,-4.216512466967923,21.722266730608524,0.1917361650971763,-1.5666900332611533e-08,0.1917363551154815,0.9625354087621184
img_000089.jpg,0.383514,-0.28749,1.48751,21.954934644935538,-4.309521546716562,21.95496203854819,0.1938350925811821,-1.3777405593468073e-07,0.193835322478359,0.9616942469640424
img_000090.jpg,0.383323,-0.287359,1.487369,22.187305194346383,-4.4034454054177,22.18731078574558,0.1959324007607438,2.356257054747513e-08,0.1959324476443179,0.9608438844537844
img_000091.jpg,0.383133,-0.287228,1.487228,22.419301596732467,-4.498323619659884,22.41930939725998,0.1980277023041369,2.0890843957510622e-08,0.1980277676526223,0.9599843917265858
img_000092.jpg,0.382942,-0.287097,1.487086,22.650938545854157,-4.594140182225915,22.650948703011935,0.2001211002846084,-1.910382720765602e-08,0.2001211852986362,0.9591157679944304
img_000093.jpg,0.382751,-0.286966,1.486945,22.88219929023821,-4.690892155590678,22.88224312415969,0.2022124545252197,-9.312853752052597e-08,0.2022128210733869,0.9582380175240492
img_000094.jpg,0.382603,-0.28679,1.486818,23.113117727818867,-4.788563625488036,23.113153518869,0.2043020268777655,-9.440589801568144e-08,0.2043023258928085,0.9573511589006494
img_000095.jpg,0.382412,-0.286659,1.486677,23.343686645899503,-4.887165054046784,23.34370400996893,0.2063897775430328,-9.788971207930208e-08,0.2063899224747549,0.9564551529614927
img_000096.jpg,0.382221,-0.286528,1.486535,23.57387353005676,-4.986685686039568,23.57388997608437,0.2084754209660145,-9.762797639756293e-08,0.2084755581052715,0.9555500722231824
img_000097.jpg,0.382031,-0.286397,1.486394,23.803703190783597,-5.087123563376256,23.803716255863492,0.2105591641876922,-4.1399114553142275e-08,0.2105592730298564,0.9546358629957904
img_000098.jpg,0.38184,-0.286267,1.486252,24.03315380532479,-5.1884696115942255,24.03315737323449,0.2126408129844453,4.1921880029882625e-08,0.2126408426791338,0.9537126174472162
img_000099.jpg,0.381649,-0.286136,1.48611,24.26221994186712,-5.290773572933396,24.2622476620162,0.2147204099165892,-2.284524475426597e-07,0.2147206403978243,0.9527802433679804
img_000100.jpg,0.381501,-0.285959,1.485984,24.490926930535903,-5.393937851320577,24.490956211487795,0.2167980020572978,-6.56892665609754e-08,0.2167982452754295,0.951838824144852
img_000101.jpg,0.38131,-0.285828,1.485843,24.719279465628038,-5.498027194500014,24.71928204003376,0.2188737406622971,-2.154584376190538e-08,0.2188737620248849,0.9508883015084196
img_000102.jpg,0.381119,-0.285697,1.485701,24.94722466677716,-5.6030118794365045,24.947232388194102,0.220947137653004,4.611087693617844e-08,0.2209472016611791,0.9499287849312898
img_000103.jpg,0.380929,-0.285567,1.48556,25.17479917360838,-5.70891455604595,25.174801849129288,0.2230185385531429,-1.0875085020012332e-08,0.2230185607097733,0.9489601957092622
img_000104.jpg,0.380738,-0.285436,1.485419,25.40199619163604,-5.815712819501756,25.40199516391009,0.2250878493856493,-2.8398818338604137e-08,0.2250878408835725,0.9479825546629612
img_000105.jpg,0.380547,-0.285305,1.485277,25.628800608355352,-5.9233883081155225,25.62879112090029,0.2271549135338539,5.5436246655660166e-08,0.2271548351285847,0.9469959483203344
img_000106.jpg,0.380399,-0.285128,1.48515,25.855203063740277,-6.031993241345819,25.85522146819373,0.2292197483198065,-1.6899840397932578e-07,0.229219900256086,0.9460002876885216
img_000107.jpg,0.380208,-0.284997,1.485009,26.08125277013976,-6.141455631062101,26.081252461247185,0.2312826317411988,-9.19018627240642e-08,0.2312826291938725,0.9449956029993082
img_000108.jpg,0.380017,-0.284866,1.484868,26.30688981122184,-6.251805772246073,26.30689990426073,0.2333431239526163,-7.328022147423674e-08,0.2333432070970114,0.9439819565043126
img_000109.jpg,0.379827,-0.284736,1.484726,26.532153839159164,-6.363039999912378,26.53215385906916,0.2354015455040559,-4.251952414463522e-08,0.2354015456678926,0.9429592910998158
img_000110.jpg,0.379636,-0.284605,1.484585,26.75702232883092,-6.475149921587648,26.757009263374385,0.2374576953270778,-6.527875927309079e-09,0.2374575879307298,0.9419276707179128
img_000111.jpg,0.379488,-0.284428,1.484458,26.981479814180933,-6.588135928086074,26.98147980436276,0.239511446888875,6.9870161045759716e-09,0.2395114468082601,0.9408870993147964
img_000112.jpg,0.379297,-0.284297,1.484317,27.20555474031069,-6.701995722266594,27.205546890051654,0.2415630291701246,1.6994438058193232e-08,0.2415629647852041,0.9398375588272344
img_000113.jpg,0.379106,-0.284167,1.484175,27.42922893676401,-6.816733723614767,27.429214647501464,0.243612300599852,-6.304522360417454e-08,0.2436121835366068,0.9387790746650512
img_000114.jpg,0.378915,-0.284036,1.484034,27.652505401308197,-6.932329621522762,27.652496909720828,0.2456592465733289,-5.0430006129365e-08,0.2456591770860135,0.9377116311992958
img_000115.jpg,0.378725,-0.283905,1.483893,27.87539306933061,-7.0487835082904144,27.875366464984133,0.2477039387461997,-5.7155005034337244e-09,0.2477037212906624,0.9366352679610012
img_000116.jpg,0.378534,-0.283774,1.483751,28.097866865606345,-7.16608936334628,28.09783721122939,0.2497461588481292,7.507423197689046e-08,0.2497459167434288,0.9355500164131172
img_000117.jpg,0.378385,-0.283597,1.483625,28.31993378902592,-7.28427052976369,28.319905993749405,0.2517860074609827,-1.3394098358210373e-08,0.2517857807998004,0.9344558454169424
img_000118.jpg,0.378195,-0.283467,1.483483,28.541608869198026,-7.403290797279417,28.54157283078846,0.2538235353464806,3.8536324457882916e-08,0.2538232418122036,0.9333527601181432
img_000119.jpg,0.378004,-0.283336,1.483342,28.762862459341864,-7.523165542357534,28.762834293038125,0.2558585283554095,9.789009595972953e-09,0.2558582992130663,0.9322408187757072
img_000120.jpg,0.377813,-0.283205,1.483201,28.9837122343604,-7.643891783497064,28.983683815739205,0.2578911224061975,-7.25977371690556e-08,0.2578908914891495,0.9311200014342932
img_000121.jpg,0.377622,-0.283074,1.483059,29.20415484208221,-7.765439336765634,29.204127047392248,0.2599212279157091,2.198196330516211e-08,0.2599210023424301,0.9299903374874902
img_000122.jpg,0.377432,-0.282943,1.482918,29.42419022102632,-7.887849913944447,29.424171137454827,0.2619489237406039,-5.395826524479119e-08,0.2619487690537473,0.9288517662912432
img_000123.jpg,0.377283,-0.282767,1.482791,29.643829118193747,-8.011061381041909,29.643793110649785,0.263974170024654,1.584111400665389e-07,0.2639738785166016,0.9277043866559392
img_000124.jpg,0.377093,-0.282636,1.482649,29.86302537118369,-8.135162872544537,29.863007374776856,0.2659967679416523,-1.6567213841078845e-07,0.2659966224288847,0.9265481726823452
img_000125.jpg,0.376902,-0.282505,1.482508,30.08182323617716,-8.260043889210204,30.081809385023742,0.2680168504016684,-5.4237318927730094e-08,0.2680167385468032,0.9253831615928082
img_000126.jpg,0.376711,-0.282374,1.482366,30.300196219663334,-8.385774774412237,30.300205383212333,0.270034340907973,-1.5149098833711072e-07,0.2700344148142544,0.9242093212829532
img_000127.jpg,0.376521,-0.282244,1.482225,30.51817437008401,-8.512312046594909,30.51817605967641,0.2720493895592791,-1.0021788529601673e-07,0.2720494031688217,0.923026679937206
img_000128.jpg,0.37633,-0.282113,1.482084,30.73572579798364,-8.639677736135505,30.735731138053858,0.2740617796238244,-1.555235853711867e-07,0.2740618225821737,0.9218352663856678
img_000129.jpg,0.376181,-0.281936,1.481957,30.952866467996778,-8.767856688211804,30.952868114095764,0.276071604104335,-1.8524381570350637e-07,0.2760716173291849,0.9206350696733604
img_000130.jpg,0.375991,-0.281805,1.481816,31.169582255274623,-8.896831345065497,31.16959342624586,0.2780787081412759,-8.851766704343068e-08,0.2780787977716289,0.919426133144124
img_000131.jpg,0.3758,-0.281674,1.481675,31.385887031352567,-9.026638695338464,31.385893385995253,0.2800832747554992,-1.8886968571052434e-07,0.280083325674478,0.9182084130965716
img_000132.jpg,0.375609,-0.281543,1.481534,31.60177751642532,-9.157228020849042,31.60177963921967,0.2820851665940607,-7.757491868320977e-08,0.2820851835810358,0.9169819561974204
img_000133.jpg,0.375418,-0.281413,1.481392,31.817214131508354,-9.28863484617824,31.81725398526093,0.2840841358560279,-1.5966114196019898e-07,0.2840844543431911,0.91574681356554
img_000134.jpg,0.37527,-0.281236,1.481265,32.032278350159935,-9.420833396884904,32.03229501617149,0.2860807740576692,-1.0148768431195165e-07,0.2860809070614776,0.914502873330334
img_000135.jpg,0.375079,-0.281105,1.481123,32.24689341305926,-9.55383645442402,32.24691791348917,0.2880744889334497,-1.8343039559498567e-07,0.2880746841923331,0.9132502752001698
img_000136.jpg,0.374889,-0.280974,1.480982,32.46110028341029,-9.68761671818096,32.46111953420827,0.2900655432317277,-1.1451058652689473e-07,0.2900656964412073,0.9119889650526192
img_000137.jpg,0.374698,-0.280843,1.48084,32.67486667361496,-9.822209361260484,32.67490458347021,0.2920537485770535,-2.725658458102576e-07,0.2920540498663828,0.9107189686718188
img_000138.jpg,0.374507,-0.280713,1.480699,32.8882336193311,-9.957548468985197,32.888251470904706,0.2940392833288759,-1.0100065513107825e-07,0.2940394250054474,0.90944033141372
img_000139.jpg,0.374316,-0.280582,1.480558,33.10117558327168,-10.09368750928775,33.10118565385429,0.2960220521567391,-5.5412508637164854e-08,0.2960221319674089,0.9081529838206664
img_000140.jpg,0.374168,-0.280405,1.480431,33.31366826590138,-10.230616624676072,33.31369615917722,0.2980018349080814,-1.719614000361691e-07,0.298002055650419,0.9068570346088248
img_000141.jpg,0.373977,-0.280274,1.48029,33.52575437875291,-10.368298818100063,33.52576772928267,0.2999788823604158,-1.0731913242800761e-07,0.2999789878621114,0.905552470583018
img_000142.jpg,0.373786,-0.280144,1.480148,33.73742143938815,-10.506758627620496,33.73742524898108,0.301953141186632,-5.09674159543394e-08,0.3019531712480361,0.9042392287999772
img_000143.jpg,0.373596,-0.280013,1.480006,33.94866261548376,-10.645990890334346,33.948644183196826,0.3039245385581161,-6.870419359816804e-08,0.3039243933220137,0.9029174037563332
img_000144.jpg,0.373405,-0.279882,1.479866,34.1594705924385,-10.785983703421088,34.15945045943198,0.3058929829690063,-4.125260172349599e-08,0.3058928245659298,0.901586969099154
img_000145.jpg,0.373214,-0.279751,1.479724,34.36983111784149,-10.926735512477048,34.36984067266248,0.3078583511617538,-2.8688686315447853e-08,0.3078584262258169,0.9002479797376546
img_000146.jpg,0.373066,-0.279574,1.479597,34.57980740847181,-11.06824866346889,34.57977609611413,0.3098211367619521,-9.576593712479209e-09,0.309820891135748,0.8989003719163668
img_000147.jpg,0.372875,-0.279444,1.479456,34.78932659386311,-11.210503144542018,34.78930241318516,0.3117807145055459,7.718877687024063e-08,0.3117805251091312,0.897544255301698
img_000148.jpg,0.372684,-0.279313,1.479314,34.99840252821717,-11.353531652948398,34.99840073228797,0.3137372582540839,-6.96118710452609e-08,0.313737244208765,0.896179599399303
img_000149.jpg,0.372494,-0.279182,1.479173,35.20706052744427,-11.49730096910572,35.20705964141132,0.3156908833079054,-1.730361124940849e-07,0.3156908763891774,0.894806424183956
img_000150.jpg,0.372303,-0.279051,1.479032,35.41529494002117,-11.64180103748641,35.41530180198156,0.3176415134393888,-1.3207502737311305e-07,0.3176415669393506,0.8934247052170827
img_000151.jpg,0.372154,-0.278874,1.478905,35.62308879076666,-11.787034370313146,35.623102314476164,0.3195890126068431,-1.0907263137127644e-07,0.3195891178817421,0.8920345614114631
img_000152.jpg,0.371964,-0.278744,1.478764,35.83045823491207,-11.93302097329219,35.830489668202844,0.3215335428692412,-1.6535207028600676e-07,0.3215337871770284,0.8906358428187829
img_000153.jpg,0.371773,-0.278613,1.478622,36.03741171903916,-12.07972782327354,36.03741838634824,0.3234750851510767,-1.6829886111124906e-07,0.3234751368892815,0.8892287136057494
img_000154.jpg,0.371582,-0.278482,1.478481,36.243950902204496,-12.227171682796277,36.24394573793664,0.3254136802701955,-1.1108651895574972e-07,0.3254136402593645,0.887812986741095
img_000155.jpg,0.371392,-0.278351,1.47834,36.450062014056776,-12.375348759517548,36.45004435338584,0.3273492027871176,-1.0545242562498559e-07,0.3273490661782869,0.88638879071592
img_000156.jpg,0.371201,-0.27822,1.478198,36.65571308940194,-12.524242018007016,36.65570645225798,0.3292813566859381,-1.5728847709006732e-07,0.3292813054292731,0.8849562757751576
img_000157.jpg,0.371053,-0.278044,1.478071,36.86094655607507,-12.673850817483704,36.860932111124434,0.3312104584513867,-1.6757718682147704e-07,0.3312103470790219,0.8835153299180428
img_000158.jpg,0.370862,-0.277913,1.47793,37.06574501483194,-12.824147247379845,37.065743886671655,0.3331362985494557,7.222356832037313e-08,0.333136289865466,0.8820659946758149
img_000159.jpg,0.370671,-0.277782,1.477788,37.27011733101013,-12.975192819137066,37.2701049412161,0.3350590773525255,-3.20090705052678e-08,0.3350589821399761,0.8806082518185917
img_000160.jpg,0.37048,-0.277651,1.477647,37.47404304068792,-13.12694998159783,37.47405320799546,0.3369785402194875,-1.6023231834416676e-07,0.3369786182226737,0.8791421240574558
img_000161.jpg,0.37029,-0.27752,1.477506,37.67755292016903,-13.279406244568516,37.67756631961828,0.3388948835304714,-2.1651614079409853e-07,0.3388949861580986,0.8776676171955552
img_000162.jpg,0.370099,-0.27739,1.477364,37.88064560521733,-13.432570336854036,37.88066228257463,0.3408081057134494,-2.471310292517792e-07,0.3408082332310509,0.8761846741651436
img_000163.jpg,0.36995,-0.277213,1.477238,38.08330244734071,-13.58640991544952,38.08332446442404,0.3427179767939159,-1.297358969282181e-07,0.342718144853381,0.8746934672046689
img_000164.jpg,0.36976,-0.277082,1.477096,38.28553988189889,-13.740951068475324,38.28554921644376,0.3446246721117618,-5.925527722661084e-08,0.3446247432414972,0.8731939198812537
img_000165.jpg,0.369569,-0.276951,1.476954,38.487345392382416,-13.896186504110444,38.48735615194487,0.3465280675050668,1.544247955898026e-08,0.3465281493519372,0.8716860330061077
img_000166.jpg,0.369378,-0.276821,1.476813,38.68873469787656,-14.052118249396472,38.68870702266624,0.3484282757328406,-1.7343010916270885e-08,0.3484280655765764,0.8701698798443923
img_000167.jpg,0.369188,-0.27669,1.476672,38.889690730039085,-14.208727543719014,38.88965497602751,0.3503251106861559,7.095562941372703e-08,0.3503248396578154,0.8686453957406632
img_000168.jpg,0.368997,-0.276559,1.476531,39.09021561691155,-14.366022134521298,39.09016510128398,0.3522185951259619,9.191369487737688e-08,0.3522182128748957,0.8671126753581105
img_000169.jpg,0.368848,-0.276382,1.476404,39.2903122542306,-14.523989958791946,39.29025315948059,0.3541087102394379,1.6870014787895293e-07,0.3541082638649115,0.8655716947746798
img_000170.jpg,0.368657,-0.276251,1.476262,39.48994256170237,-14.682648646645951,39.489936073740445,0.3559951989331159,7.014460706722403e-08,0.355995150013758,0.8640224947900653
img_000171.jpg,0.368467,-0.276121,1.476121,39.68920685666302,-14.841965891824357,39.6891525701757,0.3578787281558449,1.4106317336448626e-07,0.3578783195724828,0.8624650278785283
img_000172.jpg,0.368276,-0.27599,1.47598,39.888007835298986,-15.001943835783088,39.887963812230055,0.3597585568854923,2.23753701233953e-07,0.3597582261504506,0.8608994130934804
img_000173.jpg,0.368086,-0.275859,1.475838,40.086377922209095,-15.16260741442807,40.08633588766694,0.3616349772864062,9.043365220562373e-08,0.361634662068052,0.8593256160466637
img_000174.jpg,0.367937,-0.275682,1.475711,40.28432487501937,-15.323921761836338,40.28429989555633,0.3635079508818578,1.0613208126231123e-07,0.3635077639049349,0.8577435952698776
img_000175.jpg,0.367746,-0.275551,1.47557,40.48184595949805,-15.48589426838294,40.48182219553296,0.3653774620444669,6.973149653533017e-08,0.3653772844955897,0.8561534618306277
img_000176.jpg,0.367556,-0.275421,1.475429,40.67894857317465,-15.648530092259502,40.67892936470314,0.3672435655342604,2.0690509208720623e-08,0.367243422288999,0.8545551078538743
img_000177.jpg,0.367365,-0.27529,1.475287,40.87560687672174,-15.811804270024798,40.87561852375985,0.3691059949903505,3.189637903799891e-08,0.3691060816837015,0.8529486883314185
img_000178.jpg,0.367174,-0.275159,1.475146,41.0718762655824,-15.97573084268478,41.071851275153705,0.3709651836572887,2.0074803583347567e-08,0.370964997996097,0.8513341311000455
img_000179.jpg,0.366983,-0.275028,1.475005,41.26770414348478,-16.14029099538361,41.26768914454773,0.3728206807636868,1.3085857493433384e-07,0.3728205695445818,0.8497114586254193
img_000180.jpg,0.366835,-0.274851,1.474878,41.46310656722626,-16.305496754812804,41.46310200790352,0.374672621769349,1.967746024039707e-07,0.3746725880262481,0.8480807026917644
img_000181.jpg,0.366644,-0.27472,1.474736,41.65809174928789,-16.471358736706964,41.658078785387744,0.3765210800024618,9.74667397624085e-08,0.3765209842433227,0.8464418614046744
img_000182.jpg,0.366453,-0.27459,1.474595,41.852658042913696,-16.63784803540756,41.85264216101252,0.3783659585820147,9.572693968062929e-08,0.3783658414970269,0.8447949404290669
img_000183.jpg,0.366263,-0.274459,1.474454,42.0467872422504,-16.804973491448603,42.0467849163514,0.3802071313155704,1.0417251422589756e-08,0.3802071142021061,0.8431400166086837
img_000184.jpg,0.366072,-0.274328,1.474312,42.24050466622866,-16.97271162138233,42.24051050175101,0.3820447130159187,8.786950855821375e-08,0.3820447558677546,0.8414770595628406
img_000185.jpg,0.365881,-0.274197,1.474171,42.4338127389161,-17.14108882522647,42.43380252169047,0.3838787721329071,4.967761099705648e-08,0.3838786972540183,0.8398060693399917
img_000186.jpg,0.365733,-0.274021,1.474044,42.62669434102039,-17.31008244947194,42.62668627004986,0.385709112953767,6.771678737194088e-08,0.3857090539223726,0.8381270821938173
img_000187.jpg,0.365542,-0.27389,1.473903,42.81917290115294,-17.47968408983972,42.81913664997539,0.3875358716809193,1.7125040424614826e-07,0.3875356070720219,0.8364401361793921
img_000188.jpg,0.365351,-0.273759,1.473761,43.01120726012296,-17.649919687867524,43.01118315754656,0.3893587978153693,9.259578148679283e-08,0.3893586222394984,0.8347452245155532
img_000189.jpg,0.365161,-0.273628,1.47362,43.20283417237077,-17.8207683108318,43.20280691288892,0.3911780934367461,2.291159548195587e-08,0.3911778952694153,0.8330423479438377
img_000190.jpg,0.36497,-0.273497,1.473478,43.39403686403508,-17.992217501902903,43.39402399705475,0.3929935908793656,2.5418562171752868e-08,0.3929934975328125,0.8313315514430258
img_000191.jpg,0.364779,-0.273367,1.473337,43.584846112082445,-18.16426771151591,43.58481384884024,0.3948054997414134,1.0206826681069536e-07,0.3948052661639786,0.8296128128127677
img_000192.jpg,0.364631,-0.27319,1.47321,43.77524546487402,-18.336925387956867,43.77518736252671,0.3966137015349766,1.551806275701395e-07,0.3966132817646374,0.8278861494689862
img_000193.jpg,0.36444,-0.273059,1.473069,43.96521059920716,-18.510172983644196,43.9651468142276,0.3984179620268204,2.11993479937167e-07,0.3984175021667496,0.8261516940015061
img_000194.jpg,0.364249,-0.272928,1.472927,44.15475717045986,-18.684025921923794,44.1547016947078,0.4002184184443895,2.1215304479849093e-07,0.4002180193334941,0.8244093367609331
img_000195.jpg,0.364059,-0.272798,1.472786,44.34389082257573,-18.8584703120184,44.34384211907708,0.4020150618297016,2.1663675150995765e-07,0.4020147121844989,0.8226591403790691
img_000196.jpg,0.363868,-0.272667,1.472645,44.53260355810604,-19.033511216633027,44.5325731629138,0.4038078325761497,1.466650262627045e-07,0.4038076148336567,0.8209011174023848
img_000197.jpg,0.363719,-0.27249,1.472518,44.72093073640729,-19.209136422123866,44.72088071420017,0.4055969380945275,1.397185865059658e-07,0.4055965805205504,0.8191352377222952
img_000198.jpg,0.363529,-0.272359,1.472376,44.90882719105866,-19.38533966268616,44.908797017175445,0.4073820240529343,1.6770038013813607e-07,0.4073818088278509,0.8173615774641322
img_000199.jpg,0.363338,-0.272228,1.472235,45.09635350717271,-19.56210893006261,45.09627297125978,0.4091634770284905,3.319719036332103e-07,0.4091629038316638,0.8155801414906364
img_000200.jpg,0.363147,-0.272097,1.472094,45.28340952676783,-19.73948706097916,45.28336949120426,0.4109406765314239,1.3843919363654145e-07,0.4109403922121756,0.8137909771067628
img_000201.jpg,0.362956,-0.271966,1.471953,45.47010208273528,-19.917415258939187,45.47004286056128,0.4127142188099751,2.265856292593682e-07,0.4127137991624448,0.8119940231140385
img_000202.jpg,0.362766,-0.271836,1.471811,45.65637662602719,-20.09591722564217,45.65630564556408,0.4144837603713722,2.3657176487223985e-07,0.4144832585225879,0.8101893857567184
img_000203.jpg,0.362617,-0.271659,1.471684,45.84223856069884,-20.27499943408613,45.84217347376516,0.4162493407251993,1.651573761918268e-07,0.4162488815745375,0.8083769881272949
img_000204.jpg,0.362427,-0.271528,1.471543,46.02767281841136,-20.454651125913102,46.027653293356735,0.4180108113582977,3.3664630694207887e-08,0.4180106739304768,0.8065569031802808
img_000205.jpg,0.362236,-0.271398,1.471402,46.21272990961664,-20.634852232109733,46.21270265610576,0.4197684615541915,-8.34102259483771e-09,0.4197682701640477,0.8047291706207188
img_000206.jpg,0.362045,-0.271267,1.471261,46.39737102142615,-20.81560483075802,46.39736803964612,0.4215220075402236,2.1020888918421576e-08,0.4215219866481727,0.8028937737530646
img_000207.jpg,0.361855,-0.271136,1.471118,46.58165902868301,-20.99689801851881,46.58159611067848,0.4232718459467208,2.082498174182934e-07,0.4232714061191579,0.8010507232321328
img_000208.jpg,0.361664,-0.271005,1.470977,46.76547724362521,-21.178775891464515,46.765456330170906,0.4250172566792189,1.8098572945879358e-08,0.4250171108217481,0.7992000919879855
img_000209.jpg,0.361515,-0.270828,1.470851,46.948921553013065,-21.361195201740063,46.94890376571746,0.426758784574668,-6.7944938814124e-08,0.4267586608085403,0.7973418245729047
img_000210.jpg,0.361325,-0.270698,1.470709,47.13197467244167,-21.544151223711207,47.13195915513058,0.4284962803442795,-3.187632449663802e-08,0.4284961726256378,0.795475937899001
img_000211.jpg,0.361134,-0.270567,1.470568,47.314630353009406,-21.72764725582073,47.314607316403126,0.4302296926568859,-8.936228756972753e-09,0.4302295331171366,0.7936025204031122
img_000212.jpg,0.360943,-0.270436,1.470427,47.49687499276188,-21.911697179928243,47.49686772136472,0.4319589467763038,-1.1150835402262693e-07,0.4319588965376919,0.7917215293282311
img_000213.jpg,0.360752,-0.270305,1.470285,47.67873556481308,-22.09628639708711,47.678727725513255,0.4336841760456096,-2.0734152361701066e-07,0.4336841220125214,0.7898329682672319
img_000214.jpg,0.360604,-0.270128,1.470158,47.86018904967023,-22.28139677380398,47.86019589170704,0.4354051592029665,-2.469537385418885e-07,0.4354052062491193,0.7879369604927416
img_000215.jpg,0.360413,-0.269998,1.470017,48.04127353857502,-22.467016396587116,48.041273809340495,0.437122111496196,-2.202324198008476e-08,0.4371221133534943,0.7860334074697344
img_000216.jpg,0.360223,-0.269867,1.469875,48.22194050445734,-22.653207153572197,48.221953486133565,0.4388348412073024,-2.3791273287554482e-07,0.4388349300377511,0.7841223669308682
img_000217.jpg,0.360032,-0.269736,1.469734,48.40225168355832,-22.839883415073924,48.40222436840592,0.4405435362598005,-9.473702902718097e-08,0.4405433498061343,0.7822039053861153
img_000218.jpg,0.359841,-0.269605,1.469593,48.58213686252708,-23.027095316714316,48.58214381510477,0.4422478283126338,-4.399083114448033e-08,0.4422478756541901,0.7802779471650556
img_000219.jpg,0.35965,-0.269474,1.469451,48.761643782321,-23.21484421981988,48.76165048981882,0.4439480305612369,-1.7877020283552095e-07,0.4439480761208164,0.7783445585789065
img_000220.jpg,0.359502,-0.269298,1.469325,48.94075169471496,-23.403094096773412,48.9407783704801,0.4456438934518225,-2.1262796282006668e-07,0.44564407419079,0.7764038120512349
img_000221.jpg,0.359311,-0.269167,1.469183,49.11948341380101,-23.591856811244547,49.11951896942408,0.4473355855515916,-2.084389319478852e-07,0.4473358258506635,0.7744556364374114
img_000222.jpg,0.35912,-0.269036,1.469042,49.29785000749484,-23.781120817806112,49.29786260603071,0.4490231349279862,-1.0615443948869264e-07,0.4490232198589243,0.7725000791760193
img_000223.jpg,0.35893,-0.268905,1.4689,49.475803473194496,-23.97091194519472,49.47582688336276,0.4507062672145641,-2.461171285106367e-07,0.4507064246292981,0.7705372018866631
img_000224.jpg,0.358739,-0.268774,1.468759,49.65340181335733,-24.16119000001625,49.653402500657165,0.4523852536308093,-1.7207918687200954e-07,0.4523852582405364,0.7685669524667333
img_000225.jpg,0.358549,-0.268644,1.468618,49.83058797510716,-24.351969519142028,49.83061794481089,0.4540597316032232,-1.343170614731548e-07,0.4540599320931542,0.7665894195747494
img_000226.jpg,0.3584,-0.268467,1.468491,50.007416538931935,-24.543258274491468,50.00742622148936,0.4557300701206112,-1.909664536781097e-07,0.4557301347268165,0.7646045693622971
img_000227.jpg,0.358209,-0.268336,1.468349,50.18387550681793,-24.73502313235161,50.18385912530915,0.4573960867877772,-5.105662953530654e-08,0.4573959777680404,0.7626124437175437
img_000228.jpg,0.358018,-0.268205,1.468208,50.3599303259906,-24.927301121682707,50.35992791301114,0.4590576296983278,-1.0974072639502452e-07,0.4590576136819353,0.760613042181363
img_000229.jpg,0.357828,-0.268075,1.468066,50.53564357645896,-25.120043834899327,50.53560222369962,0.4607149740723523,8.547055488361543e-08,0.4607147003133432,0.7586064049167335
img_000230.jpg,0.357637,-0.267944,1.467926,50.71093712709605,-25.313290890344767,50.71091932123743,0.4623676867041214,4.954339929974516e-08,0.4623675691406486,0.7565925940021119
img_000231.jpg,0.357446,-0.267813,1.467784,50.885876402887085,-25.50703306874068,50.88585656286786,0.4640161604080116,-8.67818922278829e-09,0.4640160297638984,0.7545714856806844
img_000232.jpg,0.357298,-0.267636,1.467657,51.06043629715955,-25.70125201765241,51.06042020573358,0.4656601655728853,-6.21100342268477e-08,0.4656600598976258,0.7525432338508989
img_000233.jpg,0.357107,-0.267505,1.467516,51.23463473285,-25.895933606235737,51.23460323651485,0.467299767048309,5.253833507135042e-09,0.4672995607656869,0.7505078602018717
img_000234.jpg,0.356916,-0.267374,1.467375,51.40846688284974,-26.091082237662988,51.4084244795462,0.4689349272148277,1.8740304569275779e-07,0.4689346502536785,0.7484653150476976
img_000235.jpg,0.356726,-0.267244,1.467233,51.58191725257184,-26.2867264562667,51.58186940245716,0.4705656009522564,1.230471597113425e-07,0.4705652892706571,0.7464156507831607
img_000236.jpg,0.356535,-0.267113,1.467092,51.75497959973731,-26.482850190862468,51.7549634162371,0.4721916904922314,-2.3470848764528543e-08,0.4721915853681585,0.7443588611265359
img_000237.jpg,0.356386,-0.266936,1.466965,51.92771697348478,-26.679425379459737,51.927668532913074,0.4738135169029229,2.4032304785093217e-08,0.473813203117218,0.7422949546857267
img_000238.jpg,0.356196,-0.266806,1.466823,52.10005221440925,-26.876461154983517,52.10002232751474,0.4754305859688601,4.677554260590355e-09,0.4754303929092706,0.7402240873029213
img_000239.jpg,0.356005,-0.266675,1.466682,52.27204552525647,-27.07395888227957,52.272004460635536,0.4770432741074533,4.2525920423974746e-08,0.4770430095880397,0.7381461113031922
img_000240.jpg,0.355814,-0.266544,1.46654,52.44365532236402,-27.271922748750946,52.4436389703573,0.4786513067935647,3.683966909306946e-09,0.478651201758985,0.7360611072183426
img_000241.jpg,0.355624,-0.266413,1.466399,52.61490749835944,-27.470339314453557,52.61491313178968,0.4802547998974723,9.328831762633882e-09,0.4802548359800926,0.7339690863334595
img_000242.jpg,0.355433,-0.266282,1.466258,52.785832109567416,-27.66919973034405,52.78580185015427,0.4818539058005711,1.1330820226529427e-07,0.4818537125405899,0.7318700794373084
img_000243.jpg,0.355284,-0.266105,1.466131,52.95636007992472,-27.868529500918797,52.956340211146056,0.4834482307860911,-4.23778055702595e-08,0.4834481042538929,0.7297641664559267
img_000244.jpg,0.355094,-0.265974,1.46599,53.12654474279807,-28.068292535117408,53.12653258838544,0.485038006961459,1.4506209400355631e-08,0.4850379297814837,0.7276512478352166
img_000245.jpg,0.354903,-0.265844,1.465849,53.29635048182194,-28.268540205859,53.29636450169206,0.4866231216171049,-3.2829396762190655e-07,0.4866232103832517,0.7255313836243157
img_000246.jpg,0.354712,-0.265713,1.465707,53.465829350231374,-28.469170354143145,53.4658449973961,0.4882036284262713,-1.0800296992852233e-07,0.4882037272051925,0.7234046847611435
img_000247.jpg,0.354522,-0.265582,1.465566,53.63494838015266,-28.670269728989336,53.63496952424773,0.4897795216294394,-1.382837913621593e-07,0.4897796547162095,0.7212710378342451
img_000248.jpg,0.354331,-0.265451,1.465424,53.803716161946575,-28.87180520068129,53.80373528362734,0.4913507545499149,-1.875042608123767e-07,0.4913508745498645,0.7191305542683313
img_000249.jpg,0.354182,-0.265275,1.465297,53.97215480160973,-29.073750242450394,53.9721569252049,0.4929173814727596,6.117839526642578e-08,0.4929173947597957,0.7169831915639654
img_000250.jpg,0.353992,-0.265144,1.465157,54.14024111718021,-29.276138292549195,54.1402103930363,0.4944793243953336,1.3450094638045584e-07,0.4944791327362339,0.7148290600094112
img_000251.jpg,0.353801,-0.265013,1.465015,54.30797177449908,-29.478970729647408,54.30792427574941,0.4960365492961573,1.0041594791787568e-07,0.4960362538917902,0.7126680690106371
img_000252.jpg,0.35361,-0.264882,1.464874,54.47535125123751,-29.682216623312392,54.47529605582114,0.4975889893719783,1.576808325853829e-07,0.4975886471445818,0.7105003419341706
img_000253.jpg,0.35342,-0.264751,1.464732,54.64237460302328,-29.8858950401205,54.64232855917608,0.4991366456338178,1.29995422953888e-07,0.4991363610225146,0.7083258445733897
img_000254.jpg,0.353271,-0.264575,1.464605,54.80903573151733,-30.09002176573441,54.80902773530543,0.5006795039778144,-1.265595176991319e-07,0.5006794547029773,0.7061445446470878
img_000255.jpg,0.35308,-0.264444,1.464464,54.9753639846098,-30.294542374211424,54.97538537380929,0.5022175918136013,-1.6265896132794389e-07,0.5022177232112722,0.7039565675277181
img_000256.jpg,0.35289,-0.264313,1.464322,55.14134954397362,-30.49948192091207,55.14139372580133,0.5037508948157242,-2.645293378511493e-07,0.5037511653863758,0.7017619249746708
img_000257.jpg,0.352699,-0.264182,1.464181,55.30706125347796,-30.704807732561967,55.30703168340367,0.5052797345451704,-2.0810308420937676e-08,0.50527955402527,0.6995605493036224
img_000258.jpg,0.352508,-0.264051,1.464039,55.47240059395168,-30.91055469516693,55.47235831146113,0.5068035785749919,1.1660577628469505e-07,0.5068033212627938,0.6973525122207347
img_000259.jpg,0.352318,-0.263921,1.463898,55.63740174275176,-31.11671544395844,55.63733592697921,0.5083226009189478,1.5354525645383532e-07,0.5083222016657469,0.6951378803436482
img_000260.jpg,0.352169,-0.263744,1.463771,55.80205322662746,-31.32329127525932,55.801991898899104,0.5098367187314479,1.2041395222595064e-07,0.5098363478925402,0.6929166029189463
img_000261.jpg,0.351978,-0.263613,1.46363,55.96635423437105,-31.53027724693647,55.96632449422778,0.5113458988011521,1.0289425866893964e-08,0.5113457195455212,0.6906887337156404
img_000262.jpg,0.351788,-0.263482,1.463489,56.13037121373164,-31.73763646819441,56.13029741042112,0.5128504325213737,1.879318876629732e-07,0.5128499891185547,0.6884542995171885
img_000263.jpg,0.351597,-0.263351,1.463347,56.29402988944537,-31.945412385891967,56.293955982136126,0.5143499640751957,1.864331334033853e-07,0.5143495214929297,0.6862132935143448
img_000264.jpg,0.351406,-0.26322,1.463206,56.457349551670674,-32.15359534993234,56.457283563736674,0.5158445693446043,5.5091210648949846e-08,0.5158441754805908,0.6839657644213093
img_000265.jpg,0.351215,-0.26309,1.463065,56.62032953830169,-32.36216280859839,56.62030480637923,0.5173341721677671,3.026296227504055e-08,0.5173340250361447,0.6817117138845362
img_000266.jpg,0.351067,-0.262913,1.462938,56.7830032373974,-32.57111817562883,56.782981733093976,0.5188189631355284,3.6802335762198275e-08,0.5188188356294089,0.6794511750575742
img_000267.jpg,0.350876,-0.262782,1.462796,56.945332603465296,-32.78048096139801,56.945335702030825,0.5202987479609306,-1.6868542954129317e-07,0.5202987662720439,0.6771841748638613
img_000268.jpg,0.350685,-0.262651,1.462655,57.10738530471689,-32.990196277508,57.10735149117591,0.5217737738111723,7.267775381514241e-09,0.5217735746593206,0.6749107094646536
img_000269.jpg,0.350495,-0.262521,1.462514,57.2690792867265,-33.2003211248291,57.26905939914201,0.5232436807973353,-1.014369638563384e-07,0.5232435640609857,0.6726308223493799
img_000270.jpg,0.350304,-0.26239,1.462372,57.430456171279765,-33.41080732835783,57.43045431764275,0.5247085789998636,-2.07458988876752e-08,0.5247085681563473,0.6703445573936283
img_000271.jpg,0.350113,-0.262259,1.46223,57.59150582865967,-33.621695145030635,57.59152458342046,0.5261684919502134,-1.629483793452735e-07,0.5261686012876755,0.6680518850342261
img_000272.jpg,0.349965,-0.262082,1.462104,57.752244525564834,-33.83294239866981,57.75227884487232,0.5276233942608767,-1.4874874965098428e-07,0.5276235936487974,0.665752880019109
img_000273.jpg,0.349774,-0.261952,1.461963,57.912701232415,-34.04455371629388,57.91269551241525,0.5290734483621213,-6.762586990394226e-09,0.5290734152452005,0.6634475167780745
img_000274.jpg,0.349584,-0.261821,1.461821,58.07282058167739,-34.25655218733522,58.07280804628959,0.5305183729762679,-2.9604677292960343e-08,0.5305183006533696,0.6611358321906878
img_000275.jpg,0.349393,-0.26169,1.46168,58.232603200305945,-34.46891532122375,58.23261540228406,0.5319581015160262,-9.277336796009729e-08,0.5319581716684969,0.6588179428541443
img_000276.jpg,0.349202,-0.261559,1.461539,58.39211303071711,-34.68164404259886,58.392098670568586,0.5333929876880086,-2.3999423504061923e-08,0.5333929054188935,0.6564936626762292
img_000277.jpg,0.349054,-0.261382,1.461412,58.5513181306064,-34.89472152925686,58.55126441253332,0.534822789494011,1.461197908503298e-07,0.534822482836218,0.6541632026419147
img_000278.jpg,0.348863,-0.261252,1.46127,58.71017957826073,-35.10818832821699,58.71014443998839,0.5362473676617467,7.18335451677099e-08,0.5362471677861327,0.6518264613508672
img_000279.jpg,0.348672,-0.261121,1.461129,58.86876274668249,-35.322000699452104,58.8686988628064,0.5376669721030775,1.4653623728322354e-07,0.5376666100211365,0.6494835206361018
img_000280.jpg,0.348481,-0.26099,1.460987,59.02702337896015,-35.5361629945184,59.026945432661805,0.5390813456082,1.85360801679968e-07,0.5390809054208525,0.6471345147864174
img_000281.jpg,0.348291,-0.260859,1.460846,59.18497008257294,-35.750704066759766,59.18490587330317,0.5404905912688369,1.004283095296099e-07,0.5404902299786236,0.6447792118605465
img_000282.jpg,0.3481,-0.260728,1.460705,59.34262918684797,-35.965589020368434,59.342549328767056,0.541894756637473,8.281587401959278e-08,0.5418943089408036,0.6424178007079004
img_000283.jpg,0.347951,-0.260552,1.460578,59.49994807166094,-36.180818562674894,59.4999340286557,0.543293532573687,1.2410979585708581e-07,0.543293454136573,0.6400502793968141
img_000284.jpg,0.347761,-0.260421,1.460436,59.65702748301987,-36.39640162649344,59.65695147444699,0.5446874875774388,9.578458892711694e-08,0.5446870646064822,0.6376766755393694
img_000285.jpg,0.34757,-0.26029,1.460295,59.81376656960682,-36.61231477937424,59.81370841671136,0.5460759864987952,1.577461400670277e-07,0.5460756640983108,0.6352970848736297
img_000286.jpg,0.347379,-0.260159,1.460154,59.97023365402445,-36.82860216314947,59.97014800713647,0.5474594990936145,2.9903615694770735e-08,0.5474590260492986,0.6329112984054885
img_000287.jpg,0.347189,-0.260028,1.460012,60.12639006623031,-37.04519504508451,60.12631447917103,0.5488376306157647,1.8366720874740674e-07,0.548837214711341,0.6305196007801321
img_000288.jpg,0.346998,-0.259898,1.459871,60.28223580596903,-37.26214264781055,60.28220148678973,0.5502104838332721,2.1932726471107777e-07,0.5502102957161543,0.6281218464341538
img_000289.jpg,0.346849,-0.259721,1.459744,60.43781984838288,-37.47943211482852,60.437765750536606,0.5515782805638838,2.2324154447250777e-07,0.5515779851667939,0.6257180888303293
img_000290.jpg,0.346659,-0.25959,1.459603,60.593089111605686,-37.69706543059254,60.59303795122394,0.552940718921132,4.408609899364535e-08,0.5529404406397207,0.6233084553125616
img_000291.jpg,0.346468,-0.259459,1.459462,60.74808235602888,-37.91501410872552,60.74802975552517,0.5542979271449751,9.105830670042005e-08,0.5542976421389785,0.6208928505643664
img_000292.jpg,0.346277,-0.259328,1.45932,60.902802073982365,-38.13328511142287,60.90272420691779,0.5556499187916192,2.1710365877281037e-07,0.5556494985288587,0.6184713433389195
img_000293.jpg,0.346087,-0.259198,1.459179,61.057182837127854,-38.35191029872176,61.05715642161235,0.5569964005759382,2.692686615346496e-08,0.5569962585661776,0.6160439738271354
img_000294.jpg,0.345896,-0.259067,1.459037,61.21133277481052,-38.57084650251415,61.21127382923703,0.5583378374398451,5.6861184455359044e-08,0.5583375218002176,0.6136106836040142
img_000295.jpg,0.345747,-0.25889,1.45891,61.3651673385859,-38.79010143601206,61.36513618206997,0.5596737776909992,1.0410463952004181e-07,0.5596736115183705,0.61117158894623
img_000296.jpg,0.345557,-0.258759,1.458769,61.51872495510418,-39.0096915601058,61.51869622305368,0.5610044504454301,-1.6766544375101944e-08,0.5610042978166877,0.6087266910622745
img_000297.jpg,0.345366,-0.258628,1.458628,61.67200840835172,-39.22960090212512,61.67198325106485,0.5623298171491468,-6.889341727656095e-08,0.5623296840481062,0.6062759299059788
img_000298.jpg,0.345175,-0.258498,1.458486,61.82500050775713,-39.44982320059737,61.82499359666453,0.5636497567976997,-1.410348033081821e-07,0.5636497203809575,0.6038194633964216
img_000299.jpg,0.344985,-0.258367,1.458345,61.97776182287399,-39.6703344551412,61.9777034126443,0.5649645171048897,8.175076779415313e-08,0.5649642105777788,0.6013572442223172
img_000300.jpg,0.344836,-0.25819,1.458218,62.13015709306859,-39.89120338922088,62.130198654826295,0.5662735320075791,-1.4123769964680124e-07,0.5662737492215174,0.5988892450948233
img_000301.jpg,0.344645,-0.258059,1.458077,62.28235179597737,-40.11236138321712,62.2823521826046,0.5675774943406279,-1.8250189415258689e-07,0.5675774963529091,0.5964156047185087
img_000302.jpg,0.344455,-0.257928,1.457935,62.43425552617675,-40.33382490796202,62.43426403002175,0.5688759537071613,-1.3557773353989333e-07,0.5688759977831871,0.5939362326377579
img_000303.jpg,0.344264,-0.257798,1.457794,62.58587521912902,-40.5555955371541,62.585902001316704,0.5701689355066578,-1.6557621795865177e-07,0.5701690737398295,0.5914512763819536
img_000304.jpg,0.344073,-0.257667,1.457653,62.73725698397014,-40.77766965114972,62.73725350907274,0.5714566540837948,-1.1033660141102076e-07,0.5714566362240384,0.5889606144886506
img_000305.jpg,0.343883,-0.257536,1.457511,62.88833836297052,-41.00005604714552,62.88835200095324,0.5727387926238361,-2.030377587725063e-07,0.5727388624211964,0.5864643816091674
img_000306.jpg,0.343734,-0.257359,1.457384,63.03916649878272,-41.22274035333219,63.03917714817421,0.5740155455392333,-2.413495464037574e-07,0.5740155998088771,0.5839625370306671
img_000307.jpg,0.343543,-0.257228,1.457243,63.18971576980291,-41.44571153851119,63.18976131084697,0.5752867419646304,-1.4550505078592124e-07,0.5752869730468069,0.5814551256652075
img_000308.jpg,0.343353,-0.257098,1.457102,63.34000398570615,-41.6689896238322,63.34004830082569,0.5765525032149008,-2.727363770382852e-07,0.5765527271047274,0.5789422802876458
img_000309.jpg,0.343162,-0.256967,1.45696,63.49004914466905,-41.89254875540179,63.49008146177962,0.5778128463052034,-1.68681335455112e-07,0.5778130088682021,0.5764238383579624
img_000310.jpg,0.342971,-0.256836,1.456819,63.63981581091388,-42.11640989177653,63.63986112184683,0.5790676249129945,-1.8035403032135025e-07,0.5790678518401126,0.573899911781548
img_000311.jpg,0.34278,-0.256705,1.456678,63.789328942915326,-42.34056960499536,63.78937037449981,0.5803169419555271,-2.727539333280405e-07,0.5803171485394522,0.5713705050055966
img_000312.jpg,0.342632,-0.256529,1.45655,63.9385870756118,-42.56500597434262,63.93862838507855,0.5815607259507669,-2.3701693163680207e-07,0.5815609310120131,0.5688356577712066
img_000313.jpg,0.342441,-0.256398,1.456409,64.08758638571258,-42.78972757781296,64.0876257714903,0.5827989624083707,-2.265993436223468e-07,0.5827991570472876,0.5662954281650577
img_000314.jpg,0.34225,-0.256267,1.456268,64.23634270114364,-43.0147261435308,64.23636521931185,0.5840316963950049,-1.2030941315410717e-07,0.5840318071763748,0.56374979007735
img_000315.jpg,0.34206,-0.256136,1.456127,64.38485144689125,-43.24001940935342,64.38484747051311,0.5852589294306321,-8.534792378389612e-08,0.5852589099567899,0.5611987115433295
img_000316.jpg,0.341869,-0.256005,1.455985,64.5330691159225,-43.46558707418827,64.53310443610904,0.5864803895259416,-7.291315479163174e-08,0.5864805617144562,0.5586423752568278
img_000317.jpg,0.341721,-0.255829,1.455858,64.68107127885202,-43.69142880149938,64.6810744204535,0.5876964309276066,-3.8527063428439596e-08,0.5876964461729175,0.556080742546147
img_000318.jpg,0.34153,-0.255698,1.455717,64.82879551030626,-43.91755431080244,64.82881982577173,0.5889067566631426,-7.59965614882674e-08,0.5889068741145844,0.553513798903949
img_000319.jpg,0.341339,-0.255567,1.455576,64.97631672455717,-44.143947925607534,64.97629064907235,0.5901116801690618,1.9637408754658026e-08,0.5901115548014704,0.5509415194172951
img_000320.jpg,0.341149,-0.255436,1.455434,65.12355282847491,-44.37061263033687,65.12353416037594,0.591310797903958,2.0852927384851228e-08,0.5913107085700162,0.5483641000399366
img_000321.jpg,0.340958,-0.255305,1.455293,65.27053664776507,-44.59755903914403,65.2705520999185,0.5925042775835476,6.476651770448427e-09,0.5925043511796941,0.545781343468543
img_000322.jpg,0.340767,-0.255174,1.455152,65.4173058799151,-44.82475591942896,65.41728663755839,0.5936922166568508,5.328515284563907e-08,0.5936921254431105,0.5431935309518275
img_000323.jpg,0.340619,-0.254998,1.455025,65.56379576160454,-45.052241640385226,65.563811396859,0.5948743763450011,-7.775679117250078e-08,0.594874450106321,0.5406004670538513
img_000324.jpg,0.340428,-0.254867,1.454883,65.71008570568816,-45.27995798019915,65.71006784738503,0.5960509928802152,8.253996147677968e-08,0.5960509090362517,0.5380023491803365
img_000325.jpg,0.340237,-0.254736,1.454742,65.85612308617077,-45.50795742506462,65.85609956315936,0.5972219163235936,1.088488428835355e-07,0.5972218064184696,0.535399006910755
img_000326.jpg,0.340046,-0.254606,1.4546,66.00189967873183,-45.73623094767117,66.00190138946651,0.5983870757745635,-3.621778865703362e-08,0.598387083728581,0.5327905832245625
img_000327.jpg,0.339856,-0.254475,1.454459,66.14745078471196,-45.96474369260435,66.14747309781573,0.5995465482181022,3.4621299938031314e-08,0.5995466514534308,0.5301770923481476
img_000328.jpg,0.339665,-0.254344,1.454318,66.29275767056575,-46.19353071836774,66.29279043794146,0.6007003072465463,-1.648530869036158e-07,0.6007004581015163,0.5275586228188354
img_000329.jpg,0.339517,-0.254167,1.454191,66.43787810047723,-46.422548887458255,66.43785707711812,0.601848513402861,-5.3797136356781294e-08,0.6018484170964848,0.5249350909905137
img_000330.jpg,0.339326,-0.254036,1.454049,66.58275592960821,-46.65182235965492,66.58269790967145,0.6029909450031543,1.560396623023763e-08,0.6029906805491607,0.5223065760787076
img_000331.jpg,0.339135,-0.253906,1.453908,66.72735185220377,-46.881358544745865,66.72735289364616,0.6041274263135313,-3.025100203668529e-08,0.6041274310364755,0.5196730701557052
img_000332.jpg,0.338944,-0.253775,1.453767,66.87174081655343,-47.111147635106576,66.87175366046303,0.605258264884131,-1.193346823580299e-07,0.6052583228355579,0.5170346172431053
img_000333.jpg,0.338754,-0.253644,1.453625,67.01592077192035,-47.34116838206435,67.01590226554782,0.6063833925239047,-1.3857405789519106e-07,0.6063833094504609,0.5143913522709023
img_000334.jpg,0.338563,-0.253513,1.453484,67.15986052601477,-47.5714531245047,67.15985576881215,0.6075027221946053,-1.9293856939883725e-07,0.6075027009498968,0.5117430125216046
img_000335.jpg,0.338414,-0.253336,1.453357,67.30357219167777,-47.80196128171964,67.30359176422185,0.6086162117196016,-9.548684121174489e-08,0.6086162986734955,0.5090898818686603
img_000336.jpg,0.338224,-0.253206,1.453216,67.44706530762643,-48.03272676049389,67.44708264169212,0.6097239599388312,-1.94191377256292e-07,0.6097240365458774,0.5064319223100717
img_000337.jpg,0.338033,-0.253075,1.453075,67.5903522203511,-48.26373413837093,67.59034330586742,0.6108259758635586,-2.696776290056491e-07,0.6108259366735954,0.503769096210837
img_000338.jpg,0.337842,-0.252944,1.452933,67.73343991510848,-48.49495663223812,67.73339860377628,0.6119222215723737,-2.412222921410745e-09,0.6119220409206192,0.5011013975050107
img_000339.jpg,0.337652,-0.252813,1.452792,67.87630090631377,-48.72643222973737,67.87621656028291,0.6130126401014009,1.2344691213694858e-08,0.6130122732287604,0.4984289878676977
img_000340.jpg,0.337503,-0.252636,1.452665,68.01890019901637,-48.95814801258124,68.01885218553883,0.614097041242132,-6.084880310730513e-08,0.6140968335237984,0.4957518562685363
img_000341.jpg,0.337312,-0.252506,1.452524,68.16130597291169,-49.19008093944699,68.16125864510707,0.6151756623649376,1.6851587958388592e-08,0.6151754587205918,0.493070035006965
img_000342.jpg,0.337122,-0.252375,1.452382,68.3034967143089,-49.42225728206502,68.3034579207732,0.6162484496028543,4.7936750791066636e-08,0.6162482835896781,0.490383422777373
img_000343.jpg,0.336931,-0.252244,1.452241,68.44549378286038,-49.65465411564495,68.44542472534556,0.6173154353862793,1.351633669433028e-07,0.6173151414831328,0.4876921870703792
img_000344.jpg,0.33674,-0.252113,1.452099,68.58722767844729,-49.88730172440622,68.5872181295121,0.618376371353836,-3.931042380500571e-09,0.6183763309390106,0.4849962646100174
img_000345.jpg,0.336549,-0.251982,1.451958,68.72883808694392,-50.12014510753642,68.72873222658538,0.6194317278947132,1.4719340557522997e-07,0.6194312823468877,0.4822957815774864
img_000346.jpg,0.336401,-0.251806,1.451831,68.87019334830562,-50.35322480254749,68.87007895636081,0.6204810151836513,1.8889546615774577e-07,0.6204805364282188,0.479590673085267
img_000347.jpg,0.33621,-0.251675,1.45169,69.01130808499586,-50.58652458323137,69.01122947657599,0.6215242529582237,1.2348625977320893e-07,0.6215239258234666,0.4768811304860917
img_000348.jpg,0.33602,-0.251544,1.451549,69.15221840334625,-50.82005552171062,69.15216921104991,0.6225616019777703,-3.212340909941602e-08,0.6225613984255813,0.4741670137549173
img_000349.jpg,0.335829,-0.251413,1.451408,69.29296135096389,-51.05378812694192,69.29289604223052,0.6235931451151813,7.83772160506402e-08,0.6235928764243835,0.4714483151291496
img_000350.jpg,0.335638,-0.251282,1.451266,69.4334921734133,-51.287745090110754,69.43341090299464,0.6246187282604536,4.1440597897679516e-08,0.6246183958319909,0.4687251901643035
img_000351.jpg,0.335447,-0.251152,1.451124,69.57378483431258,-51.52192533405267,69.57375500892627,0.625638231659972,-8.015259139737553e-08,0.6256381103721913,0.4659975943449604
img_000352.jpg,0.335299,-0.250975,1.450998,69.7139151791937,-51.75631349057235,69.71386609614292,0.6266519229938707,-1.3850243596458256e-07,0.6266517245631953,0.4632655647790345
img_000353.jpg,0.335108,-0.250844,1.450856,69.85383446112512,-51.99090042213293,69.85381529460676,0.6276595744428748,2.202946280949192e-08,0.6276594974150452,0.4605290587084399
img_000354.jpg,0.334918,-0.250713,1.450714,69.99363214018993,-52.2257127966742,69.99350811647807,0.6286615826519475,1.738001177420401e-07,0.6286610871827445,0.4577879989249697
img_000355.jpg,0.334727,-0.250582,1.450573,70.13318127553113,-52.4607234553332,70.1330277207564,0.6296573749582786,2.2733053306467357e-07,0.6296567651923423,0.4550427982158532
img_000356.jpg,0.334536,-0.250452,1.450432,70.2724987215369,-52.69595252692451,70.2723737005497,0.6306470474381904,1.1462540638884633e-07,0.6306465539797789,0.4522932958942787
img_000357.jpg,0.334388,-0.250275,1.450305,70.41156317887966,-52.931391165797294,70.41156894956369,0.6316304906848685,-1.246701611945511e-07,0.6316305133230984,0.4495395620814435
img_000358.jpg,0.334197,-0.250144,1.450164,70.55056369479296,-53.167008069856365,70.55049492457867,0.6326083766568644,7.545899677330327e-08,0.632608108528406,0.4467814038292926
img_000359.jpg,0.334006,-0.250014,1.450022,70.68929302286666,-53.40283809099292,70.68927554282722,0.6335799458458095,2.3656114289671844e-09,0.6335798781141888,0.4440191327756395
img_000360.jpg,0.333816,-0.249883,1.449881,70.82787286381912,-53.6388789810331,70.82783880932573,0.634545656679937,-8.116590893836317e-08,0.6345455255478679,0.4412525190815358
img_000361.jpg,0.333625,-0.249752,1.44974,70.96626777256405,-53.87511626996911,70.96623281572843,0.6355053326248807,-3.6912439105307726e-08,0.6355051988634755,0.4384816010083352
img_000362.jpg,0.333434,-0.249621,1.449598,71.10446835751863,-54.11153852345563,71.10443303459398,0.6364589057904511,-4.807916509363963e-09,0.6364587714835834,0.4357066598545741
img_000363.jpg,0.333286,-0.249444,1.449471,71.24250701632445,-54.34815980853865,71.24242023160245,0.6374065132728648,-2.9515058286300192e-08,0.6374061853996981,0.4329275824563896
img_000364.jpg,0.333095,-0.249313,1.44933,71.38034531874806,-54.58497473177164,71.38026057942477,0.6383479881040393,5.2258166238772226e-08,0.6383476700165674,0.4301442761073802
img_000365.jpg,0.332904,-0.249183,1.449189,71.51800019081058,-54.82198975892787,71.51791889414741,0.6392833948098032,7.122565043315987e-08,0.639283091622629,0.4273568413935381
img_000366.jpg,0.332714,-0.249052,1.449047,71.65546406228223,-55.059190260874544,71.65539294523245,0.6402126682804326,4.1328177269317485e-08,0.6402124047894302,0.4245654438681766
img_000367.jpg,0.332523,-0.248921,1.448905,71.79278853540345,-55.29657389506984,71.7926774851608,0.6411359841356593,2.1070287581359537e-07,0.6411355753998826,0.4217698706676624
img_000368.jpg,0.332332,-0.24879,1.448765,71.9298819810512,-55.53415189354822,71.92979900964625,0.6420530130851263,1.165741509989715e-07,0.6420527097244106,0.4189704599656623
img_000369.jpg,0.332184,-0.248613,1.448637,72.06680872936764,-55.77191820822832,72.06675661391147,0.6429639710111628,1.2717812375440118e-07,0.6429637817412389,0.4161669224608619
img_000370.jpg,0.331993,-0.248482,1.448496,72.20357248376024,-56.00987146755984,72.2035116525583,0.6438688572117435,2.978572927192502e-08,0.6438686377788556,0.4133594948681396
img_000371.jpg,0.331802,-0.248351,1.448355,72.34016838453603,-56.24799948151225,72.34011340231574,0.6447676216551383,1.2683241018551786e-07,0.6447674246698699,0.4105480266055896
img_000372.jpg,0.331611,-0.248221,1.448214,72.47660332933589,-56.48629339845722,72.47650758234437,0.6456602629154689,1.831901615956255e-07,0.6456599222340688,0.407732865627227
img_000373.jpg,0.331421,-0.24809,1.448072,72.61284323533904,-56.72478526403435,72.61275759600761,0.6465467035331809,1.3150496230851516e-07,0.6465464009231905,0.4049137088363753
img_000374.jpg,0.33123,-0.247959,1.447931,72.74890648381195,-56.96345528814078,72.74884453092548,0.6474269654262543,7.082182051920682e-08,0.6474267480395286,0.4020906991735912
img_000375.jpg,0.331082,-0.247782,1.447804,72.88485806284052,-57.20229406801007,72.88470915966347,0.6483012493438067,6.86359295509753e-08,0.6483007305300977,0.3992638887921073
img_000376.jpg,0.330891,-0.247652,1.447663,73.02056485333406,-57.44130800425485,73.02048956072018,0.6491690909254828,8.634394532691658e-08,0.6491688304481639,0.3964332490616015
img_000377.jpg,0.3307,-0.247521,1.447521,73.1561646701076,-57.68048304838448,73.15605490655395,0.6500309358165032,2.284738386260088e-07,0.6500305588006567,0.3935988504896513
img_000378.jpg,0.33051,-0.24739,1.44738,73.29154324802349,-57.919855342862775,73.29147030834771,0.6508864391131057,-4.1595202449062896e-08,0.6508861903865505,0.3907608098859747
img_000379.jpg,0.330319,-0.247259,1.447238,73.42679911764455,-58.15938123559164,73.42673039529784,0.6517358567251057,6.004678487769867e-08,0.6517356240840683,0.3879188695572035
img_000380.jpg,0.33017,-0.247083,1.447112,73.56187070244422,-58.39908359296976,73.56182779743446,0.6525790059593961,-3.0348686341774573e-08,0.6525788617814665,0.3850733308566713
img_000381.jpg,0.329979,-0.246952,1.44697,73.69678193013439,-58.63894394915783,73.69676693518363,0.6534159284219947,-5.851357615105358e-08,0.6534158784058177,0.382224167644555
img_000382.jpg,0.329789,-0.246821,1.446829,73.8315970305864,-58.87896466749123,73.83150257174084,0.6542468308077852,4.354421140329024e-08,0.6542465180886042,0.3793712929926364
img_000383.jpg,0.329598,-0.24669,1.446688,73.96619389461759,-59.11916158302845,73.96612045210942,0.6550713224475104,-5.8291433291390866e-08,0.6550710811366166,0.3765148618120816
img_000384.jpg,0.329407,-0.246559,1.446546,74.10060772591493,-59.35951941468608,74.10061620779112,0.6558894884537336,-1.1522969334265555e-07,0.6558895161110317,0.3736548160957152
img_000385.jpg,0.329217,-0.246428,1.446405,74.234940947021,-59.60002892802361,74.23490095798931,0.6567016381451343,-1.5589662893944478e-08,0.6567015087500978,0.3707911634098663
img_000386.jpg,0.329068,-0.246252,1.446278,74.36907651830973,-59.84071626288657,74.36905203713765,0.6575074211808372,-1.7903036197974845e-07,0.6575073425781288,0.3679240214336927
img_000387.jpg,0.328877,-0.246121,1.446137,74.50308248396193,-60.08154660412029,74.50305445345634,0.6583069939642235,-1.0373882664005408e-07,0.658306904667716,0.3650533124963908
img_000388.jpg,0.328687,-0.24599,1.445995,74.6369384317406,-60.32252877344641,74.63688229649534,0.6591002946676191,-1.370582821680344e-07,0.6591001172460388,0.3621792884957626
img_000389.jpg,0.328496,-0.245859,1.445854,74.7706227237905,-60.56367673721682,74.77060336773381,0.6598872671861198,-1.2771083268692254e-07,0.6598872064952581,0.3593016411171856
img_000390.jpg,0.328305,-0.245729,1.445713,74.90414874479116,-60.80497225204593,74.90418177098046,0.6606679176632353,-1.1350564971257528e-07,0.6606680203864352,0.3564206354985363
img_000391.jpg,0.328115,-0.245598,1.445572,75.03759699632526,-61.04641322078124,75.03754667662703,0.6614424829725315,-5.0249251537515256e-08,0.66144232772693,0.3535362623696617
img_000392.jpg,0.327966,-0.245421,1.445444,75.1708393548248,-61.28801687409906,75.17082054601134,0.6622105822941365,-1.0523388366268095e-07,0.66221052473946,0.350648492969724
img_000393.jpg,0.327776,-0.24529,1.445303,75.30396564625657,-61.52977087604076,75.30393549785465,0.6629724651034696,-9.771432440963681e-08,0.6629723736104827,0.3477573037966303
img_000394.jpg,0.327585,-0.24516,1.445161,75.43696024941322,-61.77165011884444,75.4368915234372,0.6637280365507707,1.70988204151179e-08,0.6637278297201374,0.3448629605386097
img_000395.jpg,0.327394,-0.245029,1.44502,75.56979411050418,-62.01369186202029,75.56971037699748,0.6644772546672609,-6.50629480292153e-08,0.6644770047888999,0.3419653317759387
img_000396.jpg,0.327203,-0.244898,1.444878,75.7025149563362,-62.25588494770653,75.70238191786905,0.6652202366296569,-7.983785843546087e-08,0.6652198429830039,0.3390642966754895
img_000397.jpg,0.327012,-0.244767,1.444738,75.83503281007836,-62.4982120935869,75.83496751104572,0.6659566827435417,-1.0784372184158286e-07,0.6659564911855773,0.3361601531368643
img_000398.jpg,0.326864,-0.24459,1.444611,75.96746210771092,-62.74067309347669,75.9673836363994,0.6666869219189757,7.247914823871326e-09,0.6666866937103558,0.3332527577856715
img_000399.jpg,0.326673,-0.244459,1.444469,76.09972740183743,-62.98328153713514,76.09967470194627,0.6674107435002308,-2.583948072176767e-08,0.6674105915780528,0.330342249356485
img_000400.jpg,0.326483,-0.244329,1.444328,76.23191020595259,-63.22603451136918,76.23178967427447,0.6681283695908175,-3.561445421906839e-08,0.6681280251893378,0.3274285016679372
img_000401.jpg,0.326292,-0.244198,1.444186,76.3639460568298,-63.46891694445662,76.3637873856454,0.6688395841385208,1.6457679385961654e-08,0.668839134797804,0.3245116676674896
img_000402.jpg,0.326101,-0.244067,1.444045,76.49578837137354,-63.711930339611264,76.49571423872327,0.6695442512740848,9.540134771057752e-08,0.669544043226844,0.3215917750273879
img_000403.jpg,0.325953,-0.24389,1.443919,76.6275208382671,-63.95509202463016,76.62748119485721,0.6702426236232695,3.579943147480336e-08,0.6702425133785093,0.3186687915981951
img_000404.jpg,0.325762,-0.243759,1.443777,76.75915857894354,-64.19837892810607,76.75908298231529,0.6709347014857787,1.7067644186852252e-08,0.6709344931886361,0.3157428260339365
img_000405.jpg,0.325571,-0.243629,1.443635,76.89064397943221,-64.44179721721328,76.89060020568503,0.6716203251324382,1.1059603188812163e-07,0.6716202056381693,0.3128137436998716
img_000406.jpg,0.32538,-0.243498,1.443494,77.02201669178183,-64.68534168607407,77.02195041668655,0.672299588609093,7.436382515324524e-08,0.6722994093859904,0.3098818602230322
img_000407.jpg,0.32519,-0.243367,1.443353,77.1532550018392,-64.9290203803363,77.15321715998894,0.6729724352032584,1.9596619960093878e-07,0.6729723338394019,0.3069468021389151
img_000408.jpg,0.324999,-0.243236,1.443212,77.28437731798022,-65.17282795220807,77.2843143181535,0.673638899288852,8.766090769940504e-08,0.6736387321515684,0.3040090326127235
img_000409.jpg,0.324851,-0.24306,1.443085,77.41538331100182,-65.41676091225412,77.41529805445533,0.6742989668846965,7.531418416695247e-08,0.6742987428887202,0.3010682789616287
img_000410.jpg,0.32466,-0.242929,1.442943,77.5462674326773,-65.66080447167421,77.5461580712771,0.6749525964053074,1.3517198821366705e-07,0.6749523118873582,0.2981247545636329
img_000411.jpg,0.324469,-0.242798,1.442802,77.67701063730178,-65.904987830594,77.67693367958532,0.6755997682499634,1.7829967269289426e-07,0.6755995700132458,0.2951782074247377
img_000412.jpg,0.324279,-0.242667,1.44266,77.80761810131457,-66.1492918954715,77.80758309603895,0.6762404650942226,8.551671298873131e-08,0.6762403758244746,0.292228998345331
img_000413.jpg,0.324088,-0.242536,1.442519,77.93815420162501,-66.39370959332467,77.93809059732672,0.6768748344074385,1.644584070037425e-07,0.6768746738435547,0.2892769165610304
img_000414.jpg,0.323897,-0.242406,1.442378,78.06856450572373,-66.63825610087872,78.06846966680833,0.677502747824756,5.3802655830548225e-08,0.67750251085715,0.2863221515568782
img_000415.jpg,0.323749,-0.242229,1.442251,78.19885730258561,-66.88291272738849,78.19874735932234,0.6781241961020664,5.630090160746448e-08,0.6781239242317869,0.283364637958593
img_000416.jpg,0.323558,-0.242098,1.44211,78.32901047930649,-67.12768444701963,78.32894265611696,0.6787391241313414,9.839006193113065e-08,0.6787389581686154,0.2804044008884173
img_000417.jpg,0.323367,-0.241967,1.441968,78.45903718149569,-67.37257662352043,78.45903354279005,0.6793475648079972,7.003471869104771e-08,0.6793475559982018,0.2774414971641935
img_000418.jpg,0.323176,-0.241836,1.441827,78.58900849569267,-67.61757056377203,78.58894127408645,0.6799496600797159,1.9580270738117637e-08,0.6799494990667505,0.2744761164042386
img_000419.jpg,0.322986,-0.241705,1.441685,78.71885916945506,-67.86268478569312,78.71878621292392,0.6805452657636668,1.338319748356298e-07,0.6805450929038022,0.2715078595017051
img_000420.jpg,0.322837,-0.241529,1.441558,78.84857246776113,-68.10790500702511,78.8485198427053,0.6811343196530913,9.165169218006143e-08,0.6811341963299444,0.2685372323918468
img_000421.jpg,0.322646,-0.241398,1.441417,78.97821417431254,-68.35324499422944,78.97812155674193,0.6817169852418576,5.1156428038101616e-08,0.6817167706022258,0.265563922083596
img_000422.jpg,0.322456,-0.241267,1.441276,79.10770579675504,-68.59869133484699,79.1076563123728,0.6822930574585857,-7.367867760343927e-09,0.682292944064451,0.2625881227772476
img_000423.jpg,0.322265,-0.241136,1.441135,79.2371427934961,-68.84423107872242,79.2370356284814,0.6828627347766243,1.5293756150391857e-08,0.6828624919917184,0.2596099044417407
img_000424.jpg,0.322074,-0.241006,1.440993,79.36635699972007,-69.08989169730339,79.3664273480728,0.6834256606063629,-7.879834712509749e-08,0.6834258181522777,0.2566291439171323
img_000425.jpg,0.321884,-0.240875,1.440851,79.49564747149618,-69.33564822204217,79.49554504973551,0.6839824717567031,-8.105078075359985e-08,0.6839822450484144,0.2536459477068675
img_000426.jpg,0.321735,-0.240698,1.440725,79.62474989419358,-69.58149911231837,79.6246557363431,0.6845325681190823,1.0825916441081772e-08,0.6845323621559165,0.250660344581139
img_000427.jpg,0.321544,-0.240567,1.440583,79.75377034095291,-69.82746284491239,79.7536510672957,0.6850761991606895,4.4076089444899935e-08,0.6850759413687233,0.2476722751970816
img_000428.jpg,0.321354,-0.240437,1.440442,79.88266397017979,-70.0735286311065,79.88255805813748,0.6856132494994873,-4.3652399583926644e-08,0.6856130233505446,0.2446819452327392
img_000429.jpg,0.321163,-0.240306,1.440301,80.01148232016092,-70.31968445502804,80.0113714045128,0.6861438111027233,7.612012914437473e-08,0.686143577166461,0.2416891846952144
img_000430.jpg,0.320972,-0.240175,1.440159,80.14014958403597,-70.565937054641,80.14010954151615,0.686667725263576,-5.624941623594282e-09,0.6866676418549686,0.2386943332186223
img_000431.jpg,0.320781,-0.240044,1.440018,80.26874780235694,-70.8123064515773,80.26874401312661,0.687185179128893,-1.1662819521252032e-07,0.6871851713350403,0.2356969874283695
img_000432.jpg,0.320633,-0.239867,1.439891,80.39731297368263,-71.058746074462,80.39723498765535,0.6876961902252332,-1.1452645887199964e-08,0.6876960318614638,0.2326974811030334
img_000433.jpg,0.320442,-0.239736,1.43975,80.52577317340284,-71.30529333082244,80.52564009406906,0.6882006414550836,-3.31611071935356e-08,0.6882003747011574,0.2296957147227534
img_000434.jpg,0.320252,-0.239606,1.439608,80.65405797547959,-71.5519373121751,80.65403295644434,0.6886983773156006,-1.1754256634688433e-07,0.6886983278214975,0.2266917694551747
img_000435.jpg,0.320061,-0.239475,1.439467,80.7823695183627,-71.79865587728894,80.78222847287647,0.6891897716020301,-4.6993673896711385e-08,0.6891894962776224,0.2236857101822473
img_000436.jpg,0.31987,-0.239344,1.439326,80.91049576957549,-72.04546829833714,80.91042772149879,0.6896744199139178,-3.0986209875738524e-08,0.6896742888686721,0.2206775244330322
img_000437.jpg,0.31968,-0.239213,1.439184,81.03859991686055,-72.2923714115471,81.03847189191109,0.6901526309585184,-4.655338853298829e-08,0.6901523877745375,0.2176672405993548
img_000438.jpg,0.319531,-0.239037,1.439058,81.16650268692226,-72.53937102340836,81.16653319538854,0.6906240633803307,-1.9561938835455095e-07,0.6906241205292686,0.2146549026301918
img_000439.jpg,0.31934,-0.238906,1.438916,81.29443707171075,-72.78644240531408,81.2944183049766,0.6910891280580784,-1.0779519099557433e-07,0.6910890933976012,0.2116404547027693
img_000440.jpg,0.319149,-0.238775,1.438775,81.4222648119799,-73.03361014355627,81.42223374225156,0.6915475812274473,-1.50827349387761e-07,0.6915475246623244,0.2086239776052991
img_000441.jpg,0.318959,-0.238644,1.438634,81.54999068762554,-73.28084503730165,81.54998442840804,0.6919994014754796,-1.070580560869061e-07,0.6919993902448998,0.2056056231192464
img_000442.jpg,0.318768,-0.238513,1.438492,81.67771878996014,-73.52816847512547,81.67758242879972,0.6924447883222284,-3.5315074475850146e-08,0.6924445472508209,0.2025852020952873
img_000443.jpg,0.31862,-0.238337,1.438365,81.80528756105093,-73.77557670516487,81.80517493042268,0.692883445046395,-2.1888446277706922e-08,0.6928832488985461,0.1995628597120073
img_000444.jpg,0.318429,-0.238206,1.438224,81.9327110557977,-74.02306843270983,81.93274061119186,0.6933153955765762,-1.2564358331523806e-07,0.6933154462676969,0.196538683782873
img_000445.jpg,0.318238,-0.238075,1.438083,82.0601730071816,-74.27062755285348,82.06011049428481,0.6937409367113948,-1.7996959889021727e-07,0.6937408311448993,0.1935127177555741
img_000446.jpg,0.318048,-0.237944,1.437941,82.18755963874878,-74.51827165900797,82.18742189165403,0.6941598799915225,-1.7481901132265778e-07,0.6941596510156971,0.1904847498144937
img_000447.jpg,0.317857,-0.237813,1.4378,82.31481523933718,-74.76598568890753,82.31471348793542,0.6945721167206422,-1.422254832239567e-07,0.694571950270376,0.187455009460384
img_000448.jpg,0.317666,-0.237683,1.437658,82.44200631576766,-75.01377059322644,82.44191209430365,0.6949777544714233,-1.5149723026075534e-07,0.6949776028315955,0.1844235677788614
img_000449.jpg,0.317518,-0.237506,1.437531,82.56912235609664,-75.26163558093144,82.56905823078951,0.6953767784259917,-1.0075818845933783e-07,0.6953766769202836,0.1813902236097158
img_000450.jpg,0.317327,-0.237375,1.43739,82.69621015016813,-75.5095736479653,82.69607562398043,0.6957692512043445,-1.480144981025333e-07,0.6957690418221704,0.1783552340706124
img_000451.jpg,0.317136,-0.237244,1.437248,82.82313631062202,-75.75758060571903,82.8231235318915,0.6961549574329269,-1.3294389022977526e-07,0.696154937882218,0.1753185035977295
img_000452.jpg,0.316946,-0.237114,1.437107,82.95001923166231,-76.00565767300708,82.95007055978265,0.6965340787955963,-1.647919700142886e-07,0.6965341559636475,0.1722801400404358
img_000453.jpg,0.316755,-0.236982,1.436966,83.07689265485782,-76.2537957106675,83.07689269196587,0.6969066518694316,-1.5036950584690345e-07,0.6969066519242364,0.1692401757381137
img_000454.jpg,0.316564,-0.236852,1.436824,83.20366014916168,-76.5020065014996,83.20369579359199,0.6972725365187948,-1.281928287966139e-07,0.6972725882158568,0.1661985184632817
img_000455.jpg,0.316416,-0.236675,1.436698,83.33040349553568,-76.75029401348482,83.33039336160815,0.6976318505751822,-1.742146955030499e-07,0.6976318361465339,0.1631552091041893
img_000456.jpg,0.316225,-0.236544,1.436556,83.45697436189634,-76.99862701569215,83.45711609268236,0.6979843571521436,-2.244690257557913e-07,0.6979845551821446,0.1601105802189291
img_000457.jpg,0.316034,-0.236413,1.436415,83.58370468464283,-77.2470252935995,83.58356801812462,0.6983305299085304,-2.0549210272280405e-07,0.6983303425875169,0.1570643295571285
img_000458.jpg,0.315843,-0.236283,1.436273,83.71014458442087,-77.49549471926406,83.71019572260398,0.6986697462049423,-1.962764727969635e-07,0.6986698149369925,0.1540164777995907
img_000459.jpg,0.315653,-0.236152,1.436132,83.83667964173208,-77.74399921434674,83.83659248362885,0.6990025042819048,-1.2433640278475266e-07,0.6990023894564998,0.1509674088726234
img_000460.jpg,0.315504,-0.235975,1.436005,83.96310016845372,-77.99259215654416,83.9629931726135,0.6993285523867803,-1.8996672834781242e-07,0.6993284142749552,0.1479166819674193
img_000461.jpg,0.315314,-0.235844,1.435864,84.0894863977725,-78.24124173478278,84.08931827921657,0.6996479713812289,-2.137608849372974e-07,0.6996477588491848,0.1448645218105466
img_000462.jpg,0.315123,-0.235713,1.435723,84.21568587469933,-78.48993812066497,84.21571067595917,0.6999605609469666,-2.157642949307537e-07,0.6999605916393508,0.1418110830317968
img_000463.jpg,0.314932,-0.235583,1.435581,84.34197477619809,-78.73869824200229,84.34191324892264,0.7002666728051756,-2.070265485709655e-07,0.700266598303378,0.1387561827773505
img_000464.jpg,0.314741,-0.235452,1.43544,84.46818830664597,-78.98749225938717,84.46807351616192,0.7005660786990635,-1.3054858144512238e-07,0.7005659427634815,0.1357001444955559
img_000465.jpg,0.314551,-0.235321,1.435298,84.59421231196653,-79.23635574192475,84.59431795743554,0.7008586659536771,-1.540047508963305e-07,0.700858788240916,0.1326427129663873
img_000466.jpg,0.314402,-0.235144,1.435172,84.72038770427399,-79.48527166642184,84.72031120131395,0.7011448173331474,-1.6037043448768887e-07,0.7011447308211307,0.1295839942608895
img_000467.jpg,0.314211,-0.235013,1.43503,84.8464929729614,-79.73424231053711,84.84627890848103,0.7014242698462185,-1.607393815272751e-07,0.7014240334914903,0.1265239855173804
img_000468.jpg,0.314021,-0.234883,1.434889,84.97236129799774,-79.98324714542376,84.97238509037939,0.7016968308519944,-6.749140235573492e-08,0.701696856486291,0.1234628655487977
img_000469.jpg,0.31383,-0.234752,1.434747,85.0983702147471,-80.23230931712433,85.09825106444285,0.7019629215658449,-5.3434724534007216e-08,0.7019627963755226,0.1204005367570973
img_000470.jpg,0.313639,-0.234621,1.434606,85.22426189985893,-80.48141877961055,85.22412926463036,0.7022222542325663,-1.117453966581472e-07,0.7022221184195767,0.1173371299412184
img_000471.jpg,0.313449,-0.23449,1.434464,85.34998092619094,-80.73057344545789,85.35009861797104,0.7024747751132376,-1.0786005072427329e-07,0.7024748924772677,0.1142725503725448
img_000472.jpg,0.3133,-0.234314,1.434338,85.4759055092931,-80.97976411443304,85.47577050851903,0.7027208540364621,-7.087706282993268e-08,0.7027207230231877,0.1112069545308582
img_000473.jpg,0.313109,-0.234183,1.434196,85.6017131620129,-81.22900736090858,85.60148513283843,0.7029601718392209,-1.70936898524765e-08,0.7029599566478946,0.1081401690278074
img_000474.jpg,0.312919,-0.234052,1.434055,85.72727878486093,-81.4783070762397,85.72734307399878,0.7031926183192266,-1.4322859959170486e-07,0.7031926772677398,0.1050723568706738
img_000475.jpg,0.312728,-0.233921,1.433914,85.85293742886795,-81.72762349215454,85.85303873002587,0.7034184868215024,-4.480169862874917e-08,0.7034185769946364,0.1020036172720681
img_000476.jpg,0.312537,-0.23379,1.433773,85.97860435561628,-81.97698742120814,85.97863116140081,0.7036377050045517,-9.235535736173973e-08,0.703637728147616,0.0989339558654183
img_000477.jpg,0.312347,-0.23366,1.433631,86.10420916198878,-82.22638375120833,86.10422040107444,0.7038502009204626,-3.275007165459698e-08,0.7038502103226882,0.0958633198513941
img_000478.jpg,0.312198,-0.233483,1.433504,86.22975998507738,-82.47582418246249,86.22979191629216,0.7040559855309725,1.6941492653188559e-10,0.7040560113876078,0.0927917133529905
img_000479.jpg,0.312007,-0.233352,1.433363,86.35526766860748,-82.72529728043106,86.35531876784795,0.7042550615121113,-4.4011847444291874e-08,0.7042551015201888,0.0897193419356111
img_000480.jpg,0.311817,-0.233221,1.433222,86.48089378601648,-82.9748197778947,86.4806499367437,0.7044475557148495,-2.26162895244908e-07,0.704447371333667,0.0866460747432299
img_000481.jpg,0.311626,-0.23309,1.43308,86.60615978626586,-83.22435827340296,86.60629699601833,0.7046330917951038,-1.5896159499817489e-07,0.7046331918623767,0.0835719502769108
img_000482.jpg,0.311435,-0.232959,1.432939,86.73158356526653,-83.4739335182407,86.73171754359528,0.7048120656392365,-1.435175968067526e-07,0.7048121597547037,0.0804970284621871
img_000483.jpg,0.311287,-0.232783,1.432812,86.85709072805271,-83.72354315559076,86.85700675514593,0.7049844086030295,-5.960841148455742e-08,0.7049843518686505,0.0774212325332768
img_000484.jpg,0.311096,-0.232652,1.43267,86.98238438964401,-83.97318460066815,86.98243752718307,0.7051499158566352,-6.097709859265167e-08,0.7051499503312032,0.0743447625275499
img_000485.jpg,0.310905,-0.232521,1.432529,87.10776597906,-84.22284782153629,87.10771089657027,0.7053087845163165,-9.267089529085837e-08,0.7053087502590172,0.0712677016057807
img_000486.jpg,0.310715,-0.23239,1.432388,87.23314523538355,-84.47254326082302,87.2329390480889,0.7054609529882574,-1.0644325387776377e-07,0.7054608302927765,0.0681898873112047
img_000487.jpg,0.310524,-0.23226,1.432246,87.35836745456992,-84.72226230847156,87.35827773856151,0.7056063269192471,-6.472384445066481e-08,0.7056062759422869,0.0651114027062984
img_000488.jpg,0.310333,-0.232129,1.432105,87.48362116844119,-84.9720127516636,87.48353002892475,0.705745019411092,-8.950064667168078e-08,0.7057449700742591,0.0620322882965975
img_000489.jpg,0.310185,-0.231952,1.431978,87.60871912275658,-85.22178097520873,87.60887724359155,0.7058769241866478,-1.553385421404485e-07,0.7058770055331784,0.0589527010431804
img_000490.jpg,0.309994,-0.231821,1.431837,87.73410009573848,-85.47156730628376,87.73392667933167,0.7060022645947375,-2.5525427882477913e-09,0.7060021800406127,0.0558723917959904
img_000491.jpg,0.309803,-0.23169,1.431695,87.85919771267073,-85.72138518187418,87.85920466252597,0.7061207568632664,1.7091514592504353e-08,0.706120760065019,0.0527915611821387
img_000492.jpg,0.309613,-0.23156,1.431554,87.98460288073163,-85.97121550828768,87.98410883342308,0.7062326725188943,-7.12129983870824e-08,0.7062324581988243,0.0497104340482068
img_000493.jpg,0.309422,-0.231429,1.431413,88.10952580731559,-86.22107109967943,88.10948056716659,0.7063376653480673,-5.0798093176318566e-08,0.7063376469393396,0.0466286502789424
img_000494.jpg,0.309231,-0.231298,1.431271,88.23463637613183,-86.47094685508483,88.23462750671432,0.7064360248378387,-5.0725555034158993e-08,0.7064360214673382,0.0435464164393403
img_000495.jpg,0.309083,-0.231121,1.431144,88.35998191991202,-86.72083350177694,88.35950402554373,0.7065277482385476,-2.530878978612705e-08,0.7065275794877444,0.040463815837805
img_000496.jpg,0.308892,-0.230991,1.431003,88.48505099756721,-86.97072755215261,88.48461347580165,0.7066126469953335,-2.4978410673170973e-08,0.7066125042712854,0.037380956564943
img_000497.jpg,0.308701,-0.23086,1.430861,88.60984428758205,-87.22066048877409,88.60998508684942,0.706690746419487,-8.171385096344964e-08,0.7066907885609062,0.0342974968215792
img_000498.jpg,0.308511,-0.230729,1.43072,88.73533423751411,-87.47058778553037,88.7346414039509,0.7067623245429215,2.6421306642543385e-08,0.7067621358207159,0.0312137786374121
img_000499.jpg,0.30832,-0.230598,1.430579,88.86020320077368,-87.72053947603753,88.85986944050734,0.7068270042180529,-9.694632940870919e-08,0.7068269222871373,0.0281298424847423
img_000500.jpg,0.308129,-0.230467,1.430437,88.98515020420695,-87.9704934393503,88.98502973082174,0.7068849837320353,3.0043005139201995e-08,0.7068849574009591,0.0250454940938135
img_000501.jpg,0.307981,-0.230291,1.430311,89.10970886948729,-88.22045249646538,89.11052325497552,0.7069361664780014,-3.5479707727326115e-08,0.7069363225524816,0.0219611561936005
img_000502.jpg,0.30779,-0.23016,1.430169,89.23488626459246,-88.47042777478644,89.23540224081913,0.7069807494442906,-1.8442038784982632e-08,0.7069808344399068,0.0188764310673906
img_000503.jpg,0.307599,-0.230029,1.430028,89.36113060008572,-88.72040696114719,89.35920622347336,0.7070187420787708,5.9522151540925e-08,0.7070184768854053,0.0157915069575548
img_000504.jpg,0.307409,-0.229898,1.429887,89.48488328621302,-88.97039647939133,89.4854677968351,0.7070496630910237,-2.3655888303775185e-08,0.7070497279046506,0.0127065413401512
img_000505.jpg,0.307218,-0.229767,1.429746,89.61059167962017,-89.22039091741999,89.60977344600816,0.7070740858995133,-4.781270385167957e-08,0.7070740171989025,0.0096213955106005
img_000506.jpg,0.307069,-0.229591,1.429618,89.73616704121302,-89.47037430096714,89.73420431464614,0.7070917322870547,1.673276750491226e-08,0.7070916203337168,0.0065362516116389
img_000507.jpg,0.306879,-0.22946,1.429477,89.86113710516543,-89.72037815606686,89.85923157122299,0.7071025993583481,-5.3358862495134225e-08,0.7071025419735186,0.003450958599121
img_000508.jpg,0.306688,-0.229329,1.429336,90.03028480455168,-89.97036398381225,89.94006720345931,0.7071068778482086,-7.394928164261573e-08,0.7071065898957505,0.0003658220281733
img_000509.jpg,0.306497,-0.229198,1.429194,-89.89480114767072,-89.7796235547435,-89.88482470428285,0.7071042843772724,-1.6684856052329167e-08,0.7071040475943428,-0.0027197225966846
img_000510.jpg,0.306307,-0.229067,1.429053,-89.76569065322596,-89.5296350075956,-89.76393430167671,0.7070949117008185,3.757994898601069e-08,0.7070948227284891,-0.0058049562769103
img_000511.jpg,0.306116,-0.228936,1.428911,-89.64124965963357,-89.27962565028997,-89.63836592467143,0.7070789485357062,-2.57221575705735e-08,0.7070787248076422,-0.0088903015718316
img_000512.jpg,0.305967,-0.22876,1.428785,-89.5151490853035,-89.02964115262192,-89.51444655451463,0.7070561124649977,6.614704178842247e-08,0.7070560390470426,-0.0119754529345333
img_000513.jpg,0.305777,-0.228629,1.428643,-89.38986327260172,-88.77965576574839,-89.38972416843953,0.7070265943936141,-5.4424652562445885e-09,0.7070265761116012,-0.0150603948179939
img_000514.jpg,0.305586,-0.228498,1.428502,-89.26550489168055,-88.52967367710306,-89.2640344795455,0.7069904788242587,8.17939063701978e-08,0.7069902459879875,-0.018145383150643
img_000515.jpg,0.305395,-0.228367,1.428361,-89.13968355797797,-88.27969808607646,-89.13984124448193,0.7069473989153758,-1.271176516826067e-07,0.7069474281294834,-0.0212299088052002
img_000516.jpg,0.305204,-0.228237,1.428219,-89.0146244889733,-88.029731627415,-89.01481218134577,0.706897710042375,2.2573612978860073e-08,0.706897749867794,-0.0243145793444063
img_000517.jpg,0.305014,-0.228106,1.428078,-88.88969698104998,-87.77977189897383,-88.8896559697549,0.706841323986298,1.2942088567502452e-08,0.7068413141804839,-0.0273988918188951
img_000518.jpg,0.304865,-0.227929,1.427951,-88.7648508800111,-87.5298272721223,-88.76439696111342,0.7067782404867554,3.2794549575942966e-08,0.7067781197382697,-0.0304829170795924
img_000519.jpg,0.304674,-0.227798,1.42781,-88.64002435754853,-87.27989516149019,-88.63909814364673,0.706708449436865,3.6978736850379335e-08,0.706708178126807,-0.033566627224522
img_000520.jpg,0.304484,-0.227668,1.427668,-88.5146322338755,-87.02997272063853,-88.51434312248546,0.706631766636699,-4.407756992730327e-09,0.7066316741697012,-0.036650012824322
img_000521.jpg,0.304293,-0.227537,1.427527,-88.38959129230392,-86.78006827530281,-88.38921435526862,0.706548467605228,-5.733442015598556e-08,0.7065483369074925,-0.0397329905488753
img_000522.jpg,0.304102,-0.227406,1.427386,-88.26425173156349,-86.53016607437776,-88.26432499289133,0.7064583372680555,-1.5129861308249563e-08,0.706458364641336,-0.0428158467479387
img_000523.jpg,0.303954,-0.227229,1.427259,-88.13940962892443,-86.28028812449178,-88.13892250074872,0.7063616765960739,-3.247997937272373e-08,0.7063614814831569,-0.0458981406301207
img_000524.jpg,0.303763,-0.227098,1.427117,-88.01427652694977,-86.03043223347142,-88.01378111061824,0.7062581910688495,-5.725872381789898e-08,0.706257979312511,-0.0489799367655996
img_000525.jpg,0.303572,-0.226967,1.426976,-87.88908731814284,-85.78060232716696,-87.88864857394707,0.706147967675369,1.96765052584702e-08,0.7061477683450121,-0.0520612812875787
img_000526.jpg,0.303382,-0.226837,1.426835,-87.7634242566511,-85.53078004784683,-87.76394261801964,0.7060307996004315,6.29768350246529e-08,0.7060310490392219,-0.055142250662692
img_000527.jpg,0.303191,-0.226706,1.426693,-87.63867047259208,-85.28098755426468,-87.6382894785906,0.7059073595410983,1.2966591778074132e-07,0.7059071659629892,-0.0582226140584431
img_000528.jpg,0.303,-0.226575,1.426552,-87.51322385562568,-85.03120321806662,-87.51329555087227,0.7057768615218565,3.7699293464754646e-08,0.7057768998762606,-0.0613024415615842
img_000529.jpg,0.302852,-0.226398,1.426425,-87.38821058075918,-84.78144843888147,-87.38782877954887,0.7056398912262598,-6.661386103834488e-08,0.70563967671658,-0.0643816010480364
img_000530.jpg,0.302661,-0.226268,1.426284,-87.26270363785054,-84.53172911929802,-87.26279085086296,0.7054959433875928,-1.2970537255352356e-08,0.7054959947299981,-0.0674601755377248
img_000531.jpg,0.30247,-0.226137,1.426142,-87.1376752224706,-84.28201625195034,-87.1372132476549,0.7053455719166206,-2.53857542764635e-08,0.7053452875420752,-0.0705382840718578
img_000532.jpg,0.30228,-0.226006,1.426001,-87.012318891407,-84.0323399741977,-87.01192078276377,0.7051883100918498,-5.28912720842989e-08,0.7051880543398155,-0.073615591597324
img_000533.jpg,0.302089,-0.225875,1.425859,-86.88679676087044,-83.78269993429525,-86.8867362770743,0.7050242443427033,-2.7056649642975827e-08,0.7050242038629819,-0.0766921564201205
img_000534.jpg,0.301898,-0.225744,1.425718,-86.76150645345864,-83.53309100600849,-86.76125683308706,0.7048536409039378,3.074713395001538e-08,0.7048534671414742,-0.0797680058864733
img_000535.jpg,0.30175,-0.225567,1.425591,-86.63613329610813,-83.2834972738702,-86.63580972951465,0.7046762897089133,-7.754815745109056e-08,0.7046760557886089,-0.0828431235546015
img_000536.jpg,0.301559,-0.225437,1.42545,-86.51053507633097,-83.03394993426626,-86.51050543411927,0.704492093124493,1.392534887401098e-08,0.7044920708996134,-0.0859174764797275
img_000537.jpg,0.301368,-0.225306,1.425309,-86.38521337307839,-82.78442966254141,-86.38486936768656,0.7043014204415519,-2.494225825877549e-09,0.704301153289431,-0.0889909806620301
img_000538.jpg,0.301178,-0.225175,1.425167,-86.25964781617166,-82.53494752796806,-86.25941040128278,0.7041038849964092,-9.852259730269708e-09,0.7041036942557262,-0.0920636022997268
img_000539.jpg,0.300987,-0.225044,1.425026,-86.13404012915912,-82.28550108884347,-86.13391185910417,0.7038996389286718,4.641549100625753e-08,0.7038995324372459,-0.0951354116547029
img_000540.jpg,0.300796,-0.224913,1.424885,-86.00840371684392,-82.03607756939229,-86.00838381468066,0.7036886902004263,-7.91657810972346e-08,0.703688673144026,-0.0982063061763467
img_000541.jpg,0.300648,-0.224737,1.424758,-85.88289554844579,-81.78671212455049,-85.88262447750404,0.703471195667813,8.386628014278585e-08,0.7034709560948287,-0.1012763091582524
img_000542.jpg,0.300457,-0.224606,1.424616,-85.75722151277913,-81.53737723316979,-85.75697832528742,0.7032468917953916,3.378419272115352e-08,0.7032466703528175,-0.1043452433884521
img_000543.jpg,0.300266,-0.224475,1.424475,-85.63142930877979,-81.28808332367731,-85.63135975972783,0.703015820340188,4.550850818407781e-08,0.7030157551478999,-0.1074132411075947
img_000544.jpg,0.300076,-0.224344,1.424334,-85.5056217765012,-81.03882445130735,-85.50567554432216,0.7027780741485645,1.0198321631627039e-09,0.7027781259873032,-0.1104802431650524
img_000545.jpg,0.299885,-0.224213,1.424192,-85.37988777932412,-80.78962966255827,-85.37984409543175,0.7025337603208872,1.3214436822561737e-08,0.7025337170355848,-0.1135459908475814
img_000546.jpg,0.299736,-0.224037,1.424065,-85.2541501449134,-80.54046018926833,-85.25390434196053,0.7022827937815497,5.4277285388426584e-08,0.7022825436471144,-0.1166109190724321
img_000547.jpg,0.299546,-0.223906,1.423924,-85.12816222450215,-80.29133807587537,-85.12813835305509,0.7020249339172397,2.1195736443768712e-08,0.7020249089869017,-0.1196746394205013
img_000548.jpg,0.299355,-0.223775,1.423783,-85.00235004660918,-80.04227306050485,-85.00210177704169,0.7017606289673683,6.427279403142805e-08,0.7017603630499831,-0.1227371683039628
img_000549.jpg,0.299164,-0.223644,1.423641,-84.87623276766904,-79.79324024711453,-84.87627636881142,0.7014893588546464,1.3719096969566635e-09,0.7014894067199807,-0.1257986155462241
img_000550.jpg,0.298974,-0.223514,1.4235,-84.75023883295616,-79.54427097680623,-84.75022648860333,0.7012116049240247,4.831484085032756e-08,0.7012115910427418,-0.1288587975544466
img_000551.jpg,0.298783,-0.223383,1.423359,-84.62425475257008,-79.29534877134819,-84.62406994522792,0.7009272447876136,5.420804277678216e-08,0.7009270320375707,-0.1319177519268892
img_000552.jpg,0.298634,-0.223206,1.423231,-84.49800554315857,-79.04647412258579,-84.49806193733805,0.7006359629207454,1.2068684984711808e-07,0.700636029346486,-0.1349755601718157
img_000553.jpg,0.298444,-0.223075,1.42309,-84.37180652067791,-78.79765763486633,-84.37190192696902,0.7003381317204781,2.006479273841677e-07,0.7003382466425988,-0.1380320308761723
img_000554.jpg,0.298253,-0.222944,1.422948,-84.24565554745782,-78.54888228286785,-84.24561295343732,0.7000337501332525,3.843457357932678e-08,0.7000336976907743,-0.1410871034919747
img_000555.jpg,0.298062,-0.222814,1.422807,-84.1193331303653,-78.30016725445678,-84.11935873242803,0.6997225653568631,7.137253549283075e-08,0.6997225975608425,-0.1441409657006386
img_000556.jpg,0.297872,-0.222683,1.422666,-83.99300715339648,-78.05151379866793,-83.99301267344575,0.6994047884592571,3.251138819271304e-08,0.6994047955497813,-0.1471933213234526
img_000557.jpg,0.297681,-0.222552,1.422524,-83.86663725825342,-77.80292282387818,-83.86658482645748,0.699080375335254,9.006525647503595e-08,0.6990803065904483,-0.1502443135646642
img_000558.jpg,0.297532,-0.222375,1.422398,-83.74013902258731,-77.5543862665822,-83.7401714919934,0.6987492128434754,9.897318875573546e-08,0.6987492562791189,-0.153293882461081
img_000559.jpg,0.297341,-0.222245,1.422257,-83.61369741323193,-77.30590236012677,-83.61358603007523,0.6984115503732653,3.59475193500991e-08,0.698411398408644,-0.1563420125177267
img_000560.jpg,0.297151,-0.222114,1.422115,-83.4870693554792,-77.05749196265361,-83.48703501084765,0.698067077285019,2.3035683743843907e-07,0.6980670295141318,-0.1593887634559419
img_000561.jpg,0.29696,-0.221983,1.421974,-83.3604226407638,-76.80912926824651,-83.36042351791123,0.697716007860059,5.5398481857427135e-08,0.6977160091034171,-0.1624338111866463
img_000562.jpg,0.296769,-0.221852,1.421832,-83.23369465207958,-76.56083588221998,-83.23374575394351,0.6973582742704321,3.9418079633701815e-08,0.6973583480647143,-0.1654774053791519
img_000563.jpg,0.296621,-0.221675,1.421705,-83.10701120288644,-76.31261747440445,-83.10690062785288,0.6969940687627227,4.450365120867161e-08,0.6969939061501774,-0.1685193250019132
img_000564.jpg,0.29643,-0.221545,1.421564,-82.98006737711641,-76.06445749209365,-82.98016381825603,0.6966229359861977,1.2297309082143218e-07,0.6966230803721545,-0.1715598115840809
img_000565.jpg,0.296239,-0.221414,1.421423,-82.85313754826753,-75.81635961371056,-82.85329861768984,0.6962452854398788,4.595285829633866e-08,0.6962455308548541,-0.1745985775067532
img_000566.jpg,0.296049,-0.221283,1.421282,-82.72624854244934,-75.56834470728711,-82.72625637547284,0.6958611855243727,5.326322866094913e-08,0.6958611976668323,-0.1776355934555166
img_000567.jpg,0.295858,-0.221152,1.42114,-82.59923238189809,-75.32039072989838,-82.59918739607684,0.6954703679983705,9.240041348723693e-08,0.6954702970714011,-0.1806710633378233
img_000568.jpg,0.295667,-0.221021,1.420999,-82.47216214213425,-75.07251266248095,-82.47204280200675,0.6950729616723976,8.689639674486217e-08,0.6950727703552205,-0.1837047137736891
img_000569.jpg,0.295519,-0.220845,1.420872,-82.34494964379901,-74.82470260480672,-82.34490057803056,0.6946688227414168,2.6772755568060802e-08,0.694668742784617,-0.1867366180187829
img_000570.jpg,0.295328,-0.220714,1.42073,-82.21772700005619,-74.5769704392244,-82.2176048530117,0.6942581771923038,9.47545499840885e-08,0.6942579749134852,-0.189766824473187
img_000571.jpg,0.295137,-0.220583,1.420589,-82.09039025870324,-74.32931617512897,-82.09028532012938,0.6938408602248864,1.120807471832741e-07,0.6938406836705612,-0.1927951409292912
img_000572.jpg,0.294947,-0.220452,1.420448,-81.96296445382745,-74.08173367970642,-81.96290379150246,0.6934169114029645,9.745145118644773e-08,0.6934168077392162,-0.1958216477438548
img_000573.jpg,0.294756,-0.220321,1.420306,-81.83542381199202,-73.83421926125676,-81.83548648718002,0.6929862866834698,2.288768785607686e-09,0.6929863954413135,-0.1988463281076905
img_000574.jpg,0.294565,-0.22019,1.420165,-81.70796577011008,-73.58679351207277,-81.70782193368373,0.692549353627973,1.6917469980448633e-08,0.6925491002399502,-0.2018691074590458
img_000575.jpg,0.294417,-0.220014,1.420038,-81.58027929979336,-73.3394596092254,-81.5802450037385,0.6921055772628093,-5.800771085695544e-09,0.6921055159414377,-0.2048897867760861
img_000576.jpg,0.294226,-0.219883,1.419897,-81.45258521342708,-73.09218449845255,-81.45248008086348,0.6916553225515405,3.6071168718621045e-08,0.6916551318046157,-0.2079088584800152
img_000577.jpg,0.294035,-0.219752,1.419755,-81.32473609527135,-72.84501062668,-81.32472764259762,0.6911983670764905,6.386546691494743e-08,0.6911983515178779,-0.210925712538223
img_000578.jpg,0.293845,-0.219621,1.419614,-81.19682765411697,-72.59791028107233,-81.19686693579432,0.6907348643716551,3.2934169003073777e-08,0.6907349377099146,-0.2139406295408858
img_000579.jpg,0.293654,-0.21949,1.419473,-81.06895256093888,-72.35090425592126,-81.06881003783054,0.6902650163766554,2.1438681885310732e-08,0.690264746541136,-0.2169534209203357
img_000580.jpg,0.293463,-0.21936,1.419331,-80.94082901753889,-72.1039822516957,-80.94082057471486,0.6897882876662642,5.1524187028029196e-08,0.6897882714598456,-0.2199642215335917
img_000581.jpg,0.293315,-0.219183,1.419204,-80.81264007461179,-71.85714172452238,-80.81272523338828,0.6893050247684493,2.5517610191538864e-08,0.689305190470895,-0.2229729517651182
img_000582.jpg,0.293124,-0.219052,1.419063,-80.68451996620814,-71.61039665811528,-80.68439433535282,0.6888155132538999,-1.9655544636343336e-08,0.6888152655044477,-0.2259794652370061
img_000583.jpg,0.292933,-0.218921,1.418922,-80.55618651924769,-71.36373630865734,-80.55608643833898,0.6883191971394892,-3.228485850881313e-08,0.688318997151607,-0.2289839317713231
img_000584.jpg,0.292743,-0.218791,1.41878,-80.42776806702035,-71.11717977079634,-80.42767038275417,0.687816351278156,1.0069834116555044e-07,0.687816153520189,-0.2319862191404616
img_000585.jpg,0.292552,-0.21866,1.418639,-80.29927696622713,-70.87070491181878,-80.29917341863445,0.6873069855688891,-2.00211590639654e-08,0.6873067732298999,-0.2349861848290431
img_000586.jpg,0.292403,-0.218483,1.418512,-80.17069432022184,-70.6243287438711,-80.17056299889727,0.6867910853672456,-2.5098432776538e-09,0.686790812638828,-0.237984001006326
img_000587.jpg,0.292213,-0.218352,1.418371,-80.04196931970394,-70.37804152440097,-80.04190276192075,0.686268540211028,-8.075417834429999e-09,0.6862684002437437,-0.2409796122984634
img_000588.jpg,0.292022,-0.218221,1.418229,-79.91315173722066,-70.13185120164262,-79.91316191472902,0.6857394666580523,-1.2387094805443868e-07,0.6857394883266352,-0.2439728222918259
img_000589.jpg,0.291831,-0.218091,1.418088,-79.78430002967235,-69.88577864613531,-79.78426212756662,0.6852040194130788,-1.23324225331789e-07,0.6852039377277879,-0.2469635914512087
img_000590.jpg,0.29164,-0.21796,1.417947,-79.6553482486261,-69.63978485552911,-79.65524174976859,0.6846620248459662,-1.092403097979755e-07,0.6846617925457517,-0.249952278569025
img_000591.jpg,0.29145,-0.217829,1.417805,-79.52624786751552,-69.39390363242987,-79.52618753624735,0.6841134181077806,-1.21706609401695e-07,0.6841132849382596,-0.2529384204423234
img_000592.jpg,0.291301,-0.217652,1.417679,-79.39707183123564,-69.14811526995337,-79.39699910322888,0.6835583436513583,-1.43770609417615e-07,0.6835581812246792,-0.2559222610587044
img_000593.jpg,0.291111,-0.217522,1.417537,-79.26776462023544,-68.90243984336306,-79.26772633840882,0.6829967065899728,-3.948513971341328e-08,0.6829966200975,-0.2589036803960898
img_000594.jpg,0.29092,-0.217391,1.417395,-79.13837970808454,-68.65686820714534,-79.13835155592515,0.6824286236735557,-1.0297394464897637e-07,0.6824285593358299,-0.2618824831748572
img_000595.jpg,0.290729,-0.21726,1.417254,-79.00894141728818,-68.41140060432687,-79.00880901590847,0.6818541601629661,-1.0937366134999849e-07,0.6818538541395922,-0.2648588791477983
img_000596.jpg,0.290539,-0.217129,1.417113,-78.87932932062864,-68.16604245682709,-78.87923538859599,0.6812730515984433,-1.4491330291299678e-07,0.6812728320527442,-0.2678327042624877
img_000597.jpg,0.290348,-0.216998,1.416971,-78.74962649277178,-67.92079029085582,-78.74953085730711,0.6806854920250529,-1.554348190158095e-07,0.6806852660181328,-0.2708040427549252
img_000598.jpg,0.290199,-0.216822,1.416845,-78.61979297644332,-67.67565813423086,-78.61974291671432,0.6800914106221998,-1.2118448583509078e-07,0.6800912910235577,-0.2737727325206111
img_000599.jpg,0.290009,-0.216691,1.416703,-78.48984805140181,-67.43062479831295,-78.48982557806337,0.6794908346291963,-4.0632479991753456e-08,0.6794907803559969,-0.2767390197751573
img_000600.jpg,0.289818,-0.21656,1.416562,-78.3598442511717,-67.18571280115171,-78.3597814318704,0.6788839257943065,-1.227221146926638e-07,0.6788837724608681,-0.2797024111218846
img_000601.jpg,0.289627,-0.216429,1.41642,-78.22968842598368,-66.94090621766941,-78.22964183092326,0.678270446740298,-1.2503229679383665e-07,0.678270331804077,-0.2826633299051866
img_000602.jpg,0.289436,-0.216299,1.416279,-78.09944057395253,-66.69622991599567,-78.09936591146811,0.6776505812927441,-2.8225596027109393e-08,0.6776503951951658,-0.285621483025071
img_000603.jpg,0.289288,-0.216122,1.416152,-77.96908282346041,-66.45165330569203,-77.96899346850462,0.6770242564013725,-1.7833355347995905e-07,0.6770240313779001,-0.2885768826170121
img_000604.jpg,0.289097,-0.215991,1.416011,-77.8386034702271,-66.20720539631822,-77.83848678014515,0.676391485630782,-1.242574270143848e-07,0.6763911887622365,-0.291529617587951
img_000605.jpg,0.288907,-0.21586,1.415869,-77.707962911828,-65.96289095194285,-77.70793192300769,0.6757521807267757,-1.341648832586806e-07,0.6757521010911383,-0.2944793509125917
img_000606.jpg,0.288716,-0.215729,1.415728,-77.5772749488312,-65.71867691532847,-77.5771517276583,0.6751065999447605,-6.672354085912603e-08,0.6751062801195967,-0.297426611543253
img_000607.jpg,0.288525,-0.215598,1.415587,-77.4463848007517,-65.4745811184126,-77.44636473241684,0.6744543728828012,-2.0930348276770874e-07,0.6744543202790338,-0.3003708853337321
img_000608.jpg,0.288334,-0.215468,1.415445,-77.31545082692355,-65.230629399164,-77.31536237014456,0.6737959534015832,-1.269251384550252e-07,0.6737957192653241,-0.3033122844188153
img_000609.jpg,0.288186,-0.215291,1.415319,-77.18434583972183,-64.9867955795346,-77.18427902315551,0.6731309820569764,-5.1431382652733504e-08,0.6731308034867926,-0.3062508814554383
img_000610.jpg,0.287995,-0.21516,1.415177,-77.05309339809202,-64.7430943206444,-77.05309271271537,0.6724595456814477,7.6382628777516e-08,0.6724595438321913,-0.3091865477844991
img_000611.jpg,0.287804,-0.215029,1.415036,-76.92180062988395,-64.49950994271198,-76.92172387883325,0.6717819217185022,-2.8379508743014984e-08,0.6717817126675294,-0.312119176241506
img_000612.jpg,0.287614,-0.214898,1.414894,-76.79033059126033,-64.2560555952176,-76.79028203274217,0.6710977655121584,-1.455649402126724e-07,0.6710976320092117,-0.3150488175445124
img_000613.jpg,0.287423,-0.214767,1.414753,-76.6587291081498,-64.01274011465061,-76.65871454944178,0.6704072204865137,-2.0354558305513137e-07,0.670407180088125,-0.3179754261036438
img_000614.jpg,0.287232,-0.214637,1.414611,-76.52702463132826,-63.769551664545055,-76.52694716281428,0.6697103584843587,-3.3711745284215056e-08,0.6697101415434699,-0.3208993020443894
img_000615.jpg,0.287084,-0.21446,1.414485,-76.39519949795836,-63.52649050221336,-76.39509002841979,0.6690071401224087,-1.995367786555846e-07,0.6690068307764703,-0.3238198678889531
img_000616.jpg,0.286893,-0.214329,1.414343,-76.26319031507289,-63.28358021051351,-76.26311466876014,0.668297426266991,-3.907886453324849e-08,0.668297210574931,-0.3267374915473897
img_000617.jpg,0.286702,-0.214198,1.414202,-76.13108638815692,-63.040801792232415,-76.13098610850918,0.6675814523690277,-1.4297410033670133e-08,0.6675811638889599,-0.3296519286664663
img_000618.jpg,0.286512,-0.214068,1.41406,-75.99879428101622,-62.798161869202026,-75.9987757340161,0.6668589679369205,2.1093463142829453e-08,0.6668589141105301,-0.332563235420618
img_000619.jpg,0.286321,-0.213937,1.41392,-75.86643610733958,-62.55565451267467,-75.86638232918806,0.66613032663666,-1.1647226166866532e-07,0.6661301691989551,-0.3354712888130586
img_000620.jpg,0.28613,-0.213806,1.413778,-75.73391252760109,-62.31329387937127,-75.73384010874908,0.6653952691951548,1.7043913669301247e-08,0.6653950553502086,-0.3383763526728784
img_000621.jpg,0.285982,-0.213629,1.413651,-75.60125172172617,-62.07108849158209,-75.60119306185538,0.6646538986945016,3.2025858520690065e-08,0.6646537239930029,-0.341277925058787
img_000622.jpg,0.285791,-0.213498,1.41351,-75.46847831195925,-61.82900129802493,-75.46835661031069,0.6639062446507983,1.63908858707984e-08,0.663905879119086,-0.3441765273588361
img_000623.jpg,0.2856,-0.213368,1.413368,-75.33551494971763,-61.58707864236531,-75.3354376192448,0.663152150843295,6.90362830790825e-08,0.6631519166269789,-0.3470716933226784
img_000624.jpg,0.28541,-0.213237,1.413227,-75.20242863497312,-61.3452904461109,-75.20235227739953,0.6623917834828741,7.134172935741034e-08,0.6623915502862034,-0.3499636542325679
img_000625.jpg,0.285219,-0.213106,1.413086,-75.06921288710659,-61.103663494302594,-75.06912633848849,0.6616251726408385,5.7827038713043066e-08,0.6616249061390287,-0.3528521142128791
img_000626.jpg,0.28507,-0.212929,1.412959,-74.93583788689833,-60.862173381370766,-74.93576312131157,0.6608521998863239,1.4982373119920567e-09,0.6608519677844992,-0.355737328067721
img_000627.jpg,0.28488,-0.212799,1.412817,-74.802242920983,-60.62086327037861,-74.80230452976598,0.6600727481652534,2.610328088681335e-07,0.6600729409724043,-0.3586191290569184
img_000628.jpg,0.284689,-0.212668,1.412676,-74.6686135328756,-60.379658738944585,-74.66861294865832,0.6592872943676776,6.071231062332316e-08,0.65928729252467,-0.3614976201869576
img_000629.jpg,0.284498,-0.212537,1.412535,-74.53481826330854,-60.13864773554222,-74.53479208436329,0.6584955716427262,9.692003682948425e-08,0.6584954884002636,-0.3643724384244893
img_000630.jpg,0.284308,-0.212406,1.412393,-74.40089083126331,-59.89776609412424,-74.40078233313461,0.6576975985695199,8.38120497448358e-08,0.6576972508538257,-0.3672440538050951
img_000631.jpg,0.284117,-0.212275,1.412252,-74.26673326990866,-59.65705258702386,-74.26671442089174,0.6568931290772019,5.585325552059928e-08,0.6568930681979634,-0.3701120288839924
img_000632.jpg,0.283968,-0.212098,1.412125,-74.13253294343087,-59.41649697766271,-74.13241150107402,0.6560827611201543,-1.3718908808968422e-07,0.6560823658454837,-0.372976326041652
img_000633.jpg,0.283778,-0.211968,1.411984,-73.99807577212711,-59.17610957154801,-73.99802051121955,0.6552658267803795,-6.98300232082616e-08,0.6552656455356967,-0.3758372387543678
img_000634.jpg,0.283587,-0.211837,1.411842,-73.86349228184044,-58.93587121447888,-73.86343085099752,0.6544427294132892,-4.282387389142883e-09,0.6544425264006368,-0.3786947234335807
img_000635.jpg,0.283396,-0.211706,1.411701,-73.72875948048093,-58.69582084842889,-73.72871277980032,0.653613466374098,1.3860800340825818e-08,0.6536133108778029,-0.381548262239251
img_000636.jpg,0.283206,-0.211575,1.411559,-73.59389539328598,-58.45590671275659,-73.5938040712944,0.6527780261975485,-1.1957421736097373e-07,0.6527777198570577,-0.3843983571398807
img_000637.jpg,0.283015,-0.211444,1.411418,-73.45879526936974,-58.21618464555911,-73.45878984769115,0.6519361564745196,3.9708203336541465e-08,0.6519361381527815,-0.387244780018616
img_000638.jpg,0.282866,-0.211268,1.411292,-73.32362188882314,-57.97661452014842,-73.32354771529204,0.651088351177163,-2.0792303323524663e-08,0.6510880986789157,-0.3900874859824105
img_000639.jpg,0.282676,-0.211137,1.41115,-73.18825145466154,-57.73720902754722,-73.18819153069072,0.650234222857256,-1.881470190201462e-07,0.6502340173820594,-0.3929264283098969
img_000640.jpg,0.282485,-0.211006,1.411009,-73.05268956982546,-57.4979738402423,-73.05264929584014,0.6493738077802556,-7.471782459411713e-08,0.6493736686870026,-0.3957619185633569
img_000641.jpg,0.282294,-0.210875,1.410867,-72.91706029616276,-57.25892537988569,-72.91689749909744,0.6485075730560166,-1.7044534317278706e-07,0.6485070067853255,-0.3985932636652358
img_000642.jpg,0.282104,-0.210745,1.410726,-72.78118298858634,-57.02003408460135,-72.78104592401156,0.6476348545279265,-2.891238722879663e-07,0.6476343743822894,-0.4014209913780898
img_000643.jpg,0.281913,-0.210614,1.410584,-72.64511546601658,-56.78132832348134,-72.64503298641951,0.6467559078508216,-2.5282961052530695e-07,0.6467556168871544,-0.4042449352619174
img_000644.jpg,0.281764,-0.210437,1.410458,-72.50892433002893,-56.5428045907664,-72.50880151826227,0.6458709729092282,-1.630830833709851e-07,0.6458705366432801,-0.4070650270526589
img_000645.jpg,0.281574,-0.210306,1.410316,-72.37256317266133,-56.30445893779008,-72.37241250971158,0.6449798911386309,-1.5300930300554685e-07,0.6449793522339331,-0.4098811720714586
img_000646.jpg,0.281383,-0.210175,1.410175,-72.2359349119879,-56.06628800870146,-72.23593134182028,0.6440823178878129,-9.137675166526192e-08,0.6440823050300996,-0.4126935329410527
img_000647.jpg,0.281192,-0.210045,1.410034,-72.09927246807148,-55.82828032522092,-72.09915261155427,0.6431790815296159,-2.3281881345038613e-07,0.643178646936974,-0.4155019821938143
img_000648.jpg,0.281001,-0.209914,1.409892,-71.96237156670844,-55.5904848559158,-71.96227569480654,0.6422695418781325,-2.591410236951752e-07,0.6422691919060999,-0.4183062522887655
img_000649.jpg,0.280853,-0.209737,1.409765,-71.82529146243684,-55.35287447658403,-71.82520841757601,0.641353876478769,-1.865136793899325e-07,0.6413535713013365,-0.42110663934999
img_000650.jpg,0.280662,-0.209606,1.409624,-71.68802269000989,-55.11543813735724,-71.68796756948079,0.6404320416981509,-1.5355965421459675e-07,0.6404318377933145,-0.4239031270313917
img_000651.jpg,0.280471,-0.209475,1.409483,-71.55060703994617,-54.87818526896008,-71.55050954198168,0.6395042196854446,-1.152805443882521e-07,0.6395038566397886,-0.4266956413502883
img_000652.jpg,0.280281,-0.209344,1.409341,-71.41295523770175,-54.64113692751917,-71.41292373334261,0.6385701265933005,3.788903901735807e-08,0.6385700085163823,-0.4294840365438537
img_000653.jpg,0.28009,-0.209214,1.4092,-71.27516578529307,-54.40427891424572,-71.27513527291163,0.6376301162301868,5.6588967678461444e-08,0.6376300011298139,-0.4322682229073391
img_000654.jpg,0.2799,-0.209083,1.409058,-71.13721615133453,-54.16760787634765,-71.13713152534443,0.6366841115053243,8.902177084380014e-08,0.6366837902216911,-0.4350483805573918
img_000655.jpg,0.279751,-0.208906,1.408932,-70.99903210732568,-53.93112513409413,-70.99899329844753,0.6357318440464093,8.08958648401692e-08,0.6357316957678445,-0.4378244322345275
img_000656.jpg,0.27956,-0.208775,1.40879,-70.86070340187202,-53.69484391574139,-70.8606472042784,0.6347736905801843,1.303989083378809e-09,0.6347734745045372,-0.4405961845189425
img_000657.jpg,0.27937,-0.208645,1.408649,-70.72222140477064,-53.45876350920711,-70.7220796485827,0.6338096310721876,-5.7051894319926084e-08,0.6338090826063052,-0.4433637314506998
img_000658.jpg,0.279179,-0.208514,1.408507,-70.58347500663787,-53.222888445316464,-70.58338924958291,0.6328392553953743,-2.1888637458111763e-08,0.6328389215265696,-0.4461270852926502
img_000659.jpg,0.278988,-0.208383,1.408366,-70.44456604439739,-52.98720670865393,-70.44449696624808,0.631862946644478,-1.2351042610880825e-07,0.6318626760465975,-0.4488861495713306
img_000660.jpg,0.278797,-0.208252,1.408225,-70.30548417059855,-52.75171879276134,-70.30539087528206,0.63088067843444,-2.6209100950636e-07,0.6308803107283375,-0.4516410113279663
img_000661.jpg,0.278649,-0.208075,1.408098,-70.16618243635763,-52.51646380705599,-70.1660923572604,0.6298923504101404,-6.88055813435895e-08,0.6298919932181322,-0.4543915753779693
img_000662.jpg,0.278458,-0.207945,1.407956,-70.02667609077963,-52.28140220746028,-70.02661504486038,0.6288979600195421,1.3283188049495465e-08,0.6288977164902632,-0.4571378545653276
img_000663.jpg,0.278267,-0.207814,1.407815,-69.88696408309944,-52.04654166264708,-69.88693762656763,0.6278975283227957,1.3026063544474553e-07,0.627897422147229,-0.4598798986550418
img_000664.jpg,0.278077,-0.207683,1.407674,-69.74709681358401,-51.8118956342558,-69.74705614583984,0.6268912953847481,8.898175724025847e-08,0.626891131205112,-0.4626173509361699
img_000665.jpg,0.277886,-0.207552,1.407532,-69.60704623855395,-51.57745375890619,-69.60696100198724,0.6258791428151951,1.775967650718968e-09,0.6258787966738748,-0.4653504383397303
img_000666.jpg,0.277737,-0.207376,1.407406,-69.46676205904043,-51.343224122001565,-69.46669777556671,0.6248608936527364,-7.944818936067578e-08,0.6248606310700762,-0.4680791122472817
img_000667.jpg,0.277547,-0.207245,1.407264,-69.32627076832566,-51.10921584325752,-69.32621801201621,0.6238366840688562,-2.1597079125079688e-09,0.6238364673177197,-0.4708034129597211
img_000668.jpg,0.277356,-0.207114,1.407123,-69.1856004823105,-50.87542527275019,-69.1855533673028,0.6228066352640017,-1.4228860745202354e-07,0.6228064405721174,-0.4735230011868507
img_000669.jpg,0.277165,-0.206983,1.406982,-69.0447228988299,-50.641867220608674,-69.0446507247932,0.6217706724414187,1.3397028375550237e-08,0.6217703724888433,-0.476238212228745
img_000670.jpg,0.276974,-0.206852,1.40684,-68.90366277084915,-50.40850305157422,-68.90356546780004,0.620728836333408,-2.501640970486996e-07,0.620728429643763,-0.4789487742714231
img_000671.jpg,0.276784,-0.206722,1.406699,-68.76236178991556,-50.17535006155448,-68.7622679012197,0.6196809291519042,-3.695192455355212e-07,0.6196805345155192,-0.4816550437687293
img_000672.jpg,0.276635,-0.206545,1.406572,-68.62085300614098,-49.94247017335477,-68.62075256637942,0.6186272223439091,-1.1504433705677997e-07,0.6186267978042137,-0.4843565265520336
img_000673.jpg,0.276445,-0.206414,1.40643,-68.47911977062756,-49.70978025130104,-68.4790469371772,0.61756749481958,-1.179742154522323e-07,0.6175671852522829,-0.4870535504868294
img_000674.jpg,0.276254,-0.206283,1.406289,-68.33718056991958,-49.47731359638957,-68.33712687254858,0.6165019024484821,-1.5622120502767345e-07,0.616501672954457,-0.4897459458961693
img_000675.jpg,0.276063,-0.206152,1.406148,-68.19501372154326,-49.24509944171511,-68.1949897299671,0.6154304234270835,6.624234116792138e-08,0.6154303203282315,-0.4924336653205653
img_000676.jpg,0.275873,-0.206022,1.406006,-68.05265617174345,-49.013103904853786,-68.05264308912137,0.6143531619271517,6.020864518063719e-08,0.6143531054009754,-0.4951166067849929
img_000677.jpg,0.275682,-0.205891,1.405865,-67.91008052037974,-48.781323390985214,-67.91007167355453,0.613270005927848,3.841494178313809e-09,0.6132699674965253,-0.4977949847036108
img_000678.jpg,0.275533,-0.205714,1.405738,-67.76731289163627,-48.54980101593038,-67.76728014472165,0.612181169026091,-1.0656939719577709e-08,0.6121810260068664,-0.5004683882994301
img_000679.jpg,0.275343,-0.205583,1.405597,-67.624275131434,-48.31851211367159,-67.6242894320941,0.6110862734244592,1.3275631943754362e-07,0.6110863362143579,-0.5031372140125416
img_000680.jpg,0.275152,-0.205452,1.405456,-67.48106314316585,-48.08745480452945,-67.48105833507182,0.6099857480462707,1.0220218138456973e-07,0.6099857268235994,-0.505801146946017
img_000681.jpg,0.274961,-0.205322,1.405314,-67.33762257540315,-47.85662908483652,-67.33760746742318,0.6088793679233863,5.0202401069565645e-08,0.6088793008869668,-0.5084603350002962
img_000682.jpg,0.274771,-0.205191,1.405173,-67.19393688127582,-47.62606088787036,-67.19395211452294,0.6077671251039493,1.2738563409664394e-07,0.6077671930490364,-0.5111146257897143
img_000683.jpg,0.27458,-0.20506,1.405031,-67.05005543948624,-47.39573336157163,-67.05004369021354,0.6066492183608784,1.9062130107716518e-07,0.6066491656837708,-0.5137640661210977
img_000684.jpg,0.274431,-0.204883,1.404904,-66.90593395531717,-47.16564611305705,-66.90594248427368,0.6055254625521265,1.252312544219869e-07,0.6055255009879847,-0.516408541616294
img_000685.jpg,0.274241,-0.204752,1.404763,-66.7616226565428,-46.9357876914803,-66.7615714027635,0.6043960736861737,-3.0123739780396626e-08,0.6043958415295944,-0.5190482182364855
img_000686.jpg,0.27405,-0.204622,1.404622,-66.61702568540993,-46.70620498884741,-66.6170291852213,0.6032607289722807,-7.352663977666651e-09,0.6032607449053173,-0.5216828217759465
img_000687.jpg,0.273859,-0.204491,1.40448,-66.47224366828792,-46.47688293754423,-66.47222206070032,0.6021198675271501,3.0195163980284434e-08,0.6021197686618875,-0.5243123585379628
img_000688.jpg,0.273668,-0.20436,1.404339,-66.32723443398163,-46.24776569144248,-66.32717578443136,0.6009731948100077,-2.2997388837708854e-07,0.6009729251161424,-0.5269371522270443
img_000689.jpg,0.27352,-0.204183,1.404212,-66.18194282768953,-46.01894778905557,-66.18190040328554,0.5998206686026817,4.877470277664386e-08,0.5998204725486598,-0.5295569527714011
img_000690.jpg,0.273329,-0.204053,1.404071,-66.03643968296882,-45.79036525486815,-66.03640640438942,0.5986624935815619,-1.2956483275150532e-08,0.5986623390333929,-0.5321716101050236
img_000691.jpg,0.273138,-0.203922,1.40393,-65.89069092348058,-45.56203129901776,-65.8906742901119,0.5974985537426991,-7.47899718822609e-08,0.5974984761172962,-0.5347813098013859
img_000692.jpg,0.272948,-0.203791,1.403788,-65.74471612147198,-45.33397859619654,-65.74471017731183,0.5963290237221985,-8.086393749051625e-08,0.5963289958466085,-0.5373857312760534
img_000693.jpg,0.272757,-0.20366,1.403647,-65.59848955708112,-45.10618909264375,-65.59849867833259,0.5951537588086796,3.4686634953207125e-08,0.5951538017903792,-0.5399851438607889
img_000694.jpg,0.272566,-0.203529,1.403505,-65.45204728425276,-44.87864561067572,-65.4520482274866,0.5939729058832202,-1.0216929069439828e-07,0.5939729103493372,-0.5425793664043732
img_000695.jpg,0.272418,-0.203352,1.403378,-65.30535554295089,-44.65137485377371,-65.30534602339077,0.5927863773695925,-9.953590829336889e-08,0.5927863320803484,-0.5451684834101768
img_000696.jpg,0.272227,-0.203222,1.403237,-65.15844548993482,-44.42437055697133,-65.15838792971586,0.5915943223828932,-1.6738481789513318e-07,0.5915940472426009,-0.5477523537068707
img_000697.jpg,0.272036,-0.203091,1.403096,-65.01122699252977,-44.19765408288055,-65.01122019411804,0.5903963704002999,3.569402745595696e-08,0.5903963377506264,-0.5503310732539086
img_000698.jpg,0.271846,-0.20296,1.402954,-64.86377787455561,-43.97120539125742,-64.86379125718791,0.5891928635214606,2.114980398593147e-07,0.5891929280926714,-0.5529045695786218
img_000699.jpg,0.271655,-0.202829,1.402813,-64.7161043817271,-43.74500314289084,-64.71611099836883,0.5879838005328144,1.0579613435313109e-07,0.5879838326064157,-0.5554728282323511
img_000700.jpg,0.271464,-0.202698,1.402671,-64.56816250443558,-43.519083162058585,-64.56819186070646,0.5867690612249372,9.266132383611848e-08,0.5867692041835281,-0.5580358140935279
img_000701.jpg,0.271316,-0.202522,1.402545,-64.41997740211991,-43.29344855744856,-64.420016250172,0.5855487888331975,1.2580014174812248e-07,0.5855489788817368,-0.5605934437955146
img_000702.jpg,0.271125,-0.202391,1.402404,-64.27160311292684,-43.06809105804199,-64.27155928081197,0.5843232457725629,-2.7302074268042983e-08,0.5843230303652238,-0.5631455767691139
img_000703.jpg,0.270934,-0.20226,1.402262,-64.12286880638139,-42.84302582896291,-64.12290778766999,0.5830916410927274,1.3545112331758702e-07,0.58309183352766,-0.565692541723084
img_000704.jpg,0.270744,-0.202129,1.402121,-63.97393344071226,-42.618238168454624,-63.97396489410251,0.581854738024968,1.69915920278374e-07,0.5818548939952894,-0.5682340593202746
img_000705.jpg,0.270553,-0.201999,1.401979,-63.82473734417334,-42.3937314615544,-63.824768208046,0.5806122650432874,1.8263185841416174e-07,0.5806124187733978,-0.5707701961800166
img_000706.jpg,0.270404,-0.201822,1.401853,-63.67528066163963,-42.16950895055695,-63.67531683817092,0.5793642444871359,1.7053153505974805e-07,0.5793644254780601,-0.5733009111280902
img_000707.jpg,0.270214,-0.201691,1.401711,-63.52557998235559,-41.945573322919216,-63.52561090505771,0.5781107802996199,3.8788432799030665e-08,0.5781109356871303,-0.5758260776834563
img_000708.jpg,0.270023,-0.20156,1.40157,-63.37559779926608,-41.72193781732837,-63.37563784635756,0.5768517288484477,1.008998805618333e-07,0.5768519309668733,-0.5783458590362139
img_000709.jpg,0.269832,-0.201429,1.401429,-63.22536308848419,-41.49860097570425,-63.225398945172834,0.5755872474241068,1.6553408355157728e-07,0.5755874291801912,-0.5808600795135184
img_000710.jpg,0.269642,-0.201299,1.401287,-63.07489579874445,-41.275559598418425,-63.07487915832543,0.5743174460188334,1.579465755408016e-07,0.5743173613049412,-0.5833686996249534
img_000711.jpg,0.269451,-0.201168,1.401145,-62.924129014651,-41.05280252391619,-62.92412591778257,0.5730419741551287,7.153495890088736e-08,0.5730419583217828,-0.5858718374005731
img_000712.jpg,0.269302,-0.200991,1.401019,-62.7730897502419,-40.83035540710861,-62.77309064135439,0.5717610416515819,1.5880915188448697e-07,0.5717610462269908,-0.5883694564360813
img_000713.jpg,0.269112,-0.20086,1.400877,-62.62179499382846,-40.60820198240159,-62.62178961969977,0.5704747138079445,1.1417743039920937e-07,0.5704746860976593,-0.5908614333560009
img_000714.jpg,0.268921,-0.200729,1.400736,-62.47019898506974,-40.38634845050531,-62.47023137662306,0.569182783753527,1.361452182102596e-07,0.5691829514749175,-0.5933478966246268
img_000715.jpg,0.26873,-0.200598,1.400595,-62.31840350503502,-40.16481959338268,-62.31836646019861,0.5678858508544918,1.042659407146651e-07,0.5678856582367832,-0.5958284481025007
img_000716.jpg,0.26854,-0.200468,1.400453,-62.16628453611024,-39.94358690177917,-62.16625695138463,0.5665832220551805,1.0314163478852835e-07,0.5665830780303069,-0.5983034916956965
img_000717.jpg,0.268349,-0.200337,1.400311,-62.01388497358337,-39.722665178473,-62.01388230904317,0.5652751683134705,9.330098665882859e-08,0.5652751543440028,-0.600772822262736
img_000718.jpg,0.2682,-0.20016,1.400185,-61.861218476109535,-39.50206042636336,-61.86121053235194,0.563961790437058,1.769225581316203e-07,0.5639617486192925,-0.6032364752079126
img_000719.jpg,0.26801,-0.200029,1.400044,-61.70828849446559,-39.28176451436615,-61.7082627009443,0.5626431038134261,1.484885742142339e-07,0.5626429674771544,-0.6056943361792926
img_000720.jpg,0.267819,-0.199898,1.399902,-61.5550908537869,-39.06177383773444,-61.55505196921218,0.5613190941210748,-8.945963822504234e-08,0.5613188877575712,-0.6081463481939944
img_000721.jpg,0.267628,-0.199768,1.399761,-61.40159187376098,-38.84211420518032,-61.40156182026948,0.5599896582850761,-1.4362298370040882e-07,0.5599894981472395,-0.6105926175270595
img_000722.jpg,0.267438,-0.199637,1.39962,-61.24779697750986,-38.62277631709875,-61.24777265479327,0.5586548179386688,-3.837838608022892e-08,0.5586546878188376,-0.6130332243622268
img_000723.jpg,0.267247,-0.199506,1.399478,-61.09375525532027,-38.40375972439959,-61.09371280749448,0.557314850406387,-1.8382646588266385e-07,0.5573146224203428,-0.6154677645116302
img_000724.jpg,0.267098,-0.199329,1.399351,-60.93943126621966,-38.18506472120311,-60.93935320634196,0.5559695832174212,-2.9268552373395984e-07,0.5559691623055297,-0.6178965229731018
img_000725.jpg,0.266908,-0.199199,1.39921,-60.78479054187223,-37.966706010462765,-60.78471953604389,0.554618880307081,-2.514641659345785e-07,0.5546184959304767,-0.6203194512335336
img_000726.jpg,0.266717,-0.199068,1.399068,-60.629869036789216,-37.748678666533664,-60.629788228291766,0.5532629393627783,-1.8380873970103018e-07,0.5532625002168701,-0.6227364818134575
img_000727.jpg,0.266526,-0.198937,1.398927,-60.47467412814714,-37.53097497158814,-60.47457329163084,0.551901798567529,-2.754378506664157e-07,0.5519012484595978,-0.6251475159405082
img_000728.jpg,0.266336,-0.198806,1.398786,-60.31916157832926,-37.31362753773403,-60.31905942070407,0.5505353099321024,-4.4718540842536576e-08,0.5505347504729574,-0.627552675908278
img_000729.jpg,0.266187,-0.19863,1.398659,-60.163360917895055,-37.09657925550662,-60.16328146843186,0.5491635141694995,-2.242768369353776e-07,0.5491630774064816,-0.6299518625406217
img_000730.jpg,0.265996,-0.198499,1.398518,-60.007273372218776,-36.879883532361525,-60.00719792658528,0.5477865612467009,-2.823472245727654e-07,0.5477861449185504,-0.6323450187616786
img_000731.jpg,0.265806,-0.198368,1.398376,-59.85091593937248,-36.663546418249005,-59.85080448602995,0.5464045764173833,-2.672861049435316e-07,0.5464039590679296,-0.6347320319512484
img_000732.jpg,0.265615,-0.198237,1.398235,-59.69422412839901,-36.447532917454254,-59.69412609249309,0.5450171349849097,-2.619173419260435e-07,0.5450165899186178,-0.6371132075904984
img_000733.jpg,0.265424,-0.198106,1.398094,-59.53723897246193,-36.2318668834958,-59.53715353061041,0.5436245367032572,-2.8328399961918826e-07,0.5436240598872832,-0.639488267762401
img_000734.jpg,0.265233,-0.197975,1.397952,-59.37994539345428,-36.0165525721476,-59.37988412488287,0.5422267237893058,-2.473831115790137e-07,0.5422263806079024,-0.6418572521842445
img_000735.jpg,0.265085,-0.197799,1.397826,-59.2223872310083,-35.801597324232475,-59.222289116071735,0.5408239760742232,-2.045183497001446e-07,0.5408234244836153,-0.6442200326232036
img_000736.jpg,0.264894,-0.197668,1.397684,-59.06444552438538,-35.58700030616444,-59.06444514808898,0.5394156388619622,9.436460002287816e-09,0.5394156367387298,-0.646576785380431
img_000737.jpg,0.264704,-0.197537,1.397543,-58.90628443555198,-35.372726802542374,-58.90624157804695,0.5380025689205776,-1.2872494781213106e-07,0.5380023262202094,-0.6489273709872978
img_000738.jpg,0.264513,-0.197406,1.397401,-58.74782307013741,-35.15883183460878,-58.74774012669581,0.5365844611638378,-1.7626085424549134e-07,0.5365839897615321,-0.6512716314788158
img_000739.jpg,0.264322,-0.197275,1.39726,-58.589003791658335,-34.94528232824467,-58.58894459428708,0.5351609232380775,-1.4099483525154e-07,0.5351605855867002,-0.6536099248584346
img_000740.jpg,0.264132,-0.197145,1.397118,-58.42990255537396,-34.73211254718108,-58.42984385632702,0.533732486485623,-1.1798852017630425e-07,0.5337321504821264,-0.6559417843159444
img_000741.jpg,0.263983,-0.196968,1.396991,-58.2704327697534,-34.51930059737454,-58.27044559795443,0.5322986182065081,7.804072579831178e-08,0.5322986918977003,-0.6582676383200325
img_000742.jpg,0.263792,-0.196837,1.39685,-58.11071354032792,-34.30684343649079,-58.11070950196829,0.5308600103021284,2.8876588259452166e-08,0.5308599870221573,-0.660587105263839
img_000743.jpg,0.263601,-0.196706,1.396709,-57.95065955379236,-34.094764634415775,-57.95067840373294,0.5294162470541824,6.636276123073159e-08,0.5294163560991194,-0.662900263425646
img_000744.jpg,0.263411,-0.196575,1.396567,-57.790291234767245,-33.88305486169431,-57.79033835604276,0.5279674393643066,6.52737376372059e-08,0.5279677129045561,-0.665207093393798
img_000745.jpg,0.26322,-0.196445,1.396426,-57.629656514075045,-33.6717238187253,-57.629633387415325,0.5265139067520725,1.0038936906764385e-07,0.5265137720369313,-0.6675075683856343
img_000746.jpg,0.263029,-0.196314,1.396285,-57.46864721503829,-33.460759381082305,-57.46865223302198,0.5250550065791899,1.457063153187388e-07,0.5250550359099173,-0.6698017985432265
img_000747.jpg,0.262881,-0.196137,1.396158,-57.30734097122304,-33.2501718615638,-57.30735282094535,0.52359123261354,7.99605919810098e-08,0.5235913021131935,-0.6720895546589294
img_000748.jpg,0.26269,-0.196006,1.396017,-57.14571103213292,-33.03996381828248,-57.14572636120205,0.5221224516090626,5.355271287532659e-08,0.5221225418205788,-0.674370963823738
img_000749.jpg,0.2625,-0.195876,1.395875,-56.98380913982263,-32.83014108617385,-56.983756198343286,0.5206489999138542,-8.270491388961966e-08,0.5206486873023906,-0.6766458182084584
img_000750.jpg,0.262309,-0.195745,1.395734,-56.82151157085206,-32.62070205755699,-56.82149519079144,0.5191701601242653,-4.832346128802457e-08,0.5191700630781979,-0.6789144205567608
img_000751.jpg,0.262118,-0.195614,1.395592,-56.65890685500819,-32.41164586240854,-56.65889873891573,0.5176864686583289,-7.990165112881088e-08,0.5176864204131305,-0.681176548545164
img_000752.jpg,0.26197,-0.195437,1.395466,-56.496019147407374,-32.20298826282462,-56.4959555796844,0.5161981264241197,-1.5471260317312385e-07,0.5161977473016952,-0.6834320595032543
img_000753.jpg,0.261779,-0.195306,1.395324,-56.33275734041826,-31.994729897182065,-56.33271351324323,0.514704609169288,-1.0315239343250405e-07,0.5147043469207304,-0.6856811216307359
img_000754.jpg,0.261588,-0.195176,1.395183,-56.16917090941867,-31.786840416168616,-56.16912854921687,0.5132061522748461,-1.9519591784589174e-07,0.5132058979751454,-0.6879237977790376
img_000755.jpg,0.261397,-0.195045,1.395041,-56.00527230457595,-31.579365676509774,-56.00520395404939,0.5117029619474175,-2.0830190730625203e-07,0.5117025502870665,-0.6901598211747105
img_000756.jpg,0.261207,-0.194914,1.3949,-55.84105364111623,-31.372300798950164,-55.840959089236485,0.5101949963406304,-2.579337173569396e-07,0.510194425035735,-0.6923891350760591
img_000757.jpg,0.261016,-0.194783,1.394758,-55.676423189844826,-31.165653631231883,-55.676410554412016,0.5086817366229185,1.5561934685326406e-08,0.5086816600315587,-0.6946120208964349
img_000758.jpg,0.260868,-0.194606,1.394632,-55.51152349198855,-30.959386061906592,-55.51148418481496,0.5071639664468633,7.0845920796536185e-09,0.5071637274209658,-0.696828289269571
img_000759.jpg,0.260677,-0.194476,1.39449,-55.34628253164593,-30.75352418403987,-55.34625332995966,0.5056413323452161,-1.3432475134966817e-07,0.505641154207428,-0.6990378145679362
img_000760.jpg,0.260486,-0.194345,1.394349,-55.18065871242102,-30.54809595774722,-55.18068346558656,0.5041136665219765,9.524713193154177e-08,0.504113817998469,-0.7012408072329839
img_000761.jpg,0.260295,-0.194214,1.394208,-55.01477060314694,-30.343065910868816,-55.01473813775585,0.5025816220676476,5.130697253163952e-08,0.5025814227741205,-0.703437009718845
img_000762.jpg,0.260105,-0.194083,1.394066,-54.84848366405253,-30.138450246477785,-54.84848314353302,0.5010444323383683,1.2031930413103353e-07,0.5010444291331377,-0.7056266412610539
img_000763.jpg,0.259914,-0.193952,1.393925,-54.68189863237078,-29.934227224608332,-54.68185919924577,0.4995026783073504,-6.52190596250879e-08,0.4995024347366528,-0.7078095733005701
img_000764.jpg,0.259765,-0.193776,1.393798,-54.51495980898142,-29.7304550756435,-54.51491055657032,0.4979561809548004,-7.071343149922528e-08,0.4979558757970065,-0.7099856249306328
img_000765.jpg,0.259575,-0.193645,1.393657,-54.34767636448787,-29.5270912828556,-54.34761002014112,0.496404906446559,-1.5151243071276357e-07,0.496404494134615,-0.7121550021299555
img_000766.jpg,0.259384,-0.193514,1.393515,-54.18000884456497,-29.324177108259068,-54.17998585678134,0.4948487299263933,4.315018842238061e-09,0.494848586629818,-0.7143175839923773
img_000767.jpg,0.259193,-0.193383,1.393374,-54.01201502798753,-29.1216835513627,-54.01201025540973,0.4932879542290809,2.9307069715489572e-08,0.4932879243889726,-0.7164733197157497
img_000768.jpg,0.259003,-0.193253,1.393233,-53.843682199527294,-28.919617848296674,-53.84368242448324,0.4917225360038891,2.989248099050101e-09,0.4917225374146242,-0.7186222191001524
img_000769.jpg,0.258854,-0.193076,1.393106,-53.674985090661394,-28.717989639434787,-53.67499596585268,0.4901523582079442,9.932627711983777e-08,0.4901524266113177,-0.7207643612375809
img_000770.jpg,0.258663,-0.192945,1.392964,-53.50594737237584,-28.51679015000101,-53.50595752739628,0.4885775640951779,9.437585507532377e-08,0.4885776281580072,-0.7228996231333293
img_000771.jpg,0.258473,-0.192814,1.392823,-53.33653271268729,-28.316041189366526,-53.336561894516194,0.4869979966503603,2.908672651902311e-07,0.4869981812855743,-0.7250280840650201
img_000772.jpg,0.258282,-0.192684,1.392682,-53.16679398356962,-28.115728694604616,-53.166822955877294,0.4854139713450498,2.730531213634979e-07,0.4854141551909708,-0.7271494855689501
img_000773.jpg,0.258091,-0.192553,1.39254,-52.99672092816548,-27.9158348831186,-52.99669569646857,0.4838253963176033,1.1695340140782663e-07,0.4838252357423573,-0.7292640997176214
img_000774.jpg,0.257901,-0.192422,1.392399,-52.82625212336382,-27.716416029723348,-52.82625237803086,0.4822320406386913,1.5074517237256837e-07,0.4822320422640834,-0.7313716677553431
img_000775.jpg,0.257752,-0.192245,1.392272,-52.65546454196553,-27.517425971581268,-52.65542869296498,0.4806342944922652,-4.2024380725314003e-08,0.4806340650316529,-0.7334722697478545
img_000776.jpg,0.257561,-0.192114,1.392131,-52.4842722744999,-27.318905446562816,-52.484257669334085,0.4790317291636254,2.3394074288862757e-08,0.4790316354127182,-0.7355659689846473
img_000777.jpg,0.257371,-0.191983,1.391989,-52.31273331131557,-27.12083332041908,-52.312721397860216,0.4774246786793019,-4.728145958088348e-09,0.4774246019896052,-0.737652645628708
img_000778.jpg,0.25718,-0.191852,1.391848,-52.14082088894372,-26.923229216681698,-52.14082524056956,0.4758130379813471,7.390840681131827e-08,0.475813066072752,-0.7397323022833344
img_000779.jpg,0.256989,-0.191722,1.391707,-51.96860000171287,-26.72607772358164,-51.96853942355902,0.4741972048911009,-2.9194443668112413e-08,0.4741968127403285,-0.741804821809875
img_000780.jpg,0.256799,-0.191591,1.391565,-51.79594478754599,-26.52937797070558,-51.79593269491989,0.4725763800501676,-1.1468083629950777e-07,0.4725763015509453,-0.7438704216670375
img_000781.jpg,0.25665,-0.191414,1.391438,-51.62298090322688,-26.333161964141347,-51.62291236426017,0.4709514762281425,-1.1783794556796678e-07,0.4709510300766071,-0.745928839976242
img_000782.jpg,0.256459,-0.191283,1.391297,-51.44957309399991,-26.13741682331737,-51.4495713105718,0.4693215977584005,1.1154451057260316e-08,0.4693215861173248,-0.7479802715859694
img_000783.jpg,0.256269,-0.191153,1.391155,-51.27584866844904,-25.94214041356262,-51.275831076621394,0.4676875852687974,2.523710301849391e-08,0.4676874701267971,-0.750024501514342
img_000784.jpg,0.256078,-0.191022,1.391014,-51.10171669650924,-25.74734034581982,-51.10175136813968,0.4660488811062892,7.679910493663122e-08,0.4660491086553325,-0.7520616123304926
img_000785.jpg,0.255887,-0.190891,1.390873,-50.92725856717118,-25.553020865727262,-50.92726530613845,0.4644060466061376,1.0683162807167969e-07,0.4644060909531849,-0.7540915107340942
img_000786.jpg,0.255696,-0.19076,1.390732,-50.75245167386706,-25.359151607419196,-50.75240793878158,0.4627588742913589,-1.870407942694552e-07,0.462758585712265,-0.7561142212748968
img_000787.jpg,0.255548,-0.190583,1.390604,-50.57718236337422,-25.1658217022022,-50.57718538927591,0.4611068580715519,2.488761741969992e-07,0.4611068780907029,-0.7581298783300692
img_000788.jpg,0.255357,-0.190453,1.390463,-50.40160575169553,-24.97293504161033,-50.40160098207065,0.4594507935129082,4.29932913437181e-08,0.4594507618738108,-0.7601381228131712
img_000789.jpg,0.255167,-0.190322,1.390322,-50.22562209583601,-24.78055795541956,-50.22563171383244,0.457790207103292,1.4318901189747102e-07,0.4577902710717988,-0.7621392221847092
img_000790.jpg,0.254976,-0.190191,1.390181,-50.04926771700615,-24.588658627702905,-50.04926704260531,0.4561252749227665,1.8142617541627717e-07,0.4561252704256472,-0.7641331502138405
img_000791.jpg,0.254785,-0.19006,1.390039,-49.87253347812437,-24.39726324540988,-49.87254664407119,0.4544560199446226,1.971432715686117e-07,0.4544561079675845,-0.7661196850799546
img_000792.jpg,0.254637,-0.189884,1.389913,-49.6954004534621,-24.20636287438855,-49.69544742756524,0.4527823091692699,2.610108891243357e-07,0.4527826240332072,-0.7680990013513095
img_000793.jpg,0.254446,-0.189753,1.389771,-49.51790633880413,-24.015956797642108,-49.51796427632738,0.4511044098392529,2.0780938123077242e-07,0.4511047991872298,-0.7700709522984134
img_000794.jpg,0.254255,-0.189622,1.38963,-49.34005397236741,-23.82605443501014,-49.34006573638332,0.4494223828873578,1.8891415015653837e-07,0.4494224621448265,-0.7720356029869966
img_000795.jpg,0.254065,-0.189491,1.389488,-49.1617815347321,-23.63667811218776,-49.16182800965213,0.4477358857114972,2.8151749445481933e-07,0.4477361996197924,-0.7739928114627985
img_000796.jpg,0.253874,-0.18936,1.389347,-48.98315115867335,-23.447782956042065,-48.98316840902709,0.4460452391471696,2.04424267041814e-07,0.4460453559558061,-0.7759427717714502
img_000797.jpg,0.253683,-0.189229,1.389205,-48.80411850253526,-23.25940834521691,-48.804143228082566,0.4443502607758138,1.7031842267090094e-07,0.444350428620948,-0.777885301527685
img_000798.jpg,0.253535,-0.189053,1.389079,-48.62469377582075,-23.07156012957216,-48.624718028156586,0.4426510507375162,2.856523435290637e-07,0.4426512157798709,-0.7798204591118995
img_000799.jpg,0.253344,-0.188922,1.388937,-48.44489819542091,-22.884204871109027,-48.44491214993449,0.4409476846817172,1.1545683525904239e-07,0.4409477798799489,-0.7817481658390786
img_000800.jpg,0.253153,-0.188791,1.388796,-48.264692605365845,-22.697407189814143,-48.26470969799773,0.4392400771525356,3.195242184450553e-07,0.4392401940455304,-0.7836684289658333
img_000801.jpg,0.252962,-0.18866,1.388654,-48.08410822321162,-22.511094685226663,-48.084141930670256,0.4375282728124626,9.09336950460915e-08,0.4375285038935553,-0.7855811980759226
img_000802.jpg,0.252772,-0.188529,1.388513,-47.90313119196675,-22.32533590868296,-47.90315505703218,0.4358123683359751,1.662334687957401e-07,0.4358125323394451,-0.7874865181457019
img_000803.jpg,0.252581,-0.188399,1.388372,-47.721771523088286,-22.140100300005383,-47.721783241842765,0.4340923710432368,1.194720537500693e-07,0.4340924517699444,-0.7893842896323723
img_000804.jpg,0.252432,-0.188222,1.388245,-47.53999004225767,-21.95538879270466,-47.540005849678415,0.4323680296598996,1.5324195348775937e-07,0.432368138812878,-0.7912747180767756
img_000805.jpg,0.252242,-0.188091,1.388104,-47.357839271561154,-21.771211289691625,-47.35783758758442,0.4306397478725087,5.604527533731307e-08,0.4306397362166878,-0.7931575033645717
img_000806.jpg,0.252051,-0.18796,1.387962,-47.17529938045788,-21.58757878360925,-47.17528382530566,0.4289074335742864,-6.529743148964151e-08,0.4289073256531179,-0.7950326530563416
img_000807.jpg,0.25186,-0.187829,1.387821,-46.99233745400321,-21.404489399863603,-46.99232218019526,0.4271708695941856,-4.830902555763572e-08,0.427170763376032,-0.7969003620822888
img_000808.jpg,0.25167,-0.187698,1.387679,-46.80901316351441,-21.221958569586462,-46.8089502789768,0.425430525992195,-2.249291308764612e-08,0.425430087655571,-0.798760357098033
img_000809.jpg,0.251521,-0.187522,1.387553,-46.62525414183333,-21.03996458983972,-46.625207529096656,0.4236858597992064,-5.7577860840263284e-08,0.4236855341316199,-0.8006128030289098
img_000810.jpg,0.25133,-0.187391,1.387411,-46.441097158071095,-20.858521147895885,-46.44106510998112,0.4219371775918186,-1.1137288724594185e-07,0.4219369531665845,-0.8024576161507454
img_000811.jpg,0.25114,-0.18726,1.38727,-46.25650922962012,-20.677629823723688,-46.25649737214475,0.4201842679578264,1.2603379867526245e-08,0.4201841847326047,-0.8042949905733228
img_000812.jpg,0.250949,-0.187129,1.387129,-46.07157002560658,-20.497295917025184,-46.07153481370502,0.4184277192748291,-8.108912996629415e-08,0.4184274715674123,-0.8061244908698411
img_000813.jpg,0.250758,-0.186999,1.386987,-45.88618932177434,-20.31752070776033,-45.88617640072991,0.4166669169257218,-7.87245325595265e-08,0.4166668258237869,-0.8079464317623647
img_000814.jpg,0.250568,-0.186868,1.386846,-45.70043279004064,-20.13832757804109,-45.70040334076814,0.4149023980826368,-5.893572463389063e-09,0.4149021899795277,-0.8097605651150648
img_000815.jpg,0.250419,-0.186691,1.386719,-45.51427627837726,-19.959682742138742,-45.51423057039054,0.413133923272532,-1.1299417690402437e-07,0.4131335995567279,-0.8115669968392838
img_000816.jpg,0.250228,-0.18656,1.386577,-45.327683340309015,-19.78160148429951,-45.32764751716996,0.4113612884023696,-1.4620430296985456e-07,0.4113610341312603,-0.8133658401988499
img_000817.jpg,0.250038,-0.18643,1.386436,-45.14068983748025,-19.60411651839083,-45.1406540873822,0.4095848452634701,-1.8350675534684058e-08,0.4095845909520809,-0.8151568667349343
img_000818.jpg,0.249847,-0.186299,1.386295,-44.953319870121646,-19.427180309960875,-44.95325476723771,0.4078046615854401,-2.1999934390892761e-07,0.4078041974572792,-0.8169400801315606
img_000819.jpg,0.249656,-0.186168,1.386154,-44.76550486677738,-19.250841760091784,-44.76545150635589,0.4060203876001866,-1.7430574475452157e-07,0.4060200063590371,-0.8187155789950324
img_000820.jpg,0.249466,-0.186037,1.386012,-44.57727254984924,-19.075076281054518,-44.5772391217761,0.4042321735479119,-1.7819207573377405e-07,0.4042319342005906,-0.820483329045233
img_000821.jpg,0.249317,-0.185861,1.385885,-44.38865558861583,-18.89988967570271,-44.38861202489011,0.4024402834331607,-3.133951390899004e-07,0.4024399708447692,-0.8222432049804975
img_000822.jpg,0.249126,-0.18573,1.385744,-44.19959831705821,-18.72532326005954,-44.199562985807496,0.4006444370067317,-7.549290190200787e-08,0.4006441829497326,-0.82399531173672
img_000823.jpg,0.248936,-0.185599,1.385602,-44.01015752070843,-18.551302493207203,-44.01011381514522,0.3988448703712961,-3.356806025922588e-07,0.3988445554316382,-0.8257395412482863
img_000824.jpg,0.248745,-0.185468,1.385461,-43.82028324504945,-18.37792225751318,-43.82025013199868,0.3970414768185633,-1.7822766504305146e-07,0.3970412377062174,-0.8274758735131904
img_000825.jpg,0.248554,-0.185337,1.385319,-43.630014462964354,-18.20512878011224,-43.6299664592152,0.3952344176959028,-1.5806070630119964e-07,0.3952340703324186,-0.8292043081876893
img_000826.jpg,0.248363,-0.185207,1.385178,-43.43930522375028,-18.032923612624423,-43.43927760622115,0.3934233795435733,-1.8591996067685026e-07,0.3934231792836336,-0.830924934293608
img_000827.jpg,0.248215,-0.18503,1.385051,-43.24817940515744,-17.86133786611121,-43.24816236060235,0.3916086270761486,-6.42877037160261e-08,0.3916085032281131,-0.8326376543244766
img_000828.jpg,0.248024,-0.184899,1.38491,-43.05664731904456,-17.69036166556614,-43.05663495479144,0.3897902253152199,1.7948327268868525e-08,0.3897901352909597,-0.8343423941515647
img_000829.jpg,0.247834,-0.184768,1.384768,-42.86469975239098,-17.519995572358496,-42.86469969178742,0.3879681234642085,5.2747606116287926e-08,0.3879681230220561,-0.836039156196886
img_000830.jpg,0.247643,-0.184637,1.384627,-42.6723323392896,-17.35021853426483,-42.67233073201976,0.3861422520312171,-4.8474364966466517e-08,0.3861422402811794,-0.8377280772821749
img_000831.jpg,0.247452,-0.184506,1.384486,-42.47956672666708,-17.181081249748335,-42.47954593290034,0.3843129096102352,-6.053339235423394e-08,0.3843127572912149,-0.8394088944549821
img_000832.jpg,0.247304,-0.18433,1.384359,-42.28635243882229,-17.012562457201977,-42.28634756122244,0.3824796881399145,-1.3562477363393556e-08,0.3824796523391925,-0.8410818055973414
img_000833.jpg,0.247113,-0.184199,1.384218,-42.09274229098874,-16.844665583944924,-42.092713709086006,0.3806429974346246,-1.4535132986104315e-08,0.3806427872332413,-0.8427466861585952
img_000834.jpg,0.246922,-0.184068,1.384077,-41.898707310467664,-16.677410884554437,-41.89869291040178,0.378802689008464,-1.3347926375306683e-09,0.3788025828971158,-0.8444034142460762
img_000835.jpg,0.246732,-0.183937,1.383935,-41.7042479416596,-16.510758210064044,-41.704221337984826,0.376958681141414,-1.0216214257896541e-07,0.3769584847211672,-0.8460522758723817
img_000836.jpg,0.246541,-0.183806,1.383794,-41.50933141177087,-16.344764986957525,-41.50932934987337,0.3751108863053536,1.0204518031964317e-07,0.3751108710524314,-0.8476931386967148
img_000837.jpg,0.24635,-0.183676,1.383652,-41.31403442090927,-16.17940025215653,-41.3140386731336,0.3732598091312529,2.1537102795621266e-08,0.3732598406477406,-0.8493257362443007
img_000838.jpg,0.246202,-0.183499,1.383526,-41.11832201590248,-16.014675425903963,-41.1183007450698,0.3714052335172693,-1.0916607909305933e-08,0.3714050755612911,-0.8509503054604857
img_000839.jpg,0.246011,-0.183368,1.383384,-40.9221747332818,-15.850591627639252,-40.92215977552228,0.3695470312523487,-9.63290036209985e-08,0.3695469199658805,-0.8525667514255393
img_000840.jpg,0.24582,-0.183237,1.383243,-40.7255843823521,-15.687164944278427,-40.72556950160189,0.3676851933875013,3.598362499634966e-08,0.3676850824651312,-0.8541752037469855
img_000841.jpg,0.245629,-0.183106,1.383101,-40.528592701102966,-15.524371691850536,-40.52858295638431,0.3658199865102625,-1.3089783973407876e-07,0.3658199137362135,-0.8557753958741999
img_000842.jpg,0.245439,-0.182976,1.38296,-40.33117219066353,-15.362235901520917,-40.33112303334068,0.3639512774839196,-1.0500321617756825e-07,0.3639509096915493,-0.8573676008297174
img_000843.jpg,0.245248,-0.182845,1.382819,-40.13330542752351,-15.200787293042993,-40.13328182629186,0.3620790203477255,7.737743916436114e-08,0.3620788434384324,-0.8589515086186836
img_000844.jpg,0.2451,-0.182668,1.382692,-39.935027157409706,-15.039967728472517,-39.93502053035453,0.3602033474812391,-4.982818650745013e-08,0.3602032977152539,-0.8605272411599549
img_000845.jpg,0.244909,-0.182537,1.38255,-39.73633171919031,-14.8798222994602,-39.73631166093754,0.3583243386482325,-6.0340840241091e-08,0.3583241877460476,-0.8620948003604002
img_000846.jpg,0.244718,-0.182406,1.382409,-39.53719355392149,-14.720353521801083,-39.53718359376078,0.3564418201277732,2.7850965103604075e-08,0.3564417450599929,-0.8636541618278616
img_000847.jpg,0.244528,-0.182276,1.382268,-39.33763961925259,-14.561549762330438,-39.33763838539621,0.3545559793466288,5.632294686197525e-09,0.3545559700305934,-0.8652052482649524
img_000848.jpg,0.244337,-0.182145,1.382126,-39.13764848276925,-14.403394800521358,-39.13762051755076,0.3526666284377587,-4.425716519651513e-08,0.3526664169142612,-0.8667483184680537
img_000849.jpg,0.244146,-0.182014,1.381985,-38.93724279724258,-14.24595253924071,-38.93722620639048,0.350774103533363,-1.7708887439793486e-08,0.3507739778211978,-0.8682828714041634
img_000850.jpg,0.243997,-0.181837,1.381858,-38.736384656043946,-14.089179242919608,-38.73638265394988,0.3488780250492724,5.598308644438888e-08,0.3488780098523418,-0.8698093227134239
img_000851.jpg,0.243807,-0.181707,1.381717,-38.53511067127548,-13.9330891154994,-38.53509678197244,0.3469787162526031,1.256589186038326e-07,0.3469786106415961,-0.8713275011296885
img_000852.jpg,0.243616,-0.181576,1.381576,-38.33339083332099,-13.777692202995013,-38.3334007803822,0.3450759846510746,2.3547086464015266e-07,0.3450760604172522,-0.8728373716471727
img_000853.jpg,0.243425,-0.181445,1.381434,-38.13127628825216,-13.622975811386178,-38.131285707805695,0.3431702014967951,1.31691324720129e-07,0.3431702733684073,-0.874338822357148
img_000854.jpg,0.243235,-0.181314,1.381293,-37.92868928327838,-13.468961750862237,-37.928727459479816,0.3412608368422317,2.632184819967298e-07,0.341261128625791,-0.8758321090978121
img_000855.jpg,0.243086,-0.181137,1.381166,-37.7257275357218,-13.315638253319849,-37.72575001407048,0.3393486207949862,1.467100653185227e-07,0.339348792889961,-0.8773168813653626
img_000856.jpg,0.242895,-0.181007,1.381024,-37.52231407854882,-13.16300685829932,-37.52233090777137,0.3374329801968738,6.254252907234027e-08,0.337433109258815,-0.8787934231953382
img_000857.jpg,0.242705,-0.180876,1.380883,-37.318459777362285,-13.011111841664748,-37.31850019808706,0.3355141120230441,2.105186685252836e-07,0.3355144225241023,-0.8802615252932858
img_000858.jpg,0.242514,-0.180745,1.380742,-37.11419650013048,-12.85989688712102,-37.11421694192632,0.3335921405692638,1.4631210092097557e-07,0.3335922978580213,-0.8817213066270999
img_000859.jpg,0.242323,-0.180614,1.380601,-36.90951475423453,-12.70941261241531,-36.90951649404143,0.331667121965063,1.6688248699603395e-07,0.3316671353739868,-0.8831725944118723
img_000860.jpg,0.242133,-0.180483,1.380459,-36.70437698791616,-12.559622040347602,-36.70438578951088,0.3297386916219004,9.991307392542836e-08,0.3297387595678042,-0.8846155920433196
img_000861.jpg,0.241984,-0.180307,1.380332,-36.49882595875141,-12.410564092516172,-36.49882581384148,0.3278072795673202,9.945804831101857e-08,0.3278072784468412,-0.8860500977145356
img_000862.jpg,0.241794,-0.180176,1.380191,-36.29282909987955,-12.26223118147706,-36.29283703581131,0.3258726267577468,1.7089793578894954e-07,0.3258726882190739,-0.8874762093728773
img_000863.jpg,0.241603,-0.180045,1.38005,-36.0863819832386,-12.114606980707372,-36.086407408980335,0.3239346709709207,2.037160475309996e-07,0.3239348681999671,-0.8888939926150867
img_000864.jpg,0.241412,-0.179914,1.379908,-35.87954082626605,-11.967719853532682,-35.879564166662654,0.3219939231068673,1.599027077414661e-07,0.321994104446795,-0.8903031563370589
img_000865.jpg,0.241221,-0.179783,1.379766,-35.67226696568614,-11.82157851265129,-35.672297213360594,0.3200501129416062,2.2108849129232053e-07,0.3200503483163611,-0.8917038183996927
img_000866.jpg,0.241031,-0.179653,1.379625,-35.46457100575179,-11.676147918013058,-35.46458906679764,0.3181032530305914,1.0143917870963914e-07,0.3181033937935496,-0.8930960481764384
img_000867.jpg,0.240882,-0.179476,1.379498,-35.25644827698721,-11.531466632670076,-35.25644790419077,0.3161534040601368,7.123243636608656e-08,0.3161534011501595,-0.8944797661447514
img_000868.jpg,0.240691,-0.179345,1.379357,-35.04788847130323,-11.387539794480317,-35.04788612535829,0.314200506031067,1.3958681735481981e-07,0.3142004876909197,-0.8958549522911564
img_000869.jpg,0.240501,-0.179214,1.379215,-34.838890374426555,-11.244337546443148,-34.83890516332281,0.3122444911080432,4.1684335427838455e-08,0.3122446069011902,-0.8972216466591734
img_000870.jpg,0.24031,-0.179083,1.379074,-34.6294655330786,-11.101897418043729,-34.62947082420707,0.3102855424971611,1.121676698467855e-07,0.3102855839880077,-0.8985798453595824
img_000871.jpg,0.240119,-0.178953,1.378933,-34.41964100123242,-10.96020368740553,-34.419617713535665,0.308323846171977,3.25525382344205e-08,0.3083236632851885,-0.8999293997531803
img_000872.jpg,0.239971,-0.178776,1.378806,-34.20937917674534,-10.819283344848566,-34.20935129565974,0.3063591757038353,8.085561271908849e-08,0.3063589564172338,-0.9012703508298736
img_000873.jpg,0.23978,-0.178645,1.378665,-33.9986273865608,-10.679104064743006,-33.99864882912669,0.304391052516628,1.7328376047953678e-07,0.3043912214131813,-0.902602942314272
img_000874.jpg,0.239589,-0.178514,1.378523,-33.78749639356532,-10.53969652959047,-33.78752159796357,0.3024204240452043,2.042426311132939e-07,0.3024206228637388,-0.9039267968076758
img_000875.jpg,0.239399,-0.178383,1.378382,-33.575948004329184,-10.401044637710129,-33.575972937163336,0.3004469627243845,1.131647004298797e-07,0.3004471596869416,-0.90524202665681
img_000876.jpg,0.239208,-0.178253,1.378241,-33.36395584967014,-10.263184004389313,-33.36399832989487,0.2984705457317822,2.420121391760733e-07,0.2984708817982489,-0.9065486561950712
img_000877.jpg,0.239017,-0.178122,1.378099,-33.15154856329563,-10.126072590658287,-33.15158503269186,0.2964913151687027,1.8578796374957299e-07,0.2964916040958671,-0.907846698914612
img_000878.jpg,0.238869,-0.177945,1.377972,-32.938739685288624,-9.9897498467783,-32.93874859931271,0.2945094718756762,1.617678765664099e-07,0.2945095425969317,-0.9091360185884344
img_000879.jpg,0.238678,-0.177814,1.377831,-32.725489663192974,-9.85419963160466,-32.725496059321,0.2925246745040867,9.951755920722949e-08,0.2925247253205805,-0.9104167177080984
img_000880.jpg,0.238487,-0.177684,1.37769,-32.51179544265117,-9.719449773893723,-32.51182218670736,0.2905369648059541,2.192803867928639e-07,0.2905371775812242,-0.911688773937922
img_000881.jpg,0.238297,-0.177553,1.377548,-32.29769345034358,-9.585465149740344,-32.297721058896755,0.2885465637670837,1.352967789330917e-07,0.2885467837246841,-0.9129521532590472
img_000882.jpg,0.238106,-0.177422,1.377406,-32.083177590150456,-9.452275255790727,-32.08319705233278,0.2865534928706612,6.601476558454333e-08,0.2865536481391522,-0.9142068160223716
img_000883.jpg,0.237915,-0.177291,1.377265,-31.86821526595277,-9.319882090294952,-31.86824957031001,0.2845575023544815,8.622751070108682e-08,0.2845577764062399,-0.9154528386216892
img_000884.jpg,0.237767,-0.177114,1.377138,-31.652882267835043,-9.188301742224674,-31.652892791838656,0.2825592374538943,7.895655698697547e-08,0.2825593216420128,-0.9166899732639564
img_000885.jpg,0.237576,-0.176984,1.376997,-31.43708215228154,-9.057499907279029,-31.43710341024833,0.2805578609608038,3.869354263386082e-08,0.2805580312445625,-0.917918557257272
img_000886.jpg,0.237385,-0.176853,1.376856,-31.22088491503103,-8.927517183791464,-31.22089219476235,0.2785540234981469,7.120386108505627e-08,0.2785540818888317,-0.9191383353206736
img_000887.jpg,0.237194,-0.176722,1.376714,-31.004251855178765,-8.79833814516304,-31.004263463018933,0.2765473879839777,1.117232985431427e-07,0.2765474812130744,-0.9203494080152012
img_000888.jpg,0.237004,-0.176591,1.376573,-30.7872050121316,-8.669984908283363,-30.787227251740585,0.2745381819379212,2.387659120001162e-07,0.2745383607900426,-0.921551667088113
img_000889.jpg,0.236813,-0.17646,1.376432,-30.56975860909048,-8.542421768629836,-30.56977318807578,0.272526451397483,1.300608919729829e-07,0.2725265687943151,-0.9227451449830965
img_000890.jpg,0.236665,-0.176283,1.376305,-30.35188435595216,-8.415673556224322,-30.351890525463173,0.2705120248818263,5.7105130027435e-08,0.2705120746254147,-0.9239299009536304
img_000891.jpg,0.236474,-0.176153,1.376163,-30.13360821689489,-8.289760592562132,-30.133613738502635,0.2684951574099633,1.9533887687939178e-08,0.2684952019862924,-0.9251057652818616
img_000892.jpg,0.236283,-0.176022,1.376022,-29.91489505188711,-8.164675304635221,-29.914907010373614,0.2664755538935475,9.960127014818633e-08,0.2664756505570453,-0.9262729116396078
img_000893.jpg,0.236092,-0.175891,1.375881,-29.69579383681372,-8.040409010811478,-29.695777267816645,0.2644535965463085,7.246192652854423e-08,0.264453462447392,-0.927431216572584
img_000894.jpg,0.235902,-0.17576,1.375739,-29.476286779935357,-7.916968863676989,-29.476253139980702,0.2624291603099596,-5.033577922530785e-08,0.2624288877121108,-0.9285806452393844
img_000895.jpg,0.235753,-0.175583,1.375613,-29.25632719560531,-7.794386861910091,-29.256316617414168,0.2604019337724237,1.1881422466719639e-07,0.2604018479478785,-0.9297213079589486
img_000896.jpg,0.235562,-0.175453,1.375471,-29.03600439570305,-7.672625551306043,-29.035974793391347,0.2583725699082311,3.1356271648630425e-08,0.2583723294419986,-0.930853025185894
img_000897.jpg,0.235372,-0.175322,1.37533,-28.81522603078665,-7.551690407120354,-28.815209988482152,0.2563403334237731,-4.162278217922921e-08,0.2563402029513005,-0.9319760371442354
img_000898.jpg,0.235181,-0.175191,1.375188,-28.594069997623,-7.431624218557316,-28.59404977192851,0.2543059439944911,-8.543359325541289e-09,0.2543057793017791,-0.9330900586024832
img_000899.jpg,0.23499,-0.17506,1.375047,-28.372505188575317,-7.312403041604494,-28.372483537329696,0.2522691042858331,6.4201847518874375e-09,0.2522689277764118,-0.934195208241491
img_000900.jpg,0.2348,-0.17493,1.374906,-28.15051334525751,-7.194032335997549,-28.150507039688065,0.2502296781856576,7.530391737259334e-08,0.2502296267198668,-0.9352915278493292
img_000901.jpg,0.234651,-0.174753,1.374779,-27.928138504329056,-7.0765009774724605,-27.928125155654502,0.2481880057772033,-2.2583982677015783e-08,0.2481878966992061,-0.9363789199465986
img_000902.jpg,0.23446,-0.174622,1.374637,-27.705366195812807,-6.959846124327006,-27.70535111711931,0.2461440423617954,8.155943073684391e-10,0.246143919005135,-0.937457349187998
img_000903.jpg,0.23427,-0.174491,1.374496,-27.482172305098175,-6.844045910318231,-27.48216407610361,0.2440975502210504,4.076507147815489e-08,0.2440974828240033,-0.9385269334734436
img_000904.jpg,0.234079,-0.174361,1.374355,-27.258609620827432,-6.729096019740318,-27.258586937559706,0.2420489551370336,-1.2135144011188317e-07,0.2420487691467385,-0.9395875141101035
img_000905.jpg,0.233888,-0.17423,1.374213,-27.0346253891293,-6.615040110595215,-27.03461835641236,0.2399979080219738,-3.06525011969927e-08,0.2399978502930341,-0.940639163547743
img_000906.jpg,0.233698,-0.174099,1.374072,-26.81024537117296,-6.501841779967163,-26.81025224557401,0.2379445523900467,-5.028644002591509e-08,0.2379446088819844,-0.9416818746752522
img_000907.jpg,0.233549,-0.173922,1.373945,-26.585469401764275,-6.389526843284984,-26.58547025714669,0.235888935557271,5.05398783448574e-08,0.2358889425942846,-0.9427156606545825
img_000908.jpg,0.233358,-0.173791,1.373804,-26.36031615944409,-6.278076367163592,-26.360300976095797,0.2338311767528816,-3.0181836266351958e-09,0.2338310517075468,-0.9437404410301092
img_000909.jpg,0.233168,-0.173661,1.373662,-26.13475589361304,-6.167527108919968,-26.13477515198702,0.2317710984888349,7.23612952197028e-08,0.2317712572655078,-0.9447561813562476
img_000910.jpg,0.232977,-0.17353,1.373521,-25.90881238251855,-6.057850614810051,-25.9088304441671,0.2297088444002673,9.912058350491917e-08,0.2297089934691605,-0.9457629857018454
img_000911.jpg,0.232786,-0.173399,1.37338,-25.68249991343796,-5.949056447501761,-25.68249940293037,0.2276445498712043,4.217161304886918e-08,0.2276445456533672,-0.9467607510602704
img_000912.jpg,0.232638,-0.173222,1.373253,-25.455784543063697,-5.84114788463874,-25.455780100766937,0.2255779400411662,-1.9447981759734837e-08,0.2255779033003725,-0.9477495462987
img_000913.jpg,0.232447,-0.173091,1.373111,-25.22866968431231,-5.734135907260425,-25.22867914292395,0.2235090614064534,-3.469036244374557e-08,0.2235091397164336,-0.9487293417684648
img_000914.jpg,0.232256,-0.172961,1.37297,-25.001181821138804,-5.6280290918627,-25.001197057146385,0.2214381468295618,-4.4321354086829245e-09,0.2214382731009711,-0.9497000780955792
img_000915.jpg,0.232066,-0.17283,1.372829,-24.77333245655773,-5.5228187033155205,-24.773334692982825,0.2193652750606193,-4.3679755916403724e-08,0.2193652936142012,-0.9506617400816824
img_000916.jpg,0.231875,-0.172699,1.372687,-24.545079116599016,-5.418513844306246,-24.545098878430032,0.2172901080266167,-2.707119262090885e-08,0.2172902721368134,-0.9516143896497624
img_000917.jpg,0.231684,-0.172568,1.372546,-24.31647138922456,-5.315125131589927,-24.31648251131202,0.2152130734471218,3.4225149110611586e-08,0.215213165900985,-0.9525579385214936
img_000918.jpg,0.231536,-0.172392,1.372419,-24.08748170284661,-5.212628075999104,-24.08748618709768,0.2131338982756646,-3.1819426447865506e-08,0.2131339355881835,-0.9534924577082452
img_000919.jpg,0.231345,-0.17226,1.372277,-23.858105550653725,-5.111067803657655,-23.858127571736468,0.2110526190687239,1.0824687536603594e-07,0.211052802479379,-0.954417888846296
img_000920.jpg,0.231154,-0.17213,1.372136,-23.628370438196637,-5.010411649383242,-23.628403161153148,0.2089694065128651,1.1914498059678594e-07,0.2089696793196608,-0.9553342139098152
img_000921.jpg,0.230964,-0.171999,1.371995,-23.398266993047468,-4.910656611247241,-23.398293766797742,0.2068841751842678,9.691672950284946e-09,0.2068843986053537,-0.9562414881566405
img_000922.jpg,0.230773,-0.171868,1.371853,-23.167795261969328,-4.811847405801228,-23.16783027303139,0.2047969964261415,8.009180479939816e-08,0.2047972888601766,-0.9571396244698815
img_000923.jpg,0.230582,-0.171738,1.371712,-22.93696658885913,-4.713944482610036,-22.93698429859946,0.2027078960763616,1.1827669704755904e-08,0.202708044136473,-0.9580286831356672
img_000924.jpg,0.230434,-0.171561,1.371585,-22.705775985411385,-4.6169718952872,-22.70579919705108,0.2006168683996677,-7.904506607592232e-08,0.2006170626359841,-0.958908580779635
img_000925.jpg,0.230243,-0.17143,1.371444,-22.474214679918035,-4.520940062446845,-22.474233555879536,0.1985238524492833,-3.431600098524612e-08,0.1985240105478362,-0.9597794003023282
img_000926.jpg,0.230052,-0.171299,1.371302,-22.24231124489712,-4.425843451716833,-22.24233387107889,0.1964290739854704,-4.812755815403191e-08,0.1964292636647063,-0.9606410168576758
img_000927.jpg,0.229861,-0.171168,1.371161,-22.010037396711372,-4.33170691251638,-22.01006541043098,0.1943323304572947,1.8041671544233306e-07,0.1943325655095551,-0.9614935253663848
img_000928.jpg,0.229671,-0.171037,1.37102,-21.7774188787134,-4.2384627793478815,-21.777438896714006,0.1922337264427763,2.1404968630900356e-09,0.1922338945534202,-0.9623369078460768
img_000929.jpg,0.22948,-0.170906,1.370878,-21.544448421632328,-4.146182132710605,-21.54447943492562,0.1901333076549504,-3.114725698194487e-08,0.1901335683295478,-0.9631710915068312
img_000930.jpg,0.229331,-0.17073,1.370752,-21.31113966101524,-4.054855897503997,-21.311159591957107,0.188031168600685,1.1229900676035244e-08,0.1880313362687954,-0.963996107987803
img_000931.jpg,0.229141,-0.170599,1.37061,-21.077482864196565,-3.964484509872345,-21.07750550300431,0.1859272221578064,8.98310271099656e-08,0.1859274127668705,-0.9648119325767542
img_000932.jpg,0.22895,-0.170468,1.370469,-20.843470028910208,-3.875035110158523,-20.843492413642625,0.1838213453700809,-3.6076586017175234e-08,0.1838215339975492,-0.9656186393318638
img_000933.jpg,0.228759,-0.170337,1.370328,-20.60913747719177,-3.786567730795178,-20.609148251315915,0.1817139285126858,2.0706142363213772e-08,0.1817140193770288,-0.9664160922430518
img_000934.jpg,0.228569,-0.170207,1.370186,-20.374454126286142,-3.699047840630561,-20.374469488395725,0.1796046512261884,8.533150144818258e-09,0.1796047808893111,-0.9672043692724004
img_000935.jpg,0.22842,-0.17003,1.370059,-20.13944903942258,-3.612492120267648,-20.13945802654569,0.1774937767135324,4.101946355500319e-09,0.1774938526299974,-0.967983414892284
img_000936.jpg,0.228229,-0.169899,1.369918,-19.90409733289495,-3.5268949014323168,-19.904105299492837,0.1753810795412995,-4.080507497866703e-09,0.1753811468906574,-0.9687532865772616
img_000937.jpg,0.228039,-0.169768,1.369777,-19.66842046531963,-3.4422731530237454,-19.66843742833116,0.1732667580774622,3.9073583067011925e-08,0.1732669015947947,-0.9695139046744324
img_000938.jpg,0.227848,-0.169638,1.369635,-19.43244315626472,-3.3586070839945643,-19.43243673189213,0.1711509858662857,-5.8845737907486935e-08,0.1711509314700803,-0.970265272332221
img_000939.jpg,0.227657,-0.169507,1.369494,-19.196109114634908,-3.275918518009375,-19.196116589365683,0.1690333096330339,-6.34748673553065e-08,0.1690333729712045,-0.9710074454176324
img_000940.jpg,0.227467,-0.169376,1.369352,-18.959450526186384,-3.1942109524665234,-18.95946201224637,0.1669139981548433,1.3498830917640925e-08,0.1669140955570293,-0.9717403984214836
img_000941.jpg,0.227318,-0.169199,1.369226,-18.722504845286085,-3.1134783534881416,-18.72250501351683,0.164793352356978,5.3799819217659195e-09,0.1647933537846429,-0.97246403613057
img_000942.jpg,0.227128,-0.169068,1.369084,-18.48523372211017,-3.033706140055865,-18.485221476371112,0.1626710190053385,-1.3510373639280537e-07,0.1626709150073545,-0.9731784589613648
img_000943.jpg,0.226937,-0.168938,1.368943,-18.24764503666857,-2.9549327815171105,-18.24763640783213,0.1605471081207401,-1.424961141374692e-07,0.1605470347865117,-0.9738836047984922
img_000944.jpg,0.226746,-0.168807,1.368801,-18.009747825690912,-2.877152817284132,-18.009737030649102,0.1584216793866327,-7.169298798376246e-08,0.1584215875768419,-0.9745794847471124
img_000945.jpg,0.226555,-0.168676,1.36866,-17.771550976017515,-2.800366688443491,-17.771547827993945,0.156294799247216,2.148447773159257e-08,0.1562947724550116,-0.9752660559209
img_000946.jpg,0.226365,-0.168545,1.368519,-17.533046416299076,-2.724553798734908,-17.533029978242457,0.1541663627214683,1.2111943493292589e-08,0.1541662227232633,-0.9759433940431554
img_000947.jpg,0.226216,-0.168368,1.368392,-17.294246764338396,-2.6497358916042666,-17.294232531516943,0.1520364957311603,-1.1669031574346178e-08,0.152036374431336,-0.976611409320802
img_000948.jpg,0.226025,-0.168238,1.36825,-17.05514422209184,-2.5759223274679885,-17.055140322850697,0.1499051333097098,4.812442301604936e-08,0.1499051000558492,-0.977270132555294
img_000949.jpg,0.225835,-0.168107,1.368109,-16.815744004811496,-2.5030926801093654,-16.815737869812665,0.1477722838041465,1.693897218671414e-08,0.1477722314483231,-0.9779195875694942
img_000950.jpg,0.225644,-0.167976,1.367968,-16.57605580480964,-2.43126023667521,-16.57605230110599,0.1456380361237713,-5.286913040344898e-08,0.1456380062037362,-0.9785597240756482
img_000951.jpg,0.225453,-0.167845,1.367827,-16.3361011221739,-2.3604338095048547,-16.336084720874805,0.1435025738669555,-1.2660850521109548e-07,0.1435024337170291,-0.9791905140527212
img_000952.jpg,0.225263,-0.167714,1.367685,-16.095843086171314,-2.2906346591235454,-16.095833444688996,0.1413655959936362,1.4028789484255013e-08,0.1413655135544055,-0.97981200229782
img_000953.jpg,0.225114,-0.167538,1.367558,-15.85531284103553,-2.221828183917372,-15.85530022061879,0.1392273157122686,1.9556945406867813e-08,0.1392272077343217,-0.9804241628938264
img_000954.jpg,0.224923,-0.167407,1.367417,-15.614516919182869,-2.154021832076935,-15.614491400887454,0.1370877867488977,-7.378335801014324e-08,0.1370875682848293,-0.9810269809470256
img_000955.jpg,0.224733,-0.167276,1.367275,-15.37344134265585,-2.0872354630851797,-15.373418534249488,0.1349469006882599,-1.0444627802919106e-07,0.1349467053056258,-0.9816204565522147
img_000956.jpg,0.224542,-0.167145,1.367134,-15.132084754015418,-2.021471704484634,-15.13207703811699,0.1328046362183981,-5.464356685885852e-08,0.1328045700827123,-0.9822045992378788
img_000957.jpg,0.224351,-0.167014,1.366993,-14.89048715706154,-1.9566993371682544,-14.890451095657546,0.1306612890794985,-2.3202448947573506e-07,0.13066097980355,-0.9827793932988248
img_000958.jpg,0.224203,-0.166838,1.366866,-14.648597293079108,-1.8929850597739892,-14.648580908942812,0.1285164808324251,-6.300143176596329e-08,0.1285163402351859,-0.9833448349622828
img_000959.jpg,0.224012,-0.166707,1.366724,-14.406474660945998,-1.83028490559598,-14.406447697214016,0.1263706601250139,1.839432972258748e-08,0.1263704286102343,-0.9839008949240944
img_000960.jpg,0.223821,-0.166576,1.366583,-14.164090463306565,-1.7685893067694838,-14.164053116817454,0.124223557170254,-5.0646869200268736e-08,0.1242232363293115,-0.984447609271229
img_000961.jpg,0.223631,-0.166445,1.366442,-13.921435933757946,-1.7079213881342132,-13.921419167684563,0.1220751080977856,-9.72574979059282e-08,0.1220749639830542,-0.9849849598605253
img_000962.jpg,0.22344,-0.166314,1.3663,-13.678548189677851,-1.6482948261507542,-13.6785308036874,0.1199256321345024,-3.796246605090869e-08,0.1199254826111075,-0.9855129229886492
img_000963.jpg,0.223249,-0.166184,1.366159,-13.435410619051288,-1.5896783306107478,-13.435392745945927,0.1177749408001249,-1.398240816880003e-07,0.1177747870065302,-0.9860315222471712
img_000964.jpg,0.223101,-0.166007,1.366032,-13.192055869353132,-1.532123965756121,-13.192031365764317,0.1156233532735988,-2.5266783729507858e-08,0.1156231423175022,-0.9865406880298424
img_000965.jpg,0.22291,-0.165876,1.365891,-12.948454501965507,-1.475593535296883,-12.948429480876078,0.1134705636528428,1.5210826920936116e-08,0.1134703481323631,-0.987040481074118
img_000966.jpg,0.222719,-0.165745,1.365749,-12.704598543104227,-1.4200855165346686,-12.70458724630305,0.1113164877397704,-3.484284946328464e-08,0.1113163903858217,-0.9875309113079712
img_000967.jpg,0.222528,-0.165614,1.365608,-12.460543400302893,-1.3656216078132146,-12.460521015462035,0.1091616092330804,-6.829743472505645e-08,0.1091614162302884,-0.9880119069506385
img_000968.jpg,0.222338,-0.165484,1.365467,-12.216260022227072,-1.3121922895120364,-12.216231022038938,0.1070056540351779,-1.479906823181193e-07,0.1070054038752878,-0.9884835019088424
img_000969.jpg,0.222147,-0.165353,1.365325,-11.971741983818664,-1.2598260140877804,-11.971721757103449,0.1048485773333695,-3.6166426088321546e-08,0.104848402773185,-0.9889456953074214
img_000970.jpg,0.221999,-0.165176,1.365199,-11.726998611841717,-1.208483708793565,-11.726985446408625,0.10269040881021,-8.133557128330028e-08,0.1026902951381309,-0.9893984956643248
img_000971.jpg,0.221808,-0.165045,1.365057,-11.482065979046942,-1.1581934860727694,-11.4820537094861,0.1005314696998517,-1.1032436423967509e-07,0.1005313637153784,-0.9898418401489716
img_000972.jpg,0.221617,-0.164915,1.364915,-11.23692223001305,-1.108961110355969,-11.236905100126284,0.0983715602287127,-4.2602984516929017e-08,0.0983714121958847,-0.9902757703795212
img_000973.jpg,0.221427,-0.164784,1.364774,-10.991560086666055,-1.0607705010051225,-10.991551157952363,0.0962105877517248,-2.994171153722358e-08,0.0962105105586089,-0.9907002879087694
img_000974.jpg,0.221236,-0.164653,1.364633,-10.746011425226396,-1.0136261047548127,-10.745984564610277,0.0940488157218324,-6.339621236653438e-08,0.0940485834013062,-0.9911153738195791
img_000975.jpg,0.221087,-0.164476,1.364506,-10.500262829336826,-0.9675409750810794,-10.500238090076277,0.0918861224762779,-5.37435387946289e-08,0.0918859084160257,-0.9915210135598908
img_000976.jpg,0.220897,-0.164345,1.364365,-10.254313269051632,-0.9225203579552684,-10.254303520874014,0.0897224862861951,4.438088345957991e-08,0.0897224019048946,-0.9919172173377364
img_000977.jpg,0.220706,-0.164215,1.364223,-10.008174947780889,-0.8785398347199562,-10.008173616901455,0.0875579771656209,7.644586686762767e-09,0.0875579656408893,-0.992303987338302
img_000978.jpg,0.220515,-0.164084,1.364082,-9.76185352067699,-0.8356033330604768,-9.761852286198902,0.085392631010858,-1.4537220276427537e-07,0.0853926203168459,-0.9926813179285916
img_000979.jpg,0.220325,-0.163953,1.363941,-9.51536532135433,-0.793745203180564,-9.51536155941962,0.0832265977097162,-1.5286623709920288e-07,0.0832265651088267,-0.9930491791919612
img_000980.jpg,0.220134,-0.163822,1.363799,-9.268702624576912,-0.7529643386959771,-9.268684414582731,0.0810597914109152,-1.2775474962645196e-08,0.0810596335463493,-0.9934075930984978
img_000981.jpg,0.219985,-0.163646,1.363672,-9.021855336102224,-0.7132198978839955,-9.021847808785054,0.0788920785483508,-9.850609845093312e-08,0.078892013270231,-0.993756554788184
img_000982.jpg,0.219794,-0.163514,1.363531,-8.774838141375323,-0.6745608029466643,-8.774851936552992,0.0767236026510749,-2.8858366443035303e-09,0.0767237223259602,-0.9940960513092733
img_000983.jpg,0.219604,-0.163384,1.36339,-8.527678412791678,-0.6369529714979284,-8.52765986988849,0.0745545604215154,-2.1828555634914596e-08,0.0745543995061096,-0.9944260953105756
img_000984.jpg,0.219413,-0.163253,1.363248,-8.280341558465663,-0.6004252663222343,-8.280333851482563,0.0723846526907895,7.026997504103878e-08,0.0723845857879977,-0.9947466681498004
img_000985.jpg,0.219222,-0.163122,1.363107,-8.032869371771739,-0.5649363462750203,-8.032852050567259,0.070214198369692,-1.038333773189723e-07,0.0702140479607007,-0.9950577640600888
img_000986.jpg,0.219032,-0.162991,1.362965,-7.785229368923851,-0.5305486281765939,-7.785220835902826,0.0680429356057536,8.032085025734548e-09,0.0680428614866592,-0.9953593963563404
img_000987.jpg,0.218883,-0.162814,1.362839,-7.537451629241682,-0.4972155133821729,-7.53743946347495,0.065871078964872,-2.2740445532708212e-08,0.0658709732601855,-0.9956515534250718
img_000988.jpg,0.218692,-0.162684,1.362697,-7.289532110367803,-0.4649536296382546,-7.289528319869258,0.0636985849545162,-6.657690552330786e-08,0.063698552010663,-0.995934227118705
img_000989.jpg,0.218502,-0.162553,1.362556,-7.041475669310473,-0.4337765755547585,-7.041478820971189,0.0615254844605459,-8.386549188617311e-09,0.0615255118596654,-0.9962074212493608
img_000990.jpg,0.218311,-0.162422,1.362414,-6.793298538310422,-0.4036710369674213,-6.793284394617292,0.059351892379785,2.546269306990742e-08,0.0593517693883388,-0.996471133722102
img_000991.jpg,0.21812,-0.162291,1.362273,-6.544971287475387,-0.3746255110979193,-6.544964514097632,0.0571775283687065,-6.55750307977654e-08,0.0571774694533905,-0.9967253720240836
img_000992.jpg,0.21793,-0.162161,1.362132,-6.296549220231942,-0.3466740724144566,-6.296545723543085,0.0550028715314525,-3.075839730614857e-08,0.0550028411095404,-0.9969700956363596
img_000993.jpg,0.217781,-0.161984,1.362005,-6.047997208026281,-0.3197891326079713,-6.047980553712335,0.0528275835755121,-7.39879312452313e-08,0.0528274386453591,-0.9972053490328548
img_000994.jpg,0.21759,-0.161853,1.361864,-5.799319335570409,-0.293989625644613,-5.79930960387125,0.0506516896676699,-5.731338273895145e-08,0.0506516049607321,-0.997431111029082
img_000995.jpg,0.2174,-0.161722,1.361722,-5.55053790969362,-0.2692775040872052,-5.5505324922355,0.0484753650050927,2.2199441545005943e-08,0.0484753178400764,-0.99764737384906
img_000996.jpg,0.217209,-0.161592,1.361581,-5.301653490577301,-0.245640652050117,-5.301661862820753,0.0462985896949949,4.983455182544506e-08,0.0462986625998179,-0.9978541348482354
img_000997.jpg,0.217018,-0.161461,1.361439,-5.052687150521137,-0.2230827602854498,-5.052677397735581,0.0441215293912839,5.391408718622739e-08,0.0441214444480229,-0.998051395862954
img_000998.jpg,0.21687,-0.161284,1.361313,-4.803600931375732,-0.201582472224265,-4.803598799965092,0.0419438261671364,-1.4873852993094877e-07,0.0419438075998185,-0.9982391659569706
img_000999.jpg,0.216679,-0.161153,1.361171,-4.554437918397951,-0.1811890587725495,-4.554433821215507,0.0397658539367127,-1.517732584087935e-07,0.0397658182386298,-0.9984174260100196
img_001000.jpg,0.216488,-0.161022,1.36103,-4.305157900147969,-0.1618879202054426,-4.305174217198063,0.0375872363382541,-6.904408839493796e-08,0.037587378530072,-0.9985861948974082
img_001001.jpg,0.216298,-0.160892,1.360889,-4.055852040614745,-0.1436822589957948,-4.055840774324752,0.0354087483289304,8.706180840470888e-08,0.0354086501353563,-0.9987454370545894
img_001002.jpg,0.216107,-0.160761,1.360747,-3.806432190611089,-0.1265212796380966,-3.8064392941614265,0.0332295863561484,-1.020252994674703e-07,0.0332296482778378,-0.9988951822217984
img_001003.jpg,0.215916,-0.16063,1.360606,-3.556944926419082,-0.1104737766525291,-3.556943620311248,0.031050157099443,-4.697514433004996e-08,0.0310501457124956,-0.9990354228931676
img_001004.jpg,0.215768,-0.160453,1.360479,-3.307392803898193,-0.0955056580920866,-3.3074005999424494,0.0288704525051796,-6.133347279775429e-08,0.0288705204817745,-0.9991661473545096
img_001005.jpg,0.215577,-0.160322,1.360337,-3.057780260252338,-0.081632609677255,-3.0577831064995173,0.0266904950410552,-4.5243140250937974e-09,0.0266905198615469,-0.999287362886164
img_001006.jpg,0.215386,-0.160192,1.360196,-2.8081079334526966,-0.0688492269457177,-2.808118029018965,0.0245102683154303,6.733373587787961e-08,0.0245103563629173,-0.9993990640270102
img_001007.jpg,0.215196,-0.160061,1.360055,-2.5583831799701957,-0.0571329958260265,-2.5583922727836934,0.0223298115739936,-4.2915594674632594e-08,0.0223298908841885,-0.9995012533699836
img_001008.jpg,0.215005,-0.15993,1.359913,-2.308617385221442,-0.0465242078274734,-2.3086187615002016,0.0201492119360339,9.27984537422901e-09,0.0201492239414546,-0.9995939265686412
img_001009.jpg,0.214814,-0.159799,1.359772,-2.058790409684254,-0.0369861094174175,-2.0588034291448207,0.017968266367324,-9.59970714295216e-08,0.0179683799468736,-0.9996770872265848
img_001010.jpg,0.214666,-0.159622,1.359645,-1.808935327804484,-0.0285497650308895,-1.8089412246459329,0.0157872481404849,-9.434965163296729e-08,0.0157872995873118,-0.9997507309164032
img_001011.jpg,0.214475,-0.159492,1.359504,-1.559061744113769,-0.0212091457785693,-1.559052106841237,0.0136062190428975,-4.335212513956578e-08,0.0136061349573965,-0.9998148548080668
img_001012.jpg,0.214284,-0.159361,1.359362,-1.3091290088868666,-0.014965092818993,-1.3091290446623534,0.0114248034989326,6.894023762941288e-08,0.0114248038110919,-0.9998694653417936
img_001013.jpg,0.214094,-0.15923,1.359221,-1.059168049446559,-0.0097873274134456,-1.0591780154550798,0.0092432478402041,-2.7893081435239383e-08,0.0092433348026066,-0.9999145579153704
img_001014.jpg,0.213903,-0.159099,1.35908,-0.8092223006987374,-0.0057134301100681,-0.809220004023573,0.0070619140640809,-1.1405868547047031e-08,0.0070618940228085,-0.999950128267686
img_001015.jpg,0.213754,-0.158922,1.358953,-0.5592314905927092,-0.0027158706249349,-0.5592420006282824,0.0048802535698127,-1.1688306014257393e-07,0.0048803452850016,-0.9999761823938508
img_001016.jpg,0.213564,-0.158792,1.358812,-0.3092455093594666,-0.0008319878809999,-0.3092500000325974,0.0026986826584497,-2.2530081890003306e-08,0.0026987218466811,-0.9999927169796304
img_001017.jpg,0.213373,-0.158661,1.35867,-0.0592419762147332,-2.299998769950104e-05,-0.0592519999999961,0.00051698378181,-6.660471446684585e-08,0.0005170712558207,-0.9999997326825052
img_001018.jpg,0.213182,-0.15853,1.358529,0.1907489579355778,-0.0003129982653163,0.1907540000028544,0.0016646001521288,3.954187741875697e-08,0.0016646441523462,0.9999972290292498
img_001019.jpg,0.212991,-0.158399,1.358387,0.4407449689088648,-0.0016939498784464,0.4407520001926504,0.0038462443578638,1.1330459094132314e-08,0.0038463057164831,0.9999852060589072
img_001020.jpg,0.212801,-0.158268,1.358246,0.690745693054,-0.004172696755242,0.6907370018318876,0.0060279667905419,-7.77248731446758e-08,0.0060278909480828,0.9999636634133682
img_001021.jpg,0.212652,-0.158092,1.358119,0.9407154850930528,-0.0077049613872096,0.9407080085066828,0.0082094743819423,1.5647230785683624e-07,0.008209409140805,0.9999326027947616
img_001022.jpg,0.212462,-0.157961,1.357978,1.1906528561336205,-0.0123723280765201,1.1906520277635677,0.0103907801738678,-6.922558457727895e-10,0.0103907729457559,0.9998920259332844
img_001023.jpg,0.212271,-0.15783,1.357837,1.4405928357576785,-0.0180992776242453,1.4405820718913889,0.0125722048141298,1.131802665532754e-07,0.0125721108965138,0.9998419283535296
img_001024.jpg,0.21208,-0.157699,1.357695,1.690501785651873,-0.0249451382932246,1.6904991602646096,0.0147534813630613,-2.2521427204034257e-08,0.0147534584572233,0.9997823114314536
img_001025.jpg,0.211889,-0.157568,1.357554,1.9403768701513704,-0.0328561496081967,1.9403753191610733,0.0169345994611314,5.6466580735270884e-08,0.016934585930069,0.999713178436928
img_001026.jpg,0.211699,-0.157437,1.357412,2.1902169728688605,-0.0418623955547273,2.190209584884581,0.0191155736185411,8.566900206065505e-08,0.0191155091697729,0.9996345292927848
img_001027.jpg,0.21155,-0.157261,1.357285,2.4400007791724527,-0.0519628456444606,2.439990004063705,0.0212962386442094,6.64985298048492e-08,0.0212961446562959,0.9995463693307992
img_001028.jpg,0.21136,-0.15713,1.357144,2.6897523758983284,-0.0631473533412259,2.689743634801759,0.0234768234235946,9.49972997138027e-08,0.0234767471851839,0.9994486885796244
img_001029.jpg,0.211169,-0.156999,1.357003,2.939456497534591,-0.0754166426547612,2.9394495486273207,0.025657215193556,1.5706755307335653e-07,0.0256571545928232,0.9993414920469812
img_001030.jpg,0.210978,-0.156869,1.356861,3.1891068190410268,-0.0887902844017964,3.1890868332814133,0.0278373837900326,7.404919603610626e-08,0.0278372095165696,0.99922478443544
img_001031.jpg,0.210787,-0.156737,1.35672,3.4386741289226714,-0.103245777876452,3.4386775896234862,0.0300170899682101,3.7736125623496874e-08,0.0300171201412995,0.9990985671135064
img_001032.jpg,0.210597,-0.156607,1.356579,3.6882049432538015,-0.1187874687077384,3.6881939374320902,0.0321967605569608,1.2837664675443077e-08,0.0321966646126602,0.9989628338419092
img_001033.jpg,0.210448,-0.15643,1.356452,3.937647536283182,-0.1354066011937195,3.937642013489269,0.0343759622071518,6.078479349632543e-08,0.0343759140686665,0.9988175958373342
img_001034.jpg,0.210258,-0.156299,1.35631,4.18701775991182,-0.1531162496659181,4.187009977698604,0.0365548569998189,6.542148066248504e-08,0.0365547891780019,0.998662850925111
img_001035.jpg,0.210067,-0.156168,1.356169,4.436308275085916,-0.17191538689709,4.43630300986712,0.0387334010329197,3.2109751415057564e-08,0.0387333551542023,0.9984985983179548
img_001036.jpg,0.209876,-0.156038,1.356028,4.685504966248892,-0.1918008722554233,4.685508311877127,0.0409114905166092,-2.4029938454003807e-08,0.0409115196638147,0.9983248456802556
img_001037.jpg,0.209685,-0.155907,1.355886,4.934625930916372,-0.2127554936090999,4.9346271048234165,0.0430892967650584,5.0364018220217667e-08,0.0430893069902923,0.9981415852109292
img_001038.jpg,0.209537,-0.15573,1.355759,5.183670155147513,-0.2347997875733951,5.18365164580559,0.0452668380250955,7.051979870366376e-08,0.0452666768319209,0.9979488169960418
img_001039.jpg,0.209346,-0.155599,1.355618,5.432592745780235,-0.2579382040276194,5.432582216113288,0.0474437453264711,-2.3291866465061092e-08,0.0474436536448605,0.997746556375026
img_001040.jpg,0.209155,-0.155468,1.355477,5.681411375854417,-0.2821382403495315,5.681420108479317,0.0496201790013655,5.5403126645019874e-08,0.0496202550200335,0.9975347954470644
img_001041.jpg,0.208965,-0.155338,1.355335,5.930140329380119,-0.3074359747452204,5.930130674573665,0.0517962980805478,-2.0036471685361962e-08,0.0517962140528141,0.9973135393219856
img_001042.jpg,0.208774,-0.155207,1.355194,6.178751972153985,-0.3338115911164794,6.178742272388318,0.0539718731818639,-8.088967148010828e-08,0.0539717887823787,0.9970827863928172
img_001043.jpg,0.208583,-0.155076,1.355053,6.427247864333263,-0.3612402473095332,6.42722628211635,0.0561469250948495,7.191538453025366e-08,0.056146737349139,0.996842548594027
img_001044.jpg,0.208435,-0.154899,1.354926,6.675603619921134,-0.3897655205071124,6.675612164493056,0.058321281592589,5.6826089456403495e-08,0.0583213559039918,0.9965928193394304
img_001045.jpg,0.208244,-0.154768,1.354784,6.923866412662612,-0.4193663060802968,6.923853371250895,0.060495362105161,5.3442166293455474e-08,0.0604952487146333,0.9963335967670252
img_001046.jpg,0.208053,-0.154638,1.354643,7.171978727803423,-0.4500342682771077,7.171968396800917,0.0626686809068964,1.0888515762294548e-07,0.0626685911066512,0.9960648995532796
img_001047.jpg,0.207863,-0.154507,1.354501,7.419977064730983,-0.4817788390393481,7.4199457883463396,0.0648415790376249,1.4941879813816505e-07,0.0648413072496054,0.9957867113504012
img_001048.jpg,0.207672,-0.154376,1.35436,7.667807937478101,-0.5146142422970666,7.667792142418017,0.0670136188162553,1.9928430522973828e-08,0.0670134815987514,0.995499054834892
img_001049.jpg,0.207481,-0.154245,1.354219,7.915515886106591,-0.5484961263931423,7.915495024291888,0.0691851803524291,1.1865351046656815e-07,0.0691849991722397,0.9952019125328914
img_001050.jpg,0.207333,-0.154069,1.354092,8.163064669193895,-0.583467225498575,8.163048146102062,0.0713559922421552,4.353661369870671e-08,0.0713558487870236,0.9948953036450714
img_001051.jpg,0.207142,-0.153938,1.353951,8.410474319232607,-0.6195017774536399,8.410452176201558,0.0735262314432088,2.5182505265959613e-08,0.073526039256287,0.9945792149653248
img_001052.jpg,0.206951,-0.153807,1.353809,8.657708220291955,-0.6565947328463773,8.657699848902485,0.0756955946999259,7.342339398714455e-08,0.0756955220655591,0.9942536723001034
img_001053.jpg,0.206761,-0.153676,1.353668,8.904801992872157,-0.6947715532616906,8.904787998978179,0.0778644257216624,-1.7758211493315582e-08,0.0778643043445552,0.993918649244481
img_001054.jpg,0.20657,-0.153545,1.353526,9.15171306282956,-0.7340061673388348,9.151714418187815,0.0800323560091169,-5.8396390608533855e-08,0.0800323677608453,0.9935741754404748
img_001055.jpg,0.206379,-0.153415,1.353385,9.398477135196892,-0.7742872980209584,9.398454960677809,0.0821997045065145,5.027145186763116e-08,0.0821995123092662,0.9932202418170696
img_001056.jpg,0.206231,-0.153238,1.353258,9.64505932571216,-0.8156389484703911,9.645041612053811,0.0843662027695426,9.17006293260636e-08,0.0843660492928929,0.9928568444428176
img_001057.jpg,0.20604,-0.153107,1.353117,9.891465844766149,-0.8580643922878599,9.89143836597658,0.0865319249088319,8.983737650493373e-09,0.0865316869134725,0.9924840014486284
img_001058.jpg,0.205849,-0.152976,1.352976,10.1376678480375,-0.901529249354136,10.137658170479074,0.0886966128723842,8.01113739052825e-08,0.0886965290867783,0.9921017269377764
img_001059.jpg,0.205659,-0.152845,1.352834,10.383711105182252,-0.9460660579061032,10.383693199281096,0.0908607043111268,4.521051726914804e-08,0.0908605493480395,0.9917099843120752
img_001060.jpg,0.205468,-0.152715,1.352693,10.629549975618094,-0.9916471624558127,10.62954151410285,0.0930237996492362,9.93862271439494e-08,0.0930237264503416,0.9913088111260288
img_001061.jpg,0.205319,-0.152538,1.352566,10.875196208241231,-1.03829016328621,10.8751673600697,0.0951860310033977,6.22565123134522e-08,0.0951857815469462,0.9908982220657748
img_001062.jpg,0.205129,-0.152407,1.352425,11.120660561052013,-1.0859817476517242,11.120627956566256,0.0973474971065449,9.755880093186009e-08,0.0973472152879319,0.990478159518304
img_001063.jpg,0.204938,-0.152276,1.352283,11.365905564559853,-1.1347245358314395,11.365883616642869,0.0995078923220719,1.1055056310313449e-07,0.0995077026963357,0.9900486838886784
img_001064.jpg,0.204747,-0.152145,1.352142,11.610939050930716,-1.1845131407418836,11.610912683789683,0.1016672958821179,1.2635594216423018e-07,0.1016670681761257,0.9896098060328996
img_001065.jpg,0.204557,-0.152015,1.352001,11.85576969278254,-1.2353575384379205,11.85574063672648,0.1038258072498193,8.009005873430008e-08,0.1038255564361092,0.9891614911528094
img_001066.jpg,0.204366,-0.151884,1.351859,12.100394187050656,-1.2872275793667094,12.100360829124789,0.1059833866882824,2.153858376686968e-07,0.105983098873771,0.988703749613173
img_001067.jpg,0.204217,-0.151707,1.351732,12.344789697830452,-1.340172293858087,12.344755044898683,0.1081398967782704,6.255980700836662e-08,0.10813959793167,0.9882366063266214
img_001068.jpg,0.204027,-0.151577,1.351591,12.588957132112991,-1.3941456226407458,12.58892968352822,0.1102953190907708,1.633417685310834e-08,0.11029508248856,0.987760060624799
img_001069.jpg,0.203836,-0.151445,1.351449,12.832896225198771,-1.4491513692891411,12.83287443605404,0.1124496694174979,2.4248161705972552e-08,0.1124494816911123,0.9872741189331844
img_001070.jpg,0.203645,-0.151315,1.351308,13.076631889839986,-1.505190185873342,13.076596052244504,0.1146031774036228,1.0276678220552673e-07,0.1146028687964137,0.9867787463218972
img_001071.jpg,0.203455,-0.151184,1.351167,13.320108725205989,-1.5622705139298505,13.320079394644374,0.1167553886145357,9.981585747352585e-08,0.1167551361703442,0.9862740072653762
img_001072.jpg,0.203264,-0.151053,1.351025,13.563340651649437,-1.6204005208869132,13.563329413984476,0.1189064460646988,-4.643210803866039e-08,0.1189063493940643,0.985759878042334
img_001073.jpg,0.203115,-0.150876,1.350899,13.806364449564375,-1.6795234017044194,13.806314662614335,0.1210566228084211,1.4858138868735493e-07,0.1210561947496582,0.9852363634107962
img_001074.jpg,0.202925,-0.150745,1.350757,14.049110268106244,-1.7397042187891798,14.049073634358637,0.1232053979635879,8.193158392184875e-08,0.1232050831639469,0.9847034768879372
img_001075.jpg,0.202734,-0.150615,1.350616,14.291615513091172,-1.8009227617704884,14.29158629329823,0.1253530870059424,-6.423215330453313e-08,0.1253528360539099,0.9841612012629424
img_001076.jpg,0.202543,-0.150484,1.350474,14.53387450092064,-1.863136480552965,14.533840461684523,0.1274996092255243,4.610158954934662e-08,0.1274993170458905,0.9836095636990156
img_001077.jpg,0.202352,-0.150353,1.350333,14.775873604744625,-1.926380190870474,14.77583265540422,0.1296448974526259,8.385677584960005e-08,0.1296445461597878,0.9830485706288952
img_001078.jpg,0.202204,-0.150176,1.350206,15.017602488641586,-1.9906563880431047,15.017578240317258,0.1317888792810174,2.229989529492493e-08,0.1317886713821889,0.9824782121722446
img_001079.jpg,0.202013,-0.150045,1.350065,15.259087650707103,-2.0559281699257697,15.259059262233109,0.1339317536969764,1.77279083669879e-07,0.133931510445162,0.9818984855174686
img_001080.jpg,0.201823,-0.149915,1.349923,15.500294351910528,-2.122239534307405,15.5002706157233,0.13607328466131,1.1409796120062655e-07,0.1360730813954934,0.9813094199695652
img_001081.jpg,0.201632,-0.149784,1.349782,15.741214985225314,-2.1895688304066967,15.741195647167949,0.1382133955988852,-2.2786163483834443e-08,0.1382132300976369,0.9807110483231049
img_001082.jpg,0.201441,-0.149653,1.349641,15.981872408108591,-2.257907279795195,15.981870931566004,0.1403522841944332,-9.858177024008041e-08,0.1403522715655439,0.9801032987332444
img_001083.jpg,0.20125,-0.149522,1.349499,16.222270576129468,-2.327227780011784,16.222244823856688,0.1424899634388505,4.95536178583833e-08,0.142489743317943,0.9794862343945316
img_001084.jpg,0.201102,-0.149346,1.349373,16.46236473046269,-2.3975715219231755,16.462337607763256,0.1446261108011499,2.6001141264359043e-08,0.1446258791146021,0.9788598690133644
img_001085.jpg,0.200911,-0.149215,1.349231,16.702181566346475,-2.4689257420393966,16.70216504821066,0.1467609510422749,-1.8883977239564365e-08,0.1467608100332931,0.9782241501248772
img_001086.jpg,0.20072,-0.149084,1.34909,16.94170512628082,-2.541274387132644,16.941695880864096,0.1488943393493242,-2.0053531640806813e-08,0.1488942604767927,0.9775791399711824
img_001087.jpg,0.20053,-0.148953,1.348948,17.180955337596917,-2.614623929179522,17.18093024025422,0.1510264643304734,-1.9646732615785645e-08,0.1510262503686738,0.9769248071225414
img_001088.jpg,0.200339,-0.148822,1.348807,17.419878330612573,-2.68897377184922,17.41988428361805,0.1531568766394937,-7.489338785596211e-08,0.1531569273560374,0.976261198010495
img_001089.jpg,0.200148,-0.148692,1.348666,17.65854233102324,-2.764286748623205,17.6585246401624,0.1552861202083659,1.644177772298916e-07,0.1552859695951836,0.9755882781775772
img_001090.jpg,0.2,-0.148515,1.348539,17.896888896815973,-2.840643119747756,17.89686587191574,0.1574138106537123,-5.7919310274962e-08,0.1574136147656917,0.9749060703995396
img_001091.jpg,0.199809,-0.148384,1.348398,18.13490217680942,-2.9179525350900213,18.134914997686007,0.15953970625977,1.7226375707835027e-09,0.1595398152580729,0.9742146218744442
img_001092.jpg,0.199618,-0.148253,1.348256,18.37264197097621,-2.996266810432391,18.3726573281463,0.1616643928214222,-4.8782365338201357e-08,0.1616645232884224,0.9735138447929778
img_001093.jpg,0.199428,-0.148123,1.348115,18.610085026532374,-3.075540790523186,18.61007365130411,0.1637876213289762,1.023584478981876e-07,0.1637875247610727,0.9728038146676986
img_001094.jpg,0.199237,-0.147992,1.347974,18.84719957777359,-3.1558234696502634,18.847182552380044,0.1659091971042147,5.484321174281659e-09,0.1659090526771571,0.972084525417416
img_001095.jpg,0.199046,-0.147861,1.347832,19.08398859860328,-3.2370844228490694,19.08398027632285,0.1680291135551665,-9.627286313637629e-08,0.1680290430098645,0.9713559891734054
img_001096.jpg,0.198898,-0.147684,1.347705,19.3204710733517,-3.3192934715046625,19.32045406763788,0.1701474978885765,4.7977025789680556e-08,0.170147353846062,0.9706182086389258
img_001097.jpg,0.198707,-0.147553,1.347564,19.55659975448289,-3.402492755177798,19.556608734264703,0.1722640166453871,2.7430796557814663e-09,0.172264092647774,0.9698712239021408
img_001098.jpg,0.198516,-0.147423,1.347422,19.79244144110481,-3.486673405124717,19.79244018840738,0.1743792314728744,-7.724387406093935e-08,0.1743792208786587,0.9691149420768804
img_001099.jpg,0.198325,-0.147291,1.347281,20.02795130332233,-3.5718039526510217,20.02794390565233,0.176492725487094,-1.3902329207976516e-08,0.1764926629735054,0.968349450233054
img_001100.jpg,0.198135,-0.147161,1.347139,20.263108587174315,-3.657905550298566,20.26311660426593,0.1786043611241744,-3.9128939574584194e-08,0.17860442881795,0.967574772404716
img_001101.jpg,0.197986,-0.146984,1.347013,20.497953715950185,-3.7449671299970615,20.49796040727238,0.1807144710212249,-8.492597153297865e-09,0.1807145274748506,0.966790845800197
img_001102.jpg,0.197796,-0.146853,1.346871,20.732454818947765,-3.8329965276054407,20.732467964324645,0.1828228046200999,-6.469956204818716e-08,0.1828229154345736,0.965997724481191
img_001103.jpg,0.197605,-0.146722,1.34673,20.966621669062395,-3.9219688425847408,20.966628193071443,0.1849294139429755,-1.5422541625731423e-08,0.1849294688941745,0.9651954223851386
img_001104.jpg,0.197414,-0.146592,1.346589,21.200441424027257,-4.011896335551453,21.200439060086744,0.1870342152913395,-4.536136424815318e-09,0.1870341953968,0.9643839546895338
img_001105.jpg,0.197224,-0.146461,1.346447,21.43391923074208,-4.102796343995423,21.4339439658648,0.1891372849274364,-1.1466657798275827e-07,0.1891374929170307,0.9635632289701204
img_001106.jpg,0.197033,-0.14633,1.346306,21.66703748271644,-4.194612975893675,21.667068024260477,0.1912383950434934,-4.2781563812377417e-08,0.1912386516362507,0.9627334285156692
img_001107.jpg,0.196884,-0.146153,1.346179,21.899829523355816,-4.287385038892373,21.89984841156349,0.1933378908260528,-1.600770388465733e-08,0.1933380493757859,0.9618944113750216
img_001108.jpg,0.196694,-0.146023,1.346038,22.13227116092441,-4.38110242929916,22.13226889593036,0.1954355587333177,-3.298286634784153e-08,0.1954355397374686,0.9610462487258972
img_001109.jpg,0.196503,-0.145892,1.345897,22.36434179124768,-4.475755734742568,22.364350468070523,0.1975312163199624,-3.088171047355148e-08,0.1975312890250479,0.9601889441330068
img_001110.jpg,0.196312,-0.145761,1.345755,22.59605853735871,-4.571356648022331,22.59608681036153,0.1996250308147755,-1.0605287344839233e-07,0.1996252675069376,0.9593224690608326
img_001111.jpg,0.196122,-0.14563,1.345614,22.82743067737937,-4.667888002660531,22.827447691138644,0.2017170569601757,-1.6733857278322661e-07,0.2017171992636892,0.9584468688730274
img_001112.jpg,0.195931,-0.145499,1.345472,23.058439944864915,-4.765333493486915,23.058461173447345,0.2038071192857502,-7.795836278606806e-08,0.2038072966782671,0.9575621358163316
img_001113.jpg,0.195782,-0.145323,1.345345,23.28909546307858,-4.863698427749448,23.289088894485253,0.205895306115191,4.8056622889425256e-08,0.2058952512772476,0.9566683168273152
img_001114.jpg,0.195592,-0.145192,1.345204,23.5193494466322,-4.963011519038084,23.519379879096853,0.2079812698933214,-4.583209357866824e-08,0.2079815237191288,0.95576538813928
img_001115.jpg,0.195401,-0.145061,1.345062,23.74925856642249,-5.063239082735832,23.74927653229779,0.2100654316691308,-9.716684245403284e-08,0.2100655813727831,0.9548533740528786
img_001116.jpg,0.19521,-0.14493,1.344921,23.978815298313503,-5.164368924985977,23.97881248399054,0.2121477105963327,2.6069092169678232e-08,0.212147687168137,0.9539322343426414
img_001117.jpg,0.195019,-0.144799,1.34478,24.207981241565523,-5.266438374850228,24.207990342904072,0.2142278528691802,-7.17501220728889e-08,0.2142279285605602,0.9530020050764358
img_001118.jpg,0.194871,-0.144623,1.344653,24.43677603009804,-5.3694126660806925,24.43678381807018,0.2163059660289259,-1.3109404720101916e-07,0.2163060307338397,0.9520627238414742
img_001119.jpg,0.19468,-0.144492,1.344512,24.6652036438906,-5.47327981492558,24.66519369756136,0.2183820644437176,-6.19434607287972e-08,0.218381981888804,0.9511143905522692
img_001120.jpg,0.19449,-0.144361,1.34437,24.893231028498672,-5.5780641679126015,24.89324159383915,0.2204559178493451,-1.08018513710062e-07,0.2204560054538007,0.950157006996499
img_001121.jpg,0.194299,-0.14423,1.344229,25.12090675484872,-5.683742749154176,25.120904938895197,0.222527891111407,-4.645510583156653e-08,0.2225278760694106,0.949190540434082
img_001122.jpg,0.194108,-0.144099,1.344088,25.34819722111338,-5.790311621451013,25.34818420597958,0.2245976998235773,7.27045307707952e-08,0.2245975921267548,0.9482150572759416
img_001123.jpg,0.193918,-0.143969,1.343946,25.57508701953252,-5.8977812748117495,25.575079687013755,0.2266652364709224,1.1274595783372646e-07,0.2266651758592432,0.9472305783853616
img_001124.jpg,0.193769,-0.143792,1.343819,25.801602824021845,-6.0061558415260246,25.801589530880943,0.2287307304954939,6.876204710487556e-08,0.2287306207276937,0.9462370506741514
img_001125.jpg,0.193578,-0.143661,1.343678,26.02771200728035,-6.115430059645562,26.02771759683722,0.2307939042750805,-9.215643548277087e-08,0.2307939503818069,0.9452345350317118
img_001126.jpg,0.193387,-0.14353,1.343537,26.25347350982198,-6.225575139388181,26.253452488373515,0.2328551925084007,-5.4963781970229775e-08,0.2328550192937825,0.944222960593294
img_001127.jpg,0.193197,-0.143399,1.343395,26.47881151685548,-6.336600004222279,26.478802988246603,0.2349139862033853,-4.914521852666943e-08,0.234913916004459,0.9432024550187958
img_001128.jpg,0.193006,-0.143269,1.343254,26.70375663588337,-6.448493967566197,26.70375680696163,0.2369705181219766,3.00942821634953e-08,0.2369705195285839,0.9421729917670926
img_001129.jpg,0.192815,-0.143138,1.343112,26.928330695618904,-6.561282816212788,26.9283068697208,0.2390250149569499,-2.0329594431489628e-08,0.2390248192760917,0.9411345164188066
img_001130.jpg,0.192667,-0.142961,1.342986,27.152493543541077,-6.67492034373666,27.15246728930844,0.2410770604418082,1.072102684893106e-07,0.2410768450571049,0.9400871266569062
img_001131.jpg,0.192476,-0.14283,1.342844,27.37626419199331,-6.789456749319457,27.376252943889668,0.2431269038162914,4.876630927547199e-08,0.2431268116427028,0.9390307034922528
img_001132.jpg,0.192286,-0.1427,1.342703,27.599621644581383,-6.904862654968068,27.59961966067826,0.2451743175037746,-1.1146341764162183e-07,0.2451743012649495,0.9379654130274686
img_001133.jpg,0.192095,-0.142569,1.342562,27.82259855654296,-7.021107128402297,27.82258262773865,0.2472195088048789,-3.811723341823337e-08,0.247219378572287,0.936891185423689
img_001134.jpg,0.191904,-0.142438,1.34242,28.045180886734094,-7.138213618767991,28.045153547914204,0.2492624052126677,4.9997758024000756e-08,0.2492621819511288,0.9358080027423124
img_001135.jpg,0.191713,-0.142307,1.342279,28.267332497418245,-7.256190896120726,28.267321211177663,0.2513027270935992,-4.334129597577397e-08,0.2513026350324667,0.9347159595198196
img_001136.jpg,0.191565,-0.14213,1.342152,28.489100666676315,-7.375010920525296,28.48906999226261,0.2533408045244225,-4.034538016173261e-08,0.2533405546099238,0.9336150170990466
img_001137.jpg,0.191374,-0.141999,1.342011,28.71045020379344,-7.494679148729296,28.710438175239343,0.2553763586664215,-3.3859227921428925e-10,0.2553762607823461,0.932505163987367
img_001138.jpg,0.191183,-0.141869,1.341869,28.931394267100465,-7.615208913678661,28.931386980700434,0.2574095205920201,-1.112984978277054e-07,0.2574094613690419,0.9313864439137354
img_001139.jpg,0.190993,-0.141738,1.341728,29.151946537383832,-7.736562574778909,29.15192758761945,0.2594403247511909,-3.066816137153872e-08,0.2594401709162535,0.9302588433376704
img_001140.jpg,0.190802,-0.141607,1.341586,29.37207843003163,-7.858755468602948,29.372056954664814,0.2614685658420781,2.2270567001658748e-08,0.2614683917171652,0.929122418849812
img_001141.jpg,0.190653,-0.14143,1.34146,29.59180451479468,-7.981790870985654,29.59177944193488,0.2634943655798665,4.1382289789337896e-08,0.2634941625366266,0.9279771255891944
img_001142.jpg,0.190463,-0.1413,1.341318,29.81111849189128,-8.105666298539601,29.81109405681261,0.2655176647073884,8.305418727760916e-09,0.2655174670750939,0.926822984396892
img_001143.jpg,0.190272,-0.141169,1.341177,30.030006824625072,-8.230370409019837,30.0299910866592,0.2675383275835511,-6.082151104980228e-08,0.2675382004537199,0.9256600642632142
img_001144.jpg,0.190082,-0.141038,1.341035,30.24849135206198,-8.35589323633129,30.248467066903096,0.2695565066675298,-6.511878676562778e-08,0.2695563107425877,0.924488336893462
img_001145.jpg,0.189891,-0.140907,1.340894,30.46655541835285,-8.482237836172212,30.466540036663407,0.2715720693756303,-4.903508857290184e-08,0.2715719454395117,0.9233077978579162
img_001146.jpg,0.1897,-0.140776,1.340753,30.68421706548694,-8.609407058303697,30.684198783985757,0.2735851625802757,-4.211535400977517e-08,0.2735850154690178,0.9221184295559544
img_001147.jpg,0.189551,-0.1406,1.340626,30.90143537582773,-8.737395640741655,30.90145588734658,0.2755954417967475,-9.193358121994957e-08,0.275595606638491,0.9209203082039232
img_001148.jpg,0.189361,-0.140469,1.340485,31.118255674271197,-8.866206097357294,31.118266856490667,0.2776032721965178,-2.4067677617534144e-07,0.2776033619451418,0.919713431837593
img_001149.jpg,0.18917,-0.140338,1.340343,31.334651963229355,-8.995802335497608,31.33467204077302,0.2796083648503859,-1.840836045818861e-07,0.2796085257800079,0.9184978141600504
img_001150.jpg,0.188979,-0.140207,1.340201,31.55062979205268,-9.126217055324547,31.55066660585204,0.2816108269134373,-2.0924024622670514e-07,0.2816111215975488,0.9172734152681288
img_001151.jpg,0.188789,-0.140076,1.34006,31.766209880116826,-9.257407807631836,31.766222273497373,0.283610729616836,-1.3941551427198997e-08,0.2836108286890199,0.9160403112835882
img_001152.jpg,0.188598,-0.139946,1.339919,31.981344604719,-9.389429770246906,31.98136028556314,0.2856078022745446,-1.3469861752379853e-07,0.2856079274566322,0.9147984997002416
img_001153.jpg,0.188449,-0.139769,1.339792,32.19605519370064,-9.5222452384699,32.19609278256736,0.2876021299201916,-2.0731009428565095e-07,0.2876024295864554,0.9135479502255448
img_001154.jpg,0.188259,-0.139638,1.339651,32.410370218566484,-9.655841331187256,32.41039260319832,0.2895939064738245,-1.47663584026958e-07,0.2895940846827877,0.9122886798869896
img_001155.jpg,0.188068,-0.139507,1.339509,32.624248403985376,-9.79023232623848,32.62426923529698,0.2915828268735524,-1.7553105932655025e-07,0.2915829924856944,0.9110207536414768
img_001156.jpg,0.187877,-0.139376,1.339368,32.83771441939724,-9.9253971893045,32.83771930068958,0.2935690358214156,-9.183957021263733e-08,0.2935690745740666,0.9097441506602844
img_001157.jpg,0.187686,-0.139245,1.339226,33.05073816451725,-10.06136301252569,33.050759229995684,0.2955523458338418,-1.7437196818403947e-07,0.2955525128366933,0.9084588725022168
img_001158.jpg,0.187496,-0.139115,1.339085,33.263352642396484,-10.198086124711118,33.26335460985459,0.2975329175822841,-9.995861996459077e-08,0.2975329331576801,0.9071649886550688
img_001159.jpg,0.187347,-0.138938,1.338959,33.47553692830795,-10.33559819886074,33.47554217702827,0.2995106464677124,-1.0734282329671885e-07,0.2995106879595811,0.9058624180583164
img_001160.jpg,0.187157,-0.138807,1.338817,33.68730056323586,-10.473875116540553,33.68729091034091,0.3014855482177416,-8.34044081160501e-08,0.301485472020703,0.904551255803835
img_001161.jpg,0.186966,-0.138676,1.338676,33.89864185177211,-10.612929064029927,33.89862953469008,0.3034576283617052,-7.9960399163026e-08,0.3034575312762428,0.9032314180213236
img_001162.jpg,0.186775,-0.138546,1.338535,34.109552788261766,-10.752734464234477,34.10953611848057,0.3054267598105041,4.121007701751722e-09,0.3054266286095125,0.9019030263436772
img_001163.jpg,0.186585,-0.138415,1.338393,34.320021594317524,-10.893309782742474,34.32000973434647,0.3073928827583329,-3.9174283483767176e-08,0.3073927895517527,0.9005660933885486
img_001164.jpg,0.186436,-0.138238,1.338266,34.530081358370005,-11.034651911645868,34.53005409977968,0.3093562425720452,-1.1199008681517243e-07,0.3093560286690211,0.8992205306307376
img_001165.jpg,0.186245,-0.138107,1.338125,34.73970648949369,-11.176731698054953,34.739680810202806,0.3113165649130434,-4.4052174699715785e-08,0.3113163637064957,0.8978664255329439
img_001166.jpg,0.186055,-0.137976,1.337983,34.94888814623835,-11.31956785598777,34.94888229490989,0.3132738138577245,-5.552523746343852e-08,0.3132737680800256,0.8965038002060978
img_001167.jpg,0.185864,-0.137846,1.337842,35.157656965993574,-11.463140701577704,35.15764583171871,0.3152281764518285,3.3388635231612624e-08,0.3152280894763711,0.8951326428948566
img_001168.jpg,0.185673,-0.137715,1.337701,35.36597432698469,-11.607491508327335,35.36598396834519,0.317179434923665,-2.0406500898795255e-07,0.317179510121111,0.8937529661046137
img_001169.jpg,0.185483,-0.137584,1.337559,35.57386607700569,-11.752549388382326,35.573901488557645,0.3191276225684772,-1.450103982031381e-07,0.3191278983306519,0.8923648048981042
img_001170.jpg,0.185334,-0.137407,1.337432,35.78134820119876,-11.898347861782996,35.78136775468695,0.3210729297037989,-1.2332345913912413e-07,0.3210730817353535,0.8909681531886352
img_001171.jpg,0.185143,-0.137277,1.337291,35.988394035521445,-12.044893399621795,35.98842488615421,0.3230151540459361,-1.7321510267787057e-07,0.3230153935363069,0.8895629633675374
img_001172.jpg,0.184953,-0.137146,1.33715,36.19504848041692,-12.192157564389374,36.195042584792,0.3249545694877882,-5.3266949434638284e-08,0.3249545237933708,0.88814924716245
img_001173.jpg,0.184762,-0.137015,1.337008,36.40125529276433,-12.340161685733475,36.40124178674775,0.3268907783297876,-5.861930121864312e-08,0.3268906738181647,0.8867270754937217
img_001174.jpg,0.184571,-0.136884,1.336867,36.607005865328105,-12.488888218607643,36.60701677529284,0.3288236646791585,-1.182915499442494e-07,0.3288237489659305,0.8852965264039755
img_001175.jpg,0.18438,-0.136753,1.336726,36.81235190795636,-12.63832276436886,36.812329035780586,0.3307535849658083,-1.0830777560921768e-07,0.3307534085501632,0.8838575952972871
img_001176.jpg,0.184232,-0.136577,1.336599,37.01723254029396,-12.78848093426902,37.017247904657886,0.332680095074208,-1.5502724183547034e-07,0.3326802133871953,0.882410239039667
img_001177.jpg,0.184041,-0.136446,1.336457,37.22171588652736,-12.939327665588529,37.22170858270218,0.3346036282630722,9.90718382332112e-10,0.3346035721128824,0.8809545172609576
img_001178.jpg,0.18385,-0.136315,1.336316,37.42574464413033,-13.090925676333915,37.42575788766269,0.3365238786390342,-1.9282382671126366e-07,0.3365239802831392,0.8794903579915455
img_001179.jpg,0.18366,-0.136184,1.336175,37.62935360626879,-13.243203397891904,37.62938292845805,0.3384409364421878,-1.3499975135000677e-07,0.3384411611131958,0.8780178318260219
img_001180.jpg,0.183469,-0.136053,1.336033,37.83253469002352,-13.396197838817844,37.83257959009214,0.3403548148060882,-1.8004832649798352e-07,0.340355158256862,0.8765369166705
img_001181.jpg,0.183321,-0.135877,1.335907,38.035307602898925,-13.54988330067177,38.0353304475656,0.3422655928955062,-1.4628990710474632e-07,0.3422657673426379,0.8750476606592474
img_001182.jpg,0.18313,-0.135746,1.335765,38.2376409014677,-13.70428114234694,38.237662417680674,0.3441730691587135,-2.42465593380814e-07,0.3441732331802504,0.8735500466647951
img_001183.jpg,0.182939,-0.135615,1.335624,38.43955976250819,-13.859340060524683,38.43955938839183,0.3460773031601907,-6.63479277351886e-08,0.3460773003131576,0.8720441516605231
img_001184.jpg,0.182748,-0.135484,1.335482,38.641058553505125,-14.015097536919445,38.64102859968428,0.3479783282828702,6.532977431250586e-08,0.3479781007294696,0.8705299101456341
img_001185.jpg,0.182558,-0.135353,1.335341,38.842091252377095,-14.17155349360657,38.842082951313,0.3498757834659031,2.4891917721481253e-08,0.349875720514612,0.8690074316934816
img_001186.jpg,0.182367,-0.135222,1.335199,39.04271313589413,-14.328708387095135,39.04269564608641,0.3517700781448962,-1.32636371538708e-07,0.3517699457442429,0.86747663795229
img_001187.jpg,0.182219,-0.135046,1.335073,39.24290814969632,-14.48650199174917,39.24288082343192,0.353660934658706,2.944617968902996e-08,0.353660728161452,0.8659376609506259
img_001188.jpg,0.182028,-0.134915,1.334931,39.44267078005136,-14.644997543510938,39.44264576250686,0.3555484500443036,-5.483764539682134e-09,0.355548261331235,0.8643903826023452
img_001189.jpg,0.181837,-0.134784,1.33479,39.642003697994944,-14.804148236610327,39.641984239680085,0.3574325203785712,8.857812353046945e-08,0.3574323738641567,0.8628349155485353
img_001190.jpg,0.181646,-0.134653,1.334648,39.8409193681651,-14.963980350637437,39.84088559712582,0.3593132900175394,8.401574673466694e-08,0.3593130361940725,0.8612712125908782
img_001191.jpg,0.181456,-0.134523,1.334507,40.039384760155365,-15.124481937942786,40.03936592478711,0.3611904696021548,-7.836956070206291e-09,0.3611903282937194,0.8596993610650471
img_001192.jpg,0.181265,-0.134392,1.334366,40.23743844340088,-15.285644882810118,40.23742416763354,0.3630643167044547,-3.4408227295168465e-08,0.3630642098003279,0.8581192699724146
img_001193.jpg,0.181116,-0.134215,1.334239,40.43506042595533,-15.447456018267996,40.43505486148877,0.3649346365635593,-2.352114905623814e-09,0.3649345949711554,0.856531057480966
img_001194.jpg,0.180926,-0.134084,1.334098,40.63226437595748,-15.609920967763196,40.63226010205543,0.3668015319682705,6.59193914315237e-08,0.3668015000819137,0.8549346733425796
img_001195.jpg,0.180735,-0.133953,1.333956,40.82904439374106,-15.773044457361804,40.82903662297508,0.3686649571117208,7.590767411858047e-08,0.3686648992450724,0.8533301479863629
img_001196.jpg,0.180544,-0.133823,1.333815,41.02540004758981,-15.936821796121666,41.02538216863367,0.3705248842291309,2.637360853319226e-08,0.3705247513413282,0.85171751115639
img_001197.jpg,0.180354,-0.133692,1.333674,41.22132440920882,-16.101248484576374,41.22131595027668,0.3723812377059575,-3.712470693362224e-08,0.3723811749534265,0.8500967441090944
img_001198.jpg,0.180163,-0.133561,1.333532,41.41684815862861,-16.266304229927435,41.41681677809101,0.3742341819666506,4.426738235696615e-08,0.3742339496163838,0.8484678709310516
img_001199.jpg,0.180015,-0.133384,1.333405,41.611913630636224,-16.432008652032852,41.61190898692826,0.3760833243216284,-1.8753708211360912e-08,0.3760832900046537,0.8468309702334158
img_001200.jpg,0.179824,-0.133253,1.333264,41.80657853891096,-16.598340368587014,41.80656347704383,0.3779290259017339,2.831833295635633e-09,0.3779289148108343,0.8451860071788174
img_001201.jpg,0.179633,-0.133123,1.333123,42.00080576600055,-16.765303085916173,42.00081679758311,0.3797710078079542,4.953478496827479e-08,0.379771089013799,0.8435329878420889
img_001202.jpg,0.179442,-0.132992,1.332981,42.194641585759065,-16.932903804106644,42.1946257279042,0.3816096140929991,4.8672456981480046e-08,0.3816094975898004,0.8418718986764259
img_001203.jpg,0.179252,-0.132861,1.33284,42.38805262645296,-17.101122907064923,42.38803041014853,0.3834445364471879,1.445646604925077e-07,0.3834443735538303,0.8402027730605814
img_001204.jpg,0.179103,-0.132684,1.332713,42.58101603027921,-17.26998705940903,42.581005007801664,0.3852756596438826,-5.98672266205469e-08,0.3852755789867171,0.8385257266908496
img_001205.jpg,0.178912,-0.132554,1.332572,42.7735906101107,-17.439442008270095,42.77356355833845,0.3871032659809948,6.601933363881153e-08,0.3871030684269629,0.836840651427303
img_001206.jpg,0.178722,-0.132423,1.33243,42.96573906104711,-17.609521372488462,42.965706049268825,0.3889271511204411,1.0984921644530132e-07,0.3889269105293228,0.8351476093406732
img_001207.jpg,0.178531,-0.132292,1.332289,43.157466355808815,-17.780209745901917,43.157436927579205,0.3907472989758489,1.9176566948275744e-07,0.3907470849385823,0.8334466173397322
img_001208.jpg,0.17834,-0.132161,1.332148,43.348775678920205,-17.951528172547054,43.34873874508388,0.3925637707287396,7.271204621739359e-08,0.3925635026525689,0.8317376883948296
img_001209.jpg,0.178149,-0.13203,1.332006,43.53966328881029,-18.12342589438313,43.53963890446662,0.3943763983524665,1.9113428759154338e-07,0.3943762217293445,0.830020874530868
img_001210.jpg,0.178001,-0.131854,1.331879,43.73015055688887,-18.295945110065876,43.73011547974099,0.3961854270526819,1.9382892546548905e-07,0.3961851735063338,0.828296091796166
img_001211.jpg,0.17781,-0.131723,1.331738,43.920203424097984,-18.4690704706482,43.92017932833067,0.3979905575196635,8.7891104338933e-08,0.3979903837138148,0.8265634703980753
img_001212.jpg,0.17762,-0.131592,1.331596,44.10988481282888,-18.64276458899818,44.10981293814712,0.3997921351324089,2.851871678533069e-07,0.3997916177827142,0.8248229573895652
img_001213.jpg,0.177429,-0.131461,1.331455,44.299099790012704,-18.81706801969735,44.29906483070685,0.401589562605925,2.859157645918043e-07,0.4015893115042906,0.8230746309365937
img_001214.jpg,0.177238,-0.13133,1.331314,44.4879495909832,-18.99196645167753,44.4878696191489,0.4033835171844329,2.941083110663545e-07,0.4033829439976793,0.8213184148401854
img_001215.jpg,0.177047,-0.131199,1.331172,44.67634130445091,-19.167459397200425,44.67629151847654,0.4051733159308724,1.8263392148609725e-07,0.405172959863418,0.8195544256808482
img_001216.jpg,0.176899,-0.131023,1.331046,44.86432911562578,-19.343536930108986,44.86429163867478,0.4069593076101064,5.0121642669598294e-08,0.406959040155833,0.8177826493543032
img_001217.jpg,0.176708,-0.130892,1.330904,45.05193718505687,-19.520166401182426,45.05188953903824,0.408741566449045,2.688449531051962e-07,0.408741227163075,0.8160030276132142
img_001218.jpg,0.176517,-0.130761,1.330763,45.23911042591943,-19.697397171694305,45.23906997880969,0.410519808603181,1.851646916073424e-07,0.410519521211338,0.8142157020401822
img_001219.jpg,0.176327,-0.13063,1.330621,45.42587708370313,-19.875201491266267,45.42583744028455,0.4122941502672906,9.476695811416749e-08,0.4122938692070136,0.8124206417058061
img_001220.jpg,0.176136,-0.1305,1.33048,45.61225984693581,-20.05357389634904,45.612206429343686,0.4140647225984618,1.427117647667675e-07,0.4140643447237222,0.8106177421744192
img_001221.jpg,0.175988,-0.130323,1.330353,45.79820923879771,-20.232511415615317,45.79817769451828,0.415831152214269,1.455793777194181e-07,0.4158309295692051,0.8088072025283548
img_001222.jpg,0.175797,-0.130192,1.330212,45.983772596160655,-20.412011372031696,45.9837247663794,0.4175937513734921,1.6820650283744246e-07,0.417593414541405,0.806988970770627
img_001223.jpg,0.175606,-0.130061,1.33007,46.16891637875599,-20.592077781663548,46.16888707999477,0.4193522779971745,1.7154603021429793e-07,0.4193520721331072,0.805163031029257
img_001224.jpg,0.175415,-0.12993,1.329929,46.35365992707978,-20.77270733346768,46.35362289736511,0.4211068443108871,6.795970258766104e-08,0.4211065847187794,0.8033294902971054
img_001225.jpg,0.175225,-0.1298,1.329788,46.537999327890375,-20.95389701738375,46.537978083284166,0.4228573993983728,3.4828376016537983e-09,0.4228572508071344,0.8014882190112822
img_001226.jpg,0.175034,-0.129669,1.329646,46.72196365751853,-21.135610508490025,46.7219060198392,0.4246040381563879,1.5536308797803322e-07,0.4246036359507769,0.7996393956769794
img_001227.jpg,0.174885,-0.129492,1.32952,46.90550921906233,-21.31790576722029,46.90545095279607,0.4263465863701592,6.122664683583245e-08,0.4263461807221899,0.7977828792811428
img_001228.jpg,0.174695,-0.129361,1.329378,47.08863322108307,-21.50073179267092,47.08861263802273,0.4280848800319514,6.059464641161584e-08,0.4280847370681344,0.7959188359231939
img_001229.jpg,0.174504,-0.12923,1.329237,47.271377041736464,-21.68411077738272,47.271366666931456,0.4298192473521564,2.032465176715625e-08,0.4298191754613058,0.79404715918602
img_001230.jpg,0.174313,-0.1291,1.329096,47.45371814358664,-21.86802994829443,47.45371524444791,0.4315494830976686,-7.105060126355589e-08,0.431549463056012,0.7921679774985843
img_001231.jpg,0.174123,-0.128969,1.328954,47.63566954834977,-22.052493612850444,47.63566661919538,0.4332756722046866,-1.964814738963927e-07,0.4332756520037649,0.7902812165655027
img_001232.jpg,0.173932,-0.128838,1.328813,47.81724431733498,-22.2374606234581,47.817219137708605,0.4349977831923113,-3.712831572744157e-08,0.4349976099571405,0.7883869658672377
img_001233.jpg,0.173783,-0.128661,1.328686,47.9984041960973,-22.422973704751865,47.998383836307056,0.4367156452272308,-4.4781492430923115e-08,0.436715505490295,0.7864852271200758
img_001234.jpg,0.173593,-0.128531,1.328544,48.179170611765095,-22.609030366973723,48.17916344481968,0.4384293835025952,-1.3963164599561928e-07,0.4384293344325596,0.7845759328392232
img_001235.jpg,0.173402,-0.1284,1.328403,48.35951859250275,-22.795606121083523,48.359559586406064,0.4401387487389459,-2.600366964533585e-07,0.4401390287268232,0.7826592599911255
img_001236.jpg,0.173211,-0.128269,1.328262,48.53953590861971,-22.98269624789506,48.539539929113936,0.4418443118722842,-1.8910349122713835e-07,0.4418443392647024,0.7807350279869671
img_001237.jpg,0.173021,-0.128138,1.32812,48.719125647354616,-23.170311017486693,48.71914424326171,0.4435454210530209,-2.5341568909986734e-07,0.4435455474371275,0.7788034455570501
img_001238.jpg,0.17283,-0.128007,1.327979,48.89833176743155,-23.358445789314928,48.89836966396948,0.4452423479640918,-2.908656855371561e-07,0.4452426048805689,0.7768643860922596
img_001239.jpg,0.172681,-0.127831,1.327852,49.07715059390063,-23.547066427056816,49.07720176098909,0.446934963854004,-1.5041999951170837e-07,0.4469353098680777,0.7749180388130883
img_001240.jpg,0.172491,-0.1277,1.327711,49.2556115244756,-23.736221613402638,49.25563098849415,0.4486235748990491,-1.4491989147602524e-07,0.4486237061913265,0.7729642024621416
img_001241.jpg,0.1723,-0.127569,1.327569,49.4336723176607,-23.925880462365026,49.43368480273951,0.4503078000209245,-1.3496353509778738e-07,0.4503078840239014,0.7710030446283681
img_001242.jpg,0.172109,-0.127438,1.327428,49.61134988409034,-24.11603722103021,49.61135111689398,0.4519877222323645,-9.050358368289937e-08,0.451987730505823,0.7690345833728066
img_001243.jpg,0.171919,-0.127307,1.327287,49.788642841269215,-24.30671611687225,49.78864184291994,0.4536633775942101,-1.7905491636605045e-07,0.4536633709114112,0.7670587237774411
img_001244.jpg,0.17177,-0.127131,1.32716,49.96555729387704,-24.497867710050976,49.9655539777844,0.455334664000985,-5.58140067219437e-08,0.4553346418609472,0.7650756221972244
img_001245.jpg,0.171579,-0.127,1.327018,50.14206954135059,-24.68953104061048,50.14209484620241,0.4570015066284246,-1.0356776139475167e-07,0.4570016751378385,0.7630852454742844
img_001246.jpg,0.171389,-0.126869,1.326877,50.31823514048612,-24.881692956458927,50.31823475044067,0.4586642253480282,-1.5370787359580973e-07,0.4586642227574476,0.7610875502517276
img_001247.jpg,0.171198,-0.126738,1.326736,50.494027966812695,-25.07432193584788,50.49400447040114,0.4603225481741141,1.2581898717334285e-08,0.4603223925281098,0.7590826348821892
img_001248.jpg,0.171007,-0.126607,1.326594,50.66942721467567,-25.26745701400233,50.66939887407206,0.4619764204477463,-2.5450663049264577e-08,0.46197623321027,0.7570705032552363
img_001249.jpg,0.170817,-0.126476,1.326453,50.84445057588355,-25.461069151553644,50.84442871090901,0.463625868711924,2.793007197743336e-08,0.4636257246421954,0.7550511514534047
img_001250.jpg,0.170668,-0.1263,1.326326,51.01909433967957,-25.65518340480225,51.01908319017382,0.4652709158838103,-9.957562735474212e-08,0.4652708426161907,0.753024579840426
img_001251.jpg,0.170477,-0.126169,1.326185,51.19338317616151,-25.849747470173345,51.19335559806107,0.4669115735871009,1.5241957335154765e-08,0.4669113928503773,0.750990901194507
img_001252.jpg,0.170287,-0.126038,1.326043,51.36727826160084,-26.04480357039871,51.367280052617325,0.4685476781976262,1.465313342885466e-08,0.4685476899033912,0.7489500220587546
img_001253.jpg,0.170096,-0.125908,1.325902,51.54083015274564,-26.24032189305766,51.54080524318314,0.4701794675310756,8.160214762242823e-08,0.4701793051717731,0.7469020613844739
img_001254.jpg,0.169905,-0.125776,1.32576,51.71401329587672,-26.436308999000868,51.71396354005582,0.4718067740036988,1.6515623632584744e-07,0.4718064505899845,0.7448469917948758
img_001255.jpg,0.169714,-0.125646,1.325619,51.88679233664218,-26.63277933854416,51.88678122273817,0.4734293884803625,9.206330892075344e-08,0.4734293164398009,0.7427848251401238
img_001256.jpg,0.169566,-0.125469,1.325492,52.05926199511572,-26.82970033127496,52.05920410996214,0.47504782528719,2.353124717580091e-07,0.4750474511196189,0.7407155208814036
img_001257.jpg,0.169375,-0.125338,1.325351,52.23130647881407,-27.027108517282564,52.231290242456026,0.4766614112653697,6.011906703018434e-08,0.4766613066083432,0.7386392203186407
img_001258.jpg,0.169185,-0.125207,1.32521,52.40300010403275,-27.22496519905224,52.40300206131824,0.4782705118985604,-3.2174960751252264e-08,0.4782705244793314,0.736555919711839
img_001259.jpg,0.168994,-0.125077,1.325068,52.57435193837863,-27.42327998024641,52.574353668552455,0.4798751922457951,-4.506236067625125e-08,0.4798752033352064,0.7344655125266627
img_001260.jpg,0.168803,-0.124946,1.324927,52.74533721229151,-27.62203607585662,52.74533457459569,0.4814752333252097,-3.5642264029078774e-08,0.4814752164673841,0.7323682240663636
img_001261.jpg,0.168612,-0.124815,1.324786,52.915950155568034,-27.821260901208955,52.91597740510545,0.4830706515617095,-1.2017784709050794e-07,0.4830708252162929,0.730263872462948
img_001262.jpg,0.168464,-0.124638,1.324659,53.08623773474256,-28.02092054280265,53.08623229018881,0.4846616430046024,-9.70614197071118e-08,0.4846616084081145,0.7281526056640389
img_001263.jpg,0.168273,-0.124507,1.324517,53.25614788791497,-28.221036621509125,53.25614334087777,0.4862479140694802,-1.8665696291386705e-07,0.4862478852601627,0.7260344069967098
img_001264.jpg,0.168083,-0.124377,1.324376,53.425702190689954,-28.421576787077083,53.42570834242322,0.4878295032137824,-1.0521029517041037e-07,0.4878295420761251,0.7239093269684962
img_001265.jpg,0.167892,-0.124246,1.324234,53.59491304638752,-28.62256927155713,53.59490884263429,0.489406543389684,-1.1214684625393545e-07,0.4894065169115273,0.7217773178009097
img_001266.jpg,0.167701,-0.124115,1.324093,53.76376130179658,-28.824007775603963,53.76376732633188,0.490978880834065,-1.787042601675282e-07,0.4909789186683171,0.7196384092015843
img_001267.jpg,0.167553,-0.123938,1.323967,53.93228247683211,-29.02584606493328,53.93226204904845,0.4925466045923881,5.468452085599652e-08,0.4925464766877901,0.7174927251247575
img_001268.jpg,0.167362,-0.123807,1.323825,54.1004346516458,-29.22814460981723,54.10041150579951,0.4941095878828221,2.3234385998494037e-08,0.4941094433943926,0.7153401799918347
img_001269.jpg,0.167171,-0.123677,1.323684,54.26823895260409,-29.430869359589916,54.26821731158015,0.4956678602169792,3.7764254889882665e-08,0.4956677255302353,0.7131808173356902
img_001270.jpg,0.166981,-0.123546,1.323542,54.43571487851963,-29.63401063605672,54.43566420019273,0.4972215013032586,1.5498886116183108e-07,0.497221186855647,0.7110146763489281
img_001271.jpg,0.16679,-0.123415,1.323401,54.60282202903708,-29.83758548881607,54.60277852556039,0.4987702863982293,1.6136726344040397e-07,0.4987700172938624,0.7088417815386466
img_001272.jpg,0.166599,-0.123284,1.323259,54.76956570807308,-30.04160378720215,54.7695545273484,0.5003142574901506,-4.6451396590319056e-08,0.5003141885409698,0.7066621232927855
img_001273.jpg,0.166451,-0.123108,1.323132,54.935969652005966,-30.246033012917025,54.93599080885654,0.5018534628026293,-1.701045328206252e-07,0.5018535928687927,0.7044757435126245
img_001274.jpg,0.16626,-0.122977,1.322991,55.10207787142544,-30.450852637010268,55.10206890427676,0.5033881035496589,1.7827249260138345e-08,0.5033880485938405,0.7022826281046418
img_001275.jpg,0.166069,-0.122846,1.32285,55.26781661841783,-30.656107275288495,55.26781302180872,0.5049178219834964,-4.7999585084390624e-08,0.5049178000104626,0.7000828581504009
img_001276.jpg,0.165878,-0.122715,1.322708,55.433257162057565,-30.861750405333044,55.43320166504419,0.5064429202294625,1.5119856835998926e-07,0.5064425822458883,0.6978764069930637
img_001277.jpg,0.165688,-0.122584,1.322567,55.59831715653906,-31.067834597630004,55.59826899213321,0.5079630111515007,-1.0862091781582706e-09,0.5079627187546545,0.6956633206208879
img_001278.jpg,0.165497,-0.122453,1.322425,55.76306223226947,-31.27429382121789,55.76300111415386,0.5094783122159399,1.6158143084643586e-07,0.5094779423634087,0.69344363550812
img_001279.jpg,0.165349,-0.122277,1.322299,55.927463441833616,-31.48117634759812,55.927399054192776,0.5109887517625882,1.4271966114476342e-07,0.5109883633756744,0.691217323326565
img_001280.jpg,0.165158,-0.122146,1.322158,56.09152802668808,-31.688455753087563,56.09147070856197,0.5124942910682132,1.6610412201245597e-07,0.5124939464415514,0.6889844384913393
img_001281.jpg,0.164967,-0.122015,1.322016,56.25523795119521,-31.896162992872867,56.25522088165565,0.5139948827511321,-7.67586497696371e-08,0.5139947804537301,0.6867449498700124
img_001282.jpg,0.164776,-0.121884,1.321875,56.41863777903795,-32.10423224330805,56.41863451914079,0.5154906136254693,-1.948274455654264e-08,0.5154905941528635,0.6844989953272134
img_001283.jpg,0.164586,-0.121753,1.321733,56.58173775183852,-32.31269160007715,56.58170011977071,0.5169815970171638,1.0351425272503435e-07,0.5169813729661893,0.6822465011647667
img_001284.jpg,0.164437,-0.121577,1.321607,56.74448152069832,-32.52156567339769,56.74445185798394,0.5184675413356991,-1.158882473317746e-08,0.5184673653168472,0.6799874996518112
img_001285.jpg,0.164247,-0.121446,1.321465,56.906885719036175,-32.73082939595185,56.90689464312074,0.5199484677212654,-1.214787520298355e-07,0.5199485205004363,0.6777220130287203
img_001286.jpg,0.164056,-0.121315,1.321324,57.06899879577601,-32.940459479514466,57.06898901567554,0.5214245883880171,-5.20827388716949e-08,0.5214245307400583,0.6754501146397819
img_001287.jpg,0.163865,-0.121184,1.321182,57.23078492113735,-33.150477645028666,57.23077338828925,0.5228957282101825,2.5407347781225557e-08,0.5228956604600993,0.6731717356600311
img_001288.jpg,0.163674,-0.121054,1.321041,57.39222584282312,-33.360894003775854,57.39224076823077,0.524361788942744,-1.0545331052824737e-07,0.5243618763249223,0.6708869777792389
img_001289.jpg,0.163484,-0.120923,1.3209,57.55337117032025,-33.571663060657464,57.55338298328457,0.525822932773123,3.322671512928643e-08,0.525823001697042,0.6685958527063889
img_001290.jpg,0.163335,-0.120746,1.320773,57.71419127447246,-33.78283056364258,57.71420153237638,0.5272790822605867,-3.8261669915717895e-08,0.5272791419056775,0.6662983385253518
img_001291.jpg,0.163144,-0.120615,1.320632,57.87469538987316,-33.99437425534826,57.87469680839696,0.5287302200102325,-1.503260117774463e-07,0.528730228229789,0.6639945031428979
img_001292.jpg,0.162954,-0.120485,1.32049,58.034899517733486,-34.20628162248719,58.0348884970732,0.5301763912802725,-8.09928732137255e-08,0.530176327643853,0.6616842568288129
img_001293.jpg,0.162763,-0.120354,1.320349,58.19479012820092,-34.41854563223288,58.194754571251465,0.53161748381579,2.439194785042176e-08,0.5316172792186169,0.6593678179419761
img_001294.jpg,0.162572,-0.120223,1.320207,58.35435523214318,-34.63119643712871,58.3543182832395,0.533053486261063,-2.2851703307402715e-08,0.533053274403459,0.6570450421642923
img_001295.jpg,0.162382,-0.120092,1.320066,58.51361350585256,-34.84419804118437,58.51357215918836,0.5344844018497115,5.0171845122903846e-08,0.5344841656165473,0.654716045995924
img_001296.jpg,0.162233,-0.119915,1.319939,58.67256158252512,-35.057566137058,58.67251788365535,0.5359102332275619,9.616763901876269e-08,0.5359099844456434,0.6523808017511254
img_001297.jpg,0.162042,-0.119784,1.319798,58.83119865302919,-35.2712915491308,58.83115351382181,0.537330937276922,1.359260565214626e-07,0.537330681217322,0.65003938562799
img_001298.jpg,0.161852,-0.119654,1.319656,58.989511583778885,-35.48539679510014,58.98949172601528,0.5387464783174172,-1.9381178634203522e-08,0.5387463660778324,0.6476917361974835
img_001299.jpg,0.161661,-0.119523,1.319515,59.14754470281242,-35.6998308236122,59.14751928559613,0.5401569671708217,1.0087963567273485e-07,0.5401568240302913,0.645337939586941
img_001300.jpg,0.16147,-0.119392,1.319373,59.30527732250864,-35.9146301448853,59.305233714246334,0.5415623585285049,1.044138630279523e-07,0.5415621138406987,0.6429779845977825
img_001301.jpg,0.161279,-0.119261,1.319232,59.46269090213949,-36.12977819808365,59.46265490930229,0.5429624923978622,8.226125422505781e-08,0.5429622911836968,0.6406119591466
img_001302.jpg,0.161131,-0.119084,1.319105,59.61983172543571,-36.34528220093566,59.61975470606219,0.5443576289237508,4.0267302270358136e-08,0.5443571999494777,0.6382397752378606
img_001303.jpg,0.16094,-0.118954,1.318964,59.77664955760204,-36.5611189250196,59.77658073057528,0.5457474157984837,9.694045732810964e-08,0.5457470338814545,0.635861567606395
img_001304.jpg,0.160749,-0.118823,1.318823,59.93317046331966,-36.77730847925755,59.93310781707586,0.5471320309251313,8.76697786034164e-08,0.5471316846083715,0.6334772769668531
img_001305.jpg,0.160559,-0.118692,1.318681,60.089406373881374,-36.99383251709095,60.08933581319022,0.5485114800947604,1.656309126518707e-07,0.5485110914976992,0.6310869501964294
img_001306.jpg,0.160368,-0.118561,1.31854,60.24533256073828,-37.21070130226644,60.245270555477504,0.5498856355935064,1.3979426022325825e-07,0.5498852954101849,0.6286906629333376
img_001307.jpg,0.16022,-0.118385,1.318413,60.4009903168278,-37.42791205062359,60.4008930234826,0.5512547014876836,1.0629511848492257e-07,0.5512541697408494,0.626288347673051
img_001308.jpg,0.160029,-0.118254,1.318272,60.55633198813891,-37.64545688268723,60.55624677813846,0.5526183821953121,7.012541489159753e-08,0.5526179182795689,0.6238800846766844
img_001309.jpg,0.159838,-0.118123,1.318131,60.711386506848,-37.86332748747781,60.71131754029442,0.5539768007466047,1.294464377632476e-07,0.5539764267193354,0.6214658662177808
img_001310.jpg,0.159648,-0.117992,1.317989,60.86613526046648,-38.08153619587218,60.866103746981096,0.5553298698801808,7.24267983642779e-08,0.5553296996382177,0.6190457659321991
img_001311.jpg,0.159457,-0.117861,1.317848,61.02063281570644,-38.30006445546074,61.02056545201596,0.5566778248227494,6.737262417400025e-08,0.5566774623371389,0.6166198198862011
img_001312.jpg,0.159266,-0.117731,1.317706,61.17482135580984,-38.51893452438629,61.17478304116838,0.5580203901665679,4.1924129307036047e-08,0.5580201848077339,0.6141878519683469
img_001313.jpg,0.159118,-0.117554,1.317579,61.328736976956925,-38.73811030295975,61.328696133430014,0.5593576596806026,9.601837755446321e-08,0.5593574416362863,0.6117501622743868
img_001314.jpg,0.158927,-0.117423,1.317438,61.48233108760965,-38.95763502035992,61.48234298207552,0.5606894600292092,-1.4666993305989529e-07,0.5606895232744901,0.6093066452143432
img_001315.jpg,0.158736,-0.117292,1.317297,61.635692904427,-39.1774454469201,61.63568888196176,0.5620161028567882,-1.653506090382173e-08,0.5620160815544996,0.6068573343083151
img_001316.jpg,0.158546,-0.117161,1.317155,61.78878776022808,-39.397579970665234,61.78873896168204,0.5633374765445869,5.0177352162172895e-08,0.5633372191612933,0.6044022377754696
img_001317.jpg,0.158355,-0.117031,1.317014,61.94156137387011,-39.61804583326824,61.94155013765086,0.5646532963895177,-1.2274017996416477e-08,0.5646532373664555,0.601941339673587
img_001318.jpg,0.158164,-0.1169,1.316872,62.09408747760087,-39.83881118942976,62.094070806181534,0.5659638616187999,9.322892507990233e-08,0.5659637744038628,0.5994746978847906
img_001319.jpg,0.158016,-0.116723,1.316746,62.246290621998185,-40.05992245218743,62.24633399944428,0.5672688692041181,-1.882110199913356e-07,0.5672690951930935,0.5970023481282589
img_001320.jpg,0.157825,-0.116592,1.316604,62.39826798247012,-40.28130491690322,62.39829340998785,0.5685686387429887,-1.2574865587700046e-07,0.5685687706661122,0.5945243948410822
img_001321.jpg,0.157634,-0.116462,1.316463,62.5499424398068,-40.50301796477105,62.55000311603441,0.5698628903228588,-2.666977599874443e-07,0.5698632038082643,0.5920407208783759
img_001322.jpg,0.157443,-0.116331,1.316322,62.7013960662661,-40.72501411747033,62.70140635814653,0.5711519240319102,-1.9154326275083733e-07,0.57115197698163,0.5895514386926606
img_001323.jpg,0.157253,-0.1162,1.31618,62.85253874101088,-40.94732020891374,62.85258965841425,0.5724353213986716,-1.292586061518719e-07,0.5724355822502134,0.587056476830843
img_001324.jpg,0.157104,-0.116023,1.316054,63.00343265143687,-41.16992812566659,63.00347290884635,0.5737133687387588,-1.432268018075611e-07,0.573713574100343,0.5845559899816398
img_001325.jpg,0.156913,-0.115892,1.315912,63.15405620031717,-41.39284144614745,63.154091233976494,0.5749859481860433,-2.1920500764549547e-07,0.5749861261339765,0.5820499240975741
img_001326.jpg,0.156723,-0.115762,1.315771,63.30442485457312,-41.61603970768729,63.30444747125758,0.576253076909919,-1.5562281557857105e-07,0.576253191292092,0.5795383083778902
img_001327.jpg,0.156532,-0.115631,1.315629,63.4544965968245,-41.83954480874242,63.454559220089166,0.5775145773404471,-2.522256616344088e-07,0.5775148926772454,0.5770211969201917
img_001328.jpg,0.156341,-0.1155,1.315488,63.60436246847488,-42.0633240999064,63.60438224202922,0.578770819714561,-8.125146067072819e-08,0.5787709188481831,0.5744985306704957
img_001329.jpg,0.156151,-0.115369,1.315346,63.75391502583164,-42.28741640907325,63.75397367088973,0.5800213365424229,-1.8748771785093157e-07,0.5800216292623027,0.5719704177170442
img_001330.jpg,0.156002,-0.115192,1.31522,63.90324074547742,-42.51177985761988,63.90327762165557,0.5812664524014841,-1.625816113404177e-07,0.581266635649287,0.5694369232790633
img_001331.jpg,0.155812,-0.115062,1.315078,64.0523035031747,-42.73643208117648,64.05233104512354,0.5825060113675509,-1.500011034827331e-07,0.5825061476207927,0.5668979932092082
img_001332.jpg,0.155621,-0.114931,1.314937,64.20110505756476,-42.96138972412916,64.20113548511029,0.5837400446990478,-2.734986437880061e-07,0.5837401945520178,0.564353564247672
img_001333.jpg,0.15543,-0.1148,1.314796,64.34967216298033,-43.186600693360106,64.34968025942234,0.5849685537792944,-1.2893769785193856e-07,0.5849685934734139,0.5618038231794794
img_001334.jpg,0.155239,-0.114669,1.314654,64.49796826673513,-43.41210816416044,64.4979749323844,0.5861914400981773,-1.7301741717101748e-07,0.5861914726289746,0.5592487398042747
img_001335.jpg,0.155049,-0.114538,1.314513,64.64601705261106,-43.63788082015246,64.6460271229939,0.5874087363723357,-6.377272476765229e-08,0.5874087852944727,0.5566883287732229
img_001336.jpg,0.1549,-0.114362,1.314386,64.79380719232421,-43.86395187285103,64.7938175373804,0.5886204460981265,-2.0950628426552603e-07,0.5886204961229936,0.5541226235943808
img_001337.jpg,0.154709,-0.114231,1.314245,64.9413764443681,-44.09028179363878,64.94135832120293,0.5898266505925669,-1.1713331471430167e-07,0.5898265633622475,0.5515515818153556
img_001338.jpg,0.154519,-0.1141,1.314103,65.08866133790652,-44.316879998785936,65.08867294930015,0.5910270504554662,-8.376904858664602e-08,0.5910271060823248,0.5489753960842481
img_001339.jpg,0.154328,-0.113969,1.313962,65.23571325112606,-44.54374957393279,65.2357292087852,0.5922218857472652,-5.989688017793426e-08,0.5922219618363601,0.5463939841914829
img_001340.jpg,0.154137,-0.113838,1.31382,65.38254670359784,-44.77088995766467,65.3825397225593,0.593411209136705,7.054890277524707e-08,0.5934111760073906,0.5438072388819722
img_001341.jpg,0.153947,-0.113707,1.313679,65.52911066828761,-44.9982864974644,65.52910753396678,0.5945947322441819,1.2903421142684834e-07,0.5945947174407926,0.541215508257992
img_001342.jpg,0.153798,-0.113531,1.313552,65.67542481624017,-45.225987521955616,65.67543830819199,0.5957726390632546,-1.044018174689576e-07,0.5957727024799061,0.5386184637787524
img_001343.jpg,0.153607,-0.1134,1.313411,65.82155317917301,-45.453910883222775,65.82149807083957,0.5969450395138421,4.7008801740133777e-08,0.5969447817376882,0.5360163685522663
img_001344.jpg,0.153417,-0.113269,1.31327,65.9673895521397,-45.68210927577673,65.96736371090637,0.5981115346086583,5.113907580733824e-08,0.598111414320987,0.5334091564896702
img_001345.jpg,0.153226,-0.113138,1.313128,66.11300873903939,-45.910557014630754,66.11297012402197,0.59927240593704,1.0164235692000645e-07,0.5992722270692699,0.5307969304224156
img_001346.jpg,0.153035,-0.113008,1.312987,66.25836211557746,-46.13926832672594,66.25836766773254,0.6004274444974808,8.47693217287393e-08,0.6004274700886831,0.528179644682679
img_001347.jpg,0.152887,-0.112831,1.31286,66.40353719877452,-46.36824418099764,66.40348511254265,0.6015770419225737,5.1667255862586365e-08,0.6015768030367501,0.5255572401554054
img_001348.jpg,0.152696,-0.1127,1.312719,66.54843283177844,-46.597466568994726,66.5484030563167,0.6027206811863797,-1.3618792538139246e-08,0.6027205453083078,0.5229299424717258
img_001349.jpg,0.152505,-0.112569,1.312577,66.69308918692853,-46.826945207292496,66.69309885292665,0.6038585547570969,-1.115415511065976e-07,0.6038585986451024,0.5202976443239302
img_001350.jpg,0.152315,-0.112438,1.312436,66.83755536827482,-47.056668469289,66.83754775313484,0.6049908472398127,-6.408217906317405e-08,0.6049908128388914,0.517660304771949
img_001351.jpg,0.152124,-0.112307,1.312294,66.98178823753818,-47.28663007596523,66.98175771042753,0.6061173357070504,-4.2871748096029456e-08,0.6061171985065833,0.5150181715531174
img_001352.jpg,0.151933,-0.112177,1.312153,67.12574982524859,-47.51686147629282,67.12578687109225,0.6072379023637755,-1.7746619346281636e-07,0.6072380680060807,0.512371016644241
img_001353.jpg,0.151785,-0.112,1.312027,67.26953370705503,-47.74731324539443,67.26953904513137,0.6083528512156412,-1.8197678347542379e-07,0.6083528749601357,0.5097191265250934
img_001354.jpg,0.151594,-0.111869,1.311885,67.41307971981645,-47.97801791008053,67.41309070208752,0.609461966525692,-2.1272284600470925e-07,0.6094620151217072,0.5070622875765649
img_001355.jpg,0.151403,-0.111739,1.311743,67.55640472805366,-48.20896502125532,67.55643155137307,0.610565288775823,-1.927286955583085e-07,0.6105654068446574,0.5044005472902233
img_001356.jpg,0.151212,-0.111607,1.311602,67.6995428316025,-48.44013606570672,67.69951894456354,0.6116629164901769,-7.248483835375907e-08,0.6116628119018481,0.5017340741140173
img_001357.jpg,0.151022,-0.111477,1.311461,67.84240773346313,-48.67157697748327,67.84243672498813,0.6127545514074093,-1.956248436019159e-07,0.6127546776696121,0.4990626861662527
img_001358.jpg,0.150831,-0.111346,1.311319,67.98509939530283,-48.903215202807566,67.98508327952105,0.6138404707425902,-1.1982995085091377e-07,0.6138404009323947,0.4963867833269314
img_001359.jpg,0.150682,-0.111169,1.311192,68.12759314769453,-49.13509897347694,68.12751823877277,0.6149206495512195,-3.196063691479622e-09,0.6149203268138199,0.4937059716336141
img_001360.jpg,0.150492,-0.111038,1.311051,68.26982445930582,-49.36721126491218,68.26978015623567,0.6159947629243681,1.0025976532324067e-07,0.6159945730873453,0.4910205066763311
img_001361.jpg,0.150301,-0.110908,1.31091,68.41187361246918,-49.59955833172622,68.4117776046243,0.6170631559785297,6.201457725119043e-08,0.617062746842286,0.4883304495864103
img_001362.jpg,0.150111,-0.110777,1.310768,68.55369267075619,-49.832141932709966,68.55359088551553,0.6181256139319593,1.749341760337586e-08,0.618125182569094,0.4856356495101677
img_001363.jpg,0.14992,-0.110646,1.310627,68.6952923750305,-50.06494944071735,68.69520919535468,0.6191821456157264,2.2580298797425516e-08,0.6191817950621694,0.4829362020125373
img_001364.jpg,0.149729,-0.110515,1.310485,68.83670627110274,-50.29795935048242,68.83660374797863,0.620232837653201,2.172520835452829e-07,0.6202324079973834,0.4802322221242322
img_001365.jpg,0.149581,-0.110339,1.310359,68.97790073092638,-50.531208284708754,68.97778623768323,0.6212776075372941,2.1545028322522697e-07,0.6212771304231024,0.4775236764663351
img_001366.jpg,0.14939,-0.110208,1.310218,69.1188888156166,-50.76468485348942,69.11876275130392,0.6223164752368026,1.6865069080163053e-07,0.6223159528886686,0.4748105510928354
img_001367.jpg,0.149199,-0.110077,1.310076,69.25964017066455,-50.998376125229214,69.25955992391205,0.6233492781905454,1.1450344727936824e-07,0.6233489475908331,0.4720929642736838
img_001368.jpg,0.149008,-0.109946,1.309934,69.40023148214058,-51.23227012796284,69.40009853448835,0.6243762976058485,9.045517890271527e-08,0.6243757530475214,0.4693710238120215
img_001369.jpg,0.148818,-0.109815,1.309793,69.54054058602844,-51.46640804582621,69.54051471751042,0.6253970996111317,-1.2374916014135098e-07,0.6253969942683127,0.4666444764037489
img_001370.jpg,0.148669,-0.109639,1.309667,69.68072510817095,-51.70074164895593,69.68066673246877,0.6264122235172664,-1.5256693003395938e-07,0.6264119871886185,0.4639135140675866
img_001371.jpg,0.148478,-0.109508,1.309525,69.82068627348814,-51.93529081599375,69.82066716136332,0.6274212922923106,-7.675112095872906e-08,0.627421215374866,0.4611779921849775
img_001372.jpg,0.148288,-0.109377,1.309384,69.96050342080044,-52.17004251351448,69.96043013178605,0.628424588421803,1.2692713191597704e-07,0.6284242952197372,0.4584380458082073
img_001373.jpg,0.148097,-0.109246,1.309242,70.10007723762405,-52.40502339877928,70.10001893168845,0.6294217511861633,6.052017464952543e-08,0.6294215193221827,0.4556937679493708
img_001374.jpg,0.147906,-0.109115,1.309101,70.23946780418218,-52.64017995789982,70.23940121039186,0.6304129093939762,1.982695224667097e-07,0.6304126461690156,0.4529453159262856
img_001375.jpg,0.147716,-0.108984,1.30896,70.37865789610099,-52.875560942443705,70.37857950138194,0.6313980737979723,1.149984057979836e-07,0.6313977658108225,0.450192551841208
img_001376.jpg,0.147567,-0.108808,1.308833,70.5176280366959,-53.11115641347612,70.51759647096756,0.6323771382226557,-2.3277038296853906e-08,0.6323770149707801,0.4474354322021996
img_001377.jpg,0.147376,-0.108677,1.308691,70.65646760795146,-53.346924351046496,70.65636609876665,0.6333503625748439,4.902146411023267e-08,0.6333499686669513,0.4446741901840974
img_001378.jpg,0.147186,-0.108546,1.30855,70.79503712539538,-53.58293259241257,70.7950118752512,0.6343173173550025,-2.239275377902139e-07,0.6343172199809014,0.441908593873443
img_001379.jpg,0.146995,-0.108415,1.308408,70.93346987024512,-53.819115042677765,70.93345969944137,0.635278386729955,-1.1110266479041897e-07,0.635278347753329,0.4391386936146413
img_001380.jpg,0.146804,-0.108285,1.308267,71.07177445276254,-54.05548804942579,71.07166403377025,0.6362336184547998,5.0909427229406396e-08,0.6362331979792426,0.4363646417126571
img_001381.jpg,0.146614,-0.108154,1.308126,71.20982598725809,-54.29206250787339,71.20972795480355,0.6371825440349429,4.3986260134243345e-08,0.637182173103986,0.4335865356023391
img_001382.jpg,0.146465,-0.107977,1.307999,71.34766675521175,-54.52884383789499,71.34763964043415,0.6381253254899719,-2.39832009252261e-08,0.6381252235526231,0.4308042107898105
img_001383.jpg,0.146274,-0.107846,1.307858,71.48537566785096,-54.76580925705488,71.4853316920632,0.6390622075197705,3.2913946956814044e-08,0.639062043263174,0.4280177563843046
img_001384.jpg,0.146084,-0.107715,1.307716,71.62293118509511,-55.002953338999525,71.62280221951315,0.639993085992819,9.312608312272985e-08,0.639992607426098,0.4252273654426814
img_001385.jpg,0.145893,-0.107584,1.307575,71.76023193976494,-55.24030773368945,71.7601832722787,0.6409176298452236,9.717837046174793e-08,0.6409174504363379,0.4224327324909328
img_001386.jpg,0.145702,-0.107454,1.307433,71.8974064719791,-55.4778446700339,71.89731858087261,0.6418362552490151,4.390885532945532e-08,0.6418359333918231,0.4196341931432261
img_001387.jpg,0.145554,-0.107277,1.307307,72.03435985822117,-55.71555189384384,72.03432559264769,0.6427485810647294,1.124774990368671e-07,0.6427484564221998,0.4168317206093413
img_001388.jpg,0.145363,-0.107146,1.307165,72.17119402425016,-55.953460900819614,72.17110111784514,0.6436550225399453,6.661173324040703e-08,0.6436546868642787,0.4140251876839685
img_001389.jpg,0.145172,-0.107015,1.307024,72.30780841701407,-56.19154363451805,72.30774920364385,0.6445551553565761,8.135438123169082e-08,0.6445549428678314,0.4112147581591642
img_001390.jpg,0.144982,-0.106885,1.306882,72.44426971509579,-56.42980917820663,72.44420555647886,0.645449225460154,8.577867727233014e-08,0.6454489968009858,0.4084004038703697
img_001391.jpg,0.144791,-0.106754,1.306741,72.58057414101137,-56.66825953560063,72.5804818902206,0.646337210669544,8.60957963255693e-08,0.6463368841596512,0.4055821030059136
img_001392.jpg,0.1446,-0.106623,1.3066,72.71669007019732,-56.90687655737856,72.71660220646581,0.6472189575200661,1.3064636184001446e-07,0.6472186487014155,0.4027600300423755
img_001393.jpg,0.144452,-0.106446,1.306473,72.85264092224588,-57.14567208524279,72.85255001331716,0.64809455867151,1.5660407443052193e-07,0.6480942413916283,0.3999341161933626
img_001394.jpg,0.144261,-0.106316,1.306332,72.98840279623138,-57.384639881875465,72.98834107580939,0.6489639101622501,1.324737287644595e-07,0.648963696276828,0.3971044751971732
img_001395.jpg,0.14407,-0.106185,1.306191,73.12401566780652,-57.62378921634772,73.12395703949029,0.6498271560896324,9.553264773698444e-08,0.6498269543692893,0.394270968476738
img_001396.jpg,0.14388,-0.106054,1.306049,73.2594602737201,-57.8631167537368,73.25941335424821,0.6506842133577073,2.0369455455693242e-08,0.6506840530853264,0.391433669409663
img_001397.jpg,0.143689,-0.105923,1.305907,73.39477001536827,-58.102599796647205,73.39466248027563,0.6515351481751317,-5.303443795234841e-08,0.6515347835116336,0.3885928158971226
img_001398.jpg,0.143498,-0.105792,1.305766,73.52985743663862,-58.34225240451367,73.52983767277662,0.6523796770236341,2.001735682766181e-08,0.6523796104927938,0.3857481054001551
img_001399.jpg,0.14335,-0.105615,1.305639,73.66484169135087,-58.582086471292975,73.66478653179838,0.6532182114979568,-5.0922232208705516e-08,0.6532180271861867,0.3828996959079416
img_001400.jpg,0.143159,-0.105485,1.305498,73.79963808380174,-58.822066672033,73.7996008995751,0.6540503996841339,-2.4043474211588037e-08,0.6540502763610743,0.3800477741877019
img_001401.jpg,0.142968,-0.105354,1.305357,73.93427405126499,-59.062231040449845,73.934265720493,0.654876384879761,-9.762106184529885e-08,0.6548763574580158,0.3771920955817168
img_001402.jpg,0.142778,-0.105223,1.305215,74.06878664987701,-59.30253806556125,74.06874462063335,0.6556962126063408,-2.6948576259400173e-08,0.655696075310641,0.374332918130268
img_001403.jpg,0.142587,-0.105092,1.305074,74.20309994427774,-59.54303462990575,74.20309911837272,0.6565096982041523,-2.197123739056117e-07,0.6565096955268274,0.3714701008737002
img_001404.jpg,0.142396,-0.104961,1.304932,74.33730540016951,-59.78364497871295,74.33728320601533,0.6573170112278319,4.39859877965354e-08,0.6573169398364362,0.3686038352412673
img_001405.jpg,0.142248,-0.104785,1.304806,74.47133653646237,-60.02445687516306,74.47130955281521,0.6581180628577159,-1.304461376694377e-07,0.6581179767359,0.3657339798780477
img_001406.jpg,0.142057,-0.104654,1.304664,74.60520137144783,-60.26540089622943,74.60520907662413,0.6589127631437335,-1.00983404527355e-07,0.6589127875426084,0.362860729452926
img_001407.jpg,0.141866,-0.104523,1.304523,74.73893511519852,-60.50651298588068,74.73894249511079,0.6597012696305266,-1.454379598420097e-07,0.6597012928141612,0.3599839428463085
img_001408.jpg,0.141676,-0.104392,1.304382,74.87254860001451,-60.74776673517129,74.87251364374679,0.6604835650940117,-3.55608801849705e-08,0.6604834561591829,0.3571037165596624
img_001409.jpg,0.141485,-0.104262,1.30424,75.0060015699039,-60.98918540188095,75.0059228278434,0.6612595487528705,-1.7482008629610138e-07,0.6612593053491347,0.3542201861445779
img_001410.jpg,0.141336,-0.104085,1.304113,75.13927596476402,-61.23074864033923,75.13925232765588,0.6620291264052072,-8.783547661428416e-08,0.6620290539347988,0.3513331290062832
img_001411.jpg,0.141146,-0.103954,1.303972,75.27241983533904,-61.47245895522708,75.27239979017216,0.6627924413413359,-1.2879778343855008e-07,0.6627923803892628,0.3484428793916014
img_001412.jpg,0.140955,-0.103823,1.303831,75.40542927340967,-61.714312581471546,75.40541187115161,0.6635494661893442,-5.143174003352514e-08,0.6635494137130858,0.3455492461008326
img_001413.jpg,0.140764,-0.103692,1.303689,75.53830165451888,-61.95631785884724,75.53826808266241,0.6643001956320398,-6.716499223458072e-08,0.6643000952452978,0.3426523508460396
img_001414.jpg,0.140574,-0.103562,1.303548,75.67099621266098,-62.19848637536005,75.67103305997206,0.6650445159441818,-1.358982927301966e-07,0.6650446251925737,0.3397520247401326
img_001415.jpg,0.140383,-0.103431,1.303406,75.80362241435239,-62.44076866757878,75.8035747782975,0.6657826717526985,-9.860979532927416e-08,0.6657825317237194,0.3368487115091632
img_001416.jpg,0.140234,-0.103254,1.30328,75.9360419240944,-62.68320674068799,75.93606351310285,0.6665143061182078,-6.136720370752968e-08,0.6665143690327533,0.3339420243285216
img_001417.jpg,0.140043,-0.103123,1.303138,76.06835113756821,-62.92577526447011,76.06837470438509,0.667239658033675,-5.146271764289168e-08,0.6672397261135279,0.3310323045309116
img_001418.jpg,0.139853,-0.102992,1.302997,76.20054681129696,-63.168489221558325,76.20054789721846,0.6679587287408865,2.281535382842037e-08,0.6679587318502936,0.3281192911789947
img_001419.jpg,0.139662,-0.102862,1.302855,76.3326151255241,-63.41134397247352,76.33256777601669,0.6686714621734868,-3.1396860111776444e-09,0.6686713277987386,0.325203215012772
img_001420.jpg,0.139471,-0.102731,1.302714,76.46457520493334,-63.65432376785907,76.46442926531151,0.6693778814773562,2.7954692616294352e-08,0.6693774710280451,0.3222841185491222
img_001421.jpg,0.139281,-0.1026,1.302573,76.59631472186848,-63.89745703194316,76.59625725859905,0.670077702233201,-1.4945002957400533e-08,0.6700775420855203,0.31936180197779
img_001422.jpg,0.139132,-0.102423,1.302446,76.72795458902769,-64.14070285403561,76.72793446316027,0.6707712011915968,1.2439045010692598e-07,0.670771145615411,0.3164365115813219
img_001423.jpg,0.138941,-0.102293,1.302305,76.85949008184616,-64.38410344699021,76.85944828397605,0.6714584118015856,5.306221206868855e-08,0.6714582974478324,0.3135081434498115
img_001424.jpg,0.138751,-0.102162,1.302163,76.9908849317089,-64.6276125826436,76.99084640341147,0.6721391638702483,1.0621318785597469e-07,0.6721390594471607,0.3105769295316032
img_001425.jpg,0.13856,-0.102031,1.302022,77.12218074261612,-64.87126214768564,77.12209074301465,0.6728136045013464,7.854165978704587e-08,0.6728133628803412,0.3076427023797993
img_001426.jpg,0.138369,-0.1019,1.30188,77.2533365770505,-65.11503277818763,77.25324239957716,0.6734815892173708,1.8683724034573856e-07,0.6734813387939457,0.3047054894181006
img_001427.jpg,0.138221,-0.101723,1.301754,77.38432436530168,-65.35894042295169,77.38428039802017,0.6741430580412566,1.796327275815912e-08,0.6741429422577679,0.3017655227139481
img_001428.jpg,0.13803,-0.101592,1.301612,77.51521475546981,-65.60295627236746,77.51519844425441,0.674798153702441,1.0819392637362313e-07,0.6747981111673538,0.2988226245195245
img_001429.jpg,0.137839,-0.101462,1.301471,77.64602027970969,-65.84711500067381,77.64596570793313,0.6754469431754497,1.0715650089476725e-07,0.675446802270437,0.2958767382839865
img_001430.jpg,0.137649,-0.101331,1.301329,77.77664331829105,-66.09137784808728,77.77665243072664,0.676089117304886,7.407687552252186e-08,0.6760891405988425,0.2929282837593757
img_001431.jpg,0.137458,-0.1012,1.301188,77.90719369097152,-66.33577695885874,77.90719288513372,0.6767249916208797,4.2182638160248593e-08,0.6767249895816865,0.2899768511301976
img_001432.jpg,0.137267,-0.101069,1.301047,78.03766713489155,-66.5802797586995,78.03758342167113,0.6773545038857183,1.4649269314270796e-07,0.6773542942052857,0.2870227102292951
img_001433.jpg,0.137119,-0.100892,1.30092,78.1679306581682,-66.82491960543078,78.16793741387337,0.677977354861651,3.692292721568791e-08,0.6779773716086539,0.284065819628865
img_001434.jpg,0.136928,-0.100762,1.300778,78.29820071032353,-67.06965004124571,78.29807768534485,0.6785940189212017,2.146303106353997e-07,0.6785937171265732,0.2811062513724411
img_001435.jpg,0.136737,-0.100631,1.300637,78.42824664161219,-67.3145286620134,78.42817584523418,0.6792039889294319,-5.648113660106092e-08,0.679203817087911,0.2781440566964476
img_001436.jpg,0.136547,-0.1005,1.300496,78.55821654921222,-67.55949418752901,78.55817563911266,0.6798075485661892,1.2981604147199732e-07,0.679807450325018,0.2751790824081837
img_001437.jpg,0.136356,-0.100369,1.300354,78.68806553291853,-67.8045799438005,78.68804520926183,0.6804046210094057,8.50277795394483e-08,0.6804045727306547,0.2722116256081929
img_001438.jpg,0.136165,-0.100239,1.300213,78.81781903731518,-68.04978333230923,78.81780095474225,0.6809952564731881,5.005672193414412e-08,0.6809952139868147,0.2692414886083988
img_001439.jpg,0.136017,-0.100062,1.300086,78.94753478201744,-68.29509353709653,78.94739525020648,0.6815795684117145,1.294357919179312e-07,0.6815792441908586,0.2662687097875041
img_001440.jpg,0.135826,-0.099931,1.299945,79.07706059653769,-68.54049753116206,79.07693555125933,0.6821571801873996,1.1540413463739797e-07,0.6821568928744022,0.2632936668868125
img_001441.jpg,0.135635,-0.0998,1.299803,79.20643284392305,-68.78603758234415,79.20641857004524,0.6827282217219648,-8.44913095598976e-08,0.682728189296218,0.2603159518828307
img_001442.jpg,0.135445,-0.099669,1.299662,79.33581941539299,-69.03165010756284,79.33570462624722,0.683292995785657,7.364741655413455e-08,0.6832927380060629,0.257335804151763
img_001443.jpg,0.135254,-0.099539,1.299521,79.46498803803865,-69.27739274769861,79.46498493765395,0.6838510349788871,-4.0153323777047945e-08,0.6838510280971191,0.2543531665397871
img_001444.jpg,0.135063,-0.099408,1.299379,79.5941897832666,-69.52322751713287,79.59405922688913,0.6844028504805959,9.211002971465376e-08,0.6844025640920779,0.2513679942200591
img_001445.jpg,0.134915,-0.099231,1.299252,79.72317997972009,-69.76916106259458,79.72311476657364,0.684947902365032,6.258915613566174e-08,0.6849477610135536,0.2483806267168565
img_001446.jpg,0.134724,-0.0991,1.299111,79.85210140361633,-70.01519783370361,79.85204428628582,0.685486503404219,3.193919928534683e-08,0.6854863810909099,0.2453908616667387
img_001447.jpg,0.134533,-0.098969,1.29897,79.98085133715867,-70.26134241796044,79.98095683458683,0.6860184322222181,-1.3989565061933718e-08,0.6860186553838103,0.2423986697916444
img_001448.jpg,0.134343,-0.098839,1.298828,80.1096714972503,-70.50756385140294,80.1095957612034,0.6865441610817404,6.007973674115874e-09,0.6865440028542029,0.2394043588356273
img_001449.jpg,0.134152,-0.098708,1.298687,80.23829541345305,-70.75390888451874,80.23825939570891,0.6870631692328998,-3.325327124770183e-08,0.6870630949266975,0.2364074979212596
img_001450.jpg,0.134003,-0.098531,1.29856,80.36685849654621,-71.00033033142005,80.36678668727029,0.6875756858552509,-1.3248471708582345e-08,0.6875755395888197,0.2334085550699132
img_001451.jpg,0.133813,-0.0984,1.298419,80.49527235329175,-71.24686052640189,80.4952711536761,0.6880815572928305,-1.289396348580496e-07,0.6880815548807847,0.230407344384458
img_001452.jpg,0.133622,-0.098269,1.298277,80.62370383392903,-71.4934667395923,80.62357823127394,0.688581080486847,-4.901203554119604e-09,0.6885808312317235,0.2274039015843731
img_001453.jpg,0.133431,-0.098139,1.298136,80.75194699795281,-71.74016617560676,80.75186394915724,0.6890738548944262,-7.179512023780532e-08,0.6890736922645075,0.2243984606228148
img_001454.jpg,0.13324,-0.098008,1.297995,80.88003039798492,-71.98697218826806,80.88015245432763,0.6895599502121563,-1.1945609540431334e-07,0.6895601860246374,0.2213906613049922
img_001455.jpg,0.13305,-0.097877,1.297853,81.00816108779763,-72.23385536590102,81.00820816841824,0.6900397325272456,-1.5872158748431178e-07,0.6900398222502604,0.2183808857078182
img_001456.jpg,0.132901,-0.0977,1.297727,81.13616436453032,-72.48081780447393,81.13624267186368,0.6905128595438599,-3.763079126084534e-09,0.6905130067184587,0.215368935450764
img_001457.jpg,0.13271,-0.097569,1.297585,81.2641526865334,-72.72787956058671,81.26408578408952,0.6909795559555157,-1.5065245395629034e-07,0.690979431975499,0.2123550749059511
img_001458.jpg,0.13252,-0.097439,1.297444,81.39195376678684,-72.97501984337147,81.39197739954861,0.691439476660378,-8.51295209880476e-08,0.691439519833349,0.2093390563851932
img_001459.jpg,0.132329,-0.097308,1.297302,81.51969745713933,-73.22224363307932,81.51974757926436,0.6918928628284005,-1.0300827368858735e-07,0.6918929530728155,0.2063211279905382
img_001460.jpg,0.132138,-0.097177,1.297161,81.64737017347977,-73.46954347056041,81.64743115973359,0.6923396764345614,-5.2524699645228885e-08,0.6923397846325654,0.2033012421246292
img_001461.jpg,0.131948,-0.097046,1.297019,81.77504183160465,-73.71693022184424,81.77495131639955,0.6927800431809893,-6.611733377459572e-08,0.6927798849815006,0.200279411660712
img_001462.jpg,0.131799,-0.096869,1.296893,81.90251431385074,-73.96440005153029,81.90250594528457,0.6932136070478757,-1.4417404831101877e-07,0.6932135926423981,0.1972556969506129
img_001463.jpg,0.131608,-0.096739,1.296751,82.02999682754984,-74.21194421234871,82.02991497901823,0.6936407195393486,-7.877850000115316e-08,0.6936405808080597,0.194230010176559
img_001464.jpg,0.131418,-0.096608,1.29661,82.15735596010366,-74.4595663034819,82.15727070344127,0.6940611491623916,-1.641284281261868e-07,0.6940610069068631,0.1912026148220376
img_001465.jpg,0.131227,-0.096477,1.296468,82.28464713149828,-74.70726932582812,82.28455400828273,0.6944749880659071,-2.2196568094656757e-07,0.6944748351464153,0.1881733092103352
img_001466.jpg,0.131036,-0.096346,1.296327,82.41190210965078,-74.95504936961878,82.41174855236,0.694882278765511,-1.571007982592576e-07,0.6948820306679273,0.1851420592746115
img_001467.jpg,0.130846,-0.096215,1.296185,82.53898354460135,-75.20288958830132,82.53895851944719,0.6952827817872627,-8.849228222418405e-08,0.6952827420172419,0.1821092035102651
img_001468.jpg,0.130697,-0.096039,1.296059,82.66604656123037,-75.4508147675838,82.66603956396303,0.6956767625202736,-1.2786819619803325e-07,0.6956767515855091,0.1790745637792489
img_001469.jpg,0.130507,-0.095908,1.295918,82.79303495655019,-75.69879219690428,82.79304690321217,0.696064100308646,-1.005214690374956e-07,0.6960641186613923,0.1760383792632857
img_001470.jpg,0.130316,-0.095777,1.295776,82.91995460117379,-75.94685943324451,82.92000160067313,0.6964448286228009,-9.916515669727845e-08,0.6964448995784867,0.1730002963455823
img_001471.jpg,0.130125,-0.095646,1.295635,83.0468932663639,-76.19497807010723,83.04678349488414,0.6968190440479638,-1.0447851511719008e-07,0.696818881236366,0.1699607796068554
img_001472.jpg,0.129934,-0.095516,1.295493,83.17359575823909,-76.44318109717896,83.17366767079173,0.6971863880235237,-2.2338698385526714e-07,0.6971864927746472,0.1669195454320725
img_001473.jpg,0.129786,-0.095339,1.295367,83.30033324907025,-76.69142930285345,83.30040619678084,0.6975472289797393,-9.339950268749676e-08,0.6975473333017785,0.1638767254562277
img_001474.jpg,0.129595,-0.095208,1.295225,83.42713150174127,-76.93975651769412,83.42695711880835,0.6979016151942558,-4.5794404046617394e-08,0.6979013704433185,0.1608322500078415
img_001475.jpg,0.129404,-0.095077,1.295084,83.55357770223836,-77.18814834885868,83.5537096172697,0.6982489536774112,-1.577467483304673e-07,0.6982491353171016,0.157786386349695
img_001476.jpg,0.129214,-0.094946,1.294942,83.68026493829257,-77.43660367559264,83.6801057491979,0.6985900634479707,-2.3085584743842705e-07,0.6985898484869475,0.1547389635569878
img_001477.jpg,0.129023,-0.094816,1.294801,83.80659914444037,-77.6851178467149,83.80674707848716,0.6989241268034283,-2.130142366940646e-07,0.6989243226301045,0.1516900003562186
img_001478.jpg,0.128832,-0.094685,1.29466,83.93305597769488,-77.93367908960374,83.93314099962595,0.6992517726142295,-1.570425840480283e-07,0.6992518828982833,0.1486397078813011
img_001479.jpg,0.128684,-0.094508,1.294533,84.05939578101736,-78.18230956525524,84.05952813537621,0.6995726924871111,-2.171634391756605e-07,0.6995728606423877,0.1455879822612889
img_001480.jpg,0.128493,-0.094377,1.294391,84.1858080740857,-78.43099806115096,84.18575168062611,0.6998871157059938,-1.465543609247e-07,0.6998870455610526,0.1425347281350915
img_001481.jpg,0.128302,-0.094246,1.29425,84.31202096258392,-78.67973141692387,84.31203336623372,0.7001946892581179,-1.9243185334083535e-07,0.7001947043557679,0.1394803682488309
img_001482.jpg,0.128112,-0.094116,1.294108,84.43821352511281,-78.92853244257203,84.43825727646924,0.7004956481504985,-1.3285167071996898e-07,0.7004957002376455,0.1364244144966949
img_001483.jpg,0.127921,-0.093985,1.293967,84.56440363914767,-79.17737077425288,84.56434669101343,0.700789988801152,-1.6163002569680176e-07,0.7007899225221156,0.1333674476306059
img_001484.jpg,0.12773,-0.093854,1.293826,84.69053656131912,-79.42627697759508,84.69042177826978,0.7010776593569379,-9.063928158026259e-08,0.7010775288303556,0.1303089180359929
img_001485.jpg,0.127582,-0.093677,1.293699,84.8164790708149,-79.67523930223041,84.81656108056586,0.7013585017810529,-2.038541577764619e-07,0.7013585928494016,0.1272492680360192
img_001486.jpg,0.127391,-0.093546,1.293558,84.94252881873344,-79.92422943845303,84.94250890629823,0.701632831036227,-9.155546071282217e-08,0.7016328094561677,0.1241884499731199
img_001487.jpg,0.1272,-0.093416,1.293417,85.06845210083067,-80.1732880635799,85.06847422226538,0.7019004065719778,-1.795531472392753e-07,0.701900429954903,0.1211264037408119
img_001488.jpg,0.12701,-0.093285,1.293275,85.19434132274176,-80.42237782480173,85.19437976860978,0.7021613067295682,-1.6612333525456438e-07,0.702161346340162,0.1180633009769276
img_001489.jpg,0.126819,-0.093154,1.293134,85.32026121843445,-80.6715142774327,85.32018444572151,0.7024156007642872,-2.5099436751219173e-08,0.7024155237186598,0.1149989384385171
img_001490.jpg,0.12667,-0.092977,1.293007,85.44598710151733,-80.92071280778771,85.446063821481,0.7026630675199743,-1.7510269045839524e-07,0.7026631424602688,0.1119335596291364
img_001491.jpg,0.12648,-0.092846,1.292866,85.5717680613797,-81.16993965058572,85.57182025302681,0.7029039360283182,-1.140394095822117e-07,0.7029039856126588,0.1088670920238263
img_001492.jpg,0.126289,-0.092716,1.292724,85.69752264318332,-81.41921377004637,85.69752344310882,0.703138129666806,-5.36019483243777e-08,0.703138130405357,0.1057995282537787
img_001493.jpg,0.126098,-0.092585,1.292583,85.82325177747767,-81.66852385494715,85.82315225509987,0.7033656399776778,-7.007644969858617e-08,0.7033655507561305,0.1027310980585344
img_001494.jpg,0.125908,-0.092454,1.292441,85.94877864654329,-81.91788387930853,85.94890282853684,0.7035863155101787,-1.5366344974232504e-07,0.7035864235125604,0.0996616339199364
img_001495.jpg,0.125717,-0.092323,1.2923,86.07457832584849,-82.16727910463653,86.07432028804516,0.7038005605675359,-1.1137139155348309e-07,0.7038003430634135,0.0965911385616262
img_001496.jpg,0.125568,-0.092147,1.292173,86.19997430101229,-82.41669976604601,86.20006842591886,0.7040077916372047,1.6867381769092304e-08,0.7040078684538816,0.0935197865113482
img_001497.jpg,0.125378,-0.092016,1.292032,86.32544139111783,-82.6661720531496,86.32565340265162,0.7042084213023201,-7.002924085064421e-08,0.7042085886437326,0.0904475707097272
img_001498.jpg,0.125187,-0.091885,1.291891,86.45088901774787,-82.91567991271714,86.45119636841446,0.7044023627797538,-1.071653711326448e-07,0.7044025971299899,0.0873744382918365
img_001499.jpg,0.124996,-0.091754,1.291749,86.5764750473253,-83.16521302927856,86.57654021691667,0.7045897248618858,-4.8261757756851154e-08,0.7045897728045529,0.0843004844486571
img_001500.jpg,0.124805,-0.091623,1.291608,86.70182577351748,-83.41478389034083,86.70204751220699,0.70477023135076,-6.121274864767656e-08,0.7047703885252954,0.0812257376679132
img_001501.jpg,0.124615,-0.091492,1.291466,86.82736804744377,-83.66438141236002,86.82730392420439,0.7049441835682289,-2.2695286094887024e-08,0.7049441398368738,0.0781502256105044
img_001502.jpg,0.124466,-0.091316,1.29134,86.95271516414168,-83.91400985665072,86.95269229125037,0.7051113097521062,-5.000715008751655e-09,0.7051112947670677,0.0750739825211017
img_001503.jpg,0.124276,-0.091185,1.291198,87.07800097843598,-84.16367402803084,87.07807433296023,0.7052717068009136,-8.722521460668987e-08,0.7052717528889716,0.0719970427381297
img_001504.jpg,0.124085,-0.091054,1.291057,87.20328480099862,-84.4133614713861,87.20341964973917,0.7054254070926215,-3.6619548615668414e-08,0.7054254881952919,0.0689193414988987
img_001505.jpg,0.123894,-0.090923,1.290915,87.3285411107725,-84.66307791806152,87.32872541545308,0.7055723939050882,-8.521263888949805e-08,0.7055724998011852,0.0658410546949423
img_001506.jpg,0.123703,-0.090792,1.290774,87.45381933875818,-84.91281297440065,87.45396403457451,0.7057126897193353,-5.6509955603800683e-08,0.7057127689696066,0.0627621484841673
img_001507.jpg,0.123513,-0.090662,1.290633,87.57934124332157,-85.16258264282787,87.57892310577134,0.705846409008771,-1.3822268052354758e-08,0.7058461912310376,0.0596825034164958
img_001508.jpg,0.123364,-0.090485,1.290506,87.70455964918504,-85.41237150069173,87.70411069243589,0.7059732541038927,-1.249178852580357e-07,0.7059730323422296,0.0566024919545263
img_001509.jpg,0.123173,-0.090354,1.290364,87.82970353712346,-85.6621774863187,87.8293662875375,0.7060933527570963,2.2653144138296e-08,0.7060931952394485,0.0535217416456931
img_001510.jpg,0.122983,-0.090223,1.290223,87.95473518114777,-85.91200912362348,87.95466748826841,0.7062066932696445,-1.6294503191183196e-08,0.7062066634727828,0.0504406071314944
img_001511.jpg,0.122792,-0.090093,1.290082,88.0801289793018,-86.16185699164511,88.07956475155075,0.7063134756204152,-5.255185581143351e-08,0.7063132424335248,0.0473590299736755
img_001512.jpg,0.122602,-0.089962,1.28994,88.20526008428197,-86.4117243101027,88.20468912067905,0.706413427090989,-8.989342276111145e-08,0.7064132064770279,0.0442769888361875
img_001513.jpg,0.122453,-0.089785,1.289813,88.33014208711462,-86.66160953418797,88.33005897127961,0.70650657079847,5.623485271888384e-08,0.7065065409192532,0.0411943328249747
img_001514.jpg,0.122262,-0.089654,1.289672,88.45549841242307,-86.91151494409115,88.45488201534693,0.7065931653299028,-7.486626596442393e-08,0.7065929603254779,0.0381115091217942
img_001515.jpg,0.122071,-0.089523,1.289531,88.58032298768512,-87.16142984960052,88.58023345302819,0.7066728607707898,-1.3056461634075589e-08,0.7066728334019662,0.0350281940965375
img_001516.jpg,0.121881,-0.089393,1.289389,88.70545675463177,-87.41135960662585,88.70522840163537,0.7067459333185555,-8.441270499259802e-08,0.7067458696608118,0.031944662387631
img_001517.jpg,0.12169,-0.089262,1.289248,88.83030261603052,-87.66129355345045,88.83050005302944,0.7068122042965382,-2.2585171344235988e-08,0.706812254022575,0.028860793838614
img_001518.jpg,0.121499,-0.089131,1.289107,88.95562914285561,-87.91125462306609,88.95526731375567,0.7068718709819852,-6.838866373204412e-08,0.7068717895913035,0.0257765609500415
img_001519.jpg,0.121351,-0.088954,1.28898,89.08117382557614,-88.16121277097253,89.0797921820044,0.7069248373751646,-6.15957469474182e-08,0.706924563773583,0.0226921888680384
img_001520.jpg,0.12116,-0.088823,1.288838,89.20543010729102,-88.41118624576329,89.20558838466698,0.7069708287458046,-9.264142752929416e-08,0.7069708558282365,0.0196075575213349
img_001521.jpg,0.120969,-0.088693,1.288697,89.33028268625851,-88.66116466187232,89.33078904019283,0.7070102186473589,-9.545400914134916e-09,0.7070102916571688,0.0165226577480415
img_001522.jpg,0.120779,-0.088562,1.288556,89.45623340161352,-88.91114370982807,89.45486004777456,0.7070430165697894,-6.794528550901901e-09,0.707042855521463,0.0134377518933909
img_001523.jpg,0.120588,-0.088431,1.288414,89.58108023149845,-89.16114146461098,89.58003678136953,0.7070689350491453,-1.218184370044284e-08,0.7070688407807122,0.0103525593689309
img_001524.jpg,0.120397,-0.0883,1.288273,89.70650333624928,-89.4111271740043,89.70461426533492,0.7070881675771818,-1.1087346374338836e-08,0.7070880477714476,0.0072674597423002
img_001525.jpg,0.120249,-0.088124,1.288146,89.83137147413062,-89.66112550381432,89.8297415038038,0.7071006268902528,-6.814910874508584e-08,0.7071005674024824,0.0041822279343377
img_001526.jpg,0.120058,-0.087993,1.288005,89.97042106898557,-89.9111259523925,89.94068900236509,0.7071064980688095,-9.785014254415358e-08,0.7071062134852872,0.0010969226748211
img_001527.jpg,0.119867,-0.087862,1.287863,-89.9256415769245,-89.8388758152507,-89.91323376615719,0.7071054908578758,1.936590554585393e-09,0.7071052755472356,-0.0019884898567883
img_001528.jpg,0.119677,-0.087731,1.287722,-89.79512672046002,-89.58887433613187,-89.79374558939551,0.7070977099230471,-3.823984962014748e-09,0.7070976487699733,-0.0050738275057312
img_001529.jpg,0.119486,-0.0876,1.28758,-89.66946457409217,-89.3388809931318,-89.66938643586235,0.707083246816439,1.1711599462449485e-07,0.7070832412529076,-0.0081591672854354
img_001530.jpg,0.119337,-0.087423,1.287454,-89.54462307128401,-89.08888517272963,-89.54424055678685,0.7070620979394047,-4.4772450358276934e-08,0.7070620604052897,-0.0112442159776698
img_001531.jpg,0.119147,-0.087293,1.287312,-89.42004817629403,-88.83890424912484,-89.41877018216732,0.707034261682534,1.621673645368915e-07,0.707034101874281,-0.0143293961434673
img_001532.jpg,0.118956,-0.087162,1.287171,-89.29498731375331,-88.58892579927762,-89.29381188188037,0.7069996453994773,1.209802704127405e-07,0.7069994667728985,-0.0174142294643234
img_001533.jpg,0.118765,-0.087031,1.28703,-89.17014911108717,-88.33893507858224,-89.16860234922363,0.7069583360481542,5.6013032490032095e-08,0.706958059351062,-0.0204991075562366
img_001534.jpg,0.118575,-0.0869,1.286888,-89.044990816902,-88.08897473289873,-89.04371424959199,0.7069102445851239,2.3853684305574774e-08,0.7069099818611171,-0.0235835460801575
img_001535.jpg,0.118384,-0.086769,1.286747,-88.91959285082423,-87.83900823712955,-88.91903627324218,0.7068553617725313,-3.2375040814880414e-08,0.7068552322447814,-0.0266679242086635
img_001536.jpg,0.118235,-0.086593,1.28662,-88.79435665901507,-87.58905777907678,-88.79417435011509,0.7067937761630969,-4.329120706358936e-08,0.7067937288291877,-0.0297520228697321
img_001537.jpg,0.118045,-0.086462,1.286479,-88.6695537640789,-87.33912038380217,-88.66884950646981,0.7067255800172842,-3.3448180336570484e-09,0.706725378214345,-0.0328358696705887
img_001538.jpg,0.117854,-0.086331,1.286337,-88.54446734443049,-87.08919410917503,-88.54378508301664,0.7066505851457476,1.3215004479594228e-08,0.7066503712869643,-0.0359193996771681
img_001539.jpg,0.117663,-0.0862,1.286196,-88.41913506696014,-86.83927947772509,-88.41895046705018,0.7065687834467549,-5.5931661691044354e-08,0.7065687206160036,-0.0390025294773735
img_001540.jpg,0.117473,-0.08607,1.286054,-88.2940808506609,-86.58938909576771,-88.29379869386351,0.706480351833947,-1.2911463787013132e-08,0.7064802482080474,-0.0420852867933441
img_001541.jpg,0.117282,-0.085938,1.285913,-88.1687701191361,-86.33951720415419,-88.16886368244558,0.7063851035659813,8.87003604455039e-08,0.7063851404450399,-0.0451676744864238
img_001542.jpg,0.117133,-0.085762,1.285786,-88.0437068414471,-86.08964726008634,-88.04367161188583,0.7062832292219511,-6.113645129035561e-08,0.7062832143882807,-0.0482495719480178
img_001543.jpg,0.116943,-0.085631,1.285645,-87.9187507558758,-85.83980966419402,-87.91830987423823,0.7061746947609098,2.9081420105381284e-08,0.7061744972688915,-0.0513310810948248
img_001544.jpg,0.116752,-0.0855,1.285503,-87.7933335804771,-85.5899814202317,-87.793389376446,0.7060592369038226,-6.74217316420922e-08,0.7060592633977154,-0.0544120441911788
img_001545.jpg,0.116561,-0.085369,1.285362,-87.66821440675375,-85.34017066046047,-87.66810046040099,0.7059372039238925,-1.0949215090150233e-08,0.7059371467549074,-0.0574926860361967
img_001546.jpg,0.11637,-0.085239,1.285221,-87.54300624823084,-85.09040196186716,-87.54287405997191,0.7058084248126546,5.7414100584907146e-08,0.7058083549386418,-0.0605725479263012
img_001547.jpg,0.11618,-0.085108,1.285079,-87.41765316512124,-84.84063180495315,-87.41773533901187,0.7056728533929184,3.6368458522506586e-08,0.7056728990379355,-0.0636520506165423
img_001548.jpg,0.116031,-0.084931,1.284953,-87.29237218244285,-84.59090284031502,-87.29249708722827,0.7055306192927795,-1.636976726393513e-08,0.7055306920292647,-0.0667307114082693
img_001549.jpg,0.115841,-0.0848,1.284811,-87.16708831374363,-84.34120437576787,-87.16718059790242,0.7053816837548739,1.4165226253082253e-07,0.7053817399740376,-0.0698088900808345
img_001550.jpg,0.11565,-0.08467,1.28467,-87.04195395826666,-84.09151112145926,-87.04169644768416,0.7052261395117181,-5.563312827083777e-08,0.7052259757211855,-0.072886317766076
img_001551.jpg,0.115459,-0.084539,1.284528,-86.91634459928947,-83.84185848253341,-86.91661022740838,0.7050635995064873,-4.890734289775268e-08,0.7050637755923115,-0.0759631028754608
img_001552.jpg,0.115268,-0.084408,1.284387,-86.79110460067537,-83.59223709060494,-86.79109054341541,0.7048946093789237,1.937758620229601e-09,0.7048945996829707,-0.0790391865236417
img_001553.jpg,0.11512,-0.084231,1.28426,-86.66567091438544,-83.34265251321786,-86.6657124629673,0.7047188018676613,3.5223224281732974e-08,0.7047188316406781,-0.0821144239777892
img_001554.jpg,0.114929,-0.0841,1.284119,-86.54026958316672,-83.09308745163786,-86.54023492041067,0.7045363278310794,1.426508405844018e-08,0.7045363020623032,-0.0851889772369205
img_001555.jpg,0.114739,-0.08397,1.283977,-86.41475870030945,-82.84356516326008,-86.41479905139748,0.7043470937722263,6.537233127046349e-08,0.7043471248521088,-0.0882626716521902
img_001556.jpg,0.114548,-0.083839,1.283836,-86.28924436519296,-82.59406798953009,-86.28929211246663,0.7041511737405816,9.800472422494266e-08,0.7041512117976791,-0.0913356197965039
img_001557.jpg,0.114357,-0.083708,1.283695,-86.16386282155786,-82.34461120098089,-86.16361609435548,0.7039486907224035,-5.0533779105688126e-08,0.7039484874535041,-0.0944074564964814
img_001558.jpg,0.114166,-0.083577,1.283553,-86.03817660334231,-82.09520225001819,-86.0381365871615,0.7037392918994763,8.525085060107075e-08,0.7037392578593118,-0.0974785411485088
img_001559.jpg,0.114018,-0.0834,1.283427,-85.9125454978982,-81.84581145883708,-85.91254227873996,0.7035232613912964,1.7665556240054059e-09,0.703523258566636,-0.1005487212108435
img_001560.jpg,0.113827,-0.08327,1.283285,-85.78682412859031,-81.5964660368466,-85.78693976279055,0.7033004892889136,8.319046695959288e-08,0.703300593849657,-0.1036180315229336
img_001561.jpg,0.113636,-0.083139,1.283144,-85.66132994457686,-81.34717097426365,-85.66105112477695,0.7030712722661034,9.548515439439242e-08,0.7030710126816446,-0.1066861623685105
img_001562.jpg,0.113446,-0.083008,1.283003,-85.5354185846915,-81.09790941176827,-85.53549942068467,0.7028350097470051,4.287060895169503e-08,0.7028350871699368,-0.1097533111881043
img_001563.jpg,0.113255,-0.082877,1.282861,-85.40974994111157,-80.8486835081378,-85.40961011338871,0.7025923248252364,6.215822079269628e-09,0.7025921871598135,-0.1128195179862913
img_001564.jpg,0.113064,-0.082746,1.28272,-85.28383828869188,-80.59950946280878,-85.28387726743183,0.7023427599931815,1.2326910936444337e-08,0.7023427994117486,-0.1158845960411838
img_001565.jpg,0.112916,-0.08257,1.282593,-85.15802641773206,-80.35037763601147,-85.15794738145223,0.7020866534172594,4.485724763858556e-08,0.702086571375842,-0.1189486333972175
img_001566.jpg,0.112725,-0.082439,1.282452,-85.03204240606627,-80.10129510493269,-85.03211090214232,0.701823733893447,1.1801608357231432e-08,0.7018238068246814,-0.1220114368326682
img_001567.jpg,0.112534,-0.082308,1.28231,-84.90610001794802,-79.85225521576673,-84.90612036241724,0.7015542242978168,5.6040716345240333e-08,0.701554246503179,-0.1250732168901178
img_001568.jpg,0.112344,-0.082177,1.282169,-84.78020370470152,-79.60327303499174,-84.77999368329768,0.701278148172324,1.1151341117177085e-07,0.7012779133313106,-0.1281337081710591
img_001569.jpg,0.112153,-0.082046,1.282027,-84.65399905109413,-79.35433745688177,-84.65408624237516,0.7009951046777743,8.121594746723916e-08,0.7009952045007732,-0.1311929361082711
img_001570.jpg,0.111962,-0.081916,1.281886,-84.52801436300943,-79.10545575732716,-84.52783482032257,0.7007056995586556,2.014144385720229e-07,0.7007054892137112,-0.1342510334848421
img_001571.jpg,0.111814,-0.081739,1.281759,-84.40177473866964,-78.85661298656773,-84.40175927193862,0.7004093801277416,8.209072477338708e-08,0.7004093615949523,-0.1373077798932653
img_001572.jpg,0.111623,-0.081608,1.281618,-84.27555702026405,-78.60783718549197,-84.27553383088654,0.700106489379616,1.7376000005508985e-07,0.700106460974969,-0.1403632673801218
img_001573.jpg,0.111432,-0.081477,1.281476,-84.14935915220092,-78.35910665299883,-84.1491982052803,0.6997970214181184,8.931823980429243e-08,0.69979681998471,-0.1434173614093113
img_001574.jpg,0.111242,-0.081346,1.281335,-84.02301287047601,-78.11044948576055,-84.0229028088213,0.6994807883182229,8.969081405352243e-08,0.6994806476384305,-0.1464699639961422
img_001575.jpg,0.111051,-0.081216,1.281194,-83.89653270666408,-77.86183556929846,-83.89660432390586,0.6991577865810734,1.41258219399365e-07,0.699157880028619,-0.149521397321325
img_001576.jpg,0.110903,-0.081039,1.281067,-83.77014489153215,-77.61328014381786,-83.77010355394575,0.6988283246918741,1.5099231809312388e-07,0.6988282696535633,-0.152571367370593
img_001577.jpg,0.110712,-0.080908,1.280926,-83.64363467007472,-77.36478913633024,-83.64362596102364,0.6984921309808656,6.795974222262302e-08,0.6984921191536451,-0.1556197366597657
img_001578.jpg,0.110521,-0.080777,1.280784,-83.51714622501375,-77.11635463604891,-83.51698592868884,0.698149398839142,7.312621419508504e-08,0.698149176888341,-0.1586667693963397
img_001579.jpg,0.11033,-0.080646,1.280643,-83.39042471816039,-76.86799357287524,-83.39046184067385,0.6977997910170276,1.0551434193040167e-07,0.6977998434044708,-0.1617121832184508
img_001580.jpg,0.110139,-0.080516,1.280501,-83.26380512234975,-76.61967679970776,-83.2636908270574,0.6974437593066468,1.3135639542749544e-07,0.6974435949764533,-0.1647562879847566
img_001581.jpg,0.109949,-0.080385,1.28036,-83.13700732829275,-76.37145105210499,-83.13699714295497,0.6970809441846184,1.496734836625713e-07,0.697080929270057,-0.1677984961275049
img_001582.jpg,0.1098,-0.080208,1.280233,-83.01021393965391,-76.12326333956389,-83.01016076204603,0.6967115749893058,3.636167594800455e-08,0.6967114957092568,-0.1708393193105438
img_001583.jpg,0.10961,-0.080077,1.280092,-82.8833345648275,-75.87515428235209,-82.88324722840429,0.6963355540575606,1.7212782732478618e-07,0.6963354215353884,-0.1738786268362309
img_001584.jpg,0.109419,-0.079947,1.27995,-82.75634678603267,-75.62712012007937,-82.75634348462896,0.6959528473274996,1.1879344480325574e-07,0.6959528422305203,-0.1769160130909356
img_001585.jpg,0.109228,-0.079816,1.279809,-82.62931714531173,-75.37914688807585,-82.62934279622796,0.6955635500502014,1.1162444746304344e-08,0.6955635903317678,-0.1799517703340014
img_001586.jpg,0.109037,-0.079685,1.279667,-82.50226602731873,-75.13124860429983,-82.50220396281381,0.6951677123793696,3.99824319208264e-08,0.6951676132714844,-0.1829859041665786
img_001587.jpg,0.108847,-0.079554,1.279526,-82.37508544186586,-74.8834261795556,-82.3750597843443,0.6947651685382703,3.7586717238635714e-08,0.6947651268880334,-0.1860182223499679
img_001588.jpg,0.108698,-0.079377,1.279399,-82.24790134450093,-74.63567465561148,-82.24776179842728,0.694356122654129,8.682559221595555e-08,0.6943558924363576,-0.1890488549862869
img_001589.jpg,0.108507,-0.079247,1.279258,-82.12054746611871,-74.38799905439748,-82.12049195158986,0.6939403105098488,1.0111013787339473e-07,0.6939402174567985,-0.19207764067037
img_001590.jpg,0.108317,-0.079116,1.279117,-81.99316220550102,-74.14039312898741,-81.99310265557446,0.6935179599301066,7.439998478409039e-08,0.6935178585398958,-0.1951046363893348
img_001591.jpg,0.108126,-0.078985,1.278975,-81.86574986097202,-73.89288063627534,-81.86560471655417,0.6930891069881997,4.0517067645406974e-08,0.6930888560325814,-0.1981295722948645
img_001592.jpg,0.107935,-0.078854,1.278834,-81.7381113690488,-73.64542225942171,-81.73814155000635,0.6926533777864159,6.815047443042843e-08,0.6926534307657775,-0.2011529842917138
img_001593.jpg,0.107787,-0.078677,1.278707,-81.61052497725075,-73.39807165606545,-81.61049372328034,0.6922113079416704,1.1318358866807544e-07,0.6922112522547623,-0.2041741595049744
img_001594.jpg,0.107596,-0.078547,1.278566,-81.48282551170405,-73.15078327139167,-81.48280124167502,0.69176257482121,2.0926801125309424e-08,0.6917625309384714,-0.2071934865441719
img_001595.jpg,0.107406,-0.078416,1.278425,-81.35503200348744,-72.90358276450553,-81.35502404012696,0.6913072386780369,5.536445835119253e-08,0.6913072240697641,-0.210210902905395
img_001596.jpg,0.107215,-0.078285,1.278283,-81.22714415552302,-72.65646688451999,-81.22717833936842,0.6908453006580292,7.70777162095726e-08,0.6908453642656122,-0.2132262958254093
img_001597.jpg,0.107024,-0.078154,1.278141,-81.09924672811296,-72.40944073885326,-81.09918240732596,0.6903769301384373,7.675254165562252e-08,0.6903768087621756,-0.2162395806876619
img_001598.jpg,0.106833,-0.078023,1.278,-80.9712619236982,-72.16248763266883,-80.97111304990426,0.6899019741689951,-6.681524278295825e-08,0.6899016893250446,-0.2192508269178676
img_001599.jpg,0.106685,-0.077847,1.277873,-80.84306020130087,-71.9156448719081,-80.84306382895517,0.6894202222451892,7.29198844084955e-08,0.6894202292813283,-0.2222599932895467
img_001600.jpg,0.106494,-0.077716,1.277732,-80.71491527594333,-71.66885706824989,-80.71479243597231,0.6889321550907384,-6.23016727097081e-08,0.6889319136085365,-0.2252671837922852
img_001601.jpg,0.106304,-0.077585,1.27759,-80.58652170359248,-71.42219604731106,-80.5865648166799,0.6884372507810355,1.9071271528670053e-07,0.6884373366644114,-0.2282721735635443
img_001602.jpg,0.106113,-0.077454,1.277449,-80.45818058942804,-71.17559048026494,-80.45815694798839,0.6879360408076098,-1.0019551960338546e-07,0.6879359930931561,-0.2312748865849331
img_001603.jpg,0.105922,-0.077323,1.277308,-80.32971345714336,-70.9291069406978,-80.3296425515305,0.6874282432545169,8.7233345436033e-08,0.6874280982923278,-0.2342755216709479
img_001604.jpg,0.105731,-0.077193,1.277166,-80.20117352775314,-70.68271280648017,-80.20105997181494,0.6869139395272057,-2.3747482091884823e-08,0.6869137043978557,-0.2372736866861325
img_001605.jpg,0.105583,-0.077016,1.27704,-80.07247608550848,-70.43640076716704,-80.07242708864986,0.686392952016688,-1.0123330385081176e-07,0.6863928492825078,-0.2402697897690162
img_001606.jpg,0.105392,-0.076885,1.276898,-79.94375315915897,-70.19018337320502,-79.94362570589162,0.6858655749021083,-1.7302535992858028e-07,0.6858653043344698,-0.2432636377972577
img_001607.jpg,0.105201,-0.076754,1.276757,-79.81483780725165,-69.9440829576461,-79.81479224228237,0.6853314847753472,6.001185415271948e-08,0.6853313868570531,-0.2462552459628072
img_001608.jpg,0.105011,-0.076624,1.276616,-79.68591056907758,-69.69807811559717,-79.68582350613659,0.6847910510337516,-2.2164213853148595e-08,0.684790861666063,-0.2492442420653691
img_001609.jpg,0.10482,-0.076493,1.276474,-79.55690184636367,-69.45216558798484,-79.5567429531017,0.684244130028917,-1.8716402427898518e-07,0.6842437802839771,-0.2522308856259041
img_001610.jpg,0.104629,-0.076362,1.276333,-79.42772142305482,-69.20636237533913,-79.42759946112272,0.6836905470776917,-1.0507444442309223e-07,0.6836902754471923,-0.2552152877386813
img_001611.jpg,0.104481,-0.076185,1.276206,-79.29842557562384,-68.9606643510526,-79.29837127087912,0.6831304257603399,-3.1430201274940124e-08,0.6831303034010969,-0.2581972307667551
img_001612.jpg,0.10429,-0.076054,1.276065,-79.16904386234799,-68.71505925735445,-79.16903993016608,0.6825638254460453,-1.3274565696663745e-07,0.6825638164838252,-0.2611766846781658
img_001613.jpg,0.104099,-0.075923,1.275923,-79.03953973692226,-68.46957008835194,-79.03960996648914,0.6819906956108743,-9.735989076053997e-08,0.6819908575024206,-0.2641536700167146
img_001614.jpg,0.103909,-0.075793,1.275782,-78.91005306072849,-68.22417989323102,-78.9099538559781,0.6814113487307907,-1.2879230748552573e-07,0.6814111174712015,-0.267128176738278
img_001615.jpg,0.103718,-0.075662,1.27564,-78.78039723779445,-67.97891039786322,-78.78027353885528,0.6808253863202212,-2.052216641068583e-07,0.6808250947533456,-0.2700999513068773
img_001616.jpg,0.103569,-0.075485,1.275514,-78.65056261680839,-67.73373949764421,-78.65051795796336,0.6802327621782616,-1.2847743308119774e-07,0.6802326557570557,-0.2730694477619549
img_001617.jpg,0.103379,-0.075354,1.275372,-78.52072577233588,-67.48868681738111,-78.52057808337538,0.6796339260133819,-2.0000100653394528e-07,0.6796335702496871,-0.2760361150307336
img_001618.jpg,0.103188,-0.075223,1.275231,-78.39069551850896,-67.24374534158551,-78.39059255631408,0.6790284197275803,-1.7569423749197457e-07,0.6790281690415914,-0.2790002703408329
img_001619.jpg,0.102997,-0.075093,1.275089,-78.26054387994263,-66.9989217265194,-78.2604948416667,0.6784164293509949,-7.013781327946944e-08,0.6784163086883175,-0.2819618067972312
img_001620.jpg,0.102807,-0.074962,1.274948,-78.1302989346108,-66.75420146012166,-78.13027425069401,0.6777980137909225,-1.014756997319566e-07,0.6777979524167631,-0.2849206700130996
img_001621.jpg,0.102616,-0.074831,1.274807,-78.0000127213482,-66.50961399577017,-77.99989795594776,0.6771733484948118,-2.213121340632896e-07,0.6771730601813257,-0.2878765406436131
img_001622.jpg,0.102467,-0.074654,1.27468,-77.86952577053312,-66.26513315088395,-77.86943184620635,0.6765420099891993,-6.539185876119903e-08,0.6765417716119002,-0.2908300878244914
img_001623.jpg,0.102277,-0.074524,1.274539,-77.73893862761383,-66.02076912201666,-77.73888850203834,0.6759042694118278,-2.6157696564332866e-07,0.6759041409038267,-0.2937805488793547
img_001624.jpg,0.102086,-0.074393,1.274397,-77.60824988150107,-65.77652764332869,-77.60817212696854,0.6752601392223578,-2.2381475556221278e-07,0.6752599378811954,-0.2967284291570931
img_001625.jpg,0.101895,-0.074262,1.274256,-77.47744710636157,-65.53242086804842,-77.47733023966937,0.6746096115228865,-1.0651296861174941e-07,0.674609305899561,-0.2996734162962099
img_001626.jpg,0.101704,-0.074131,1.274114,-77.34650289512892,-65.28844145350634,-77.34641738742872,0.6739526131618714,-1.3953330563198918e-07,0.6739523873515636,-0.3026153578313457
img_001627.jpg,0.101514,-0.074,1.273973,-77.21547143756241,-65.0445673656443,-77.21532569692442,0.673289266426887,-1.7016308245798586e-07,0.673288877814005,-0.305554660783096
img_001628.jpg,0.101365,-0.073824,1.273846,-77.08427876296778,-64.80082250913239,-77.08416316513147,0.6726194135002901,-2.715673261266538e-07,0.6726191023000732,-0.3084909525472274
img_001629.jpg,0.101175,-0.073693,1.273705,-76.95292977196061,-64.55722378412835,-76.95286239509528,0.6719430953184353,5.845074368959757e-09,0.6719429122089269,-0.3114244681878204
img_001630.jpg,0.100984,-0.073562,1.273564,-76.82151338353596,-64.31373906982941,-76.82143078920859,0.6712605192626732,-1.3020239236771758e-07,0.6712602926846118,-0.3143547911900799
img_001631.jpg,0.100793,-0.073431,1.273422,-76.68993955856747,-64.0703950950366,-76.68986682834228,0.6705714842073736,1.999777454742002e-09,0.6705712828311898,-0.3172822705573897
img_001632.jpg,0.100603,-0.073301,1.273281,-76.55826706265194,-63.82717177574416,-76.55816686674558,0.6698761334016766,-7.17336234301591e-08,0.6698758534211592,-0.3202066628008976
img_001633.jpg,0.100454,-0.073124,1.273154,-76.42638848440538,-63.58409428774652,-76.4263951289402,0.6691742087227016,3.644326279639287e-08,0.669174227459119,-0.3231280422446123
img_001634.jpg,0.100263,-0.072993,1.273013,-76.2944253098651,-63.341144285906594,-76.29444993067418,0.6684660335278647,7.019813030861854e-08,0.6684661035812227,-0.3260463623205398
img_001635.jpg,0.100073,-0.072862,1.272871,-76.16242179848771,-63.09833053922242,-76.1623142849521,0.6677517589176855,-9.80533547689788e-08,0.6677514502753052,-0.3289613793708223
img_001636.jpg,0.099882,-0.072731,1.27273,-76.03021564677394,-62.85564893472327,-76.0300672468905,0.667030924679872,-3.353951311124703e-08,0.6670304948925123,-0.3318735668958346
img_001637.jpg,0.099691,-0.0726,1.272588,-75.89784394368468,-62.61312233690358,-75.89774226221935,0.6663036747955948,-2.6496268179521113e-08,0.6663033777304106,-0.3347823498617143
img_001638.jpg,0.099501,-0.07247,1.272447,-75.76527065567144,-62.37074084037999,-75.76532699356186,0.6655698959112335,1.173175581681285e-07,0.6655700619324033,-0.3376880310523205
img_001639.jpg,0.099352,-0.072293,1.27232,-75.63269969304709,-62.12846370668417,-75.63265228139416,0.6648301394746677,-8.751191471478847e-08,0.6648299985570666,-0.3405906027251735
img_001640.jpg,0.099161,-0.072162,1.272179,-75.49995266630835,-61.88636436349065,-75.49986901484357,0.664083995559936,-3.9061534673479066e-08,0.6640837448134895,-0.3434897767265298
img_001641.jpg,0.098971,-0.072031,1.272037,-75.36705373745465,-61.64439623044467,-75.36693015048267,0.6633314764278871,7.432407073126869e-08,0.6633311028508345,-0.3463859124887869
img_001642.jpg,0.09878,-0.0719,1.271896,-75.23396458970541,-61.40259458852498,-75.23392024826452,0.6625725249974155,1.8466554702056825e-07,0.6625723898434449,-0.3492785096962898
img_001643.jpg,0.098589,-0.07177,1.271755,-75.100769027978,-61.16091221258276,-75.10073218229547,0.6618073348384803,1.0176850051557552e-07,0.6618072216027044,-0.352167932936101
img_001644.jpg,0.098398,-0.071639,1.271613,-74.96745968119619,-60.91938998231658,-74.96738883189306,0.6610359552915854,-2.8174645338996385e-08,0.6610357357700204,-0.3550538295057924
img_001645.jpg,0.09825,-0.071462,1.271487,-74.83397901914661,-60.67802042301208,-74.83390967152008,0.6602582073487587,-5.7781526285882734e-08,0.6602579907355471,-0.3579364263363794
img_001646.jpg,0.098059,-0.071331,1.271345,-74.70034917036806,-60.43680783212928,-74.70027447368403,0.6594741747046913,4.364759442765376e-09,0.6594739395064553,-0.3608156537754459
img_001647.jpg,0.097869,-0.071201,1.271204,-74.56654370382029,-60.19574917621267,-74.56653123007378,0.6586837782652473,-1.0030836994356918e-08,0.6586837386759956,-0.3636913700571285
img_001648.jpg,0.097678,-0.07107,1.271062,-74.43264489373115,-59.95484421258889,-74.43257943384309,0.6578872883122764,-2.2424733958636978e-08,0.6578870789145078,-0.3665636469625093
img_001649.jpg,0.097487,-0.070939,1.270921,-74.2985199276992,-59.71409493718552,-74.2985446171444,0.6570842935424897,-3.279621796359322e-09,0.6570843731389552,-0.3694324806461305
img_001650.jpg,0.097296,-0.070808,1.27078,-74.16435299245664,-59.47349353836075,-74.16425252577966,0.6562753841485532,-8.455050765077132e-08,0.6562750577411468,-0.3722978226467571
img_001651.jpg,0.097148,-0.070631,1.270653,-74.02992082382241,-59.23306766921778,-74.02989190759415,0.655459890386594,8.318795408079893e-08,0.6554597957181846,-0.3751596837234288
img_001652.jpg,0.096957,-0.070501,1.270511,-73.89540090201828,-58.99280209680969,-73.8953487315661,0.6546383755803156,1.4492465894022644e-08,0.6546382034790161,-0.3780177505929207
img_001653.jpg,0.096767,-0.07037,1.27037,-73.76069171677246,-58.752703488473024,-73.76065927940175,0.6538105278709654,1.0002026151756382e-07,0.6538104200576703,-0.3808723254177078
img_001654.jpg,0.096576,-0.070239,1.270229,-73.62584483951689,-58.512757224894536,-73.62582165844991,0.6529765041182407,-6.260900725640894e-08,0.6529764264937277,-0.3837231704145565
img_001655.jpg,0.096385,-0.070108,1.270087,-73.49083928673957,-58.27297371536966,-73.49078654296164,0.6521362615226249,-3.114531582637525e-08,0.6521360835933305,-0.3865705949536852
img_001656.jpg,0.096236,-0.069931,1.26996,-73.35571977964558,-58.03336418629164,-73.35558626839503,0.6512899803883604,-1.975729013725669e-07,0.6512895266796789,-0.3894140648243845
img_001657.jpg,0.096046,-0.069801,1.269819,-73.22034145350038,-57.79393733350207,-73.22028257115758,0.6504371929497561,-5.8447082618151576e-08,0.6504369913918364,-0.3922539716265145
img_001658.jpg,0.095855,-0.06967,1.269678,-73.08487988955505,-57.55465947633784,-73.08475260794326,0.6495784525313779,-1.551794857057587e-07,0.6495780136881234,-0.395090164569948
img_001659.jpg,0.095664,-0.069539,1.269536,-72.94918238149528,-57.3155676495415,-72.94911227964229,0.6487133059230363,-6.648421768673529e-08,0.6487130624922138,-0.3979226171887863
img_001660.jpg,0.095474,-0.069408,1.269395,-72.81337708872537,-57.07663387121636,-72.81326723174756,0.6478421601559108,-1.89149326978999e-07,0.6478417759623198,-0.4007512555719255
img_001661.jpg,0.095283,-0.069277,1.269253,-72.67736175728672,-56.83789910051569,-72.67730091974515,0.6469647382645828,-1.785193263215135e-07,0.6469645240029168,-0.403575931051255
img_001662.jpg,0.095134,-0.069101,1.269127,-72.5412550672307,-56.59931962915797,-72.54107836230996,0.6460813953717924,-2.494017947718419e-07,0.6460807686905313,-0.4063969375901197
img_001663.jpg,0.094944,-0.06897,1.268985,-72.40485446343227,-56.36093190980338,-72.40478853216607,0.6451914858533918,-1.1636983404672566e-07,0.6451912504083638,-0.4092141211869049
img_001664.jpg,0.094753,-0.068839,1.268844,-72.26834422495438,-56.12271120863203,-72.26828306641076,0.6442956319592494,-1.6682791353916929e-07,0.6442954120564501,-0.4120273785092594
img_001665.jpg,0.094562,-0.068708,1.268703,-72.13168119898438,-55.88467136520264,-72.13159055538321,0.6433937162517034,-2.5506547796094736e-07,0.6433933881096103,-0.4148366835570281
img_001666.jpg,0.094372,-0.068578,1.268561,-71.99480735491188,-55.646821329905045,-71.99474001639159,0.6424855550573874,-1.861594123298005e-07,0.6424853096342953,-0.4176421176637837
img_001667.jpg,0.094181,-0.068447,1.26842,-71.85780925694284,-55.409165726191546,-71.85768724491253,0.6415714825013787,-1.9352852509424426e-07,0.6415710348316279,-0.4204433851376657
img_001668.jpg,0.094032,-0.06827,1.268293,-71.72061302496579,-55.17168981746543,-71.7204802273648,0.6406512149360406,-2.5277721982241985e-07,0.6406507244515713,-0.4232406762831143
img_001669.jpg,0.093842,-0.068139,1.268152,-71.58318070916638,-54.934394940875706,-71.58310419338738,0.6397246229552791,-8.680670948724156e-08,0.6397243384810208,-0.4260342445622639
img_001670.jpg,0.093651,-0.068008,1.26801,-71.44564524791578,-54.6973056404143,-71.44552488333892,0.6387922543048595,-1.13911313714965e-07,0.6387918038776357,-0.4288233752244146
img_001671.jpg,0.09346,-0.067877,1.267869,-71.30786268297598,-54.46039326764944,-71.30779884813767,0.6378535329630532,-5.761350457822446e-08,0.6378532925293439,-0.4316086742594766
img_001672.jpg,0.09327,-0.067747,1.267727,-71.16991339440825,-54.22367546011629,-71.16987292618452,0.6369088013357779,1.8232932164075063e-08,0.6369086479301905,-0.4343898628798316
img_001673.jpg,0.093079,-0.067616,1.267586,-71.03179211394657,-53.98715522183472,-71.03175576033911,0.6359580573217729,8.834901649157345e-08,0.6359579186327645,-0.4371668732369724
img_001674.jpg,0.09293,-0.067439,1.267459,-70.89351079431175,-53.75082749943847,-70.89345825579684,0.6350013500498184,-3.2660532833794775e-08,0.6350011483440934,-0.4399395720284656
img_001675.jpg,0.09274,-0.067308,1.267318,-70.75507076724405,-53.51469449807155,-70.75494320021372,0.6340387019300131,-1.5734784580834218e-07,0.634038209092845,-0.4427081136202689
img_001676.jpg,0.092549,-0.067177,1.267176,-70.61635897399793,-53.27877383234836,-70.61629687879713,0.6330697192708186,-4.955683596818972e-08,0.6330694778768718,-0.4454725207272265
img_001677.jpg,0.092358,-0.067047,1.267035,-70.47746463551066,-53.04304136390103,-70.47745210026862,0.6320947125617563,-1.4580541440878392e-08,0.6320946635292933,-0.4482327639622743
img_001678.jpg,0.092168,-0.066916,1.266894,-70.33845284006901,-52.8075161331971,-70.33838031332405,0.6311139851111814,-1.5617645293675153e-07,0.6311136996735782,-0.4509885096999562
img_001679.jpg,0.092019,-0.066739,1.266767,-70.1992201176028,-52.572196872839335,-70.19913605028955,0.6301271420853504,-2.387935962300247e-07,0.6301268092098467,-0.4537400016775126
img_001680.jpg,0.091828,-0.066608,1.266626,-70.05979467449923,-52.33706840679212,-70.05968995049791,0.6291342772896651,-3.816086060481894e-07,0.6291338601104586,-0.4564872913910955
img_001681.jpg,0.091638,-0.066478,1.266484,-69.92014378708126,-52.10217617353656,-69.92003815821771,0.6281353566730552,-1.1447167536093873e-07,0.6281349333610029,-0.4592303117051063
img_001682.jpg,0.091447,-0.066347,1.266343,-69.78028687347057,-51.867468979214,-69.78020465275534,0.6271303723428457,-3.627226691227392e-08,0.6271300408748961,-0.4619690551512878
img_001683.jpg,0.091256,-0.066216,1.266201,-69.64021406968331,-51.63298937914298,-69.64020512020808,0.6261193759074488,7.249175121293305e-08,0.6261193396146407,-0.4647032382863149
img_001684.jpg,0.091066,-0.066085,1.26606,-69.50000000876486,-51.39871677164646,-69.4999718528529,0.6251026437914063,1.337507182785913e-08,0.6251025289400225,-0.46743289682882
img_001685.jpg,0.090917,-0.065908,1.265933,-69.35963273364824,-51.164661663775135,-69.35950386427186,0.6240801633193714,-1.0045133003178108e-07,0.6240796345807479,-0.4701580154084548
img_001686.jpg,0.090726,-0.065778,1.265792,-69.21894896893178,-50.93082112224848,-69.21891550150029,0.6230512708182877,-4.842113593417353e-08,0.6230511327100183,-0.4728788427921867
img_001687.jpg,0.090535,-0.065647,1.265651,-69.07811855025425,-50.697180417309504,-69.07807077492622,0.6220166467976588,-1.3838647489050618e-07,0.6220164485132019,-0.475595236399189
img_001688.jpg,0.090345,-0.065516,1.265509,-68.93710096894381,-50.46377818744565,-68.93700941671845,0.6209762134083702,-1.396996133218309e-07,0.6209758312678282,-0.4783069718937961
img_001689.jpg,0.090154,-0.065385,1.265368,-68.79586306539522,-50.23058352759483,-68.79575750689241,0.6199297852745058,-2.43235267483044e-07,0.6199293421775958,-0.4810142118864051
img_001690.jpg,0.089963,-0.065254,1.265226,-68.65439978475672,-49.99763814734942,-68.65430882193124,0.618877434262436,-1.4120072333589917e-07,0.6188770502877544,-0.483716774557026
img_001691.jpg,0.089815,-0.065077,1.2651,-68.51267642145366,-49.764888375366,-68.5126842813776,0.6178189191761301,-1.3869226667129197e-07,0.61781895253972,-0.4864149720051206
img_001692.jpg,0.089624,-0.064947,1.264958,-68.37083693993918,-49.53239806650814,-68.37077264748939,0.6167549895125626,-1.9792760597159287e-08,0.6167547150947021,-0.48910827463846
img_001693.jpg,0.089433,-0.064816,1.264817,-68.22871243096476,-49.30010809781003,-68.22870772489792,0.6156848228635527,-1.1033792268744236e-08,0.6156848026663387,-0.4917971356781033
img_001694.jpg,0.089243,-0.064685,1.264675,-68.0864478416267,-49.06806379513188,-68.08636867958221,0.6146091423973612,2.890675360189832e-08,0.6146088008003174,-0.4944811665375891
img_001695.jpg,0.089052,-0.064554,1.264534,-67.94390980249057,-48.83624160164664,-67.94386207401911,0.6135273406091711,6.175530115060114e-08,0.613527133537092,-0.4971605965267094
img_001696.jpg,0.088904,-0.064378,1.264407,-67.8011545606288,-48.60464532204721,-67.80114114276793,0.6124396791496147,3.4300897511219126e-08,0.6124396206224385,-0.4998353233765691
img_001697.jpg,0.088713,-0.064247,1.264266,-67.65820413495268,-48.37330692987395,-67.65820109898074,0.6113463322121367,3.837773560055879e-08,0.6113463188988424,-0.5025050651084039
img_001698.jpg,0.088522,-0.064116,1.264124,-67.51505949925829,-48.14218372495214,-67.5149925879891,0.6102472324081352,2.321543707273221e-08,0.6102469374336892,-0.5051702591117317
img_001699.jpg,0.088331,-0.063985,1.263983,-67.37163730293207,-47.91131127887855,-67.37161082191271,0.6091420974663614,1.3259154763023417e-07,0.6091419801115626,-0.50783063432608
img_001700.jpg,0.088141,-0.063854,1.263842,-67.22808476819529,-47.68068634282385,-67.2279716349171,0.6080315861597304,-1.7041208610901748e-08,0.6080310821702654,-0.51048584049603
img_001701.jpg,0.08795,-0.063723,1.2637,-67.08420352039542,-47.45028459741558,-67.08415773989219,0.6069147798799494,1.8690221592621012e-10,0.6069145748766227,-0.5131365790562985
img_001702.jpg,0.087802,-0.063547,1.263573,-66.94010595468446,-47.22014348032943,-66.94011180490018,0.605792267642763,1.1186328174872529e-07,0.605792293974871,-0.5157823426842856
img_001703.jpg,0.087611,-0.063416,1.263432,-66.79581458231878,-46.99025468040007,-66.79581753670466,0.604664148472534,2.0282923957060106e-07,0.6046641618384515,-0.5184231080306387
img_001704.jpg,0.08742,-0.063285,1.263291,-66.6513513440915,-46.76059276299296,-66.65127476509545,0.6035304849628012,-3.7563848032107217e-08,0.6035301367507074,-0.5210588524862014
img_001705.jpg,0.087229,-0.063155,1.263149,-66.50658819561926,-46.53118824599025,-66.50655194017108,0.6023907728054535,-1.2021448314580854e-07,0.6023906071160284,-0.5236897108949312
img_001706.jpg,0.087039,-0.063024,1.263008,-66.36159026041533,-46.30205223831039,-66.36157477805608,0.6012453434482739,4.8604547608910316e-08,0.6012452723382617,-0.5263156462358441
img_001707.jpg,0.086848,-0.062893,1.262867,-66.216353090286,-46.07314609223613,-66.21637040558382,0.6000941085778101,6.469808300213488e-08,0.6000941885025036,-0.5289366935425459
img_001708.jpg,0.086699,-0.062716,1.26274,-66.07093228049258,-45.84451278765958,-66.07093684090995,0.5989374299117993,-9.417503843422993e-08,0.5989374510660705,-0.5315523349220828
img_001709.jpg,0.086509,-0.062585,1.262599,-65.92526070358343,-45.61611784509444,-65.925236805706,0.5977749388397958,-1.39045943148286e-07,0.5977748274409169,-0.5341632504890627
img_001710.jpg,0.086318,-0.062454,1.262457,-65.77936103861082,-45.387997645037125,-65.77931003583153,0.5966068316708388,-1.8183570343888178e-07,0.5966065927639271,-0.5367689091911599
img_001711.jpg,0.086127,-0.062324,1.262316,-65.63320405932063,-45.16015302892304,-65.63314874346722,0.5954329875462134,-5.1707302883841066e-08,0.5954327271807411,-0.5393694696067743
img_001712.jpg,0.085937,-0.062193,1.262174,-65.48678970826477,-44.93255139916601,-65.4867738161544,0.5942533491012416,-1.0267905903305065e-07,0.5942532739389134,-0.541964946739944
img_001713.jpg,0.085746,-0.062062,1.262033,-65.34015533506489,-44.70522857595763,-65.34012181625704,0.5930681835744406,1.1662150301017249e-08,0.5930680242883342,-0.5445552756134543
img_001714.jpg,0.085597,-0.061885,1.261906,-65.19326564112724,-44.47815230630241,-65.19325374826367,0.5918772684126028,-8.56034123586369e-08,0.591877211627725,-0.5471404440289693
img_001715.jpg,0.085407,-0.061755,1.261765,-65.0461099288249,-44.25136113858372,-65.04614287747668,0.5906806489917797,2.8605063040476608e-08,0.5906808070535632,-0.5497204335707382
img_001716.jpg,0.085216,-0.061624,1.261623,-64.89870538232074,-44.024835537055125,-64.89877703289477,0.5894783786465445,1.6899033583595013e-07,0.5894787239796737,-0.5522952788893892
img_001717.jpg,0.085025,-0.061493,1.261482,-64.75112045334369,-43.79857736626165,-64.75114177837004,0.5882708068861624,4.203908754440988e-08,0.5882709101442276,-0.5548646628175052
img_001718.jpg,0.084835,-0.061362,1.261341,-64.60323197932121,-43.5726114611702,-64.60328135240071,0.5870574078856496,1.9185941807498002e-07,0.5870576480601395,-0.5574288454149485
img_001719.jpg,0.084686,-0.061185,1.261214,-64.45513050601065,-43.3469052301705,-64.45515270977076,0.5858385634016765,1.27552653272911e-07,0.5858386719073109,-0.5599877035518921
img_001720.jpg,0.084495,-0.061055,1.261073,-64.30678102855414,-43.12148257447397,-64.30677779506065,0.5846141710462618,4.8426354759545376e-08,0.5846141551727275,-0.5625411634570114
img_001721.jpg,0.084305,-0.060924,1.260931,-64.15815177526778,-42.89634662992183,-64.15816051490977,0.5833840959832594,8.938211704112575e-08,0.5833841390813517,-0.5650893228703736
img_001722.jpg,0.084114,-0.060793,1.26079,-64.00926036474182,-42.67148106294367,-64.00928152454152,0.5821484020685406,1.2024832707346889e-07,0.5821485068841303,-0.5676322347273874
img_001723.jpg,0.083923,-0.060662,1.260648,-63.86014215885647,-42.44690479391913,-63.86014451189421,0.5809073213926097,4.1416549356743104e-08,0.5809073331005441,-0.5701695838103563
img_001724.jpg,0.083733,-0.060531,1.260507,-63.7107308491016,-42.22262124967536,-63.71076717189138,0.57966054698712,9.430752251349261e-08,0.5796607285198223,-0.5727015715697424
img_001725.jpg,0.083584,-0.060355,1.26038,-63.56108643062856,-41.99862207529456,-63.5611042344957,0.5784083737758134,1.1903137908664264e-07,0.5784084631478683,-0.5752281311835558
img_001726.jpg,0.083393,-0.060224,1.260239,-63.41118004382776,-41.77492122030091,-63.4111990432484,0.5771507041428116,1.0816295892279727e-07,0.5771507999343006,-0.5777490967908493
img_001727.jpg,0.083203,-0.060093,1.260097,-63.26101102749274,-41.551505230529095,-63.26100900018111,0.5758875192518436,1.600244272648155e-07,0.5758875089860167,-0.5802647173177189
img_001728.jpg,0.083012,-0.059962,1.259956,-63.11056429594282,-41.32838637755806,-63.11057738821163,0.5746187849383011,1.866308953490936e-07,0.5746188515212284,-0.582774765644859
img_001729.jpg,0.082821,-0.059832,1.259815,-62.95988165162892,-41.10556024569905,-62.95987119033968,0.5733447187621372,8.556317965258131e-08,0.5733446653308547,-0.5852791882548096
img_001730.jpg,0.082631,-0.059701,1.259673,-62.808896877366,-40.8830405799507,-62.8089127838217,0.5720650292862355,1.406328639652621e-07,0.5720651108757031,-0.5877781139056543
img_001731.jpg,0.082482,-0.059524,1.259546,-62.6577022312849,-40.66081322788859,-62.65765547368257,0.5707801722709398,-7.14820203029376e-10,0.5707799314183564,-0.5902713484766245
img_001732.jpg,0.082291,-0.059393,1.259405,-62.50616905780142,-40.438903028596656,-62.50616671134905,0.5694895579528296,1.062967632248224e-07,0.5694895458151062,-0.5927590577882242
img_001733.jpg,0.082101,-0.059262,1.259264,-62.35437424959684,-40.217294606261,-62.354399675644856,0.5681935613441541,1.7815470892967866e-07,0.5681936934186731,-0.5952411306405683
img_001734.jpg,0.08191,-0.059131,1.259122,-62.20235061429352,-39.995993888461285,-62.20234550047351,0.5668923830337302,1.0772012809523447e-07,0.5668923563597008,-0.5977173933886087
img_001735.jpg,0.081719,-0.059001,1.258981,-62.05001443414527,-39.77499210531934,-62.05002515940298,0.5655855823782963,1.1680010003622955e-07,0.5655856385532149,-0.6001881658847847
img_001736.jpg,0.081571,-0.058824,1.258854,-61.89742852713052,-39.554293678207216,-61.89742871708712,0.5642735126573326,-5.5256275915960273e-08,0.5642735136563412,-0.6026531379651805
img_001737.jpg,0.08138,-0.058693,1.258713,-61.74456344209614,-39.33393474854011,-61.74454659156353,0.562956119309124,1.5647394491224984e-09,0.5629560303281826,-0.6051123165574681
img_001738.jpg,0.081189,-0.058562,1.258572,-61.59136803770873,-39.11388612342949,-61.59140468279974,0.5616330788831304,1.8234569112984825e-07,0.561633273175817,-0.6075659233087718
img_001739.jpg,0.080998,-0.058431,1.25843,-61.43803808714539,-38.89413846456897,-61.437926424636096,0.5603054237877474,-1.902044976798134e-07,0.5603048293665952,-0.6100133853141809
img_001740.jpg,0.080808,-0.058301,1.258289,-61.28427340671573,-38.67474348584907,-61.28425550457539,0.5589716953762195,-2.5227504696356817e-08,0.5589715996950034,-0.6124552183651006
img_001741.jpg,0.080617,-0.05817,1.258147,-61.13033060351274,-38.45563549336459,-61.1302265544584,0.5576331226067731,-2.478851059417586e-07,0.5576325642857478,-0.6148912292591752
img_001742.jpg,0.080468,-0.057993,1.25802,-60.976008407356986,-38.236873661501,-60.97597165442646,0.5562887822752309,-1.454866644379216e-07,0.5562885842817769,-0.6173214735553075
img_001743.jpg,0.080278,-0.057862,1.257879,-60.82141245987916,-38.01844923728932,-60.82141134927574,0.5549392350770921,6.47251728047582e-08,0.5549392290706133,-0.6197458329110094
img_001744.jpg,0.080087,-0.057732,1.257738,-60.666612325956,-37.80032998250252,-60.66653391130348,0.5535847990953329,-1.4774165771336278e-07,0.5535843733502213,-0.6221641357334904
img_001745.jpg,0.079897,-0.057601,1.257596,-60.511440865593535,-37.58254762523286,-60.51140264454016,0.5522246592387418,-9.238063686245469e-08,0.552224450916384,-0.624576721899516
img_001746.jpg,0.079706,-0.05747,1.257455,-60.3560181184569,-37.36509453226991,-60.35597487189163,0.5508594648620773,-2.248035514129665e-07,0.5508592282401064,-0.6269832219721112
img_001747.jpg,0.079515,-0.057339,1.257313,-60.2003084460727,-37.14798951692893,-60.20023331002852,0.5494890833142818,-1.9013530144773585e-07,0.5494886706362231,-0.6293837844756014
img_001748.jpg,0.079367,-0.057162,1.257187,-60.04429368563879,-36.93120643485504,-60.04421197799991,0.5481133684288235,-2.745815332605428e-07,0.548112917949352,-0.631778414103062
img_001749.jpg,0.079176,-0.057032,1.257045,-59.88793880217329,-36.71478113550412,-59.88790912120377,0.5467322270866465,-8.507808990643184e-08,0.5467320628276264,-0.6341671099490391
img_001750.jpg,0.078985,-0.056901,1.256904,-59.731338556908064,-36.49869945123252,-59.7313044183672,0.5453461651363158,-1.0435645284023742e-07,0.5453459754986453,-0.636549548093889
img_001751.jpg,0.078794,-0.05677,1.256762,-59.57444595277545,-36.28296546452371,-59.574397527150325,0.5439549495761982,-1.07580087588266e-07,0.5439546795703434,-0.6389259107322766
img_001752.jpg,0.078604,-0.056639,1.256621,-59.4172592778909,-36.06755688081751,-59.417176046533584,0.5425585335714735,-2.1201262176417934e-07,0.5425580677781643,-0.6412963283362475
img_001753.jpg,0.078413,-0.056508,1.25648,-59.25975103412075,-35.852513248326915,-59.25966871955347,0.5411568742395643,-1.8012688854374129e-07,0.5411564118786408,-0.6436606057122549
img_001754.jpg,0.078264,-0.056332,1.256353,-59.101895299342445,-35.637815182174485,-59.101881019627605,0.5397497936501001,-7.988284378424026e-08,0.539749713147079,-0.646018890909789
img_001755.jpg,0.078074,-0.056201,1.256212,-58.94379446446344,-35.42348464673359,-58.94376330576866,0.5383379376888152,-3.751399263451916e-08,0.5383377613897072,-0.6483708194442982
img_001756.jpg,0.077883,-0.05607,1.25607,-58.78538386192444,-35.20949770092714,-58.785344828872745,0.5369209010288339,-8.19777926930332e-08,0.5369206793767403,-0.6507166281078102
img_001757.jpg,0.077693,-0.055939,1.255929,-58.62666651798169,-34.99585831279628,-58.62661914924816,0.5354987263741022,-1.9999248251911797e-07,0.5354984564200227,-0.6530562894754535
img_001758.jpg,0.077502,-0.055808,1.255787,-58.46763711974783,-34.782589028991175,-58.46757392578328,0.5340714544385836,-1.8256970299446174e-07,0.5340710930097863,-0.6553897688895934
img_001759.jpg,0.077353,-0.055632,1.25566,-58.30826981564618,-34.5696968893678,-58.30825305874654,0.5326389702554787,-9.500586292676695e-08,0.5326388740765085,-0.6577169278555051
img_001760.jpg,0.077162,-0.055501,1.255519,-58.14859002075021,-34.35716438200439,-58.14859941751509,0.5312013922079621,5.791082133277393e-08,0.5312014463325504,-0.6600379567347063
img_001761.jpg,0.076972,-0.05537,1.255378,-57.98865309736973,-34.14498631418469,-57.98863275659431,0.5297590438132831,-1.3850203953169604e-07,0.5297589262412175,-0.6623525009885365
img_001762.jpg,0.076781,-0.055239,1.255237,-57.82834554882889,-33.93319318698809,-57.82834886972513,0.5283113612527395,4.3253108594765166e-08,0.5283113805148033,-0.6646609592791036
img_001763.jpg,0.07659,-0.055108,1.255095,-57.66777110529457,-33.72176807201722,-57.66774354469034,0.5268589198804239,-5.031500632801666e-09,0.5268587594680764,-0.6669629120979612
img_001764.jpg,0.0764,-0.054978,1.254954,-57.50683428222228,-33.51072122387202,-57.5068362130416,0.5254012066517265,1.0844757658556858e-07,0.5254012179284498,-0.6692586437605417
img_001765.jpg,0.076251,-0.054801,1.254827,-57.345599525322086,-33.30004679004127,-57.34560957927286,0.5239385986425779,9.568648184909989e-08,0.5239386575623531,-0.6715479342267399
img_001766.jpg,0.07606,-0.05467,1.254686,-57.18405206530354,-33.08973422908398,-57.184051212107285,0.5224710006822926,-2.2956127748718916e-08,0.5224709956652559,-0.67383092251291
img_001767.jpg,0.07587,-0.054539,1.254544,-57.02219993222833,-32.87982446244228,-57.02217531044702,0.5209985782266111,-9.195745603873817e-08,0.5209984329544017,-0.6761073245756912
img_001768.jpg,0.075679,-0.054408,1.254403,-56.85999779268129,-32.67030875321647,-56.85996688642189,0.5195210590847883,7.155701717276308e-08,0.5195208761209942,-0.6783774232990727
img_001769.jpg,0.075488,-0.054278,1.254261,-56.697494802333,-32.461158005427336,-56.69743888996455,0.5180386781301173,-4.9645051458657725e-08,0.5180383460266477,-0.6806410213961347
img_001770.jpg,0.075297,-0.054147,1.25412,-56.53464161555578,-32.25241931102914,-56.53459491590084,0.5165512761553321,5.269346586844748e-08,0.5165509978529468,-0.68289812250395
img_001771.jpg,0.075149,-0.05397,1.253993,-56.371469235028776,-32.04403724107863,-56.371427760453415,0.5150589160311155,-1.499471498633831e-07,0.5150586680524503,-0.6851488024370076
img_001772.jpg,0.074958,-0.053839,1.253852,-56.20797528709386,-31.83608353715202,-56.20792207118599,0.5135617791573396,-1.023503994335151e-07,0.5135614599345263,-0.6873928468195282
img_001773.jpg,0.074768,-0.053709,1.25371,-56.04414317959695,-31.628527132699528,-56.044094487604426,0.5120597056269445,-5.4220143236305425e-08,0.5120594125907152,-0.6896303472516967
img_001774.jpg,0.074577,-0.053578,1.253569,-55.87995196890546,-31.421350857404335,-55.87994158941894,0.5105525423573284,-4.902814818019685e-08,0.5105524796898234,-0.6918614507074653
img_001775.jpg,0.074386,-0.053447,1.253428,-55.71550111383773,-31.214584259334007,-55.71542668232716,0.5090409806935527,-1.8815831465124333e-07,0.5090405298587375,-0.6940857432159564
img_001776.jpg,0.074238,-0.05327,1.253301,-55.55063105063563,-31.00823176481673,-55.55061771546249,0.5075240832785014,-6.315251188659944e-08,0.5075240022487129,-0.6963035918575757
img_001777.jpg,0.074047,-0.05314,1.253159,-55.38545699128006,-30.80229514351969,-55.385438837278826,0.5060025688257576,1.3255716807547557e-07,0.5060024581645878,-0.6985147905900859
img_001778.jpg,0.073856,-0.053009,1.253018,-55.21997549825343,-30.59675291086052,-55.21993268610229,0.5044763811072431,4.3217247613913656e-08,0.5044761193140048,-0.7007192204776601
img_001779.jpg,0.073666,-0.052878,1.252877,-55.05409202028214,-30.391616651428823,-55.05411288255892,0.502944987687282,7.700584753189689e-08,0.5029451156587582,-0.7029171715040342
img_001780.jpg,0.073475,-0.052747,1.252735,-54.88791982849076,-30.18689870988103,-54.88792716074293,0.5014091297896728,2.2498340940257933e-08,0.501409174906711,-0.7051083064912326
img_001781.jpg,0.073284,-0.052616,1.252594,-54.721408783835045,-29.982608884848467,-54.72139238004021,0.4998685424756799,6.508379685188359e-08,0.4998684412266562,-0.7072927128911114
img_001782.jpg,0.073136,-0.052439,1.252467,-54.55456574519059,-29.778715271083904,-54.55450480863757,0.4983232048658089,-6.71168640942188e-08,0.4983228275894269,-0.7094704666126301
img_001783.jpg,0.072945,-0.052309,1.252326,-54.387325390066565,-29.57525718658492,-54.387320443142826,0.4967728278842499,-8.415218147317384e-08,0.496772797162647,-0.7116414444613789
img_001784.jpg,0.072754,-0.052178,1.252184,-54.219785782133805,-29.37222692014568,-54.219753029190265,0.4952180168958072,-1.2288115930347845e-07,0.4952178128734629,-0.7138055992737746
img_001785.jpg,0.072563,-0.052047,1.252043,-54.05184544117248,-29.16964662852929,-54.051863930642746,0.493658213457861,1.1770298749547162e-07,0.4936583289792363,-0.7159630035937661
img_001786.jpg,0.072373,-0.051916,1.251902,-53.88356290346978,-28.96747800718895,-53.883618185342165,0.4920937014949991,2.3053529846217563e-07,0.4920940479311207,-0.7181136657519207
img_001787.jpg,0.072182,-0.051785,1.25176,-53.71500373703534,-28.765726118029,-53.714996923324,0.490524923124487,2.070062760095581e-08,0.4905248802973754,-0.7202573440118201
img_001788.jpg,0.072034,-0.051609,1.251633,-53.54604974183614,-28.564435313719372,-53.54604673307534,0.4889512665960787,8.287335084844473e-08,0.4889512476286169,-0.7223941696445939
img_001789.jpg,0.071843,-0.051478,1.251492,-53.376726996044816,-28.363575907268228,-53.376740282682206,0.4873728361288021,1.7792791950910217e-07,0.4873729201357604,-0.7245242268703496
img_001790.jpg,0.071652,-0.051347,1.251351,-53.20703316358582,-28.163157717915663,-53.20709693375252,0.4857896578526458,2.7248385348066506e-07,0.4857900622315369,-0.7266473861237059
img_001791.jpg,0.071461,-0.051216,1.251209,-53.037038368071215,-27.963172521077883,-53.037075557935246,0.4842021728410324,1.5393741603642044e-07,0.4842024093559302,-0.7287635299532433
img_001792.jpg,0.071271,-0.051085,1.251068,-52.86669639539557,-27.76363962152779,-52.86669998769167,0.4826101553267569,2.5895125904673577e-08,0.4826101782386621,-0.7308726659520998
img_001793.jpg,0.07108,-0.050955,1.250926,-52.695957487067226,-27.56453830953633,-52.695952053051705,0.481013251852726,-6.18348772185584e-09,0.4810132170945093,-0.7329751268102189
img_001794.jpg,0.070932,-0.050778,1.2508,-52.52489319622703,-27.36591446337106,-52.52485513439458,0.4794120529273388,-4.161039135475164e-08,0.4794118087721336,-0.735070337530922
img_001795.jpg,0.070741,-0.050647,1.250658,-52.3534026151972,-27.167737698179256,-52.353408584690165,0.4778058509569942,9.49042742726114e-08,0.4778058893582846,-0.7371588030307935
img_001796.jpg,0.07055,-0.050516,1.250517,-52.18162948508113,-26.97001785743518,-52.18158787019954,0.476195611648304,-5.414172535300744e-08,0.4761953431871157,-0.7392399708983545
img_001797.jpg,0.070359,-0.050385,1.250375,-52.00943391895201,-26.7727531797852,-52.00941127636225,0.4745804468214147,-2.5978071999110952e-08,0.4745803003422411,-0.7413143314558635
img_001798.jpg,0.070169,-0.050255,1.250234,-51.83689707008429,-26.575958627278958,-51.83686717729365,0.4729609348095894,-3.225528841244163e-08,0.4729607408882443,-0.7433815250075034
img_001799.jpg,0.07002,-0.050078,1.250107,-51.663972760219,-26.37962864081245,-51.66395875539387,0.471336779247504,3.3628765661042344e-08,0.4713366881432322,-0.7454417260515793
img_001800.jpg,0.069829,-0.049947,1.249966,-51.49073816092192,-26.18377051260591,-51.490690503633765,0.4697085179064204,-1.418520143292579e-07,0.4697082070321255,-0.7474945541291921
img_001801.jpg,0.069639,-0.049816,1.249825,-51.31705142688233,-25.98836681469911,-51.31704366106035,0.4680751984587208,-5.757573232068047e-08,0.4680751476626573,-0.7495407025161525
img_001802.jpg,0.069448,-0.049686,1.249683,-51.14304880901784,-25.793456418863364,-51.14303243566424,0.4664378262018778,-7.813358438024666e-08,0.4664377188128448,-0.7515794094816132
img_001803.jpg,0.069257,-0.049555,1.249542,-50.968657399721856,-25.599025494233796,-50.968643385407766,0.4647959061322513,1.7934847690304068e-08,0.464795813967158,-0.7536110515121883
img_001804.jpg,0.069067,-0.049424,1.249401,-50.79388744250584,-25.405069920797317,-50.79388400817751,0.46314951120434,9.694003660909445e-08,0.4631494885578182,-0.7556355480784391
img_001805.jpg,0.068918,-0.049247,1.249274,-50.61874909938091,-25.21159101247911,-50.61875835881756,0.4614987284855246,8.003268439638057e-08,0.4614987897067662,-0.7576528167343058
img_001806.jpg,0.068727,-0.049116,1.249133,-50.44327095235646,-25.018595466519333,-50.4432409071854,0.4598437816778361,-2.654151529113413e-08,0.4598435824991193,-0.7596628042010493
img_001807.jpg,0.068537,-0.048986,1.248991,-50.26735785781496,-24.826098242457714,-50.26737367803021,0.4581840952724856,6.900301896539673e-08,0.4581842004260733,-0.7616656571746221
img_001808.jpg,0.068346,-0.048855,1.24885,-50.091092011934286,-24.634097822816887,-50.091096124335394,0.4565202268857162,2.3722077233112598e-07,0.4565202542915785,-0.7636612729906569
img_001809.jpg,0.068155,-0.048724,1.248708,-49.91445904747184,-24.44256687705074,-49.9144557303552,0.4548520287255102,1.1495029214603215e-07,0.4548520065620226,-0.7656495830931903
img_001810.jpg,0.067965,-0.048593,1.248567,-49.73740699405236,-24.25156736802849,-49.73744955344752,0.4531793283693496,3.443417132542592e-07,0.4531796134678295,-0.7676305975374713
img_001811.jpg,0.067816,-0.048416,1.24844,-49.56002540424679,-24.061040396161808,-49.56005217255392,0.4515025914060633,2.0833633815331434e-07,0.451502771183673,-0.7696042213807236
img_001812.jpg,0.067625,-0.048286,1.248299,-49.38225529477997,-23.871008690301107,-49.38225643677568,0.4498214981401177,1.0420228438445812e-07,0.4498215058294296,-0.7715706271653384
img_001813.jpg,0.067435,-0.048155,1.248157,-49.20407508703944,-23.681510093293934,-49.20409113150436,0.4481360159541374,2.506839590632471e-07,0.4481361242593693,-0.7735296538197364
img_001814.jpg,0.067244,-0.048024,1.248016,-49.02549979366292,-23.492501600900727,-49.02554903545785,0.4464461518203129,2.693532022146617e-07,0.4464464850567407,-0.7754813792124495
img_001815.jpg,0.067053,-0.047893,1.247874,-48.8465887014637,-23.30400821983784,-48.84660952275584,0.4447523879307407,1.635022641444106e-07,0.444752529188975,-0.7774255599154734
img_001816.jpg,0.066863,-0.047762,1.247733,-48.66724159031455,-23.116034501332397,-48.66728444070776,0.44305407339267,2.794553091156615e-07,0.4430543648275558,-0.7793625073464436
img_001817.jpg,0.066714,-0.047586,1.247606,-48.48754855915873,-22.92856280241392,-48.48758166927804,0.4413517915090756,7.644883198709708e-08,0.4413520172557612,-0.7812918743952185
img_001818.jpg,0.066523,-0.047455,1.247465,-48.30743446848395,-22.741629363347915,-48.30746716226364,0.4396451398583891,2.1317119977548598e-07,0.4396453633147926,-0.7832139589631022
img_001819.jpg,0.066333,-0.047324,1.247323,-48.12693691161508,-22.555195363890903,-48.12696228455246,0.4379342917993628,1.4354520172510377e-07,0.4379344656430212,-0.7851286263206375
img_001820.jpg,0.066142,-0.047193,1.247182,-47.946064557538,-22.36930406488379,-47.94607693290421,0.436219434021909,8.719797017775478e-08,0.436219519018165,-0.7870356641278453
img_001821.jpg,0.065951,-0.047062,1.247041,-47.76478107355485,-22.183950370004016,-47.76479452355628,0.4345003205524791,1.7781571559627454e-07,0.4345004131524771,-0.7889352713690064
img_001822.jpg,0.065803,-0.046886,1.246914,-47.58312471475376,-21.999112345144194,-47.58314133515391,0.4327771749062944,-2.310569235941529e-08,0.4327772896081608,-0.7908272469253574
img_001823.jpg,0.065612,-0.046755,1.246773,-47.40108106971804,-21.814809322617972,-47.40104076162719,0.4310499639934139,-5.822965193358343e-08,0.4310496851534678,-0.7927118628293445
img_001824.jpg,0.065421,-0.046624,1.246631,-47.21860580129416,-21.631051207187934,-47.218579357460335,0.4293184221902504,-4.452444346547679e-08,0.4293182388261479,-0.7945889139544338
img_001825.jpg,0.06523,-0.046493,1.24649,-47.035742133971866,-21.44784948630043,-47.03571821585612,0.4275828935470456,5.7198352415577254e-08,0.4275827273063429,-0.7964583356681015
img_001826.jpg,0.06504,-0.046363,1.246348,-46.8524797764807,-21.265167101994106,-46.85246744596373,0.4258432286726569,-5.9372679384051e-08,0.4258431427701545,-0.7983202129153951
img_001827.jpg,0.064849,-0.046232,1.246207,-46.66881998076323,-21.08305133920518,-46.66880334195051,0.4240995725791308,1.1919144893290934e-08,0.4240994563929711,-0.8001744832381154
img_001828.jpg,0.064701,-0.046055,1.24608,-46.48475412985511,-20.90146598150747,-46.48473870697951,0.4223517890535017,-4.63226521862925e-08,0.4223516811094769,-0.8020212115320285
img_001829.jpg,0.06451,-0.045924,1.245939,-46.30032535025336,-20.72043694698624,-46.30026127028544,0.420600262155837,-1.8424362080438078e-07,0.4205998126345293,-0.8038601974760327
img_001830.jpg,0.064319,-0.045793,1.245797,-46.11545923511842,-20.539987941522394,-46.11540516064007,0.418844546531824,-1.0581051584912517e-07,0.4188441663349382,-0.8056915105471386
img_001831.jpg,0.064129,-0.045662,1.245656,-45.93019478828327,-20.360064011635085,-45.93013371911525,0.4170847919366287,-2.630102876044482e-07,0.4170843615881616,-0.8075152702294278
img_001832.jpg,0.063938,-0.045532,1.245515,-45.74450113815912,-20.180734790028453,-45.744474564685966,0.4153209727064972,-1.51677467724598e-07,0.4153207850247212,-0.809331288877772
img_001833.jpg,0.063747,-0.045401,1.245373,-45.55842873642653,-20.00195396146481,-45.558385706281314,0.4135533432482248,-1.812101234899277e-07,0.4135530386580385,-0.8111396405705285
img_001834.jpg,0.063599,-0.045224,1.245246,-45.37193784778222,-19.823754657822903,-45.37191394024103,0.4117817223425384,-1.5780498210937746e-07,0.4117815527366335,-0.8129401982743841
img_001835.jpg,0.063408,-0.045093,1.245105,-45.18507984491013,-19.64611343885071,-45.185009414376914,0.4100064310431953,-2.933392732051843e-07,0.4100059302899037,-0.8147330014368179
img_001836.jpg,0.063217,-0.044962,1.244964,-44.99775443997368,-19.469056416642378,-44.99770334459743,0.4082268380309296,-1.7433625898455318e-07,0.4082264739525049,-0.816518214539972
img_001837.jpg,0.063026,-0.044832,1.244822,-44.810039266445926,-19.292577430475983,-44.81001038722209,0.4064434947841735,-2.0720727730849653e-07,0.4064432885582933,-0.8182955081958498
img_001838.jpg,0.062836,-0.044701,1.244681,-44.621931356947336,-19.11666436419819,-44.62187970148086,0.4046563658803984,-3.219621052263921e-07,0.4046559962121461,-0.8200650890520345
img_001839.jpg,0.062687,-0.044524,1.244554,-44.433407632214006,-18.94137305187508,-44.43335725250188,0.4028654421909624,-2.0672321157655385e-07,0.4028650808781007,-0.8218267226717072
img_001840.jpg,0.062496,-0.044393,1.244413,-44.24445049498405,-18.76662510893496,-44.24441317513057,0.4010704153468677,-3.188706894641236e-07,0.4010701471253228,-0.8235807544001141
img_001841.jpg,0.062306,-0.044262,1.244271,-44.05509372421148,-18.592509424355622,-44.05505060846357,0.3992717657788607,-1.4421484978432988e-07,0.3992714552447367,-0.8253268213735453
img_001842.jpg,0.062115,-0.044132,1.24413,-43.865311823326415,-18.41896590622905,-43.86528389883858,0.3974691744248607,-1.2985546107846524e-07,0.397468972879712,-0.8270650947657927
img_001843.jpg,0.061924,-0.044001,1.243989,-43.67515182950315,-18.2460273452737,-43.67509935749794,0.3956630780272815,-1.7183359299344225e-07,0.3956626985179693,-0.8287953653872748
img_001844.jpg,0.061734,-0.04387,1.243847,-43.4845130770906,-18.073701985788304,-43.48451580137088,0.393852783986042,4.585030416448532e-08,0.3938528037306321,-0.8305178827333956
img_001845.jpg,0.061585,-0.043693,1.24372,-43.29353207171383,-17.901949133900885,-43.29350074700866,0.3920391941367536,-1.7505707392007078e-07,0.3920389666379801,-0.8322323707342795
img_001846.jpg,0.061394,-0.043563,1.243579,-43.10210193166686,-17.73081936421875,-43.10207734428564,0.3902216747340452,-1.9082939767267606e-07,0.3902214957995706,-0.8339389838493378
img_001847.jpg,0.061204,-0.043432,1.243438,-42.91023015170705,-17.560295296882767,-42.9102193537485,0.3884002502544062,-1.0135782582687548e-07,0.3884001715122752,-0.8356378117172173
img_001848.jpg,0.061013,-0.043301,1.243296,-42.71796440195772,-17.390399770678805,-42.71796381674356,0.3865753391195323,-4.931544364539243e-08,0.3865753348433314,-0.8373285004556947
img_001849.jpg,0.060822,-0.04317,1.243155,-42.52528324965823,-17.22112046804918,-42.52527419087659,0.3847467692199216,3.842208734505803e-08,0.3847467028937494,-0.8390112622529091
img_001850.jpg,0.060632,-0.04304,1.243014,-42.332198194152696,-17.05243882889605,-42.33218094967975,0.3829145935338018,-1.5096899416700005e-07,0.3829144670219588,-0.8406859847791622
img_001851.jpg,0.060483,-0.042863,1.242887,-42.138657018338506,-16.88439917609124,-42.138647671439976,0.3810785526900292,-1.0771510100537895e-08,0.3810784839817683,-0.8423528510819144
img_001852.jpg,0.060292,-0.042732,1.242746,-41.94472725500821,-16.716970594953942,-41.94470780334605,0.3792390802933009,-1.4457743496842926e-07,0.3792389370241885,-0.8440115808583636
img_001853.jpg,0.060102,-0.042601,1.242604,-41.75033690898576,-16.550200372592403,-41.75036095354966,0.3773957768252838,2.254525574563182e-08,0.3773959542692489,-0.8456622974542753
img_001854.jpg,0.059911,-0.04247,1.242463,-41.5555885051201,-16.384043358912944,-41.555563657927806,0.3755493014551477,-8.071925462760365e-08,0.3755491177317583,-0.847304893381032
img_001855.jpg,0.05972,-0.04234,1.242321,-41.36037144248149,-16.218527795382542,-41.360367443960286,0.3736989207376399,-7.183871077176551e-08,0.3736988911150145,-0.8489394886674354
img_001856.jpg,0.059529,-0.042208,1.24218,-41.16473607113799,-16.053646412848384,-41.16474241484479,0.371845002273935,-1.034471890926092e-07,0.3718450493606677,-0.8505660195128001
img_001857.jpg,0.059381,-0.042032,1.242053,-40.968700002391365,-15.889421658932552,-40.968678178183865,0.3699877456071734,-5.455087169481399e-08,0.3699875833068208,-0.8521844027552352
img_001858.jpg,0.05919,-0.041901,1.241912,-40.77221496400922,-15.725838596921689,-40.77220413297788,0.3681267689411118,-8.445907556664523e-09,0.3681266882416472,-0.8537947197032868
img_001859.jpg,0.059,-0.04177,1.24177,-40.57531885186649,-15.562901782420989,-40.57530119089559,0.3662623785693003,-1.950539818551533e-08,0.3662622467346345,-0.8553968883867042
img_001860.jpg,0.058809,-0.041639,1.241629,-40.37801308415256,-15.400623044520264,-40.37797975692781,0.3643946275797727,-6.20520543698211e-08,0.3643943783369096,-0.856990835672968
img_001861.jpg,0.058618,-0.041508,1.241488,-40.18022938466613,-15.23898953461206,-40.18021467304853,0.3625229869994107,3.215961504043907e-08,0.3625228767726691,-0.8585768735025958
img_001862.jpg,0.05847,-0.041332,1.241361,-39.982084854983896,-15.078020674237935,-39.98205953953339,0.3606483936320609,-1.555611280346092e-07,0.3606482036075903,-0.860154410210869
img_001863.jpg,0.058279,-0.041201,1.241219,-39.78346719352811,-14.91772077115414,-39.78345294610327,0.3587700287726445,-7.134584394108412e-08,0.3587699216325662,-0.8617239754040926
img_001864.jpg,0.058088,-0.04107,1.241078,-39.58443060099504,-14.75807614452028,-39.58440712321079,0.3568882785924884,-6.058704486722188e-08,0.3568881017205671,-0.8632853754428931
img_001865.jpg,0.057898,-0.040939,1.240937,-39.38497939299328,-14.599105997670508,-39.384957390654286,0.3550032347278877,-1.252623215430848e-07,0.3550030686731502,-0.8648384384180475
img_001866.jpg,0.057707,-0.040808,1.240795,-39.18507476071283,-14.44082660389286,-39.18506852836234,0.3531146554909825,6.332306182188496e-08,0.3531146083705458,-0.8663833524674841
img_001867.jpg,0.057516,-0.040678,1.240654,-38.984754045288206,-14.283206410716776,-38.98475552114448,0.3512227594678084,6.84957428276345e-08,0.3512227706459886,-0.867920007034962
img_001868.jpg,0.057368,-0.040501,1.240527,-38.78403162069058,-14.12625709365373,-38.78401210018695,0.3493276964115808,-7.095973336701533e-08,0.3493275483023212,-0.8694483449388255
img_001869.jpg,0.057177,-0.040371,1.240386,-38.58283247337113,-13.97001683516638,-38.582847734834,0.347428999907409,1.1561277486749066e-07,0.3474291159041852,-0.8709684836119849
img_001870.jpg,0.056986,-0.040239,1.240244,-38.38126243085824,-13.81445945649877,-38.381258898859535,0.345527423298627,8.50931153595358e-08,0.3455273964066073,-0.8724801534023999
img_001871.jpg,0.056796,-0.040109,1.240103,-38.17922361988222,-13.659567355368472,-38.179226413965736,0.3436221926965425,2.5401206360520238e-08,0.3436222140068682,-0.8739837313860238
img_001872.jpg,0.056605,-0.039978,1.239962,-37.97674501588352,-13.505385974494152,-37.97676533198079,0.3417136467911181,1.311384967006557e-07,0.3417138020059855,-0.8754789895339076
img_001873.jpg,0.056414,-0.039847,1.23982,-37.77388843569737,-13.351919330302652,-37.7738846123564,0.3398022787524626,1.9621658148283322e-07,0.3398022494925575,-0.876965702062739
img_001874.jpg,0.056266,-0.03967,1.239693,-37.570557747243015,-13.199130442504226,-37.570562910914646,0.33788727811931,2.517216578651338e-07,0.3378873177033469,-0.8784442770149387
img_001875.jpg,0.056075,-0.03954,1.239552,-37.36681105658824,-13.04703917234768,-37.36683340709533,0.3359691472075661,1.5565536036488137e-07,0.3359693188304125,-0.8799143986372908
img_001876.jpg,0.055884,-0.039409,1.239411,-37.16263695764185,-12.895686941705286,-37.16266303069657,0.3340479061312437,3.387047926850517e-07,0.3340481066709613,-0.8813761165579442
img_001877.jpg,0.055694,-0.039278,1.239269,-36.95805688463162,-12.745009550486442,-36.9580628519232,0.3321235815452054,1.7257777219781278e-07,0.3321236275180477,-0.8828294414131241
img_001878.jpg,0.055503,-0.039147,1.239128,-36.75302246470729,-12.595062467999966,-36.75303573828221,0.3301959405419317,2.000816236857883e-07,0.3301960429707661,-0.8842743997515913
img_001879.jpg,0.055354,-0.03897,1.239001,-36.5475879075619,-12.445827623647006,-36.54757403192063,0.3282653697282472,1.170189374705144e-07,0.3282652624794678,-0.8857108808671424
img_001880.jpg,0.055164,-0.03884,1.23886,-36.34170565405369,-12.297314996279631,-36.3416915444179,0.3263315353382744,7.268287192940814e-08,0.3263314261050405,-0.8871389571989327
img_001881.jpg,0.054973,-0.038709,1.238718,-36.13536265296386,-12.14952334719644,-36.13536406416053,0.3243943427782502,1.354161606875737e-07,0.3243943537208618,-0.8885587283052669
img_001882.jpg,0.054782,-0.038578,1.238577,-35.92860550268728,-12.00247297449928,-35.92862264643098,0.3224542091029324,2.1865044896873803e-07,0.3224543422489757,-0.8899699321867762
img_001883.jpg,0.054591,-0.038447,1.238435,-35.72143405497532,-11.856142837442986,-35.721450571471216,0.320511095436133,1.7756853931683025e-07,0.320511223912871,-0.8913726454453107
img_001884.jpg,0.054401,-0.038316,1.238294,-35.5138423658427,-11.710540423087302,-35.513833732609655,0.318564982848423,1.0136638593782889e-07,0.3185649155881122,-0.892766904773644
img_001885.jpg,0.054252,-0.03814,1.238167,-35.305816157368504,-11.56569880480764,-35.30582576059862,0.3166158444466324,1.1779589595417585e-07,0.3166159193801751,-0.8941525410355766
img_001886.jpg,0.054061,-0.038009,1.238026,-35.09736089347715,-11.421590644959766,-35.0973559219287,0.3146636700305636,1.6402860901487681e-07,0.3146636311780611,-0.8955297728030636
img_001887.jpg,0.053871,-0.037878,1.237884,-34.88846288333694,-11.278228702490958,-34.88847811958855,0.3127083902778983,2.040679976250681e-07,0.3127085095307267,-0.8968984617652299
img_001888.jpg,0.05368,-0.037747,1.237743,-34.679157813405496,-11.135595069064314,-34.679148327026844,0.3107502533570478,9.174748884233087e-08,0.3107501789953679,-0.8982586522226598
img_001889.jpg,0.053489,-0.037616,1.237602,-34.46940484671957,-10.993732869849254,-34.46939176706337,0.3087890444626052,1.87464725104336e-07,0.3087889417797264,-0.8996103131102895
img_001890.jpg,0.053299,-0.037485,1.23746,-34.25924413906834,-10.852615804147868,-34.25923035544015,0.3068250284376487,8.816519231347186e-08,0.3068249200666277,-0.900953311970346
img_001891.jpg,0.05315,-0.037309,1.237334,-34.04864056563032,-10.712255574317624,-34.04863173652233,0.3048579638091068,4.340459797136376e-08,0.3048578942891861,-0.9022878067400262
img_001892.jpg,0.052959,-0.037178,1.237192,-33.837586218086514,-10.572662290771444,-33.83759628393378,0.3028878180708035,1.2727224761588385e-07,0.3028878974452115,-0.9036137954046024
img_001893.jpg,0.052769,-0.037047,1.237051,-33.62612175253451,-10.43384419333725,-33.626163105792344,0.3009149373080956,1.694002851188037e-07,0.3009152638752558,-0.9049310495677124
img_001894.jpg,0.052578,-0.036916,1.23691,-33.414237116607794,-10.29576826547453,-33.41426500207271,0.2989391781933136,8.318666180895384e-08,0.2989393987236606,-0.9062398157396504
img_001895.jpg,0.052387,-0.036786,1.236768,-33.20193627535425,-10.158500298416294,-33.201957488327125,0.2969607232857664,2.1629550725488225e-07,0.2969608912877863,-0.90753983817302
img_001896.jpg,0.052197,-0.036655,1.236627,-32.989200687081485,-10.02199296653758,-32.98923134605669,0.2949793300435265,2.361523610550087e-07,0.2949795732012935,-0.9088312528962674
img_001897.jpg,0.052048,-0.036478,1.2365,-32.77604122611568,-9.886256666513274,-32.77607528929607,0.2929951144345881,2.021675226671072e-07,0.2929953849725939,-0.9101140408224584
img_001898.jpg,0.051857,-0.036347,1.236359,-32.562468537317244,-9.751311880882389,-32.56250371455389,0.2910082121672115,1.9080523448733453e-07,0.2910084919444361,-0.9113881050723844
img_001899.jpg,0.051667,-0.036216,1.236217,-32.34847025371316,-9.617138261545426,-32.34849188032452,0.2890184882367824,1.0784062730306855e-07,0.2890186604798495,-0.9126535637095528
img_001900.jpg,0.051476,-0.036086,1.236075,-32.13404389037412,-9.483795029943105,-32.13407068862337,0.2870260553288262,3.350765460374827e-07,0.2870262690547426,-0.9139102606026348
img_001901.jpg,0.051285,-0.035955,1.235934,-31.919197323692615,-9.351186485721472,-31.919233289633624,0.2850307792464428,7.238343922855163e-08,0.2850310664798807,-0.9151583174639796
img_001902.jpg,0.051137,-0.035778,1.235808,-31.70391879148908,-9.219428892089017,-31.703967640637725,0.283032818127067,2.9526158826231885e-07,0.283033208777393,-0.916397635632118
img_001903.jpg,0.050946,-0.035647,1.235666,-31.488273104883586,-9.088440358494768,-31.488281101799323,0.2810325236249533,1.3888047861732036e-07,0.2810325876627749,-0.9176281410988524
img_001904.jpg,0.050755,-0.035517,1.235525,-31.272167442156157,-8.958255862797133,-31.27217071433133,0.2790292325592091,9.849154704311137e-08,0.2790292587970745,-0.9188500204671948
img_001905.jpg,0.050565,-0.035386,1.235383,-31.055638105682235,-8.828885480406605,-31.055644254739267,0.2770232614160997,1.232806938894493e-07,0.2770233107872756,-0.9200631488733958
img_001906.jpg,0.050374,-0.035255,1.235242,-30.83868561831913,-8.700319746319632,-30.838697607378865,0.2750145997499905,1.21296289318229e-07,0.2750146961369342,-0.921267543568668
img_001907.jpg,0.050183,-0.035124,1.235101,-30.621332473696405,-8.572573498368438,-30.621345310841605,0.2730034640771798,1.0107737941078555e-07,0.2730035674163044,-0.9224630945353972
img_001908.jpg,0.050035,-0.034947,1.234974,-30.40355561180141,-8.445640425386639,-30.403567590065936,0.2709896607649437,9.073641156487344e-08,0.2709897573141307,-0.923649909429607
img_001909.jpg,0.049844,-0.034816,1.234833,-30.18538835237103,-8.319532942264857,-30.185389103999096,0.2689734883588169,3.1255007568176125e-08,0.2689734944249403,-0.9248278336300896
img_001910.jpg,0.049653,-0.034686,1.234691,-29.96676419357707,-8.194258909765255,-29.96677635534501,0.266954430252396,1.988989105083938e-07,0.2669545285297858,-0.9259970906358284
img_001911.jpg,0.049463,-0.034555,1.23455,-29.7477587071758,-8.069779886820752,-29.747747978071605,0.264933023210518,3.5720184490828366e-08,0.2649329364016017,-0.9271575014107144
img_001912.jpg,0.049272,-0.034424,1.234408,-29.528346434057536,-7.946151862269072,-29.528322383456807,0.2629091786449627,-6.094837079473336e-09,0.2629089838104579,-0.9283090164465622
img_001913.jpg,0.049081,-0.034293,1.234267,-29.30850275586948,-7.8233599203886435,-29.308465633152387,0.260882670377675,6.35805387505517e-08,0.2608823692754505,-0.9294517855692336
img_001914.jpg,0.048933,-0.034117,1.23414,-29.088231236048344,-7.701419560005611,-29.08822634152789,0.2588535606535792,2.2933120394363907e-07,0.2588535209057173,-0.930585669807796
img_001915.jpg,0.048742,-0.033986,1.233999,-28.867589994473835,-7.5802826498032445,-28.867565466497915,0.2568222297031891,3.212802520552449e-08,0.2568220302733491,-0.9317106777839118
img_001916.jpg,0.048551,-0.033855,1.233857,-28.64651972857908,-7.46001734659111,-28.646511490059435,0.2547883330994969,7.8460807961811e-08,0.2547882660342491,-0.9328268032210664
img_001917.jpg,0.048361,-0.033724,1.233716,-28.425051736246168,-7.340590585564334,-28.42503289306644,0.2527520628856221,7.536424924403652e-08,0.2527519093116026,-0.9339340806750744
img_001918.jpg,0.04817,-0.033593,1.233574,-28.203173547388197,-7.222016518960895,-28.203152311376712,0.2507133475807082,9.444239778416685e-08,0.2507131743012935,-0.9350324708675284
img_001919.jpg,0.047979,-0.033463,1.233433,-27.98088320448407,-7.1042746775559,-27.980855764501936,0.2486721339345551,-1.997784578738893e-08,0.2486719097716893,-0.9361220278868216
img_001920.jpg,0.047831,-0.033286,1.233306,-27.758207721978863,-6.987418274522547,-27.75818177803672,0.246628746712694,6.399403000567627e-09,0.246628534526658,-0.9372025540149572
img_001921.jpg,0.04764,-0.033155,1.233165,-27.535122481372955,-6.87141469962539,-27.53509863130686,0.2445829237997506,6.3995469548605585e-09,0.244582728515719,-0.9382742042161084
img_001922.jpg,0.047449,-0.033024,1.233024,-27.31162008845386,-6.756265184781552,-27.311611380886447,0.2425346083799026,-2.7143659660222585e-08,0.2425345370016931,-0.939336980055284
img_001923.jpg,0.047258,-0.032893,1.232882,-27.087738405860176,-6.641995288802069,-27.08772161667348,0.2404841599968789,1.1692659028506025e-08,0.2404840222171317,-0.9403907718862756
img_001924.jpg,0.047068,-0.032763,1.232741,-26.86345485371352,-6.528600966721695,-26.8634503626538,0.2384313866470059,7.286309217091613e-08,0.2384313497503692,-0.94143558745025
img_001925.jpg,0.046919,-0.032586,1.232614,-26.63877784174512,-6.416058170041288,-26.63877633373934,0.2363763135169015,-3.618618645007121e-08,0.2363763011141338,-0.9424714757910494
img_001926.jpg,0.046729,-0.032455,1.232473,-26.41372708218661,-6.3044118604481945,-26.413707535113115,0.2343191865616304,-2.104767057170553e-08,0.2343190256193068,-0.9434983375936143
img_001927.jpg,0.046538,-0.032324,1.232331,-26.18825801363869,-6.193631787545048,-26.188250838692085,0.2322595834485546,-7.51036126137028e-08,0.2322595243093435,-0.9445162779242589
img_001928.jpg,0.046347,-0.032194,1.23219,-25.9624049709938,-6.083768832851682,-25.962408574887817,0.2301978791400749,1.2847073761063088e-07,0.2301979088767509,-0.9455251763904364
img_001929.jpg,0.046157,-0.032063,1.232048,-25.73615999514259,-5.97475193827431,-25.73617173048601,0.2281338790139562,1.4570115711154408e-08,0.2281339759477738,-0.9465251302867272
img_001930.jpg,0.045966,-0.031932,1.231907,-25.50952029869979,-5.866645093502348,-25.509550543173734,0.2260676748435876,7.912452947705929e-08,0.2260679249241598,-0.9475160683129822
img_001931.jpg,0.045817,-0.031755,1.23178,-25.28252771934409,-5.759425459373761,-25.28254182423297,0.2239995707340323,3.698918105143889e-08,0.2239996874830979,-0.94849793479925
img_001932.jpg,0.045626,-0.031624,1.231639,-25.055128660788085,-5.653109657361274,-25.05514749400397,0.2219291517121251,1.0856697597178e-07,0.221929307758408,-0.949470817865509
img_001933.jpg,0.045436,-0.031493,1.231498,-24.827358954978337,-5.547686910076979,-24.82737331320352,0.2198566939518007,1.0363071713953564e-07,0.2198568130404429,-0.9504346457722768
img_001934.jpg,0.045245,-0.031363,1.231356,-24.59922448751467,-5.443160169835227,-24.599220799000925,0.2177822503156325,1.405064933152067e-08,0.2177822196919734,-0.9513894030487706
img_001935.jpg,0.045054,-0.031232,1.231215,-24.370682882948813,-5.339554686509183,-24.37070257985743,0.2157055106688865,8.82638203913988e-08,0.2157056743638078,-0.9523351273130284
img_001936.jpg,0.044864,-0.031101,1.231073,-24.14177273416113,-5.236838896486964,-24.14179376704245,0.2136267388590823,1.753001954013511e-08,0.2136269138287991,-0.9532718175486024
img_001937.jpg,0.044715,-0.030924,1.230947,-23.912496630806068,-5.13505687732726,-23.912513991831705,0.2115460293733347,1.098128196014292e-07,0.2115461739378948,-0.9541993993650394
img_001938.jpg,0.044524,-0.030793,1.230805,-23.6828400109918,-5.034170264881472,-23.68286452870033,0.2094631932337506,5.086952734739692e-08,0.209463397588259,-0.9551179276671028
img_001939.jpg,0.044334,-0.030663,1.230664,-23.452857852667982,-4.93420877786973,-23.452859556771635,0.2073787361062386,-5.473298412411731e-08,0.2073787503234257,-0.9560272557439304
img_001940.jpg,0.044143,-0.030532,1.230523,-23.22245230624833,-4.835177666529562,-23.22248221646261,0.2052918470558134,2.7626475433695233e-08,0.2052920968290836,-0.9569275900045572
img_001941.jpg,0.043952,-0.030401,1.230381,-22.99170830699945,-4.737051206045839,-22.99172772741568,0.2032031888501236,-8.111356643303315e-08,0.2032033511765776,-0.9578188044258388
img_001942.jpg,0.043804,-0.030224,1.230255,-22.760591935307826,-4.639893859593592,-22.760618715459817,0.2011125797401233,1.625407818756086e-07,0.2011128037893556,-0.958700876406312
img_001943.jpg,0.043613,-0.030094,1.230113,-22.529123777250263,-4.543618904548406,-22.52914856007304,0.1990200469935218,-1.1051781018123208e-08,0.1990202545214492,-0.9595738424868164
img_001944.jpg,0.043423,-0.029963,1.229972,-22.29730227527041,-4.448305395641823,-22.2973184356484,0.1969257012201506,4.540850079975956e-08,0.1969258366667305,-0.9604376518296532
img_001945.jpg,0.043232,-0.029832,1.22983,-22.065131200799502,-4.3539211370673065,-22.065140920249007,0.1948295176962028,1.6688839393763644e-08,0.1948295992312817,-0.961292300134378
img_001946.jpg,0.043041,-0.029701,1.229689,-21.83258220940785,-4.260483320317457,-21.83261526383338,0.1927312809127336,8.003925103250431e-08,0.1927315584454839,-0.9621378278276485
img_001947.jpg,0.04285,-0.02957,1.229547,-21.599703874869267,-4.167973099071068,-21.599699604298262,0.1906313639898911,4.766153881979873e-08,0.1906313281019978,-0.962974236316538
img_001948.jpg,0.042702,-0.029394,1.229421,-21.36646836794476,-4.076426484611451,-21.36647718398292,0.1885295838122882,1.1407016778375301e-07,0.1885296579618077,-0.963801413205208
img_001949.jpg,0.042511,-0.029263,1.229279,-21.13289356186397,-3.98580476076104,-21.132910835153726,0.1864260254833236,-3.043223710530452e-08,0.1864261708880232,-0.9646194170917978
img_001950.jpg,0.04232,-0.029132,1.229138,-20.89896994632179,-3.8961540657067055,-20.89898893917286,0.1843206735079875,2.1433086555555647e-08,0.1843208335218215,-0.9654282571208398
img_001951.jpg,0.04213,-0.029001,1.228997,-20.664698036687696,-3.8074535876125633,-20.664724213019188,0.1822134941269118,5.5969438042535735e-08,0.1822137148438759,-0.9662279258440284
img_001952.jpg,0.041939,-0.02887,1.228855,-20.4300977730709,-3.719712651552355,-20.430116251768485,0.1801046629507078,1.047364128828332e-07,0.1801048188892305,-0.967018388964904
img_001953.jpg,0.041748,-0.02874,1.228714,-20.1951612327753,-3.6329051501144343,-20.195191966035868,0.1779940684145166,-9.820500124907429e-08,0.177994327976753,-0.9677996336108744
img_001954.jpg,0.0416,-0.028563,1.228587,-19.959903958645526,-3.54709846774855,-19.959911407156063,0.1758819333408431,4.0169719165567e-08,0.1758819962984991,-0.9685716643090176
img_001955.jpg,0.041409,-0.028432,1.228446,-19.7243129167694,-3.462241507210225,-19.724320141021007,0.1737680658288211,2.2103269870649145e-08,0.1737681269390454,-0.9693344610392254
img_001956.jpg,0.041218,-0.028301,1.228304,-19.48839615682654,-3.378353168591568,-19.48839631663082,0.1716525538786659,1.3869320004966657e-08,0.1716525552315075,-0.9700880377725652
img_001957.jpg,0.041028,-0.02817,1.228163,-19.252143888776075,-3.295441328564669,-19.252145968388163,0.1695353178186025,7.258364419920893e-08,0.1695353354373054,-0.970832398537616
img_001958.jpg,0.040837,-0.02804,1.228021,-19.01555573822607,-3.213507195699189,-19.01557508065922,0.1674163476674088,1.84779641729943e-07,0.167416511662704,-0.9715675365904126
img_001959.jpg,0.040646,-0.027909,1.22788,-18.77869755261782,-3.1325169505966857,-18.778684076523238,0.1652961472174969,-4.790400175147536e-08,0.1652960328747108,-0.9722933740548332
img_001960.jpg,0.040498,-0.027732,1.227753,-18.541490189379008,-3.0525367549021127,-18.541487386871214,0.1631741276932294,1.6803550002830736e-08,0.163174103896817,-0.9730099772710576
img_001961.jpg,0.040307,-0.027601,1.227612,-18.30396412236345,-2.973531023307167,-18.30396855819214,0.1610504896851397,4.1285191581391656e-08,0.1610505273776467,-0.9737173447174272
img_001962.jpg,0.040116,-0.02747,1.22747,-18.0661540439358,-2.895502030613257,-18.06615803319609,0.1589255223799538,-6.056358662492879e-08,0.1589255563021456,-0.9744153867269898
img_001963.jpg,0.039926,-0.027339,1.227329,-17.82803179157559,-2.8184720669273093,-17.828023569801925,0.1567990066882654,-2.7852097815583846e-08,0.1567989367259908,-0.9751041815842916
img_001964.jpg,0.039735,-0.027209,1.227188,-17.589588176611084,-2.7424206027996605,-17.5895843905655,0.1546708277072899,-6.400350739330096e-08,0.1546707954679003,-0.9757837260815864
img_001965.jpg,0.039586,-0.027032,1.227061,-17.350852909993183,-2.6673700745705795,-17.3508474715404,0.1525412575102932,-4.130443542055273e-08,0.1525412111683196,-0.9764539639186676
img_001966.jpg,0.039396,-0.026901,1.22692,-17.11183020314484,-2.5933076407312408,-17.11181432854378,0.1504103055487967,-8.952560319464009e-08,0.1504101701870761,-0.9771148963602
img_001967.jpg,0.039205,-0.026771,1.226778,-16.872507686498448,-2.5202480551959536,-16.872484968658853,0.1482778747003766,-7.939296947992448e-08,0.1482776808576071,-0.9777665371824824
img_001968.jpg,0.039014,-0.02664,1.226637,-16.632883479578933,-2.448199101717832,-16.632876384831846,0.1461439474593655,2.2934130098489772e-08,0.1461438868827981,-0.9784088669609354
img_001969.jpg,0.038824,-0.026509,1.226495,-16.392998122932898,-2.377124756057662,-16.392975077395114,0.1440088152050125,-1.372347918082717e-07,0.1440086183096241,-0.9790418678462034
img_001970.jpg,0.038633,-0.026378,1.226354,-16.15281325832146,-2.3070987865607626,-16.15279802595411,0.1418722284287667,8.58263294011008e-08,0.1418720982043045,-0.9796655442301502
img_001971.jpg,0.038484,-0.026201,1.226227,-15.912356241500358,-2.238033010402484,-15.912333310407236,0.1397343039832958,-9.386962988855441e-08,0.1397341078179564,-0.9802799107411184
img_001972.jpg,0.038294,-0.02607,1.226086,-15.67161421836042,-2.169995455753128,-15.671585957234573,0.1375950013620651,-9.709277524333483e-08,0.1375947594514378,-0.9808849564406952
img_001973.jpg,0.038103,-0.02594,1.225945,-15.430586649204528,-2.102983921978655,-15.43056723225172,0.1354543005481665,3.205524519087066e-08,0.1354541342412986,-0.981480672239625
img_001974.jpg,0.037912,-0.025809,1.225803,-15.189306640970786,-2.036963216129519,-15.18929517618559,0.1333124327942493,-7.996123154233038e-08,0.1333123345392961,-0.982067012337832
img_001975.jpg,0.037721,-0.025678,1.225662,-14.947758615072752,-1.9719621670276324,-14.947733530385957,0.1311692855236246,-1.3654779428343145e-07,0.131169070417718,-0.9826440319367714
img_001976.jpg,0.037531,-0.025547,1.22552,-14.705943121374842,-1.9080020031871028,-14.705934056696965,0.1290248738392441,-2.71990260800048e-08,0.1290247960630328,-0.9832116679187952
img_001977.jpg,0.037382,-0.025371,1.225393,-14.46388435898938,-1.84505446124176,-14.46385208858666,0.1268793612096402,1.812487234950644e-08,0.1268790841678377,-0.9837699556805768
img_001978.jpg,0.037191,-0.02524,1.225252,-14.22155313203506,-1.783132876610369,-14.221535471233414,0.1247324985496923,8.208751243327096e-08,0.1247323468469047,-0.9843188738694426
img_001979.jpg,0.037001,-0.025109,1.225111,-13.97896783291996,-1.7221997596833485,-13.978952680465662,0.1225843913769261,-1.5427524295390238e-07,0.1225842611489659,-0.9848584496816216
img_001980.jpg,0.03681,-0.024978,1.224969,-13.736143480291297,-1.6623431581671917,-13.73613124895506,0.1204352471104873,9.623775261077829e-09,0.1204351419315414,-0.9853886176739436
img_001981.jpg,0.036619,-0.024847,1.224828,-13.493065475025864,-1.6034961692503131,-13.493045583371632,0.1182848568818439,3.057953234381072e-08,0.1182846857403632,-0.9859094409486828
img_001982.jpg,0.036471,-0.024671,1.224701,-13.24974426716277,-1.545679603512496,-13.249737852296382,0.1161333181459463,2.2223836014523268e-08,0.1161332629258416,-0.9864208623395034
img_001983.jpg,0.03628,-0.02454,1.22456,-13.0061989162403,-1.4888776277826246,-13.006190020392,0.1139807655828887,-1.621501885679111e-07,0.113980688967143,-0.986922888385758
img_001984.jpg,0.036089,-0.024409,1.224418,-12.762422607017006,-1.4331414347221605,-12.76239453061614,0.1118271759754242,-7.693984872825245e-08,0.1118269340459443,-0.9874155252654474
img_001985.jpg,0.035899,-0.024278,1.224277,-12.518407753536057,-1.3784401001802769,-12.518376400681785,0.1096724388912967,-1.5637604206322764e-08,0.1096721685969854,-0.9878987658575492
img_001986.jpg,0.035708,-0.024147,1.224136,-12.27416850469689,-1.324779680002678,-12.274148938493164,0.1075166671386588,3.8440605882456014e-08,0.1075164983766768,-0.9883725860545768
img_001987.jpg,0.035517,-0.024016,1.223994,-12.029705154064152,-1.2721506407340633,-12.029694429486115,0.1053598395992018,1.057125830795924e-08,0.1053597470543439,-0.988837007752175
img_001988.jpg,0.035369,-0.02384,1.223867,-11.785024026300682,-1.220559859814967,-11.785006313851198,0.1032020022119507,-4.947117984016591e-08,0.1032018492967956,-0.9892920322337402
img_001989.jpg,0.035178,-0.023709,1.223726,-11.540136512625448,-1.170019823656582,-11.5401171210466,0.1010432489866193,-8.258450122193561e-08,0.1010430814997915,-0.9897376205415492
img_001990.jpg,0.034987,-0.023578,1.223585,-11.295034927203446,-1.120528399801838,-11.29502436434532,0.0988834958589018,-1.0612151140308725e-07,0.0988834045863297,-0.9901737860315872
img_001991.jpg,0.034797,-0.023447,1.223443,-11.049737808577568,-1.072107873573256,-11.049720710720525,0.0967229055765112,5.45535535148578e-08,0.0967227577720371,-0.9906005187086298
img_001992.jpg,0.034606,-0.023317,1.223302,-10.80421678846234,-1.0247018442082434,-10.80421160109889,0.0945611699794209,-7.749590226133196e-08,0.0945611251177381,-0.9910178498637572
img_001993.jpg,0.034415,-0.023186,1.223161,-10.558514094886377,-0.9783686278651446,-10.558501954344942,0.0923986861063538,-4.586309392332066e-08,0.0923985810685494,-0.9914257334880592
img_001994.jpg,0.034267,-0.023009,1.223034,-10.31261553601339,-0.9330918326544466,-10.312597472822706,0.090235301069079,7.027489198202508e-09,0.0902351447267675,-0.9918241825530932
img_001995.jpg,0.034076,-0.022878,1.222892,-10.066523138520864,-0.8888676542509694,-10.066517967262609,0.0880710127710312,2.3284088725671063e-08,0.0880709679946922,-0.9922131833965734
img_001996.jpg,0.033885,-0.022747,1.222751,-9.82024336960883,-0.8456873473336112,-9.820241289209518,0.0859058540959667,-6.836305446733526e-08,0.0859058360755345,-0.9925927521195193
img_001997.jpg,0.033695,-0.022617,1.222609,-9.573802761599246,-0.803577377889447,-9.573795440658508,0.0837400577562037,-8.69483369773591e-08,0.0837399943185225,-0.992962847280055
img_001998.jpg,0.033504,-0.022486,1.222468,-9.327178968315454,-0.7625277741905533,-9.327162372028967,0.081573405458818,-9.56655034868234e-08,0.0815732615958392,-0.9933235034541664
img_001999.jpg,0.033313,-0.022355,1.222327,-9.080377245877058,-0.7225510255806201,-9.08036514247298,0.0794059339425595,-1.4024448049924922e-08,0.0794058289885236,-0.9936747012867716
img_002000.jpg,0.033165,-0.022178,1.2222,-8.833400500015092,-0.6836210707538951,-8.833392778868635,0.0772376329120579,-6.946491651858845e-08,0.0772375659355092,-0.9940164518107812
img_002001.jpg,0.032974,-0.022047,1.222059,-8.586259775619979,-0.6457649958326414,-8.586260466346161,0.0750685989410177,-5.1913132725726896e-08,0.0750686049346769,-0.9943487366141676
img_002002.jpg,0.032783,-0.021917,1.221917,-8.338977293342094,-0.6089722700661462,-8.338966361448023,0.0728989999609497,-7.213475244037537e-08,0.0728989050704983,-0.9946715465138284
img_002003.jpg,0.032593,-0.021786,1.221776,-8.091523188276357,-0.5732381444733832,-8.091511681908305,0.0707285560813639,-1.5932375805119414e-07,0.0707284561729201,-0.994984902821151
img_002004.jpg,0.032402,-0.021655,1.221635,-7.843937471913113,-0.5386072389434123,-7.84391875782457,0.0685576234962904,2.9163333316838125e-08,0.0685574609544619,-0.9952887655389352
img_002005.jpg,0.032253,-0.021478,1.221508,-7.596179006521823,-0.5050201081396065,-7.596190817849223,0.0663857906284656,-5.2607780761868014e-09,0.0663858932464847,-0.9955831657779776
img_002006.jpg,0.032063,-0.021348,1.221366,-7.348312636895,-0.4725202315175993,-7.348291269448055,0.0642136280120916,9.245250074448737e-08,0.0642134423164201,-0.9958680855431564
img_002007.jpg,0.031872,-0.021217,1.221225,-7.100257910624321,-0.4410646254337574,-7.100274462437577,0.0620403939795082,-4.262735509019677e-08,0.0620405378643001,-0.9961435444635348
img_002008.jpg,0.031681,-0.021086,1.221084,-6.852114936987386,-0.4106965596318185,-6.852112875155553,0.0598669639637925,-7.9682068730106e-08,0.0598669460355174,-0.9964095018606216
img_002009.jpg,0.031491,-0.020955,1.220942,-6.603847807063599,-0.381401602429531,-6.6038329647896,0.0576929991276407,-1.428905619361119e-07,0.0576928700361822,-0.9966659674126662
img_002010.jpg,0.0313,-0.020824,1.220801,-6.355429462724257,-0.3531930226034726,-6.35543424925733,0.0555182516157194,-1.0785783238591309e-07,0.0555182932571578,-0.996912956506903
img_002011.jpg,0.031151,-0.020648,1.220674,-6.106906049640431,-0.3260660990275333,-6.106902266969513,0.0533431009412082,-3.662210523681583e-08,0.0533430680252396,-0.9971504553855598
img_002012.jpg,0.030961,-0.020517,1.220532,-5.858264316237382,-0.3000069987983827,-5.858258588325729,0.0511674062326828,-5.8070983837560375e-08,0.0511673563782599,-0.9973784628618548
img_002013.jpg,0.03077,-0.020386,1.220391,-5.609506452788353,-0.2750365856973869,-5.609507836609784,0.0489911766536694,1.7984576809564055e-09,0.0489911887007703,-0.9975969767595402
img_002014.jpg,0.030579,-0.020255,1.22025,-5.360643383329025,-0.2511397943704108,-5.360650646680909,0.0468144811765299,2.526440041547562e-09,0.046814544422166,-0.9978059945614264
img_002015.jpg,0.030388,-0.020124,1.220108,-5.111688316738395,-0.2283063900548344,-5.111685689168956,0.0446374116760956,-1.5397420816045534e-07,0.0446373887919564,-0.9980055135121604
img_002016.jpg,0.030198,-0.019994,1.219967,-4.8626456230958,-0.206567839602914,-4.862634678585144,0.0424599992113692,-2.0729936388991232e-07,0.0424599038748199,-0.9981955244489272
img_002017.jpg,0.030049,-0.019817,1.21984,-4.613488774839593,-0.1859495601618863,-4.613502349240943,0.0402820011123932,6.891938743205754e-08,0.0402821193790108,-0.998376036994434
img_002018.jpg,0.029859,-0.019686,1.219699,-4.364255851413912,-0.1663711931071267,-4.364256434527515,0.0381037004738518,-3.17196643681919e-08,0.0381037055550846,-0.9985470522880578
img_002019.jpg,0.029668,-0.019555,1.219558,-4.114941090333486,-0.1478797974587459,-4.11494272946399,0.0359250443512712,-1.1622630658575905e-07,0.035925058636912,-0.9987085567623222
img_002020.jpg,0.029477,-0.019424,1.219416,-3.865550191310558,-0.1304854670372306,-3.865562039708905,0.0337460652058955,-1.0098863193483756e-07,0.0337461684848717,-0.9988605504251832
img_002021.jpg,0.029286,-0.019293,1.219275,-3.616076041716717,-0.1141672478027853,-3.616080188245004,0.0315666744723133,-1.597108145888395e-07,0.0315667106215296,-0.999003046963957
img_002022.jpg,0.029096,-0.019163,1.219133,-3.3665538035993867,-0.0989579322094115,-3.366544027016868,0.029387167437375,-3.2693517892381195e-08,0.0293870821943066,-0.9991360236675044
img_002023.jpg,0.028947,-0.018986,1.219006,-3.116940559891097,-0.0848123450362045,-3.1169534182343672,0.0272071376624928,-1.0440443539740109e-07,0.0272072497896254,-0.9992594944352984
img_002024.jpg,0.028756,-0.018855,1.218865,-2.8672853259272117,-0.0717710362616193,-2.867281251418136,0.0250270023603401,-2.9695054651660526e-08,0.0250269668258177,-0.9993734537620828
img_002025.jpg,0.028566,-0.018724,1.218724,-2.6175742290585187,-0.0597975425845709,-2.617575426569293,0.0228466119651283,-1.3608134380102554e-07,0.0228466224099265,-0.9994778957866726
img_002026.jpg,0.028375,-0.018594,1.218582,-2.367819373478955,-0.0489391795772978,-2.3678218642401503,0.0206660612726148,-1.1686026939476592e-08,0.0206660829993218,-0.9995728222220436
img_002027.jpg,0.028184,-0.018463,1.218441,-2.118004809272725,-0.0391582299005571,-2.118007494875753,0.0184851830443573,1.757465301998988e-08,0.0184852064726549,-0.9996582391745088
img_002028.jpg,0.028036,-0.018286,1.218314,-1.8681551093652509,-0.0304408117053222,-1.868159263757616,0.0163041697521881,-1.8040708308215666e-07,0.0163042059964687,-0.9997341381164714
img_002029.jpg,0.027845,-0.018155,1.218173,-1.6182812807788414,-0.0228558804623576,-1.61827712879204,0.0141231068032556,-6.4569795642558354e-09,0.0141230705775631,-0.9998005184694018
img_002030.jpg,0.027654,-0.018024,1.218031,-1.3683615580774935,-0.0163453374119161,-1.3683670556926109,0.0119417751650942,3.3413496748375005e-08,0.0119418231339928,-0.999857383263304
img_002031.jpg,0.027464,-0.017894,1.21789,-1.118416051200232,-0.0109079215622819,-1.1184090202704804,0.0097603303976515,-7.388537760449444e-08,0.0097602690470554,-0.9999047320113312
img_002032.jpg,0.027273,-0.017763,1.217749,-0.8684612078495116,-0.0065832436933995,-0.8684520057330135,0.0075788989190767,1.0539186895586355e-08,0.0075788186200747,-0.9999425592500294
img_002033.jpg,0.027082,-0.017632,1.217607,-0.6184869250319841,-0.0033418052900768,-0.6184870010520215,0.0053973691874572,3.1155801076294683e-08,0.0053973698508378,-0.999970867977936
img_002034.jpg,0.026934,-0.017455,1.217481,-0.3684924432201955,-0.0011749756997885,-0.3684890000774686,0.0032157140051174,-8.712354638203564e-08,0.0032156839583369,-0.999989659226589
img_002035.jpg,0.026743,-0.017325,1.217339,-0.118491747699232,-0.0001219997391044,-0.1184900000002545,0.0010340359306994,-4.565973252585063e-09,0.0010340206791649,-0.9999989307848928
img_002036.jpg,0.026552,-0.017194,1.217198,0.131507667204558,-0.0001449996180798,0.1315020000004273,0.0011476213366859,5.161766925559674e-08,0.0011475718810627,0.9999986830211542
img_002037.jpg,0.026362,-0.017063,1.217056,0.3815075704884916,-0.001265971936229,0.3815000000931371,0.0033292937921757,3.628835064286186e-08,0.0033292277287433,0.9999889159613592
img_002038.jpg,0.026171,-0.016932,1.216915,0.6314776570040924,-0.0034787886993313,0.6314850011640433,0.0055107378584704,1.0426859672620457e-08,0.0055108019464107,0.9999696309539418
img_002039.jpg,0.02598,-0.016801,1.216774,0.8814647745869859,-0.006774198259842,0.8814630061614271,0.0076923825498018,5.660216597195987e-08,0.0076923671182898,0.9999408256186072
img_002040.jpg,0.025832,-0.016625,1.216647,1.1314244598458283,-0.0111668224236355,1.1314210214913996,0.0098738614064967,4.393859723338198e-08,0.009873831404118,0.9999025024042724
img_002041.jpg,0.025641,-0.016494,1.216506,1.3813814994074338,-0.0166501598274112,1.3813580583380685,0.0120554111369106,3.0423441269337385e-08,0.0120552066047153,0.9998546589660104
img_002042.jpg,0.02545,-0.016363,1.216364,1.6312658764105807,-0.0232145879055055,1.63127413393407,0.0142364403545535,9.178707126037617e-08,0.0142365124004401,0.9997973021971478
img_002043.jpg,0.02526,-0.016232,1.216223,1.8811726981141323,-0.0308823475918415,1.881150273353687,0.0164178022262648,4.1719142726320744e-08,0.0164176065860591,0.9997304226460464
img_002044.jpg,0.025069,-0.016101,1.216081,2.131017082239177,-0.0396375685801396,2.130998510178561,0.018598775009234,8.409446415863064e-09,0.0185986129935015,0.9996540287333784
img_002045.jpg,0.024921,-0.015925,1.215954,2.3808094257956096,-0.0494642654104457,2.3808138877350054,0.0207794670405718,1.3002227451392598e-07,0.0207795059615272,0.9995681196804388
img_002046.jpg,0.02473,-0.015794,1.215813,2.630578988252199,-0.060399285439894,2.63057346266222,0.0229601604825265,8.480678300847727e-08,0.02296011228808,0.9994726931108864
img_002047.jpg,0.024539,-0.015663,1.215672,2.880282080692646,-0.0724253902174873,2.8802793030694107,0.0251404921108106,1.3150531307350511e-08,0.0251404678868,0.999367756399444
img_002048.jpg,0.024348,-0.015532,1.215531,3.1299357653781508,-0.0855352153299875,3.129930491254948,0.0273206296235903,-1.9757924182915547e-08,0.0273205836325506,0.9992533056772676
img_002049.jpg,0.024158,-0.015401,1.215389,3.379533399832571,-0.0997182836147791,3.3795281242976167,0.0295005325675085,7.438212943624775e-08,0.0295004865698609,0.9991293409115604
img_002050.jpg,0.023967,-0.01527,1.215248,3.629074077970484,-0.1150029283491176,3.6290573201087866,0.031680220393582,4.2577987113476274e-08,0.0316800743004894,0.9989958641196308
img_002051.jpg,0.023818,-0.015094,1.215121,3.8785292633628745,-0.1313744235287222,3.878526211205077,0.0338594611085697,5.094425114832851e-09,0.0338594345040218,0.9988528798519356
img_002052.jpg,0.023628,-0.014963,1.214979,4.1279159401469885,-0.1488289103256261,4.127913950252119,0.0360384218323007,-8.581118666117424e-09,0.0360384044897602,0.9987003882815254
img_002053.jpg,0.023437,-0.014832,1.214838,4.377234477858068,-0.1673574211027648,4.377226709384018,0.0382171227693254,7.90650836843699e-08,0.0382170550756818,0.9985383859564791
img_002054.jpg,0.023246,-0.014701,1.214697,4.626462454248983,-0.1869877587893531,4.626453691315668,0.0403953977299663,1.1963979592828982e-08,0.0403953213838324,0.9983668813880668
img_002055.jpg,0.023056,-0.01457,1.214555,4.875603290630653,-0.2076728310954446,4.875598104178851,0.0425732800817783,1.992483853803951e-07,0.0425732349035471,0.998185872216636
img_002056.jpg,0.022865,-0.01444,1.214414,5.124660364372842,-0.2294870065301677,5.124650215905174,0.0447508464229983,-1.2297035830149268e-08,0.0447507580384474,0.9979953564017264
img_002057.jpg,0.022716,-0.014263,1.214287,5.373603022861606,-0.2523421307828393,5.373601269092674,0.0469278162621177,1.2610771273156157e-07,0.0469278009913358,0.9977953505378596
img_002058.jpg,0.022526,-0.014132,1.214146,5.622449851859734,-0.276305316916909,5.622444588047054,0.0491043975006723,3.026212625932209e-08,0.0491043516761349,0.997585846327303
img_002059.jpg,0.022335,-0.014001,1.214004,5.871197233003695,-0.3013359997562264,5.871189484624556,0.0512805616629469,5.2130953090336746e-08,0.0512804942236269,0.997366840689879
img_002060.jpg,0.022144,-0.013871,1.213863,6.119851892249124,-0.3274532224204736,6.119833326954462,0.053456394841657,2.470156992969916e-08,0.0534562332925212,0.997138327902758
img_002061.jpg,0.021953,-0.01374,1.213722,6.368369412013805,-0.3546480514553172,6.368358500981311,0.0556315259792092,-6.94869446921445e-09,0.0556314310576289,0.9969003346351654
img_002062.jpg,0.021763,-0.013609,1.21358,6.6167522592259695,-0.3829223745666768,6.616750431472624,0.0578059968331006,-7.111888644271634e-08,0.0578059809363321,0.9966528659960372
img_002063.jpg,0.021614,-0.013432,1.213453,6.865040560195341,-0.4122530974162961,6.865037557799297,0.0599801636692051,6.27848868737027e-08,0.0599801375627861,0.9963958867157976
img_002064.jpg,0.021424,-0.013301,1.213312,7.113187353143049,-0.4426647351358245,7.113179390649212,0.0621536491555916,1.3218796890033732e-07,0.0621535799386647,0.9961294375719624
img_002065.jpg,0.021233,-0.013171,1.21317,7.361206188403715,-0.4741637333489473,7.361188469392533,0.0643265939351208,8.921333907990077e-08,0.0643264399487271,0.9958535024973406
img_002066.jpg,0.021042,-0.01304,1.213029,7.609078127400496,-0.5067445078420483,7.6090683609022784,0.0664988497111364,-3.1179642656815893e-08,0.0664987648600904,0.995568087706299
img_002067.jpg,0.020852,-0.012909,1.212888,7.856814306664086,-0.5403736458604977,7.85680363305787,0.0686705125519615,5.3433746680792156e-08,0.068670419847448,0.9952731957326206
img_002068.jpg,0.020703,-0.012732,1.212761,8.10440448757467,-0.575085972654633,8.104402976940907,0.0708415320104738,3.431356598946472e-08,0.0708415188940317,0.9949688218950352
img_002069.jpg,0.020512,-0.012601,1.21262,8.351847917571057,-0.6108765696406802,8.351845080512488,0.0730119174831447,-6.478436105020885e-08,0.0730118928574719,0.9946549770683296
img_002070.jpg,0.020321,-0.012471,1.212478,8.599146369685652,-0.6477038122563765,8.599119611054084,0.0751816759988111,1.0588539483755156e-07,0.0751814438093041,0.9943316680568648
img_002071.jpg,0.020131,-0.01234,1.212337,8.846252698283589,-0.6856248349848831,8.84623844155746,0.0773504529361803,2.0518064201661967e-08,0.077350329269388,0.9939989104583992
img_002072.jpg,0.01994,-0.012209,1.212196,9.093211544241717,-0.7246046761953573,9.093203340296576,0.0795186310867527,6.948196090532377e-09,0.0795185599479623,0.9936566740750504
img_002073.jpg,0.019749,-0.012078,1.212054,9.340008532786417,-0.7646379894671066,9.339995164491304,0.0816860993054637,8.272497094893166e-08,0.0816859834261152,0.9933049789928364
img_002074.jpg,0.019601,-0.011901,1.211928,9.586640633989427,-0.8057518230886148,9.58661489495486,0.0838528677841989,5.404990397091247e-09,0.0838526447536749,0.992943820431035
img_002075.jpg,0.01941,-0.011771,1.211786,9.833076271497022,-0.8479099628755007,9.833062420972947,0.0860186545258008,5.8819001103743724e-08,0.086018534554834,0.9925732228841389
img_002076.jpg,0.01922,-0.01164,1.211645,10.079345251636097,-0.8911234677645545,10.07932578542904,0.0881837424965451,1.5301050809192476e-07,0.0881835739479992,0.9921931691183112
img_002077.jpg,0.019029,-0.011509,1.211503,10.325422104081223,-0.93540322997518,10.325399092828878,0.0903479363768272,1.6245809488814322e-07,0.0903477372116473,0.9918036785438727
img_002078.jpg,0.018838,-0.011378,1.211362,10.57129882409539,-0.980765840161139,10.571290531945122,0.0925111974674343,-6.411645527178157e-08,0.0925111257267523,0.9914047457824208
img_002079.jpg,0.018647,-0.011247,1.21122,10.817000523489972,-1.0271541050934454,10.816987107888458,0.0946737147490312,-2.9392857106569362e-08,0.0946735987299101,0.9909963660070336
img_002080.jpg,0.018499,-0.011071,1.211094,11.062494028775092,-1.0745845318144092,11.062470098273185,0.0968352298875371,7.306798768119682e-08,0.0968350230220011,0.9905785766757482
img_002081.jpg,0.018308,-0.01094,1.210952,11.307799097093104,-1.1230820812288398,11.307774897116484,0.0989959505912019,6.572790210712666e-08,0.0989957414864416,0.9901513242601302
img_002082.jpg,0.018118,-0.010809,1.210811,11.552889456726213,-1.1726276914726346,11.552861786318012,0.1011556502779492,4.922484710297159e-08,0.1011554112916716,0.9897146645287496
img_002083.jpg,0.017927,-0.010678,1.21067,11.79777300882152,-1.223221614569817,11.797746185799657,0.1033144133236875,3.298230523765544e-08,0.1033141817606152,0.98926857417322
img_002084.jpg,0.017736,-0.010548,1.210528,12.042443901746884,-1.274851377251487,12.042415512229196,0.1054721937202181,9.987367723639229e-08,0.1054719487464245,0.9888130684712184
img_002085.jpg,0.017587,-0.010371,1.210401,12.28689279966825,-1.327540628112362,12.286850411008498,0.1076289476195791,1.0210044486952397e-08,0.1076285820188757,0.9883481663699832
img_002086.jpg,0.017397,-0.01024,1.21026,12.531113567254671,-1.3812763811692863,12.531092442423448,0.1097846261586526,-9.986707390392813e-08,0.1097844440451873,0.9878738339003033
img_002087.jpg,0.017206,-0.010109,1.210119,12.775107467815603,-1.4360236049112842,12.775092066783792,0.1119392222574863,1.6779420975929216e-08,0.1119390895528871,0.98739012084913
img_002088.jpg,0.017015,-0.009979,1.209977,13.01888401934126,-1.491812295637314,13.018854171637845,0.1140928603904093,1.0554112592903177e-07,0.1140926033329743,0.9868970042879996
img_002089.jpg,0.016825,-0.009848,1.209836,13.262415042126705,-1.5486584929732576,13.2623966705247,0.1162453285111815,8.807107770500422e-09,0.1162451703699777,0.9863944869903634
img_002090.jpg,0.016634,-0.009717,1.209695,13.50571439926772,-1.606520015530503,13.50568716070432,0.1183967192335658,6.128795917124953e-08,0.1183964848879696,0.9858825940449992
img_002091.jpg,0.016485,-0.00954,1.209568,13.748785565680572,-1.6654329778961685,13.748760832845337,0.1205471125259685,-1.7512621016541052e-08,0.1205468998508135,0.9853612731369188
img_002092.jpg,0.016295,-0.009409,1.209426,13.991611254736055,-1.7253551763307262,13.991571384043176,0.1226963308021176,5.9603615867528936e-08,0.1226959881426671,0.984830597057884
img_002093.jpg,0.016104,-0.009278,1.209285,14.23417567764258,-1.7863167398493744,14.234135117588634,0.1248442829862711,2.281549068422484e-08,0.1248439345934289,0.984290555172036
img_002094.jpg,0.015913,-0.009148,1.209143,14.47647713998719,-1.8482963173887268,14.476454027511936,0.1269909459471148,4.5068751612642455e-08,0.1269907475320289,0.9837411497384418
img_002095.jpg,0.015723,-0.009017,1.209002,14.71855130608292,-1.9113094582322767,14.718509460734603,0.1291366557203088,1.2561714828052126e-09,0.1291362966920483,0.983182353902895
img_002096.jpg,0.015532,-0.008886,1.208861,14.960348668313085,-1.9753335972552808,14.960312535259108,0.1312809759864678,3.163295814873068e-08,0.1312806661481704,0.9826142132290434
img_002097.jpg,0.015383,-0.008709,1.208734,15.201870770841156,-2.040376282128023,15.201849684746245,0.1334239410551566,4.588150018594584e-08,0.1334237603496929,0.982036736648612
img_002098.jpg,0.015193,-0.008578,1.208593,15.443155779305552,-2.1064533595814807,15.443131537411409,0.13556590866039,-4.601050788977101e-08,0.1355657010342554,0.9814498586846766
img_002099.jpg,0.015002,-0.008448,1.208451,15.684151181993892,-2.173520260416125,15.684125160580264,0.137706390564652,2.6328291179156252e-08,0.1377061678327119,0.980853690077416
img_002100.jpg,0.014811,-0.008317,1.20831,15.92488020352338,-2.2415993347175545,15.924847397761894,0.1398456228833282,1.0654566105772201e-07,0.1398453422536593,0.980248173683746
img_002101.jpg,0.014621,-0.008186,1.208168,16.16529961209303,-2.310705219652552,16.165295118343277,0.1419832652365482,8.496217340780986e-10,0.141983226819869,0.9796333577898344
img_002102.jpg,0.01443,-0.008055,1.208027,16.4054764658993,-2.3808225652573998,16.405469947395222,0.1441198850400688,-8.637955154974787e-08,0.1441198293494517,0.9790091590604834
img_002103.jpg,0.014281,-0.007879,1.2079,16.645361743618455,-2.4519142645887904,16.645347261419086,0.1462550293599621,5.85550276911706e-08,0.1462549057118277,0.9783756788382146
img_002104.jpg,0.014091,-0.007748,1.207759,16.884978018684002,-2.524024981606377,16.88495158020144,0.1483889559318638,1.0129671801015205e-07,0.1483887303500192,0.9777328379790416
img_002105.jpg,0.0139,-0.007617,1.207617,17.1242769310265,-2.5971451732094324,17.124258811969565,0.15052125183068,1.778639185587294e-08,0.1505210973360397,0.9770807295224274
img_002106.jpg,0.013709,-0.007486,1.207476,17.363289649229888,-2.671246709140024,17.363274693781456,0.1526521584473394,8.282503200993109e-08,0.1526520310139573,0.9764193135885196
img_002107.jpg,0.013519,-0.007355,1.207335,17.602010134297487,-2.7463492951349004,17.601994701898064,0.1547816592211675,1.016667968041507e-07,0.1547815278140751,0.9757485929358404
img_002108.jpg,0.01337,-0.007179,1.207208,17.84041414330042,-2.822460098045112,17.840411252329098,0.1569095675639673,-4.288403370605876e-08,0.1569095429644656,0.97506860421899
img_002109.jpg,0.013179,-0.007048,1.207067,18.07854143865454,-2.899549071162858,18.078516259208467,0.1590361928736952,-6.505356722405486e-08,0.1590359787712783,0.9743793136209832
img_002110.jpg,0.012989,-0.006917,1.206925,18.31634274919493,-2.9776009224207223,18.31633094838797,0.1611611046710562,1.132974608124282e-07,0.1611610043999702,0.9736807633932104
img_002111.jpg,0.012798,-0.006786,1.206784,18.553846561386862,-3.0566711701647566,18.55383580966928,0.1632846284110488,1.8742262204024532e-08,0.1632845371204662,0.9729729133239118
img_002112.jpg,0.012607,-0.006655,1.206642,18.791030362540788,-3.136717324588853,18.79101676787669,0.1654065255041899,-5.301296413309786e-08,0.165406410159824,0.9722558309409458
img_002113.jpg,0.012416,-0.006524,1.206501,19.027889831874912,-3.217721979914788,19.027891262872263,0.1675267439728792,4.9932701005200864e-08,0.1675267561051535,0.9715295034340063
img_002114.jpg,0.012268,-0.006348,1.206374,19.264444554642644,-3.2997269715198123,19.26443891088042,0.1696455160033863,-4.307656719174102e-08,0.1696454681907045,0.9707939091394732
img_002115.jpg,0.012077,-0.006217,1.206233,19.50068102279628,-3.3826948119440057,19.50067596615002,0.1717626834461816,-2.3633369278935893e-08,0.1717626406402815,0.9700490584788192
img_002116.jpg,0.011887,-0.006086,1.206092,19.73658376768577,-3.4666321165541016,19.736584563538333,0.1738781324030654,-1.229883634865092e-08,0.173878139134939,0.9692949952429304
img_002117.jpg,0.011696,-0.005955,1.20595,19.972154373885417,-3.551536588017082,19.97216279083248,0.1759918808682727,-5.597618129432602e-09,0.1759919520085926,0.9685317189935768
img_002118.jpg,0.011505,-0.005825,1.205809,20.207413735350578,-3.637413366337321,20.207408006163664,0.178104120384857,-3.401802342942184e-08,0.1781040720002014,0.9677591962047596
img_002119.jpg,0.011314,-0.005694,1.205667,20.4423250230322,-3.7242541450376057,20.442325385683336,0.1802145351327174,-9.118514539274702e-08,0.180214538192938,0.9669774772717284
img_002120.jpg,0.011166,-0.005517,1.20554,20.676913044989305,-3.812033770550886,20.67691675829567,0.1823233042217148,6.201822248114165e-08,0.1823233355307122,0.9661865317104288
img_002121.jpg,0.010975,-0.005386,1.205399,20.911157287199643,-3.900788439862441,20.91116251172976,0.1844303148009328,4.071237155039986e-08,0.1844303588154359,0.9653864002199516
img_002122.jpg,0.010784,-0.005255,1.205258,21.14506241938839,-3.9904920780714015,21.14505863458,0.1865355739892131,4.995302742283325e-08,0.1865355421304994,0.9645770944608796
img_002123.jpg,0.010594,-0.005125,1.205116,21.37861380511881,-4.081151588209452,21.37862411596292,0.1886389752167703,2.237881396166541e-08,0.1886390619348934,0.963758601176399
img_002124.jpg,0.010403,-0.004994,1.204975,21.61183470758132,-4.172770993769991,21.61184089958793,0.1907407265656774,-8.30432974607831e-08,0.1907407785980791,0.9629309064564232
img_002125.jpg,0.010212,-0.004863,1.204833,21.84470256449504,-4.265311832614037,21.84471185225597,0.1928405843707476,9.075021671633989e-09,0.1928406623494383,0.96209406398968
img_002126.jpg,0.010064,-0.004686,1.204707,22.07721291343102,-4.358801007190561,22.0772297857982,0.1949385580784921,3.5634803018103074e-08,0.1949386996118756,0.961248075143929
img_002127.jpg,0.009873,-0.004556,1.204565,22.309381855001703,-4.45324290627716,22.309389021974056,0.1970347951546287,-3.9276509232466505e-08,0.1970348552210879,0.9603929171575438
img_002128.jpg,0.009683,-0.004425,1.204424,22.541181165534628,-4.548606351971968,22.541193884205395,0.1991290144015858,-1.1439864118500951e-08,0.1991291209009557,0.9595286493027008
img_002129.jpg,0.009492,-0.004294,1.204283,22.772631292331425,-4.644916460172908,22.77265161048086,0.2012214318308861,-6.096790437781774e-08,0.2012216018093613,0.958655205137488
img_002130.jpg,0.009301,-0.004163,1.204141,23.00372476326548,-4.742136260501686,23.003744395271276,0.2033119293042019,6.157577253640413e-08,0.2033120933913267,0.9577726515637393
img_002131.jpg,0.009153,-0.003986,1.204015,23.234457528308624,-4.840298341042507,23.234470966667445,0.2054005297923767,5.5791845567088056e-08,0.205400642007541,0.9568809741153276
img_002132.jpg,0.008962,-0.003856,1.203873,23.464819541596334,-4.939384341527101,23.464833434304914,0.2074871233726558,4.376825327861989e-08,0.2074872392725966,0.955980198107458
img_002133.jpg,0.008771,-0.003725,1.203732,23.69481397883724,-5.039392940744329,23.6948205452824,0.2095717379597105,3.828938360816991e-09,0.2095717926881485,0.955070337911309
img_002134.jpg,0.00858,-0.003594,1.20359,23.92443972052331,-5.140326325692186,23.92444742354396,0.2116543712632167,-7.474865637568939e-08,0.2116544354027322,0.9541513648785068
img_002135.jpg,0.00839,-0.003463,1.203449,24.153700909530528,-5.242154386926815,24.153709924695075,0.2137350097647876,4.2167684885519037e-08,0.2137350847569192,0.9532232997282416
img_002136.jpg,0.008199,-0.003332,1.203307,24.38258356769912,-5.344909805208696,24.38258945355725,0.2158135951108469,2.576389421249381e-09,0.2158136440238855,0.95228617716444
img_002137.jpg,0.008051,-0.003156,1.203181,24.61110011538604,-5.448567888504591,24.611104399849054,0.2178901909537004,5.210736521432669e-08,0.2178902265233455,0.9513399570457252
img_002138.jpg,0.00786,-0.003025,1.203039,24.839228119246705,-5.55312473397823,24.83923488733853,0.2199646061743012,1.2446235408969386e-07,0.2199646623066374,0.9503847217663466
img_002139.jpg,0.007669,-0.002894,1.202898,25.066967103440746,-5.658619769213729,25.06698728308797,0.2220369079879287,-1.1709222385442033e-07,0.2220370751814559,0.9494204278063596
img_002140.jpg,0.007478,-0.002763,1.202757,25.294354205622348,-5.764971865969188,25.29436054190432,0.2241072636584188,5.4287873252345526e-08,0.2241073161023201,0.9484470703444382
img_002141.jpg,0.007288,-0.002632,1.202615,25.521363993652468,-5.8722431096195145,25.521339205864905,0.2261755725135971,2.3569247650789823e-08,0.2261753675634776,0.9474646766532628
img_002142.jpg,0.007097,-0.002502,1.202473,25.747954547822072,-5.980405871251897,25.74794200255064,0.2282414406514757,-4.509016272857824e-08,0.2282413370333368,0.946473315439253
img_002143.jpg,0.006948,-0.002325,1.202347,25.97416835463382,-6.089451318277072,25.974155406469503,0.2303052044021842,-4.1039809023368796e-08,0.2303050975693727,0.9454729371371918
img_002144.jpg,0.006758,-0.002194,1.202206,26.199993856403804,-6.199390318480532,26.19998615468145,0.2323667883961053,-8.353442020742063e-08,0.2323667249185212,0.9444635412767995
img_002145.jpg,0.006567,-0.002063,1.202064,26.425436462687813,-6.310204210766422,26.425435540980644,0.2344262036331434,-2.3608829433086065e-08,0.2344261960446254,0.943445130178856
img_002146.jpg,0.006376,-0.001932,1.201923,26.65048994510064,-6.42189780503278,26.650470937852173,0.2364834073823082,-5.414092091315935e-10,0.2364832510639107,0.9424177789065192
img_002147.jpg,0.006186,-0.001801,1.201781,26.87513403579213,-6.53447411761234,26.875124267991215,0.2385382385306529,-3.6207042183877824e-08,0.2385381582871653,0.9413814613639144
img_002148.jpg,0.006037,-0.001625,1.201654,27.099405938330165,-6.6479285011702745,27.09938584706724,0.240590993957496,-5.4857686872245015e-08,0.2405908290889893,0.9403361242581366
img_002149.jpg,0.005846,-0.001494,1.201513,27.32326206015556,-6.762250648954719,27.32325179867899,0.2426412958581612,-9.090637161091043e-08,0.2426412117470965,0.9392818767048392
img_002150.jpg,0.005656,-0.001363,1.201372,27.5467345186376,-6.877438652762554,27.54671279126632,0.2446894031345865,-1.0164055845585108e-07,0.2446892252416996,0.9382186733615177
img_002151.jpg,0.005465,-0.001232,1.20123,27.769803592701408,-6.993487269209649,27.769770501050537,0.2467351429340018,-1.0314325203653053e-07,0.2467348723056625,0.9371465584579796
img_002152.jpg,0.005274,-0.001102,1.201089,27.992446511767916,-7.110387173719983,27.992434524449845,0.2487783099850991,-6.870617617893426e-08,0.2487782120641439,0.9360655712518868
img_002153.jpg,0.005083,-0.000971,1.200948,28.21471952024252,-7.228146814658783,28.21469959764937,0.2508193782548369,2.147211317776732e-08,0.2508192157023859,0.9349755935457872
img_002154.jpg,0.004935,-0.000794,1.200821,28.43657706539925,-7.346776461096781,28.436558759034387,0.2528579937172747,-5.219933745664873e-08,0.2528578445275147,0.933876729271145
img_002155.jpg,0.004744,-0.000663,1.20068,28.658039858247164,-7.46623330392239,28.658006510817277,0.2548942401750881,7.37163083214254e-08,0.2548939687288206,0.9327689912466164
img_002156.jpg,0.004554,-0.000532,1.200538,28.879082341771287,-7.586552518678869,28.879059100522763,0.2569279754345508,6.788835345966637e-08,0.2569277864785239,0.9316523643367972
img_002157.jpg,0.004363,-0.000402,1.200397,29.099708086854147,-7.707737943574521,29.09969947542178,0.2589592343906312,-1.5319875544539396e-07,0.2589591644625492,0.9305268755198062
img_002158.jpg,0.004172,-0.000271,1.200256,29.31994657905371,-7.829731491503966,29.31993024931017,0.260988139009712,-6.306326727489875e-08,0.2609880065676669,0.9293925175748288
img_002159.jpg,0.003982,-0.00014,1.200114,29.539770482714157,-7.952565403155703,29.53974571183544,0.2630145274242139,-2.3006245103429638e-08,0.2630143267676276,0.9282493319570926
img_002160.jpg,0.003833,3.7e-05,1.199987,29.75917189984641,-8.076232269983043,29.75916366440477,0.2650383177799071,2.7691643242344632e-08,0.2650382511514743,0.927097306400447
img_002161.jpg,0.003642,0.000168,1.199846,29.97816578055313,-8.200737791201309,29.978157506421237,0.2670596391408174,-6.978307737215417e-09,0.2670595722831846,0.9259364632597092
img_002162.jpg,0.003452,0.000298,1.199705,30.196752335872,-8.326071667017915,30.196737962733756,0.2690784686367474,-4.010649806707178e-08,0.2690783526439075,0.9247667910638564
img_002163.jpg,0.003261,0.000429,1.199563,30.41491625068566,-8.452217448017215,30.41489603267926,0.2710946451003418,-1.7582173286734282e-08,0.2710944821466709,0.9235883688892728
img_002164.jpg,0.00307,0.00056,1.199422,30.632661415466146,-8.57918832812753,30.632662927772312,0.2731082225306746,1.2815807956534364e-08,0.2731082347039351,0.9224011008899736
img_002165.jpg,0.002879,0.000691,1.19928,30.84999836077734,-8.706990356398098,30.85000045887916,0.2751192938263709,-8.635652867794441e-08,0.275119310693074,0.921205047233372
img_002166.jpg,0.002731,0.000868,1.199154,31.066917388006686,-8.835587729086365,31.06690628048169,0.2771277024308121,-7.64532439301302e-08,0.2771276132538658,0.9200002839769286
img_002167.jpg,0.00254,0.000998,1.199012,31.28341303776592,-8.965013640674997,31.28341806036527,0.2791334681964353,-1.7303621491215893e-07,0.2791335084672601,0.9187866952581312
img_002168.jpg,0.00235,0.001129,1.198871,31.499491163201725,-9.095239562193685,31.499510959005164,0.2811365738815214,-2.1341788047912763e-07,0.2811367323916225,0.917564365331542
img_002169.jpg,0.002159,0.00126,1.198729,31.71514715999105,-9.226263935983573,31.715178982295864,0.2831369737611304,-2.348933925838681e-07,0.2831372282286599,0.9163333258592778
img_002170.jpg,0.001968,0.001391,1.198588,31.930392643055335,-9.358082441962578,31.93041903393855,0.2851347457952726,-2.0560180480355686e-07,0.2851349565448443,0.9150935653234552
img_002171.jpg,0.001819,0.001567,1.198461,32.14521528913361,-9.490697665930446,32.14524515875834,0.2871297908790167,-1.6607665337398106e-07,0.2871300290833388,0.9138450796433416
img_002172.jpg,0.001629,0.001698,1.198319,32.35961534989065,-9.62410170497738,32.35963988938497,0.2891220881971305,-1.1969226289265666e-07,0.2891222836255153,0.912587926299534
img_002173.jpg,0.001438,0.001829,1.198179,32.573593293147304,-9.758321922739745,32.573625391221285,0.2911116937006465,-2.546095132366366e-07,0.2911119489696518,0.9113220149638476
img_002174.jpg,0.001247,0.00196,1.198037,32.78714807607574,-9.893306364991435,32.78716739322444,0.2930984816683972,-2.653228152599274e-07,0.2930986350786318,0.9100475098359716
img_002175.jpg,0.001057,0.002091,1.197896,33.000283218401925,-10.0290734754544,33.00031592250364,0.2950825125466746,-1.885559170466955e-07,0.2950827719053277,0.9087642535409138
img_002176.jpg,0.000866,0.002222,1.197754,33.21299638769333,-10.16563361527334,33.21300803076254,0.2970637833114805,-2.9974547879896285e-07,0.297063875515135,0.9074724031663488
img_002177.jpg,0.000717,0.002398,1.197628,33.4252750035247,-10.302946015436431,33.4252913888629,0.2990420988886882,-2.056146856804775e-07,0.2990422284613226,0.9061719310865304
img_002178.jpg,0.000527,0.002529,1.197486,33.63716408104048,-10.441035988725886,33.6371468848268,0.3010178624900943,-6.650234303517967e-08,0.3010177267016297,0.904862738028964
img_002179.jpg,0.000336,0.00266,1.197345,33.84858611635485,-10.57990610730885,33.84859083665288,0.3029904600623926,-8.800886859561263e-08,0.3029904972815494,0.9035449848614352
img_002180.jpg,0.000146,0.00279,1.197203,34.05959722762416,-10.719532862156216,34.05958414320482,0.304960275635975,-6.274991314059175e-08,0.3049601726178587,0.9022186671760408
img_002181.jpg,-4.5e-05,0.002921,1.197062,34.27016744305094,-10.859939525574523,34.270181890577135,0.306927116431953,-1.3573220034035496e-07,0.3069272300139554,0.9008836887604904
img_002182.jpg,-0.000236,0.003052,1.196921,34.48033923385334,-11.001093635612198,34.480313120720915,0.3088912365861682,-1.482703002597674e-07,0.3088910315989234,0.8995401795128435
img_002183.jpg,-0.000385,0.003229,1.196794,34.690054994991414,-11.14298478518604,34.69004724381976,0.3108521517843118,-1.1584719961099664e-08,0.3108520910293109,0.8981881302008884
img_002184.jpg,-0.000575,0.00336,1.196652,34.89934440042498,-11.285654002223716,34.89934583222849,0.312810178204318,-1.0303929894039945e-07,0.3128101894100354,0.8968275072794265
img_002185.jpg,-0.000766,0.003491,1.196511,35.1082339185828,-11.429044964499518,35.10819521041534,0.3147653880647055,3.6039131082188376e-08,0.3147650855855857,0.8954583694247168
img_002186.jpg,-0.000957,0.003621,1.19637,35.31664204767564,-11.57321982682193,35.31663857056663,0.3167172751222577,-2.2147800933514095e-07,0.3167172479927255,0.8940807303946312
img_002187.jpg,-0.001147,0.003752,1.196228,35.524643596931135,-11.718103020463104,35.52465328658779,0.3186662449608666,-1.559169013065631e-07,0.3186663204455049,0.8926945729286357
img_002188.jpg,-0.001296,0.003929,1.196101,35.7322115037798,-11.86374650265802,35.73223623542777,0.320612194288794,-2.9055913944309175e-07,0.3206123866529477,0.8912999037349555
img_002189.jpg,-0.001487,0.00406,1.19596,35.93936727946417,-12.01010387735413,35.93938744432877,0.3225551757367956,-2.2256416544463867e-07,0.3225553323333463,0.8898967446781001
img_002190.jpg,-0.001677,0.004191,1.195819,36.14610151178879,-12.157204177258198,36.14611426867677,0.3244951720477425,-2.142443567693109e-07,0.3244952709581836,0.8884850603377836
img_002191.jpg,-0.001868,0.004322,1.195677,36.3524095286325,-12.30502775409209,36.35241780730399,0.3264320922219541,-1.4572926848588352e-07,0.3264321563079805,0.887064899821709
img_002192.jpg,-0.002059,0.004452,1.195536,36.55827898675636,-12.453572071233932,36.55828113188621,0.3283658248934595,-1.0713460821265565e-07,0.3283658414723835,0.8856363583300766
img_002193.jpg,-0.002249,0.004583,1.195395,36.76372165202575,-12.602839297906028,36.76371201932623,0.3302964560388579,-8.716048587043003e-08,0.3302963817120381,0.8841993843902509
img_002194.jpg,-0.002398,0.00476,1.195268,36.968716232175005,-12.752824781662005,36.96871520724808,0.3322238005504975,-1.2391283385482232e-07,0.3322237926549922,0.8827540415889924
img_002195.jpg,-0.002589,0.004891,1.195127,37.17329261767999,-12.903520030144216,37.17329486940209,0.3341480588861379,-7.88852596300682e-08,0.3341480762036708,0.8813002541200167
img_002196.jpg,-0.002779,0.005021,1.194985,37.37741518615518,-13.054951986491616,37.3774500476674,0.3360690092285124,-2.980675773700537e-07,0.3360692768963594,0.8798380886063272
img_002197.jpg,-0.00297,0.005152,1.194843,37.58114704365228,-13.207040673331385,37.58116512963363,0.3379869390957386,-3.9223276057653855e-08,0.33798707772845,0.8783675564871888
img_002198.jpg,-0.003161,0.005283,1.194702,37.78444458014933,-13.359874749457289,37.78444516706117,0.3399017091790496,-1.4121598608529684e-07,0.3399017136702725,0.8768886207159681
img_002199.jpg,-0.003351,0.005414,1.194561,37.98730643716316,-13.513390412899833,37.9873076549294,0.3418131490855896,-8.15621613164952e-08,0.3418131583884923,0.8754013570155517
img_002200.jpg,-0.0035,0.00559,1.194434,38.18974458941581,-13.667603627999888,38.18973132784259,0.343721376438595,-4.1168393541402e-08,0.3437212753023076,0.8739057731149917
img_002201.jpg,-0.003691,0.005721,1.194292,38.39174089528503,-13.822533501698516,38.39175970469036,0.3456262867298666,-1.2113361701204808e-07,0.3456264299285131,0.8724017657342171
img_002202.jpg,-0.003882,0.005852,1.194151,38.59333569192729,-13.978133870254,38.59331900746955,0.3475280665331414,-8.745579439806139e-08,0.3475279397321952,0.8708895303522856
img_002203.jpg,-0.004072,0.005983,1.19401,38.79447987063461,-14.134425602102208,38.7944721273643,0.349426379754186,-9.035169534765687e-08,0.3494263210085115,0.8693689960645778
img_002204.jpg,-0.004263,0.006114,1.193869,38.995211233063785,-14.291387071765644,38.99518449486576,0.3513214503068029,2.12905607588354e-08,0.3513212478094811,0.8678402038347343
img_002205.jpg,-0.004453,0.006245,1.193727,39.1954927386446,-14.449047716255864,39.195478258964,0.3532130556663389,-5.64602788133417e-08,0.3532129462011022,0.8663031524488307
img_002206.jpg,-0.004602,0.006421,1.1936,39.39537759373147,-14.607356673651744,39.39533688560108,0.3551014646836142,1.5842994907644406e-07,0.3551011574822676,0.8647578376252397
img_002207.jpg,-0.004793,0.006552,1.193459,39.59480090409982,-14.766372193760295,39.59477324845511,0.3569863143611218,2.2374895033983044e-08,0.3569861060344989,0.8632043161715466
img_002208.jpg,-0.004983,0.006683,1.193318,39.79382730396171,-14.926044901107634,39.79376784185472,0.3588679614901474,3.2038301456260854e-08,0.3588675143796957,0.861642555436327
img_002209.jpg,-0.005174,0.006814,1.193176,39.992418967545305,-15.086360686476354,39.99235503665794,0.360746074182398,2.582749768637038e-07,0.3607455943458217,0.860072605145636
img_002210.jpg,-0.005365,0.006944,1.193035,40.19055134709278,-15.247386617574891,40.190518984210186,0.3626206179655081,2.3953034791746042e-08,0.3626203755099845,0.8584944674785682
img_002211.jpg,-0.005513,0.007121,1.192908,40.3882734872832,-15.409046266087852,40.38824205706682,0.3644917637974283,-7.010033567511621e-09,0.3644915287643208,0.8569082095434073
img_002212.jpg,-0.005704,0.007252,1.192766,40.5855717728671,-15.571354971997646,40.58556249736505,0.366359433338828,9.599631040080325e-08,0.3663593641062839,0.8553137330449471
img_002213.jpg,-0.005895,0.007383,1.192625,40.78246555335363,-15.73432322643171,40.78242512424399,0.3682237830742665,1.0891335842921901e-07,0.3682234818759406,0.8537111414135476
img_002214.jpg,-0.006086,0.007514,1.192484,40.97889870971839,-15.897948573139676,40.97889221136811,0.3700843758124719,4.136314245284378e-08,0.3700843274908732,0.8521004314780738
img_002215.jpg,-0.006276,0.007645,1.192343,41.17495550897572,-16.06220623547734,41.17491382263838,0.3719417648136608,1.670878386067498e-07,0.3719414554237867,0.8504815561342333
img_002216.jpg,-0.006467,0.007775,1.192201,41.37053174479182,-16.22713059249526,41.37052852707348,0.3737952467002101,-2.1298424926485812e-08,0.3737952228644653,0.8488546665407648
img_002217.jpg,-0.006615,0.007952,1.192074,41.56573220280022,-16.392667876106888,41.56570660846228,0.3756454535950164,1.0625369412098352e-07,0.3756452643661688,0.8472196459907277
img_002218.jpg,-0.006806,0.008083,1.191933,41.76048356586955,-16.558861607998942,41.76047006755043,0.3774919354230579,1.7488739928461783e-08,0.3774918358183152,0.8455765799624962
img_002219.jpg,-0.006997,0.008214,1.191791,41.95480922452295,-16.725678365039297,41.95481783750215,0.3793347698684473,1.3728055053841004e-08,0.379334833299932,0.8439254804863784
img_002220.jpg,-0.007188,0.008344,1.19165,42.14875019278144,-16.89312257893204,42.14873606450399,0.3811742555229935,1.2187087819470754e-07,0.3811741516778827,0.8422662601690295
img_002221.jpg,-0.007378,0.008475,1.191509,42.34223692912765,-17.06121182874838,42.34223625386566,0.3830099101248825,-1.498435026059397e-08,0.3830099051714233,0.8405990847524796
img_002222.jpg,-0.007569,0.008606,1.191368,42.53532705491472,-17.229896210491965,42.53531007415133,0.3848420196829538,1.207814331605217e-07,0.3848418953668987,0.8389239151774988
img_002223.jpg,-0.007717,0.008783,1.191241,42.72797447864248,-17.399221618918496,42.727981480613,0.3866703456766525,7.371783253273811e-08,0.3866703968351802,0.8372407347863676
img_002224.jpg,-0.007908,0.008914,1.191099,42.92024636484391,-17.569153850651524,42.920207220869486,0.388495279962104,1.5717506043899657e-07,0.3884949945419841,0.8355495536848578
img_002225.jpg,-0.008099,0.009044,1.190958,43.11206418962763,-17.739700411682488,43.11204513577541,0.3903162534284101,2.1428164173609157e-07,0.3903161147788688,0.8338504379404572
img_002226.jpg,-0.00829,0.009175,1.190816,43.30347845225491,-17.91086297314899,43.303434877881415,0.392133624128591,1.6865999488691052e-07,0.3921333076992108,0.8321434310385587
img_002227.jpg,-0.00848,0.009306,1.190675,43.494475930284935,-18.082638534152665,43.49442823112583,0.3939472736706227,1.453594502542899e-07,0.3939469280016687,0.8304284216508431
img_002228.jpg,-0.008671,0.009437,1.190534,43.68503280670642,-18.255012735699847,43.68501008690057,0.3957569793964099,9.06017551816074e-08,0.3957568150908334,0.8287055910081584
img_002229.jpg,-0.00882,0.009614,1.190407,43.87521334528083,-18.42796970454423,43.87516777738161,0.3975631517300187,2.73198918904205e-07,0.3975628228792924,0.8269748135527875
img_002230.jpg,-0.00901,0.009744,1.190265,44.06494907742512,-18.6015695312119,44.06490856228676,0.3993654313304062,-5.709793554631304e-09,0.3993651395588508,0.8252361707798672
img_002231.jpg,-0.009201,0.009875,1.190124,44.25429117333843,-18.775712739809748,44.25424007047328,0.4011639234351347,1.8437668719561986e-07,0.4011635561943575,0.8234897131814046
img_002232.jpg,-0.009392,0.010006,1.189983,44.44321556291396,-18.95047997415202,44.44316110354551,0.4029586415315486,1.130286132466907e-07,0.402958251003707,0.8217353473978526
img_002233.jpg,-0.009582,0.010137,1.189841,44.63173278328955,-19.12581313573684,44.631667857781,0.404749500463113,2.1467394850649413e-07,0.4047490358809758,0.8199732067746085
img_002234.jpg,-0.009731,0.010313,1.189715,44.819814009140686,-19.301745573940444,44.81978050352329,0.4065363627875801,1.757567192339771e-07,0.4065361235517121,0.818203254686121
img_002235.jpg,-0.009922,0.010444,1.189573,45.00749733866383,-19.47826335069021,45.00746753314794,0.4083194509020698,9.491632374514225e-08,0.4083192385479769,0.8164255173906704
img_002236.jpg,-0.010112,0.010575,1.189432,45.19479400590338,-19.65534636997489,45.194734959115806,0.4100987781609903,1.5531438316007673e-07,0.4100983583928627,0.8146399993827446
img_002237.jpg,-0.010303,0.010706,1.18929,45.381671281629,-19.83300116137925,45.3816049028733,0.411874112359898,2.395785834441444e-07,0.4118736415069715,0.812846737706116
img_002238.jpg,-0.010494,0.010837,1.189149,45.568122465707376,-20.01124694311673,45.56807071081755,0.4136454397008493,1.2435445226333108e-07,0.4136450733947264,0.811045746842277
img_002239.jpg,-0.010684,0.010967,1.189008,45.75417154063192,-20.19005181547896,45.75413495573135,0.4154128343743208,1.1534629634768478e-07,0.4154125760144495,0.8092370287660589
img_002240.jpg,-0.010833,0.011144,1.188881,45.939835900928976,-20.36941347000213,45.93978142367557,0.4171763972498221,2.0401088116073218e-07,0.417176013398968,0.807420601311461
img_002241.jpg,-0.011024,0.011275,1.188739,46.12507266315566,-20.54936133438198,46.125029851298656,0.4189358847244075,5.4540417238069245e-08,0.4189355837503718,0.8055964878013745
img_002242.jpg,-0.011214,0.011406,1.188598,46.30993140416653,-20.72983771807191,46.3098730666935,0.4206914837859726,2.246355949586665e-07,0.4206910745968918,0.8037647014048442
img_002243.jpg,-0.011405,0.011537,1.188457,46.49434317558554,-20.910903066930505,46.4943295137243,0.4224428481469944,4.512205362128263e-08,0.4224427525396682,0.8019252838489146
img_002244.jpg,-0.011596,0.011667,1.188315,46.678396080735375,-21.09250396458872,46.67835181492234,0.4241904437824826,3.545009580330216e-08,0.4241901347185703,0.8000782443055555
img_002245.jpg,-0.011787,0.011798,1.188174,46.86201253537023,-21.27465835496841,46.86201020738558,0.4259337578058454,3.6409151804583932e-09,0.4259337415895354,0.7982235787903852
img_002246.jpg,-0.011935,0.011975,1.188047,47.04525246551091,-21.457361697702098,47.04524076359998,0.4276731809500324,-6.181922609926893e-08,0.427673099626864,0.7963613314015362
img_002247.jpg,-0.012126,0.012106,1.187906,47.22809469601791,-21.64060011142617,47.22808802812297,0.4294085139660981,-6.432875065964794e-10,0.4294084677359423,0.7944914700423772
img_002248.jpg,-0.012316,0.012237,1.187764,47.410536552363205,-21.824390147562266,47.41053560031556,0.4311397643668456,-3.807627504959221e-08,0.4311397577816633,0.7926140377520878
img_002249.jpg,-0.012507,0.012367,1.187623,47.59258114326257,-22.00871698894258,47.59258352719439,0.4328668999436162,-8.25838857021477e-08,0.4328669163937286,0.7907290810543023
img_002250.jpg,-0.012698,0.012498,1.187482,47.77422917953738,-22.1935713912416,47.774235074760576,0.4345898859151051,-8.128926293204941e-08,0.4345899264972174,0.7888366287435139
img_002251.jpg,-0.012846,0.012675,1.187355,47.95548776425469,-22.37896416702395,47.955491800317965,0.436308782469186,-1.12547086678072e-07,0.4363088101861105,0.7869366356284503
img_002252.jpg,-0.013037,0.012806,1.187214,48.136348486241125,-22.564892331782566,48.13635957534209,0.4380235079105253,-1.9435140630186254e-07,0.4380235838782954,0.7850291373472288
img_002253.jpg,-0.013228,0.012937,1.187072,48.31682786291192,-22.751330296474325,48.316840578086335,0.4397340937850321,-9.599419487082984e-08,0.4397341806800172,0.783114153303796
img_002254.jpg,-0.013418,0.013067,1.186931,48.496902601182086,-22.93830930581316,48.49692074590738,0.4414404441505707,-2.231657460771697e-07,0.4414405678464683,0.7811917557984623
img_002255.jpg,-0.013609,0.013198,1.186789,48.67659383722752,-23.12579616602188,48.67662173150249,0.4431426023461122,-1.964032160517437e-07,0.4431427920366991,0.7792618942639218
img_002256.jpg,-0.0138,0.013329,1.186648,48.855896948408,-23.313807548779756,48.85592342007771,0.4448405628454365,-2.652826777971296e-07,0.4448407424142819,0.7773246345868599
img_002257.jpg,-0.013948,0.013506,1.186521,49.03481585104583,-23.50231513462719,49.0348526445802,0.4465342633432662,-1.321750486560358e-07,0.446534512305446,0.7753799591043131
img_002258.jpg,-0.014139,0.013636,1.186379,49.21335710421457,-23.69135831832858,49.21336663550844,0.4482238320971549,-2.595938945193499e-07,0.4482238964279511,0.7734279119678958
img_002259.jpg,-0.01433,0.013768,1.186238,49.39150906334735,-23.88087859843152,49.3915256965912,0.4499090242825869,-5.699120353419573e-08,0.4499091362631094,0.7714684951286541
img_002260.jpg,-0.01452,0.013898,1.186097,49.56926584099424,-24.07093034298433,49.56929204544774,0.4515899229558152,-1.2684626271575186e-07,0.451590098923132,0.7695017375154787
img_002261.jpg,-0.014711,0.014029,1.185956,49.74666806985865,-24.26148121261081,49.74665411697605,0.4532667016371144,-1.4778847204355294e-07,0.4532666081815311,0.7675276406062518
img_002262.jpg,-0.014902,0.01416,1.185814,49.92366879344532,-24.45251577839263,49.92365481391695,0.4549389891216853,-5.3417374884512376e-08,0.4549388957293326,0.7655462868628595
img_002263.jpg,-0.01505,0.014337,1.185687,50.10030168831345,-24.64405767982205,50.10026760038999,0.45660705463145,-1.9910067122763664e-08,0.4566068274934964,0.7635575962212123
img_002264.jpg,-0.015241,0.014467,1.185546,50.27652605211927,-24.836103621559623,50.2765236474563,0.4582706019295177,-9.175696663588084e-08,0.4582705859484204,0.7615616360227455
img_002265.jpg,-0.015432,0.014598,1.185405,50.4523994529569,-25.028628909948964,50.45238394161128,0.4599299343461472,-4.4891116240952655e-08,0.4599298315307853,0.759558428009597
img_002266.jpg,-0.015623,0.014729,1.185263,50.6278802076021,-25.22164426566449,50.62787682249337,0.4615847856050146,-4.22723790138857e-08,0.4615847632265578,0.7575480130361728
img_002267.jpg,-0.015813,0.01486,1.185122,50.803007463701626,-25.41513978539805,50.802984065360185,0.4632353726322248,4.1728549310393603e-08,0.4632352183611911,0.7555303581009447
img_002268.jpg,-0.016004,0.014991,1.18498,50.977749028988896,-25.609123781248652,50.97771998183028,0.4648814870811892,4.334398207017642e-08,0.464881296079373,0.7535055298567773
img_002269.jpg,-0.016153,0.015167,1.184853,51.15212260591265,-25.803589658154653,51.15208505348583,0.466523212040403,5.3403226507597885e-08,0.4665229657774522,0.7514734958930437
img_002270.jpg,-0.016343,0.015298,1.184712,51.32611264845248,-25.998525604458965,51.32608119954964,0.4681603986387251,7.152149017475297e-08,0.4681601929613512,0.7494343699569799
img_002271.jpg,-0.016534,0.015429,1.184571,51.49973639048303,-26.193937253730518,51.49971673484267,0.4697931575164544,1.2992970011005414e-07,0.4697930293185888,0.7473880509844713
img_002272.jpg,-0.016725,0.01556,1.184429,51.67299748603137,-26.389825989928696,51.67296527075933,0.4714214989455383,9.466467515428789e-08,0.4714212894086255,0.7453346484796219
img_002273.jpg,-0.016915,0.01569,1.184288,51.84587537798482,-26.586184622427133,51.845862357375005,0.473045254068308,4.840536299566267e-08,0.4730451696128441,0.7432741453255342
img_002274.jpg,-0.017064,0.015867,1.184161,52.01841463479604,-26.78299355827329,52.01837621559229,0.4746646452195688,1.5514860121634833e-07,0.4746643967145953,0.7412065738173982
img_002275.jpg,-0.017255,0.015998,1.18402,52.19058780573106,-26.98027528589672,52.19052199642041,0.476279534344252,1.701084669791797e-07,0.476279109864695,0.7391319331968329
img_002276.jpg,-0.017445,0.016129,1.183879,52.36236284387058,-27.17802441983239,52.36233862638386,0.4778896847692906,1.2997061241137864e-07,0.4778895290029537,0.7370502338785505
img_002277.jpg,-0.017636,0.01626,1.183737,52.53380641554387,-27.376231820862216,52.53375642966945,0.479495485804301,5.733037000688058e-08,0.4794951652074051,0.734961540242765
img_002278.jpg,-0.017827,0.016391,1.183596,52.70485441071764,-27.574892374201795,52.70484109037864,0.4810964958618058,-3.549973945360385e-08,0.4810964106720968,0.7328658849393357
img_002279.jpg,-0.018018,0.016521,1.183454,52.87556159362727,-27.774001420476537,52.87556260795005,0.4826930373688273,-4.1917300214189275e-08,0.4826930438372769,0.7307632018012119
img_002280.jpg,-0.018166,0.016698,1.183328,53.04592470970319,-27.973560611444118,53.04590363645233,0.4842850759317003,-9.12820827814187e-08,0.4842849419331913,0.7286535941355016
img_002281.jpg,-0.018357,0.016829,1.183186,53.21591030343256,-28.17356370654336,53.21591021801912,0.4858723659207629,-1.1661177512500843e-07,0.485872365379222,0.7265370524586798
img_002282.jpg,-0.018547,0.016959,1.183045,53.385548909619054,-28.37401375021248,53.38556005301918,0.4874550923710266,-1.3567799808655856e-07,0.4874551628162551,0.7244135539630063
img_002283.jpg,-0.018738,0.01709,1.182904,53.55485758753644,-28.57488989403252,53.5548354686737,0.4890332925829664,-3.2023896839872286e-08,0.4890331531653489,0.7222831950492952
img_002284.jpg,-0.018929,0.017221,1.182762,53.72376652629436,-28.776215891759676,53.72379174258703,0.4906065698631797,-6.928084836377303e-08,0.4906067283339273,0.7201459794517778
img_002285.jpg,-0.019119,0.017352,1.182621,53.892367205416015,-28.97797337571416,53.89236308977396,0.4921754365989513,-3.673517787183833e-08,0.4921754108113748,0.7180018834246082
img_002286.jpg,-0.019268,0.017529,1.182494,54.060624709342136,-29.180161552144032,54.060581786418254,0.4937396534007923,2.932170889424768e-08,0.4937393852622217,0.7158509440522851
img_002287.jpg,-0.019459,0.01766,1.182352,54.2284836548546,-29.38279369203624,54.22848030581292,0.4952988916296276,-9.575473447487327e-08,0.4952988707713017,0.7136932370165257
img_002288.jpg,-0.019649,0.01779,1.182211,54.39605418956534,-29.5858304000877,54.39600536959535,0.4968537216521048,8.446029817199553e-08,0.496853418516227,0.7115286781213986
img_002289.jpg,-0.01984,0.017921,1.18207,54.56324819376806,-29.78931844075775,54.56319693143684,0.4984036958929277,-3.131985781834601e-09,0.4984033785631803,0.7093573346044131
img_002290.jpg,-0.020031,0.018052,1.181928,54.73007039431518,-29.993220865632296,54.73006518893204,0.4999487351519145,-6.114509626398147e-08,0.4999487030279178,0.7071792959078342
img_002291.jpg,-0.020179,0.018229,1.181802,54.89656200129465,-30.197545991081554,54.89658264902843,0.5014890986923345,-1.199964784204255e-07,0.5014892257220768,0.704994496700086
img_002292.jpg,-0.02037,0.01836,1.18166,55.06274066453806,-30.402283142177588,55.06273645708486,0.5030248503797774,-1.1327938978511477e-07,0.5030248245749958,0.7028029779117931
img_002293.jpg,-0.020561,0.01849,1.181519,55.22858246028112,-30.60742503730348,55.22855016029265,0.5045558072548222,-2.1556619822504786e-08,0.5045556097749538,0.700604791597987
img_002294.jpg,-0.020751,0.018621,1.181377,55.39404792741101,-30.81298534056016,55.39405521301711,0.5060817461904186,-7.996502821017161e-09,0.5060817905939236,0.6983999480255599
img_002295.jpg,-0.020942,0.018752,1.181236,55.55921243048132,-31.018969827787217,55.55918785785174,0.507603124870184,-9.302914030784316e-08,0.5076029755818988,0.6961883989283492
img_002296.jpg,-0.021133,0.018883,1.181095,55.7240266650929,-31.225333439452392,55.724010510134384,0.5091195129595772,7.035677573874467e-08,0.5091194151246037,0.6939702750600917
img_002297.jpg,-0.021281,0.019059,1.180968,55.88852108224336,-31.432108148299985,55.88848200151962,0.5106311585339537,1.7736496038534e-07,0.5106309226184711,0.6917455318251429
img_002298.jpg,-0.021472,0.01919,1.180827,56.05268094582564,-31.639291091939366,56.052619425777216,0.5121379481417656,2.281538388215765e-07,0.5121375779665016,0.6895141936956017
img_002299.jpg,-0.021663,0.019321,1.180685,56.21648582015385,-31.84688121141091,56.21643397379654,0.5136397399014963,1.5814954582027418e-07,0.5136394289468089,0.6872763306160734
img_002300.jpg,-0.021853,0.019452,1.180543,56.37996438824774,-32.05487468504961,56.37992045966686,0.5151366803803487,6.890554968275175e-08,0.5151364177739101,0.685031876345746
img_002301.jpg,-0.022044,0.019583,1.180402,56.54311610692735,-32.26324645704945,56.54308461763736,0.5166286871099977,1.301506636630645e-07,0.5166284994845665,0.6827809261947118
img_002302.jpg,-0.022235,0.019714,1.180261,56.70594441806283,-32.47202645940649,56.705912505141626,0.5181158382436344,5.311842082855733e-08,0.5181156487227587,0.6805234402353
img_002303.jpg,-0.022383,0.01989,1.180134,56.86844579957224,-32.6811836398394,56.86841655521265,0.5195980189567874,6.618250947276749e-08,0.5195978458614265,0.6782595205910072
img_002304.jpg,-0.022574,0.020021,1.179993,57.030627999180574,-32.89072656168838,57.03059490981209,0.5210752797557059,1.0522593538175863e-07,0.5210750845575848,0.6759891338481765
img_002305.jpg,-0.022765,0.020152,1.179851,57.19245924769623,-33.10067402139125,57.19246672792379,0.522547463443579,-4.9535708368519955e-08,0.5225475074216951,0.6737122909195382
img_002306.jpg,-0.022955,0.020283,1.17971,57.35399648030782,-33.31100348451427,57.353995211263936,0.5240148329365966,-1.785110905760945e-07,0.5240148255008599,0.6714290115251963
img_002307.jpg,-0.023146,0.020413,1.179569,57.51520553863725,-33.52168849033901,57.515221428729554,0.5254771054487131,-9.488748331509812e-08,0.5254771982363956,0.6691393918929454
img_002308.jpg,-0.023337,0.020544,1.179427,57.67611670475733,-33.732762682056006,57.67610751638396,0.5269345242200257,-9.947707235724581e-08,0.5269344707500762,0.6668433629574058
img_002309.jpg,-0.023486,0.020721,1.179301,57.836681000100384,-33.9442134910654,57.836697665661006,0.5283867565180065,-1.566471880543041e-07,0.5283868531651431,0.6645410212609856
img_002310.jpg,-0.023676,0.020852,1.179159,57.99693789877323,-34.156031391707096,57.99697005604572,0.5298339924755885,-1.4887513583028422e-07,0.5298341783145935,0.6622323488829698
img_002311.jpg,-0.023867,0.020983,1.179018,58.1569124777569,-34.36820510315001,58.15690607214819,0.5312763320935917,2.31968233510571e-09,0.5312762952045519,0.6599173865802488
img_002312.jpg,-0.024058,0.021113,1.178876,58.31656989376845,-34.580763587735404,58.31653068052426,0.5327136280303096,1.8955901959216703e-08,0.5327134030008475,0.6575960924260738
img_002313.jpg,-0.024248,0.021244,1.178735,58.47590560671157,-34.79367288037778,58.47585692690553,0.5341457552591876,1.4718047366968356e-07,0.5341454768935281,0.6552685874149284
img_002314.jpg,-0.024397,0.021421,1.178608,58.63488993420173,-35.00696583803222,58.63489986553175,0.5355726091215778,5.964860699814167e-08,0.5355726657096196,0.6529348360314329
img_002315.jpg,-0.024588,0.021552,1.178467,58.793636008607216,-35.22060290412913,58.79358268052865,0.5369947218883449,1.7113930109169398e-07,0.5369944191175051,0.6505948528083229
img_002316.jpg,-0.024778,0.021683,1.178325,58.9520137115362,-35.43461974814987,58.95199517313914,0.5384114236230992,1.4778017948247069e-08,0.5384113187506954,0.6482487105681618
img_002317.jpg,-0.024969,0.021813,1.178184,59.110153750338505,-35.64896382484432,59.11007166338037,0.5398233112679075,2.3077896621481747e-07,0.5398228485838722,0.6458963421157395
img_002318.jpg,-0.025159,0.021944,1.178043,59.267943930710615,-35.8636894863314,59.267861930528845,0.5412298660238255,1.1843507530251429e-07,0.5412294055166927,0.643537848714328
img_002319.jpg,-0.02535,0.022075,1.177901,59.42541052426359,-36.07876442874474,59.425369321303975,0.5426311433938507,1.113260056362364e-08,0.542630912851251,0.6411732485352928
img_002320.jpg,-0.025499,0.022252,1.177774,59.582599598033646,-36.29417860094348,59.58256563196652,0.5440273612928443,3.3108674746262785e-08,0.5440271719454721,0.6388025253157313
img_002321.jpg,-0.02569,0.022383,1.177633,59.739510221739614,-36.5099328399431,59.73945256185839,0.5454184992217027,1.5258089475223002e-07,0.5454181789866056,0.6364256993064134
img_002322.jpg,-0.02588,0.022513,1.177492,59.89611937552543,-36.72602515737177,59.89602962950523,0.5468044078498607,2.41492008473676e-07,0.5468039112788157,0.6340429182366867
img_002323.jpg,-0.026071,0.022644,1.17735,60.052390192540656,-36.94249314739831,60.05234572050649,0.5481849581018465,6.75022138463266e-08,0.54818471296214,0.6316539972053439
img_002324.jpg,-0.026262,0.022775,1.177209,60.20840510195187,-37.1592761521618,60.20833845093346,0.5495604442638773,1.152908170043432e-07,0.5495600782616241,0.6292591187114845
img_002325.jpg,-0.026452,0.022906,1.177068,60.3641033715148,-37.37641087148845,60.36405523610068,0.5509306034326746,3.830490966083566e-08,0.5509303401141352,0.6268582220430957
img_002326.jpg,-0.026601,0.023083,1.176941,60.51953276210931,-37.593867808230776,60.51947054793029,0.5522956113073313,1.1688506898477337e-07,0.552295272279433,0.624451351146296
img_002327.jpg,-0.026792,0.023213,1.176799,60.67466673822199,-37.81164954659779,60.67459726442477,0.5536553129323516,2.378105079248183e-07,0.5536549358068487,0.6220385892518547
img_002328.jpg,-0.026982,0.023344,1.176658,60.829469438394206,-38.02979265937225,60.82946201630297,0.5550095854434925,7.537941468238607e-08,0.5550095453107314,0.6196198549754617
img_002329.jpg,-0.027173,0.023475,1.176516,60.98404873716749,-38.24824680075398,60.98398482082693,0.5563588777583385,8.071324206215813e-08,0.5563585335020291,0.6171952538208204
img_002330.jpg,-0.027364,0.023606,1.176375,61.13830371831967,-38.46702799793275,61.13825554121013,0.557702666704502,6.062271448725731e-08,0.5577024082422357,0.6147648000589282
img_002331.jpg,-0.027512,0.023782,1.176248,61.29228119372493,-38.68613831276521,61.29224406283141,0.5590411940772373,5.27690167950734e-08,0.5590409956655571,0.6123284318810914
img_002332.jpg,-0.027703,0.023913,1.176107,61.4459722448258,-38.905569379093976,61.44595242508132,0.5603743767597742,5.1651585175616084e-08,0.5603742712739016,0.6098862467422392
img_002333.jpg,-0.027894,0.024044,1.175966,61.59938234497523,-39.125325082319726,61.59936690799136,0.5617022375513089,-3.9199788470778436e-08,0.5617021557214196,0.6074382969386781
img_002334.jpg,-0.028084,0.024175,1.175824,61.75251970172876,-39.34539835633504,61.75250632581369,0.5630247877622649,-6.850800743363196e-08,0.5630247171443192,0.604984509099044
img_002335.jpg,-0.028275,0.024306,1.175683,61.905393999523255,-39.56575785670347,61.90535412893599,0.5643419897326539,1.1476331104876004e-07,0.5643417800921392,0.6025250815252521
img_002336.jpg,-0.028466,0.024436,1.175542,62.05794784575972,-39.78647605389765,62.05795497559867,0.5656536947278477,-7.587839431777432e-08,0.5656537320633125,0.6000597912238208
img_002337.jpg,-0.028614,0.024613,1.175414,62.21024585988745,-40.007495237470486,62.21026503673145,0.5669600932481561,-1.7355028258947416e-07,0.5669601932543368,0.5975888150969837
img_002338.jpg,-0.028805,0.024744,1.175273,62.3622801245502,-40.22881964302346,62.36230357182257,0.5682611375661446,-1.8008430746618845e-07,0.5682612593355977,0.595112107648903
img_002339.jpg,-0.028996,0.024875,1.175132,62.51406290427347,-40.45042975508663,62.51404101407512,0.569556830526775,-7.766792181618244e-08,0.5695567173178806,0.592629869782454
img_002340.jpg,-0.029186,0.025006,1.174991,62.665535021879215,-40.67237576476164,62.66554254708656,0.5708469660519718,-2.069617360822562e-07,0.5708470048064708,0.5901418799345605
img_002341.jpg,-0.029377,0.025137,1.174849,62.816768281380014,-40.89459689405217,62.81676075530244,0.5721317605954087,-6.255444739977635e-08,0.5721317220001896,0.587648314214456
img_002342.jpg,-0.029568,0.025267,1.174708,62.967702415916655,-41.11714390982932,62.96772466259517,0.5734110053433349,-1.738624184066673e-07,0.5734111189435065,0.5851491328055367
img_002343.jpg,-0.029716,0.025444,1.174581,63.11839595621918,-41.33998759864626,63.11840782161465,0.574684918171178,-2.112710446033894e-07,0.5746849785011272,0.5826443343170005
img_002344.jpg,-0.029907,0.025575,1.17444,63.26880938235147,-41.5631204895194,63.26883976631315,0.5759532654859592,-2.030136322939136e-07,0.5759534193084934,0.5801340317227337
img_002345.jpg,-0.030098,0.025706,1.174298,63.41895330963938,-41.78656495463319,63.41899914439269,0.5772161374524998,-3.83488137356558e-07,0.5772163684902021,0.5776182083446234
img_002346.jpg,-0.030288,0.025836,1.174157,63.56886705081367,-42.01027389782357,63.56889396765295,0.578473610725414,-2.247317683057304e-07,0.5784737458120125,0.5750968675801242
img_002347.jpg,-0.030479,0.025967,1.174015,63.71849384698856,-42.23429444789292,63.71853544441733,0.5797254909475329,-3.035686060859355e-07,0.5797256987938151,0.5725700562407824
img_002348.jpg,-0.03067,0.026098,1.173874,63.86788394862003,-42.458578736741565,63.86791138513368,0.5809719077543549,-1.332833000633471e-07,0.5809720442377674,0.5700378287573881
img_002349.jpg,-0.030818,0.026275,1.173747,64.01699480193811,-42.68316579229651,64.01703910483492,0.5822127216228487,-1.3365241485763238e-07,0.5822129410272758,0.567500165709991
img_002350.jpg,-0.031009,0.026406,1.173606,64.16587675775297,-42.90804812677338,64.1658836241826,0.5834481506328142,-2.047812172056851e-07,0.5834481844855381,0.5649570528311303
img_002351.jpg,-0.0312,0.026536,1.173465,64.31449245815632,-43.1331939356433,64.3144940329612,0.5846779244682223,-1.0132989636257861e-07,0.5846779321972703,0.5624086061228488
img_002352.jpg,-0.03139,0.026667,1.173323,64.46282939039382,-43.358638108056,64.46286933886697,0.5859020455629603,-1.5539113434881457e-07,0.5859022407373432,0.5598547644738541
img_002353.jpg,-0.031581,0.026798,1.173182,64.61093856719782,-43.58436106046286,64.61096582290847,0.5871207058421525,-2.265569775117271e-07,0.5871208383953865,0.5572956108684689
img_002354.jpg,-0.03173,0.026975,1.173055,64.75881619148963,-43.81034391101238,64.75881484221402,0.5883338295655667,-7.522205891508095e-08,0.5883338230338022,0.554731121952915
img_002355.jpg,-0.03192,0.027106,1.172914,64.9064301599899,-44.03661072708072,64.90640772524229,0.5895412993224126,-1.0049216658813977e-07,0.5895411912202096,0.5521614258963476
img_002356.jpg,-0.032111,0.027237,1.172772,65.05375609072904,-44.2631516011001,65.05380325636723,0.5907429631343512,-8.757153685534648e-08,0.5907431893428995,0.5495864224598517
img_002357.jpg,-0.032302,0.027367,1.172631,65.20088204094654,-44.48995884046128,65.20090423215814,0.591939213167018,-6.023153015233262e-08,0.5919393190974169,0.5470062252129261
img_002358.jpg,-0.032492,0.027498,1.172489,65.3477467283489,-44.71703970311712,65.34777484040562,0.5931297567716369,-8.038538018562137e-08,0.5931298903310958,0.5444208159391362
img_002359.jpg,-0.032683,0.027629,1.172348,65.49440859836238,-44.94437962430436,65.4943772569308,0.5943148258903822,2.7992210660521263e-08,0.5943146776967914,0.5418301870522193
img_002360.jpg,-0.032832,0.027806,1.172221,65.64077271610675,-45.17198658985063,65.64077422156491,0.5954939743152229,1.6454491824635653e-08,0.5954939813994706,0.5392344987769859
img_002361.jpg,-0.033022,0.027936,1.172079,65.78692161654999,-45.39986634685801,65.78691184445796,0.5966675906254986,-3.2881091072134445e-08,0.5966675448626805,0.5366336061082109
img_002362.jpg,-0.033213,0.028067,1.171938,65.93282435592947,-45.628005898337015,65.93282849739283,0.5978354871193495,-2.2386838716137447e-08,0.5978355064196846,0.5340275625889443
img_002363.jpg,-0.033404,0.028198,1.171797,66.07850504663442,-45.85639917291729,66.07847901260908,0.5989977494387485,-4.943033243831607e-08,0.59899762870638,0.531416538104946
img_002364.jpg,-0.033595,0.028329,1.171656,66.22392447970228,-46.08506226634639,66.2239344189576,0.6001542159384505,-8.292853931335388e-08,0.6001542618046611,0.5288003206589412
img_002365.jpg,-0.033785,0.02846,1.171514,66.36913697439051,-46.31395538007631,66.36911906707337,0.6013050400467559,2.50610349139535e-09,0.6013049578202924,0.5261792437136853
img_002366.jpg,-0.033934,0.028636,1.171388,66.5141146940759,-46.54311924688606,66.51408014420618,0.6024501650044111,9.482892415757505e-09,0.6024500071508146,0.5235530417924638
img_002367.jpg,-0.034125,0.028767,1.171246,66.65885001333984,-46.77252340623851,66.65881310487977,0.6035894786866898,4.8743872604894995e-08,0.6035893109044448,0.5209219567081285
img_002368.jpg,-0.034315,0.028898,1.171105,66.80332995349939,-47.00219637795698,66.80333520294357,0.6047229691808294,-7.447634031709782e-08,0.6047229929235232,0.5182858597094202
img_002369.jpg,-0.034506,0.029029,1.170963,66.94760884753389,-47.23211830915957,66.94760999070505,0.6058508276893076,-1.6166294841690745e-07,0.6058508328334044,0.5156447836866238
img_002370.jpg,-0.034697,0.029159,1.170822,67.09166883348101,-47.46226717326184,67.091658455323,0.6069729135023973,-7.780811800417453e-08,0.6069728670418868,0.5129988508265463
img_002371.jpg,-0.034888,0.02929,1.17068,67.23548182964686,-47.69268286770509,67.23549260666246,0.6080891700588592,-1.99837217051968e-07,0.6080892180556409,0.5103479833815034
img_002372.jpg,-0.035036,0.029467,1.170554,67.37909751474436,-47.92332200032556,67.37908770748423,0.609199716363249,-1.3578580215778402e-07,0.6091996729126747,0.5076922927384349
img_002373.jpg,-0.035227,0.029598,1.170412,67.52249157403128,-48.1541975046148,67.5224574766344,0.610304457000335,-5.4991082909516826e-08,0.6103043067251478,0.5050318039076942
img_002374.jpg,-0.035417,0.029729,1.170271,67.66562949254859,-48.38531521204236,67.66563794816241,0.6114032393711283,-1.5417105980741752e-08,0.6114032764403253,0.5023665120651712
img_002375.jpg,-0.035608,0.02986,1.17013,67.80860774246953,-48.61666919097735,67.80855534033401,0.6124964614555262,1.1589789383759097e-07,0.6124962329468775,0.499696357131338
img_002376.jpg,-0.035799,0.02999,1.169988,67.95132177385076,-48.84828249689176,67.95127157858906,0.6135836989276704,-6.813394831661769e-08,0.6135834812142518,0.4970214844362696
img_002377.jpg,-0.035947,0.030167,1.169861,68.09383724153774,-49.080109343803535,68.09378505235193,0.6146651330190018,4.9809404434331135e-08,0.614664907877644,0.4943418101622577
img_002378.jpg,-0.036138,0.030298,1.16972,68.2361331791117,-49.31217162973092,68.23607606724995,0.6157407037593026,8.048970995266913e-08,0.6157404587196278,0.4916574755149511
img_002379.jpg,-0.036329,0.030429,1.169579,68.37821923792237,-49.54447275879392,68.37816328325385,0.6168104464528036,1.2644879843204393e-07,0.6168102076911629,0.4889683433870351
img_002380.jpg,-0.036519,0.03056,1.169437,68.5200747817787,-49.77700410738684,68.52003042157875,0.6178742432200978,1.868702820262413e-08,0.617874054975489,0.4862746875515294
img_002381.jpg,-0.03671,0.03069,1.169296,68.66173136971847,-50.009745409967614,68.6616931938553,0.6189321759380837,1.1781542580413529e-07,0.618932014835899,0.4835763875539309
img_002382.jpg,-0.036901,0.030821,1.169154,68.8032106223304,-50.24271636304618,68.80311108521404,0.6199843608390466,1.6559940640981097e-07,0.6199839431400792,0.4808734787482568
img_002383.jpg,-0.037049,0.030998,1.169028,68.94443411944236,-50.47592520701718,68.94436082197434,0.6210304717592249,7.182278155548617e-08,0.6210301659045896,0.4781659609205023
img_002384.jpg,-0.03724,0.031129,1.168886,69.08542767433298,-50.70934564660017,69.08541682875575,0.622070555318711,-1.6870145114200596e-08,0.6220705103191236,0.4754539981920178
img_002385.jpg,-0.037431,0.031259,1.168745,69.22629240624461,-50.942974679049854,69.22621512906765,0.6231050123830824,9.384318572225325e-08,0.6231046935827961,0.4727374370389546
img_002386.jpg,-0.037621,0.03139,1.168603,69.36691497132456,-51.17682529361547,69.36682538813113,0.6241333854928675,5.473607456174535e-08,0.6241330180523452,0.4700164815089782
img_002387.jpg,-0.037812,0.031521,1.168462,69.50731484534211,-51.41089217244757,69.50724918134786,0.6251557342504408,-1.1915830711028974e-08,0.6251554664803007,0.4672910770211535
img_002388.jpg,-0.038003,0.031652,1.168321,69.64754455820041,-51.64518055573221,69.64745633831731,0.62617227080173,-4.501244271759575e-08,0.6261719131530257,0.4645611073446448
img_002389.jpg,-0.038151,0.031828,1.168194,69.7875530642193,-51.87967966084396,69.78749361614301,0.6271827544779679,-2.3810639848687032e-08,0.6271825148904562,0.4618266834009392
img_002390.jpg,-0.038342,0.031959,1.168053,69.92740293780817,-52.11438571796403,69.92731485842538,0.6281874184051238,1.3983859775690277e-07,0.6281870655328892,0.4590877672675063
img_002391.jpg,-0.038533,0.03209,1.167911,70.06704521284355,-52.34930781659575,70.06692912478844,0.6291860698671197,1.4149036470234577e-07,0.6291856075628303,0.4563445635930597
img_002392.jpg,-0.038723,0.032221,1.16777,70.20647608908669,-52.58443208868733,70.20636278418085,0.6301786566400672,1.686145963963881e-07,0.6301782081359109,0.4535970532376776
img_002393.jpg,-0.038914,0.032352,1.167629,70.34567577153142,-52.81977534129743,70.34561928702321,0.6311651214244292,-4.824769195277412e-09,0.6311648991936346,0.4508452722644153
img_002394.jpg,-0.039063,0.032529,1.167502,70.48471931926507,-53.05530222288006,70.4846509270213,0.6321456830890232,-2.472556737131981e-08,0.6321454156537052,0.4480892866604999
img_002395.jpg,-0.039253,0.03266,1.16736,70.6235743545037,-53.291032169628814,70.62350298090134,0.6331202376864759,2.7264339286237064e-08,0.6331199603123466,0.4453289576098909
img_002396.jpg,-0.039444,0.03279,1.167219,70.76222408935082,-53.5269764561922,70.76218412170408,0.634088729080571,7.026870474380331e-09,0.6340885747214351,0.4425643038708894
img_002397.jpg,-0.039635,0.032921,1.167078,70.9007209779586,-53.763114881586574,70.90063152600425,0.6350513111060134,-3.7768895677636756e-08,0.6350509677948145,0.4397955213112128
img_002398.jpg,-0.039825,0.033052,1.166936,71.03900841601035,-53.99944853627756,71.03892891033674,0.6360077559224683,9.731807248947176e-09,0.6360074527084417,0.4370224874143036
img_002399.jpg,-0.040016,0.033183,1.166795,71.17711114306391,-54.235990134861765,71.17703600858164,0.6369581703511954,-4.507013001697757e-08,0.6369578856287492,0.4342452546179506
img_002400.jpg,-0.040165,0.033359,1.166668,71.31502962276606,-54.47271183448355,71.31496250833692,0.6379024946971978,8.668925854937726e-09,0.6379022419957137,0.4314639462526776
img_002401.jpg,-0.040355,0.03349,1.166527,71.45277310920713,-54.709628762612574,71.45268975453905,0.6388407795476427,-5.59906732089388e-09,0.638840467723983,0.4286785686095854
img_002402.jpg,-0.040546,0.033621,1.166385,71.5903776074845,-54.946723037312765,71.59021910551968,0.6397731153252693,2.102277834592492e-07,0.639772526239269,0.4258890413903362
img_002403.jpg,-0.040737,0.033752,1.166244,71.72776581322215,-55.18403343828643,71.72758738388113,0.6406992707583195,1.534953242843251e-07,0.6406986119605448,0.4230954184124019
img_002404.jpg,-0.040928,0.033882,1.166102,71.86493189864791,-55.4215224735001,71.86481186614928,0.6416191498942756,1.045831873325298e-07,0.6416187096400696,0.4202978680992186
img_002405.jpg,-0.041118,0.034013,1.165961,72.00193282921016,-55.65919863109118,72.00185107847871,0.6425329674541992,6.932116125568656e-08,0.6425326696082388,0.4174962924633058
img_002406.jpg,-0.041267,0.03419,1.165834,72.13881140523965,-55.89705785681313,72.13867284415504,0.6434408595046837,1.0779687958928365e-07,0.6434403580715345,0.414690687048356
img_002407.jpg,-0.041457,0.034321,1.165693,72.27543738250137,-56.13510400996207,72.27538499550123,0.6443423497707181,4.3566250773618975e-08,0.6443421614739321,0.4118811906837321
img_002408.jpg,-0.041648,0.034452,1.165552,72.41194730293992,-56.37332798337439,72.4118889753427,0.6452379050311842,1.2321043479923688e-07,0.645237696813914,0.409067672300353
img_002409.jpg,-0.041839,0.034582,1.16541,72.54826723805243,-56.611727063048505,72.54821910186077,0.6461272438080496,1.156425220583124e-07,0.646127073155403,0.406250403254732
img_002410.jpg,-0.04203,0.034713,1.165269,72.6844287651318,-56.85030606101949,72.68436535772344,0.6470104762220815,8.543530305438196e-08,0.647010252990893,0.4034292703604044
img_002411.jpg,-0.04222,0.034844,1.165127,72.82046231086258,-57.08905045997087,72.8203221707861,0.6478876729059356,2.409055741003918e-07,0.6478871829855275,0.4006042453838336
img_002412.jpg,-0.042369,0.035021,1.165001,72.95624931848359,-57.32798886031618,72.95616218081342,0.6487584566160747,1.1297046309532989e-07,0.6487581541397178,0.3977754673259049
img_002413.jpg,-0.04256,0.035152,1.164859,73.09189066360162,-57.567112235578456,73.09182973976796,0.6496231549782658,-9.88712400840086e-09,0.6496229450027077,0.3949427627417584
img_002414.jpg,-0.04275,0.035282,1.164718,73.22742146679646,-57.80637544425896,73.22728784752103,0.6504818019935853,1.2658369796803018e-07,0.6504813447784709,0.392106420975676
img_002415.jpg,-0.042941,0.035413,1.164576,73.36270537272847,-58.04583780171657,73.36264140582583,0.6513340177241573,-6.268595631464535e-08,0.6513338004292902,0.3892663326999145
img_002416.jpg,-0.043132,0.035544,1.164435,73.49783359193984,-58.28545387045791,73.49783137500302,0.6521800313847854,-1.2870426235878085e-07,0.6521800239088926,0.3864225964887664
img_002417.jpg,-0.04328,0.035721,1.164308,73.63287651329806,-58.52521972118768,73.63281880350517,0.6530200621798686,1.0749264772735857e-07,0.6530198690064329,0.3835750892242746
img_002418.jpg,-0.043471,0.035852,1.164167,73.76772850308733,-58.76517824612112,73.76764211494039,0.6538538124628944,-3.7142920072952286e-08,0.6538535254431754,0.3807239934562406
img_002419.jpg,-0.043662,0.035982,1.164025,73.90234988641791,-59.00530097976009,73.90238889023374,0.6546810978256703,-1.3234585000132526e-07,0.6546812264419197,0.3778692259158737
img_002420.jpg,-0.043852,0.036113,1.163884,74.0369211115093,-59.24557782553245,74.03688885892583,0.6555024884576672,-8.026361097979162e-08,0.6555023829083124,0.3750108180137254
img_002421.jpg,-0.044043,0.036244,1.163743,74.1712955575287,-59.48601244037377,74.17126274194713,0.6563174963973939,-7.750225666791621e-08,0.6563173898251368,0.3721489321975414
img_002422.jpg,-0.044234,0.036375,1.163602,74.30550728572551,-59.72661133423422,74.3054911264402,0.6571262349895625,-1.0705772257590954e-07,0.6571261829145625,0.3692834832707359
img_002423.jpg,-0.044382,0.036552,1.163474,74.43954973815843,-59.9673741972589,74.43958976725541,0.657928673628962,-1.391408141482309e-07,0.6579288016247262,0.3664144544221296
img_002424.jpg,-0.044573,0.036682,1.163333,74.57348299531895,-60.208288058385286,74.57349585064692,0.6587249745590824,-1.3144168342638096e-07,0.6587250153426233,0.3635419673902583
img_002425.jpg,-0.044764,0.036813,1.163192,74.70724249358442,-60.44936338295866,74.70727302325163,0.6595149379681488,-1.8101889220911718e-07,0.6595150340573166,0.3606660040109307
img_002426.jpg,-0.044954,0.036944,1.16305,74.84090879903395,-60.690580797950176,74.84086304158006,0.6602987783610517,-6.057718898722086e-08,0.6602986354936344,0.3577865778088156
img_002427.jpg,-0.045145,0.037075,1.162909,74.97438358851507,-60.93195112113794,74.97432854776446,0.6610761942457337,-6.955912901229766e-08,0.661076023777929,0.3549038689385268
img_002428.jpg,-0.045336,0.037206,1.162768,75.10775061953753,-61.17347892006025,75.10762354311473,0.661847443731171,-4.4227091988702234e-08,0.6618470533608777,0.3520176688520563
img_002429.jpg,-0.045484,0.037382,1.162641,75.24087006044441,-61.41515694925359,75.2408569244729,0.6626120777922472,-1.4174993451243625e-07,0.662612037770655,0.3491282311203733
img_002430.jpg,-0.045675,0.037513,1.162499,75.37389760367493,-61.65698598365958,75.37392150618288,0.6633705666129228,-1.1137208855149795e-07,0.6633706388336829,0.3462353056593579
img_002431.jpg,-0.045866,0.037644,1.162358,75.50683296538904,-61.89894918188207,75.50678619157082,0.6641228718598305,-5.1976008552667714e-08,0.6641227317161483,0.3433392029619241
img_002432.jpg,-0.046056,0.037775,1.162217,75.63957356008572,-62.141076580602885,75.63956399617254,0.6648687196448944,-1.1893557105846497e-07,0.6648686912315025,0.3404397289651338
img_002433.jpg,-0.046247,0.037905,1.162075,75.77218436298485,-62.38332539830401,75.77220548280201,0.6656082348281438,2.5433667893981493e-08,0.6656082970379764,0.3375370685467995
img_002434.jpg,-0.046438,0.038036,1.161934,75.90471809024295,-62.62572207205894,75.90462154714217,0.6663415999973868,-2.2902058360863012e-08,0.6663413180713597,0.3346313194305715
img_002435.jpg,-0.046586,0.038213,1.161807,76.03702803054915,-62.86826459870233,76.03700759020889,0.6670683740462944,7.244112809612346e-09,0.6670683148751324,0.3317222447121755
img_002436.jpg,-0.046777,0.038344,1.161666,76.16927166737658,-63.110951513650434,76.16919707898342,0.6677890046004735,4.8375563554969865e-08,0.6677887905759077,0.3288099398069845
img_002437.jpg,-0.046968,0.038475,1.161524,76.30135115697465,-63.353769031901344,76.30127429844958,0.6685031803043451,8.45726387255219e-08,0.66850296172119,0.3258945965998307
img_002438.jpg,-0.047158,0.038606,1.161383,76.43327155005726,-63.596725642006376,76.43322254803788,0.6692109210461794,-3.061701209228218e-08,0.6692107829340175,0.3229762702697563
img_002439.jpg,-0.047349,0.038736,1.161242,76.56510587340023,-63.83982119956018,76.56502153751401,0.6699124240692198,-1.2715431263465861e-08,0.6699121885187571,0.3200546886888413
img_002440.jpg,-0.047498,0.038913,1.161115,76.69677152510495,-64.08304868372066,76.69672502404416,0.6706074393401238,-9.838288572705522e-09,0.6706073106492718,0.3171300950799735
img_002441.jpg,-0.047688,0.039044,1.160974,76.82832994254461,-64.32640748225056,76.82828325142658,0.6712961292163134,2.5963529548533873e-08,0.6712960011923519,0.3142024597013078
img_002442.jpg,-0.047879,0.039175,1.160832,76.95977123787358,-64.56988571851105,76.95969056214443,0.6719784412836881,5.4514873060185216e-08,0.6719782221392914,0.3112719766064064
img_002443.jpg,-0.04807,0.039305,1.160691,77.09107075882454,-64.81350315877403,77.09101456023075,0.672654326592787,1.784433489304682e-07,0.6726541753758042,0.3083383162460826
img_002444.jpg,-0.048261,0.039436,1.160549,77.222196456147,-65.0572566975529,77.22221065643836,0.6733236884784498,-5.6521108238172246e-08,0.6733237263241372,0.3054019811703103
img_002445.jpg,-0.048451,0.039567,1.160408,77.3532917392237,-65.3011206079803,77.3532412744762,0.6739868678292464,1.096650523169096e-07,0.6739867346283284,0.3024625324544395
img_002446.jpg,-0.0486,0.039744,1.160281,77.48427696563432,-65.5451206702427,77.48410668425446,0.6746436748612586,2.3607022059390917e-08,0.6746432297784051,0.2995203239913077
img_002447.jpg,-0.04879,0.039875,1.16014,77.61499415583978,-65.78924468688594,77.61500735806003,0.6752936761208044,-1.1764633378597011e-08,0.6752937102895611,0.2965752110925802
img_002448.jpg,-0.048981,0.040006,1.159999,77.74573954201902,-66.03348376705974,77.74565300900014,0.6759376231207626,7.086989189941661e-08,0.6759374013901369,0.2936272450774926
img_002449.jpg,-0.049172,0.040136,1.159857,77.87629446326005,-66.27784299556708,77.87623490966872,0.6765749486733892,5.393622098948114e-08,0.676574797607827,0.2906765936045172
img_002450.jpg,-0.049362,0.040267,1.159716,78.00676847803115,-66.52232832494911,78.00669375203333,0.6772059331753536,1.726730244899777e-07,0.6772057455489835,0.2877229609668202
img_002451.jpg,-0.049553,0.040398,1.159574,78.1371076649675,-66.76691861766054,78.13702921233664,0.6778304063713936,2.1604252248286213e-07,0.6778302114118018,0.2847668251320313
img_002452.jpg,-0.049702,0.040575,1.159447,78.26730577661907,-67.01164617672657,78.26727740748066,0.6784483862970303,1.3309360630264777e-07,0.6784483165305485,0.2818078581725544
img_002453.jpg,-0.049893,0.040705,1.159306,78.3974385204976,-67.25647502044487,78.3973645297913,0.6790600082488805,1.3793700021080826e-07,0.6790598282003278,0.278846292644447
img_002454.jpg,-0.050083,0.040836,1.159165,78.52747572137773,-67.50143096476597,78.52733561428786,0.6796652195505553,1.324046742801066e-07,0.679664882239215,0.2758819261641326
img_002455.jpg,-0.050274,0.040967,1.159023,78.65731452259404,-67.74648957217997,78.65726500616462,0.6802637377455047,7.74916160684036e-08,0.6802636198154801,0.2729151052324682
img_002456.jpg,-0.050465,0.041098,1.158882,78.78708547788365,-67.99166174434271,78.78704976174059,0.6808558830325886,4.464622815891772e-08,0.6808557988953386,0.2699456383246491
img_002457.jpg,-0.050613,0.041275,1.158755,78.91675183495553,-68.23693664807864,78.91671822598863,0.6814415470422183,2.8399809282042557e-08,0.6814414687405492,0.2669736740681198
img_002458.jpg,-0.050804,0.041405,1.158613,79.04633430274332,-68.48232954215757,79.04628246778027,0.6820207877620572,1.042445810783832e-07,0.6820206683432967,0.2639989640376926
img_002459.jpg,-0.050995,0.041536,1.158472,79.17574885875905,-68.72783326071234,79.17577111244069,0.6825933967602651,-3.59494266022331e-08,0.682593447450716,0.2610219151654293
img_002460.jpg,-0.051185,0.041667,1.158331,79.30509580546227,-68.97343455708408,79.30513235764818,0.683159583163367,-4.391564240036061e-08,0.6831596654731853,0.2580423519552908
img_002461.jpg,-0.051376,0.041798,1.158189,79.43436764101104,-69.2191495474624,79.4343785516151,0.6837193386167164,-1.5226878147256432e-08,0.683719362901756,0.2550601866123692
img_002462.jpg,-0.051567,0.041929,1.158048,79.56358587438852,-69.46495270912688,79.56346763687056,0.684272673652706,6.427792670349319e-08,0.6842724135566207,0.2520757269900655
img_002463.jpg,-0.051715,0.042105,1.157922,79.6926080482547,-69.71086505747762,79.69253027968709,0.684819291296436,-3.127586450935027e-08,0.6848191222500504,0.2490889561359892
img_002464.jpg,-0.051906,0.042236,1.15778,79.82153556081226,-69.9568875307465,79.8215145523283,0.6853594110099717,-3.556480354660607e-08,0.685359365891649,0.2460996085422734
img_002465.jpg,-0.052097,0.042367,1.157639,79.95039866851752,-70.20300675586326,79.95036268226309,0.6858930758825206,-5.248373113886373e-08,0.6858929995370794,0.243107962935072
img_002466.jpg,-0.052287,0.042498,1.157497,80.07908485213947,-70.44921562228568,80.07919376000847,0.6864200339259046,-2.158723089173975e-08,0.686420262130392,0.2401140578183703
img_002467.jpg,-0.052478,0.042629,1.157356,80.20778586630006,-70.69552364081711,80.20780991878462,0.6869406919624539,-6.243794892224487e-08,0.686940741732903,0.2371179096432623
img_002468.jpg,-0.052669,0.042759,1.157215,80.33640431431026,-70.94191623041466,80.33632587389219,0.6874548213877076,-3.305459239655306e-09,0.6874546611277876,0.2341195366569685
img_002469.jpg,-0.052817,0.042936,1.157088,80.46483133535978,-71.18842632515114,80.46484803361575,0.6879622287768965,-8.816745677986405e-08,0.687962262455462,0.2311187945916111
img_002470.jpg,-0.053008,0.043067,1.156946,80.5932058567548,-71.43502172277068,80.59323820759916,0.6884631598981639,-1.3431599615865153e-07,0.6884632242985252,0.2281159053014402
img_002471.jpg,-0.053199,0.043198,1.156805,80.72156030510045,-71.68169494567881,80.72148026013231,0.6889576624538405,-2.0332715455761985e-08,0.688957505208495,0.2251108512778226
img_002472.jpg,-0.053389,0.043329,1.156664,80.84976891800233,-71.92846950291555,80.84968333737058,0.6894455042865446,-1.6176110728682858e-08,0.6894453384124817,0.222103628877086
img_002473.jpg,-0.05358,0.043459,1.156522,80.9779158835705,-72.17533629481177,80.97778909406651,0.6899268360136988,6.743283431642767e-08,0.6899265935975014,0.2190941724352124
img_002474.jpg,-0.053771,0.04359,1.156381,81.1059037954854,-72.42227900631771,81.10583247931179,0.6904014508465943,-6.681339975722622e-08,0.6904013163671661,0.2160829910645388
img_002475.jpg,-0.053919,0.043767,1.156254,81.23383918080665,-72.6693079893392,81.23379665276703,0.690869556886746,3.3441056479510685e-08,0.6908694778108485,0.2130695191632902
img_002476.jpg,-0.05411,0.043898,1.156113,81.36170870664162,-72.91644402953457,81.36164884667221,0.6913311403777163,-6.220423232061735e-08,0.691331030650445,0.2100539464133821
img_002477.jpg,-0.054301,0.044028,1.155971,81.48946268907642,-73.16363920786198,81.48944597980187,0.6917860609762699,-3.4165407725161856e-08,0.691786030787048,0.2070365509924198
img_002478.jpg,-0.054491,0.044159,1.15583,81.61714731490875,-73.41093415885582,81.61714818825322,0.6922344348148981,-1.2083901562709445e-07,0.6922344363697867,0.2040170884026328
img_002479.jpg,-0.054682,0.04429,1.155688,81.74475740094539,-73.65830250893974,81.74475439165725,0.6926762229541851,-2.1855151632887981e-07,0.6926762176758416,0.2009957900558276
img_002480.jpg,-0.054831,0.044467,1.155562,81.8723699603425,-73.90574922503954,81.87223884318858,0.6931115572806249,-7.126669293588962e-08,0.6931113307581629,0.1979723524603127
img_002481.jpg,-0.055021,0.044598,1.15542,81.99981564635775,-74.1532677934554,81.99969119226627,0.6935401326359032,-1.432351041108504e-07,0.6935399209102269,0.1949473327008846
img_002482.jpg,-0.055212,0.044728,1.155279,82.1271812266727,-74.40087433137779,82.12709345730183,0.6939621099279514,-1.41678825837932e-07,0.6939619629301473,0.1919202542475981
img_002483.jpg,-0.055403,0.044859,1.155138,82.25447308250955,-74.64856166730675,82.25442505181243,0.6943774886735795,-1.3056945741274364e-07,0.6943774095004382,0.1888912819555649
img_002484.jpg,-0.055593,0.04499,1.154996,82.38161795695505,-74.89632009068904,82.38173270078302,0.6947861370016617,-2.330704402253581e-07,0.6947863231090705,0.1858606710706494
img_002485.jpg,-0.055784,0.045121,1.154855,82.5088625788839,-75.14414963631594,82.50882880251173,0.6951884496607386,-1.1376254582806666e-07,0.6951883957713759,0.182828099161772
img_002486.jpg,-0.055933,0.045298,1.154728,82.6359436757154,-75.39204724174272,82.63591743809418,0.6955839928004378,-1.3533520115682762e-07,0.6955839516336815,0.1797939798476423
img_002487.jpg,-0.056123,0.045428,1.154586,82.76297224759489,-75.6400230648718,82.7629265011285,0.695972948173564,-1.4780930196467426e-07,0.6959728776094701,0.1767580522708066
img_002488.jpg,-0.056314,0.045559,1.154445,82.88990469456294,-75.88806893347535,82.88989741805136,0.6963552372140951,-1.361893147144855e-07,0.6963552261829369,0.173720414955162
img_002489.jpg,-0.056505,0.04569,1.154304,83.01679594119503,-76.13617216164694,83.01676256686665,0.696730929944053,-1.2148985129023518e-07,0.6967308802338619,0.1706812578692463
img_002490.jpg,-0.056696,0.045821,1.154163,83.14362843525406,-76.38435318773723,83.14354400296683,0.697100009371403,-2.261803711545163e-07,0.6970998858522794,0.1676404667109869
img_002491.jpg,-0.056886,0.045952,1.154021,83.270320950212,-76.63259290815262,83.27036797738963,0.6974623397693049,-8.02282110190511e-08,0.6974624073185369,0.1645979191270398
img_002492.jpg,-0.057035,0.046128,1.153894,83.397035847452,-76.88090180217706,83.39702163072333,0.6978181592929766,-7.859849943114838e-08,0.6978181392499054,0.1615538953252299
img_002493.jpg,-0.057225,0.046259,1.153753,83.52361012561816,-77.12927101964733,83.5236785167843,0.6981672250861957,-1.2482056188645174e-07,0.698167319687991,0.1585084210227086
img_002494.jpg,-0.057416,0.04639,1.153612,83.65030252208469,-77.37771029530388,83.65011620656637,0.6985098968958693,-8.072107560153087e-08,0.6985096441300545,0.155461252393708
img_002495.jpg,-0.057607,0.046521,1.15347,83.77666222658864,-77.62620091456884,83.77673821419934,0.6988455440187733,-1.4092226280348896e-07,0.6988456450862166,0.1524128273772088
img_002496.jpg,-0.057798,0.046652,1.153329,83.90310698370025,-77.87477298935981,83.90316428532633,0.6991747485857516,-2.863694685273366e-07,0.6991748232746147,0.149362771261383
img_002497.jpg,-0.057946,0.046828,1.153202,84.02957234329781,-78.12337644807411,84.02946524867271,0.6994973802233283,-1.898568152136626e-07,0.6994972434842636,0.1463113851297339
img_002498.jpg,-0.058137,0.046959,1.153061,84.15588317701962,-78.37204785426437,84.15582749893744,0.6998132336734773,-3.189869046682503e-08,0.6998131640666747,0.1432584146724364
img_002499.jpg,-0.058327,0.04709,1.152919,84.28214055604592,-78.62077484723083,84.28209183373198,0.7001224287074073,-1.1329346055743986e-07,0.7001223690950438,0.1402043263011953
img_002500.jpg,-0.058518,0.047221,1.152778,84.4083435021043,-78.86956077226301,84.40831123744333,0.7004249623165344,-1.5969941075111296e-07,0.700424923700645,0.1371488185249939
img_002501.jpg,-0.058709,0.047351,1.152636,84.53448814546327,-79.11839051103313,84.53447528746777,0.7007208174115804,-1.8716412664154802e-07,0.7007208023655045,0.13409210706919
img_002502.jpg,-0.058899,0.047482,1.152495,84.66055166249598,-79.36728319374943,84.6606347983041,0.7010099760632144,-1.655387667498509e-07,0.7010100711277976,0.1310339407833871
img_002503.jpg,-0.059048,0.047659,1.152368,84.78660561190134,-79.61622724290326,84.78669830201488,0.7012925102293552,-1.6717226891671547e-07,0.7012926137444835,0.1279745482649281
img_002504.jpg,-0.059239,0.04779,1.152227,84.91266637679685,-79.86521155159882,84.91264903288611,0.7015684250728259,-1.4803158110421324e-07,0.7015684061665877,0.1249140360795645
img_002505.jpg,-0.05943,0.047921,1.152085,85.0386069066049,-80.11425060954036,85.03863378628198,0.7018375857543887,-9.939760609034565e-08,0.7018376143371743,0.1218522315099121
img_002506.jpg,-0.05962,0.048051,1.151944,85.1645019279684,-80.36333385719223,85.1645568736518,0.702100066609272,-1.0658535787300141e-07,0.7021001235677162,0.1187893638060316
img_002507.jpg,-0.059811,0.048182,1.151803,85.29040515547727,-80.6124698770392,85.29038127910424,0.7023559230843984,-1.428314683193932e-07,0.702355898971825,0.1157253148093422
img_002508.jpg,-0.060002,0.048313,1.151661,85.41615819611596,-80.86165314125091,85.41629240342424,0.7026049891068877,-3.0624003999335514e-08,0.7026051210519446,0.1126599891429577
img_002509.jpg,-0.06015,0.04849,1.151535,85.54209100239574,-81.11086240210174,85.5418890560734,0.7028475755271055,-9.753913265964088e-08,0.7028473823882415,0.1095939900070128
img_002510.jpg,-0.060341,0.048621,1.151393,85.66771494945588,-81.36013361663423,85.66772303701059,0.7030832246773216,-2.0113009624456168e-07,0.7030832321956701,0.1065267467943518
img_002511.jpg,-0.060532,0.048752,1.151252,85.79343907719827,-81.6094327496852,85.79339697435293,0.7033123083714472,-8.134578205476474e-08,0.7033122703591277,0.1034584325007335
img_002512.jpg,-0.060722,0.048882,1.151111,85.91906151220009,-81.85877979700966,85.91908698348608,0.7035346449600137,-4.2208116057818046e-08,0.7035346672743876,0.100389119351165
img_002513.jpg,-0.060913,0.049013,1.150969,86.04471663794381,-82.10816333188085,86.04466957662866,0.7037503457476018,3.160386036205054e-08,0.7037503057799597,0.0973188469657507
img_002514.jpg,-0.061104,0.049144,1.150828,86.17039423198113,-82.35758817304051,86.17012351292513,0.7039593961036306,-1.0523566446041245e-07,0.7039591734462951,0.0942478156681079
img_002515.jpg,-0.061252,0.049321,1.150701,86.2957317079559,-82.6070530413923,86.29589209705101,0.7041614995801715,2.8804789053982205e-08,0.7041616271949152,0.0911755740053921
img_002516.jpg,-0.061443,0.049451,1.150559,86.4213523548898,-82.85653753647578,86.42125990508434,0.7043571494610146,-2.8434739396399067e-08,0.7043570783817068,0.0881028497651427
img_002517.jpg,-0.061634,0.049582,1.150418,86.5467462677805,-83.10606830652893,86.5467994643917,0.7045459499579232,-7.91528215193793e-08,0.7045459894307908,0.0850291313307944
img_002518.jpg,-0.061824,0.049713,1.150277,86.67216201758842,-83.35562907350239,86.67225696089325,0.7047280858279769,-7.70791696580453e-08,0.7047281537302911,0.0819545873342363
img_002519.jpg,-0.062015,0.049844,1.150135,86.79762768381056,-83.60522153827569,86.79760600251812,0.7049035705521659,-4.451100404923025e-08,0.7049035556278314,0.0788792335538733
img_002520.jpg,-0.062164,0.050021,1.150008,86.92317332933204,-83.8548504069917,86.92281520154718,0.7050724169361345,-4.083433352564114e-08,0.7050721800323275,0.0758030858230531
img_002521.jpg,-0.062354,0.050151,1.149867,87.04852651727681,-84.10449997081619,87.04815018511033,0.7052344359773508,-3.304216644739455e-08,0.7052341971356677,0.0727263191844422
img_002522.jpg,-0.062545,0.050282,1.149726,87.17385381553706,-84.3541869969193,87.17345094668,0.7053897455884441,-1.0653976523222752e-07,0.7053895007248556,0.0696488268802666
img_002523.jpg,-0.062736,0.050413,1.149584,87.29902542676336,-84.60389585115293,87.29886438903557,0.7055382634510734,-8.156766151401484e-08,0.7055381698981891,0.066570636343294
img_002524.jpg,-0.062926,0.050544,1.149443,87.42419022265959,-84.85362844609352,87.42423412171517,0.7056800814193255,-3.8343851704869536e-08,0.7056801057424889,0.0634918187429116
img_002525.jpg,-0.063117,0.050675,1.149302,87.54957510892503,-85.10339468940425,87.54933370999694,0.7058153186197595,-5.7285087728953243e-08,0.7058151913550459,0.0604123468682019
img_002526.jpg,-0.063266,0.050851,1.149174,87.67444756599052,-85.35318091628072,87.67488680161654,0.7059435834697035,-1.3076001392775538e-07,0.7059438032273687,0.0573323961021582
img_002527.jpg,-0.063456,0.050982,1.149033,87.79957781813806,-85.60297506981586,87.8001406568157,0.7060652758416401,-9.873476841670836e-08,0.7060655423102313,0.0542519696676339
img_002528.jpg,-0.063647,0.051113,1.148892,87.92505477504803,-85.85280593876985,87.92502292642108,0.7061804184349723,-5.902640815014237e-08,0.7061804042129942,0.0511708249354654
img_002529.jpg,-0.063838,0.051244,1.148751,88.0502393897621,-86.10263988634959,88.05013978564071,0.7062887043759208,-2.8579037247844497e-08,0.7062886625761544,0.0480894082659532
img_002530.jpg,-0.064029,0.051374,1.148609,88.17539297980693,-86.35250686124704,88.17525532764361,0.7063902635761844,-5.7804848463405285e-08,0.7063902095114681,0.0450074152902572
img_002531.jpg,-0.064219,0.051505,1.148468,88.30077428054348,-86.60239001612314,88.30011011460357,0.7064851868554998,-6.90755543875099e-08,0.7064849438611182,0.0419249907727757
img_002532.jpg,-0.064368,0.051682,1.148341,88.42536528912787,-86.85228671871734,88.42573620783416,0.7065731078677199,1.847466957194399e-08,0.7065732335948571,0.0388421009403256
img_002533.jpg,-0.064558,0.051813,1.1482,88.55106137215019,-87.10219055776702,88.55020507387083,0.706654678636548,1.784810871319209e-08,0.7066544114230775,0.0357590265161245
img_002534.jpg,-0.064749,0.051944,1.148058,88.67559576478467,-87.35212936815647,88.67581704479043,0.706729165725944,-5.78509934401339e-08,0.7067292288231357,0.0326754256187086
img_002535.jpg,-0.06494,0.052074,1.147917,88.80079166895054,-87.60206443303538,88.80073809181147,0.7067971259054255,-5.846030576295291e-08,0.7067971120699186,0.0295916403980887
img_002536.jpg,-0.06513,0.052205,1.147775,88.92569865834868,-87.85201341323011,88.92592439087082,0.7068582868131025,-7.958248876560604e-08,0.7068583390298729,0.0265075632144621
img_002537.jpg,-0.065279,0.052382,1.147648,89.05120976991701,-88.10197128497516,89.05050035776463,0.7069128520788147,-4.592505431499916e-09,0.7069127070710407,0.0234231540849839
img_002538.jpg,-0.06547,0.052513,1.147507,89.17592053517872,-88.35193745641637,89.17583848042308,0.7069605221940312,-4.9162423298998454e-08,0.7069605076303147,0.0203386506491443
img_002539.jpg,-0.06566,0.052644,1.147366,89.30079904559182,-88.60191294261811,89.30101707947054,0.7070015063873794,4.4731469583947365e-08,0.7070015392163422,0.0172537970226063
img_002540.jpg,-0.065851,0.052775,1.147225,89.42592822540242,-88.85190336084892,89.42591004164491,0.7070358005565273,-4.6065004977169366e-08,0.7070357983081739,0.0141688617084098
img_002541.jpg,-0.066042,0.052905,1.147083,89.54962144444858,-89.10189157398109,89.55224756623153,0.7070632192340726,3.0983140497653494e-08,0.7070634732429695,0.0110837183263241
img_002542.jpg,-0.066233,0.053036,1.146942,89.67692195613954,-89.35188656983574,89.67495084033243,0.7070842303026281,-2.1023131402397865e-08,0.7070840927177866,0.007998567546997
img_002543.jpg,-0.066381,0.053213,1.146815,89.80178743673336,-89.60188657695412,89.8001003889134,0.707098282613938,2.25306483470078e-08,0.7070982102798382,0.0049132212924776
img_002544.jpg,-0.066572,0.053344,1.146673,89.92845891827682,-89.85188086766631,89.92340933765466,0.7071056399487183,-7.70600829813617e-08,0.7071055593967623,0.001828065343339
img_002545.jpg,-0.066762,0.053474,1.146532,-89.95832792565365,-89.89812794380228,-89.93982016947088,0.7071063239827629,-1.2458728348985204e-07,0.7071061209255016,-0.0012571130650365
img_002546.jpg,-0.066953,0.053605,1.146391,-89.82706522379688,-89.64813428373647,-89.82104715079477,0.7071002277717771,1.2495991674743578e-07,0.7070999997147468,-0.0043426130947178
img_002547.jpg,-0.067144,0.053736,1.146249,-89.70027623380832,-89.39812863112311,-89.69785743697211,0.7070873530742308,-8.23241187997148e-08,0.7070871962869525,-0.0074277836215158
img_002548.jpg,-0.067335,0.053867,1.146108,-89.5750494085577,-89.14812934928882,-89.57306878186728,0.707067794724467,-7.639399052239426e-08,0.7070676130131297,-0.0105130533808348
img_002549.jpg,-0.067483,0.054044,1.145981,-89.44871043809803,-88.89814411455002,-89.44938638855187,0.7070413626346612,-2.25411668219877e-08,0.7070414428472824,-0.0135981476736292
img_002550.jpg,-0.067674,0.054175,1.14584,-89.32444523485955,-88.64816378920443,-89.32362405261263,0.7070084312179776,2.62227151104355e-09,0.7070083116642022,-0.0166830879764086
img_002551.jpg,-0.067864,0.054305,1.145698,-89.19907170850352,-88.3981774115563,-89.19895440055707,0.7069686189034909,-3.219321242919904e-08,0.7069685986668959,-0.0197679635940395
img_002552.jpg,-0.068055,0.054436,1.145557,-89.07445408776695,-88.14820982123159,-89.0735139290824,0.7069222109496325,-2.0908980102873895e-10,0.7069220234571851,-0.0228525801012057
img_002553.jpg,-0.068246,0.054567,1.145416,-88.94905426192788,-87.89825014926643,-88.94884719279821,0.7068689206707961,-3.0285690066911286e-08,0.7068688738022184,-0.0259369281004148
img_002554.jpg,-0.068437,0.054698,1.145275,-88.82383192916174,-87.64830034853081,-88.82396411233213,0.7068089295374032,5.499887234527989e-08,0.7068089630136896,-0.0290211462506253
img_002555.jpg,-0.068585,0.054874,1.145148,-88.69875275423522,-87.39835181074984,-88.69894421176613,0.7067422425963219,-9.826418895242385e-08,0.7067422962369003,-0.0321049721959916
img_002556.jpg,-0.068776,0.055005,1.145006,-88.57400764845197,-87.14843357229368,-88.57354209534383,0.7066689358081055,3.149365213062083e-09,0.7066687928470843,-0.0351885262533692
img_002557.jpg,-0.068967,0.055136,1.144865,-88.44866714294398,-86.8985091663596,-88.44871030741838,0.7065887222427428,-3.023336203611393e-08,0.7065887366590382,-0.038271854226717
img_002558.jpg,-0.069157,0.055267,1.144723,-88.32392187760615,-86.64861536852831,-88.32325897037911,0.7065019914404057,1.842508201566062e-09,0.7065017522053296,-0.0413546880237287
img_002559.jpg,-0.069348,0.055398,1.144582,-88.19862287364198,-86.39872833791313,-88.19832651151404,0.706408344147105,-4.795154939785107e-09,0.7064082292214895,-0.0444372029667144
img_002560.jpg,-0.069496,0.055574,1.144455,-88.0733075958082,-86.14885767248107,-88.07337543576689,0.7063079626003963,-1.2784234448837141e-08,0.7063079907325596,-0.0475193033893739
img_002561.jpg,-0.069687,0.055705,1.144314,-87.94819747529637,-85.89901421098003,-87.94819403262616,0.7062009482296101,-3.7180910683609625e-08,0.7062009467094101,-0.0506008259451467
img_002562.jpg,-0.069878,0.055836,1.144173,-87.82300671885743,-85.64917885399524,-87.82304181346629,0.7060871823654666,-5.601467933935567e-08,0.7060871988060426,-0.0536820135746526
img_002563.jpg,-0.070069,0.055967,1.144031,-87.69792670143774,-85.39937740263824,-87.69772913032142,0.7059667621795508,5.7273933040669085e-08,0.7059666643132604,-0.0567626600515401
img_002564.jpg,-0.070259,0.056098,1.143889,-87.57257743268327,-85.14958451972042,-87.57267195845871,0.7058394952100598,-9.755437002656465e-08,0.7058395445739344,-0.0598426630194486
img_002565.jpg,-0.07045,0.056228,1.143748,-87.44744926431405,-84.89981663593518,-87.44731205801224,0.705705636274748,-2.294391227009029e-08,0.7057055609346472,-0.0629223028501635
img_002566.jpg,-0.070599,0.056405,1.143621,-87.32219508695825,-84.65008447178639,-87.3220423748445,0.7055650099139157,4.287350696685621e-08,0.7055649219565174,-0.0660011946078811
img_002567.jpg,-0.070789,0.056536,1.14348,-87.19679123186405,-84.40037848807377,-87.19686873240083,0.7054175929457198,1.2877119898169198e-07,0.7054176396654441,-0.0690794702605889
img_002568.jpg,-0.07098,0.056667,1.143339,-87.07172658364085,-84.15069174890485,-87.0713367895742,0.7052636828335894,-4.284025317824458e-08,0.7052634373848193,-0.0721569231893194
img_002569.jpg,-0.071171,0.056797,1.143197,-86.94614681707377,-83.90102552058771,-86.94622622191108,0.7051027501294282,-2.6808879005635333e-08,0.7051028022619169,-0.0752339684072875
img_002570.jpg,-0.071361,0.056928,1.143056,-86.8207150453293,-83.65140599279604,-86.82093019284726,0.7049352193275367,-2.9796851430674565e-08,0.704935366356009,-0.0783100620109346
img_002571.jpg,-0.071552,0.057059,1.142915,-86.69558147767368,-83.40180180872434,-86.69524757398125,0.7047612029785959,4.552367921517586e-08,0.7047609658323188,-0.0813856732801136
img_002572.jpg,-0.071701,0.057236,1.142788,-86.5699719385062,-83.15223347939563,-86.56998456995771,0.7045801659592328,1.0668276423375644e-07,0.7045801752693133,-0.0844604425415374
img_002573.jpg,-0.071891,0.057367,1.142646,-86.44453927278873,-82.9027009770176,-86.44449893183672,0.7043925735301693,6.624052595327612e-08,0.7043925427145221,-0.0875342682822596
img_002574.jpg,-0.072082,0.057498,1.142505,-86.31898506492865,-82.6531944549468,-86.31906559695484,0.7041982050950948,-1.4488171162785337e-08,0.7041982687716186,-0.0906073186884024
img_002575.jpg,-0.072273,0.057628,1.142364,-86.19354289684483,-82.40373122585837,-86.19345215498967,0.7039972536389253,-5.7859598001641643e-08,0.7039971794567443,-0.0936794437739461
img_002576.jpg,-0.072463,0.057759,1.142222,-86.06792713467776,-82.15430664348371,-86.06791753408548,0.7037894906156315,4.923218627217452e-08,0.7037894825097595,-0.0967507995193447
img_002577.jpg,-0.072654,0.05789,1.142081,-85.94226019755352,-81.90491708154849,-85.94236456846157,0.7035750126393421,1.0696452262815016e-07,0.7035751035572064,-0.0998212164021489
img_002578.jpg,-0.072803,0.058067,1.141954,-85.81663066081192,-81.65556577572936,-85.81670502587673,0.7033539020669732,1.1103809893775465e-07,0.7033539688385627,-0.1028906359499847
img_002579.jpg,-0.072993,0.058197,1.141813,-85.69111918709285,-81.40624579215711,-85.69085983696733,0.7031262390387096,-1.3432499001986288e-08,0.7031259992261287,-0.1059590542971067
img_002580.jpg,-0.073184,0.058328,1.141671,-85.56537856930281,-81.15697281096426,-85.56514805329306,0.7028917157231023,-1.8912559407446853e-08,0.70289149640188,-0.1090265117013259
img_002581.jpg,-0.073375,0.058459,1.14153,-85.43949459503534,-80.90774618587085,-85.4394851412763,0.7026504036693205,6.056626972172907e-08,0.7026503944216993,-0.1120929678542212
img_002582.jpg,-0.073565,0.05859,1.141389,-85.31375426958705,-80.65855440913188,-85.31359428586866,0.702402580483438,6.895243304105847e-08,0.7024024197084453,-0.1151583940402248
img_002583.jpg,-0.073714,0.058767,1.141262,-85.18786255593066,-80.40941745326381,-85.18777702151392,0.7021479696914821,6.779148042923566e-08,0.7021478814468091,-0.1182225919098497
img_002584.jpg,-0.073905,0.058897,1.14112,-85.06187139548491,-80.16032138991025,-85.06195608554454,0.7018866138212978,1.0370467740106193e-07,0.7018867034587022,-0.1212857652255089
img_002585.jpg,-0.074096,0.059028,1.140979,-84.93603925841866,-79.91127360528779,-84.93589410863925,0.7016187959820048,7.081801517427877e-08,0.7016186384744925,-0.1243477031149192
img_002586.jpg,-0.074286,0.059159,1.140837,-84.8100641788234,-79.66227512369883,-84.80986470097507,0.7013442007778324,1.267627752210565e-07,0.7013439789887613,-0.127408536493828
img_002587.jpg,-0.074477,0.05929,1.140696,-84.68387948100057,-79.4133287585541,-84.68396434547455,0.7010627496358701,8.414844043791447e-08,0.7010628462581137,-0.1304680293001272
img_002588.jpg,-0.074667,0.05942,1.140555,-84.55779025330682,-79.1644400317539,-84.55786988442141,0.7007747919116237,6.546393838124942e-08,0.7007748847006282,-0.1335262221214898
img_002589.jpg,-0.074816,0.059597,1.140428,-84.4317343510738,-78.91559127781687,-84.43162799796943,0.700480258482159,3.3367320906307896e-08,0.7004801317184386,-0.1365832806184036
img_002590.jpg,-0.075007,0.059728,1.140286,-84.30554145339072,-78.66678845058527,-84.30540567013982,0.7001789552842554,2.2619737027884668e-08,0.7001787898213265,-0.1396391523226582
img_002591.jpg,-0.075198,0.059859,1.140145,-84.17922285168777,-78.41804775921486,-84.1792077964993,0.6998709030330164,1.2333338794690007e-08,0.6998708842857463,-0.142693603279326
img_002592.jpg,-0.075388,0.05999,1.140004,-84.05296572371525,-78.1693667247807,-84.05282724042266,0.6995563365176054,8.660615141709017e-08,0.6995561603835532,-0.1457467341228611
img_002593.jpg,-0.075579,0.060121,1.139862,-83.92663148427322,-77.92074774798111,-83.92643883824667,0.6992350906127294,1.658472936760802e-08,0.6992348404599866,-0.1487982726469127
img_002594.jpg,-0.07577,0.060251,1.139721,-83.80007775839535,-77.67217866209994,-83.8001280181257,0.6989069710651243,5.184922091672207e-08,0.6989070376657305,-0.1518486038720276
img_002595.jpg,-0.075918,0.060428,1.139595,-83.67352260903603,-77.42366678614238,-83.67369780445918,0.6985722682687175,8.650690330735956e-08,0.6985725050865191,-0.1548975181952144
img_002596.jpg,-0.076109,0.060559,1.139453,-83.54703536625756,-77.17521734017689,-83.5470961330549,0.6982310898970996,2.5196663255844246e-08,0.6982311736537111,-0.1579448423952767
img_002597.jpg,-0.076299,0.06069,1.139312,-83.4204418477929,-76.9268388114738,-83.42047724013324,0.6978832115585863,1.971424501423513e-08,0.6978832612815662,-0.1609906104332744
img_002598.jpg,-0.07649,0.060821,1.13917,-83.29384418098053,-76.6785237950611,-83.29372807874495,0.6975287751447343,6.79864269881314e-08,0.6975286089474109,-0.1640348973388652
img_002599.jpg,-0.076681,0.060951,1.139029,-83.16702970750286,-76.43027181099362,-83.16706258292949,0.6971674791869475,1.365903555816672e-07,0.6971675271201895,-0.1670776618618368
img_002600.jpg,-0.07683,0.061128,1.138902,-83.04024524272975,-76.18208075644502,-83.04024152123506,0.6967996806632932,1.4366352435457588e-07,0.6967996751384901,-0.170118834214224
img_002601.jpg,-0.07702,0.061259,1.13876,-82.91340737666651,-75.93395440459736,-82.91334613009103,0.6964252681763822,1.0325674282274377e-07,0.6964251756272376,-0.1731583685474506
img_002602.jpg,-0.077211,0.06139,1.138619,-82.78647292902659,-75.68589590949142,-82.78639699672762,0.6960441831848531,1.4959383476398358e-07,0.696044066431207,-0.1761963468418628
img_002603.jpg,-0.077401,0.06152,1.138477,-82.6594093111212,-75.43791717587673,-82.65946319496516,0.6956563862151028,1.1239929303963336e-07,0.695656470494668,-0.1792324395220699
img_002604.jpg,-0.077592,0.061651,1.138336,-82.53232102913927,-75.18999245999002,-82.53239204984718,0.6952620234596064,1.0132345301672174e-07,0.6952621364236711,-0.1822670578860481
img_002605.jpg,-0.077783,0.061782,1.138195,-82.40517027792306,-74.94215152483818,-82.40524951352435,0.6948610653411376,1.0789485110906939e-07,0.6948611934686706,-0.1852998156617057
img_002606.jpg,-0.077932,0.061959,1.138068,-82.27805011034333,-74.69439516452339,-82.27793814646544,0.6944536714155507,1.4103901896378448e-07,0.6944534874035715,-0.1883306987468055
img_002607.jpg,-0.078122,0.06209,1.137927,-82.150728974958,-74.44668605846643,-82.15067074495911,0.6940394376524809,5.9272722119363415e-08,0.6940393404124247,-0.1913600087346129
img_002608.jpg,-0.078313,0.062221,1.137786,-82.02339896086544,-74.19907837948398,-82.02326684099117,0.6936187292479168,1.0668000233193808e-07,0.6936185051265802,-0.1943873138413662
img_002609.jpg,-0.078504,0.062351,1.137644,-81.89596066350708,-73.95153140979801,-81.89581745238107,0.6931913515123969,5.7616877102706354e-08,0.6931911047951708,-0.1974128729877155
img_002610.jpg,-0.078694,0.062482,1.137503,-81.76835020487357,-73.7040662311408,-81.76838344165384,0.6927572129326993,3.8763915855000164e-08,0.69275727106843,-0.2004365418568663
img_002611.jpg,-0.078885,0.062613,1.137361,-81.64075985947312,-73.4566851023422,-81.64077242147421,0.6923166547361368,4.2003450551053596e-08,0.6923166770400703,-0.203458271562397
img_002612.jpg,-0.079034,0.06279,1.137234,-81.51305580381606,-73.20937819021455,-81.51310914311499,0.6918694403124956,3.7898792992763226e-08,0.6918695364225169,-0.2064781395987579
img_002613.jpg,-0.079224,0.06292,1.137093,-81.3853904205363,-72.96215633123552,-81.38525228257996,0.691415860493659,4.2912538522621454e-09,0.6914156079502258,-0.2094959783399971
img_002614.jpg,-0.079415,0.063051,1.136952,-81.25753553707294,-72.71502464405116,-81.25742369961583,0.6909555118506174,-1.166359397952732e-08,0.6909553044463699,-0.2125117594409199
img_002615.jpg,-0.079606,0.063182,1.136811,-81.12960396982403,-72.46796541427857,-81.12950120545281,0.6904885874469437,-8.699708325954347e-08,0.6904883941660178,-0.2155256089831335
img_002616.jpg,-0.079797,0.063313,1.136669,-81.00157779334526,-72.22100971329156,-81.00148000346383,0.6900150880581262,8.604001050516176e-08,0.6900149015632188,-0.2185374427251092
img_002617.jpg,-0.079987,0.063444,1.136528,-80.87347503647169,-71.97412411947975,-80.87340236007547,0.6895350222335409,-8.74113334492499e-08,0.6895348817236426,-0.2215470604628841
img_002618.jpg,-0.080136,0.06362,1.136401,-80.74533434573043,-71.72733965733032,-80.74516661509958,0.6890485015818155,-5.72310334123749e-08,0.6890481728953207,-0.2245546211893039
img_002619.jpg,-0.080326,0.063751,1.13626,-80.61698227066996,-71.48064111426652,-80.6169469991225,0.6885551769720493,5.348809761773766e-08,0.6885551069285167,-0.2275601744322718
img_002620.jpg,-0.080517,0.063882,1.136118,-80.48858909703935,-71.23403072726283,-80.4886180195255,0.6880553893724892,-3.3613888172912e-08,0.6880554475658485,-0.230563401758456
img_002621.jpg,-0.080708,0.064013,1.135977,-80.36020055440626,-70.98751776463538,-80.36010145143494,0.6875492510350709,-8.83750975733122e-08,0.6875490490399523,-0.2335644077451925
img_002622.jpg,-0.080899,0.064144,1.135836,-80.23158255743938,-70.74109419049353,-80.23159786360718,0.6870362843319323,1.6691464155282887e-08,0.6870363159300616,-0.2365634050410594
img_002623.jpg,-0.081047,0.06432,1.135708,-80.10299579976794,-70.49477261818753,-80.10289805651053,0.6865170424901534,2.837692364421329e-08,0.6865168381525073,-0.2395599743355643
img_002624.jpg,-0.081238,0.064451,1.135567,-79.97426273539264,-70.24853394678628,-79.97416455229045,0.6859911460913963,-1.0592077442916906e-07,0.6859909382685643,-0.2425542827855574
img_002625.jpg,-0.081428,0.064582,1.135426,-79.8453919980271,-70.00240461993162,-79.84535325133517,0.6854586433133194,-3.160504158383759e-08,0.6854585602870468,-0.2455463508917853
img_002626.jpg,-0.081619,0.064713,1.135284,-79.71638148081158,-69.75637056033513,-79.71648848100442,0.6849195181519363,6.712740530101513e-09,0.6849197502232107,-0.2485360927686237
img_002627.jpg,-0.08181,0.064843,1.135143,-79.58744442964803,-69.51043657053557,-79.5873784236572,0.6843742468866381,-1.1218311823935069e-07,0.6843741020063933,-0.2515233164167435
img_002628.jpg,-0.082001,0.064974,1.135002,-79.45830811908628,-69.26460559022779,-79.45824400540697,0.6838222470090269,-8.375563348428373e-08,0.68382210461226,-0.2545082783313304
img_002629.jpg,-0.082149,0.065151,1.134875,-79.32907321209707,-69.0188778715688,-79.32902230682839,0.6832637439172142,-1.552196757792501e-07,0.6832636295314594,-0.2574907159640985
img_002630.jpg,-0.08234,0.065282,1.134734,-79.19971734124303,-68.77324703983724,-79.19969157849724,0.6826986865828836,-1.2696314816151857e-07,0.6826986280231715,-0.2604708940232459
img_002631.jpg,-0.08253,0.065413,1.134592,-79.07033819266867,-68.52773547712107,-79.07018132260518,0.6821273299301682,-4.416523718964172e-08,0.6821269692824239,-0.2634484836546089
img_002632.jpg,-0.082721,0.065544,1.134451,-78.94074240282657,-68.28233139570838,-78.94071078651837,0.6815492245855483,-1.581786684412556e-07,0.6815491510781427,-0.2664233644624205
img_002633.jpg,-0.082912,0.065674,1.134309,-78.81111155904732,-68.03702071487345,-78.81102801848452,0.6809647794884158,-1.6240563821545709e-07,0.680964583090816,-0.269396001589144
img_002634.jpg,-0.083103,0.065805,1.134168,-78.68137081709082,-67.79183798971651,-78.68125006322386,0.680373869038094,-1.1434170976709625e-07,0.680373582025241,-0.2723659068464039
img_002635.jpg,-0.083251,0.065982,1.134041,-78.55152574789442,-67.54674547414231,-78.55137752663339,0.6797764697679018,-3.114073405807716e-07,0.679776113630986,-0.2753332280828891
img_002636.jpg,-0.083442,0.066113,1.1339,-78.42146534914782,-67.30177800217801,-78.42144676967466,0.6791723603112632,-1.1549588246895227e-07,0.679172315188956,-0.2782981697210522
img_002637.jpg,-0.083632,0.066244,1.133758,-78.29138818773954,-67.056928239248,-78.29136033703875,0.6785620187927499,-1.9596098493890326e-07,0.6785619504343341,-0.2812601395054436
img_002638.jpg,-0.083823,0.066374,1.133617,-78.1611722348545,-66.81218330434803,-78.16115121229086,0.677945141735308,-1.3001588050620685e-07,0.6779450895933387,-0.2842197042672382
img_002639.jpg,-0.084014,0.066505,1.133476,-78.03084390189407,-66.56756267899681,-78.03085645890123,0.6773218242351764,-1.9450203569970625e-07,0.6773218557041418,-0.2871763399031905
img_002640.jpg,-0.084162,0.066682,1.133349,-77.90046504076344,-66.32306166486532,-77.90035107631078,0.6766922249821511,-6.937102459136923e-08,0.6766919364394194,-0.2901304117230213
img_002641.jpg,-0.084353,0.066813,1.133207,-77.76988285669263,-66.07867235712088,-77.76984097753454,0.6760559559468117,-1.4218945948440978e-07,0.6760558488358046,-0.2930816160794154
img_002642.jpg,-0.084544,0.066943,1.133066,-77.63918876545141,-65.83440898562453,-77.63918612180444,0.675413271924185,-6.007348207770491e-08,0.6754132650947178,-0.2960301225259955
img_002643.jpg,-0.084734,0.067074,1.132924,-77.50839752140034,-65.59027666023981,-77.50840314622494,0.6747642262995599,1.7622203696276983e-10,0.6747642409750367,-0.298975681298227
img_002644.jpg,-0.084925,0.067205,1.132783,-77.37753997195873,-65.34624557514344,-77.37745864707355,0.674108871858649,-1.583071387312174e-07,0.6741086575889781,-0.3019184436979963
img_002645.jpg,-0.085116,0.067336,1.132642,-77.24649226783923,-65.10235857755269,-77.24644598471214,0.6734469459675247,-1.0953064016883118e-07,0.6734468228362838,-0.3048583077082151
img_002646.jpg,-0.085264,0.067513,1.132515,-77.11536207219709,-64.85857509358256,-77.11526886067753,0.6727786880776423,-2.008397947950158e-07,0.6727784377093231,-0.307795403834899
img_002647.jpg,-0.085455,0.067644,1.132373,-76.98410029473406,-64.61493757438869,-76.98398572351734,0.6721040315064134,-2.4288701427899184e-07,0.6721037208319324,-0.3107293987968295
img_002648.jpg,-0.085646,0.067774,1.132232,-76.85270379780351,-64.3714287651627,-76.85255940375798,0.6714229528802197,-1.3242838609039964e-07,0.6714225576439439,-0.3136605927311455
img_002649.jpg,-0.085837,0.067905,1.132091,-76.72112754579909,-64.12806193866646,-76.72106085914801,0.6707353531098161,3.8225411003178784e-08,0.6707351688707734,-0.3165887226806155
img_002650.jpg,-0.086027,0.068036,1.13195,-76.58942562310318,-63.88480759976834,-76.58942868203734,0.6700413476333618,1.010241796883804e-07,0.6700413561625405,-0.3195139644734197
img_002651.jpg,-0.086218,0.068167,1.131808,-76.45767234394435,-63.6416941803061,-76.4576244461831,0.6693411923184085,2.08252981526158e-09,0.6693410575444483,-0.322435911385582
img_002652.jpg,-0.086366,0.068343,1.131681,-76.32574417650386,-63.39870337413963,-76.32571376466807,0.668634525851066,-6.02472500221829e-08,0.6686344395040098,-0.3253549709918005
img_002653.jpg,-0.086557,0.068474,1.13154,-76.19373264946682,-63.15586882905744,-76.19362551450746,0.6679216619602406,-1.6217576170873826e-08,0.6679213550503718,-0.3282707982016447
img_002654.jpg,-0.086748,0.068605,1.131399,-76.06149561106865,-62.91314263290515,-76.06146897709759,0.66720213561833,-2.626844519681981e-09,0.667202058642849,-0.3311838208141876
img_002655.jpg,-0.086939,0.068736,1.131257,-75.92922170814332,-62.670585681209005,-75.9291280745129,0.6664765835737048,-8.000037443611775e-08,0.6664763105835262,-0.3340932369547265
img_002656.jpg,-0.087129,0.068867,1.131116,-75.79675690575216,-62.42815780063518,-75.79667390392143,0.6657445127995247,-4.494095312557178e-08,0.6657442687012873,-0.3369997216151807
img_002657.jpg,-0.08732,0.068997,1.130974,-75.66418617618986,-62.1858646639037,-75.66405835972672,0.6650061877494492,-1.0051813725819869e-07,0.665005808618459,-0.3399029931592889
img_002658.jpg,-0.087469,0.069174,1.130848,-75.53143789986073,-61.94373168421407,-75.53134293079465,0.66426144201918,-5.0795022910055116e-08,0.6642611579172839,-0.3428029327893594
img_002659.jpg,-0.087659,0.069305,1.130706,-75.39853224378496,-61.70173314088522,-75.39849491868137,0.6635103055039799,-1.1262260068978236e-08,0.6635101929016338,-0.3456997228891744
img_002660.jpg,-0.08785,0.069436,1.130565,-75.2655257618526,-61.459887938876,-75.2654614460079,0.662752985436246,9.230355013656323e-08,0.6627527897843111,-0.3485932012080085
img_002661.jpg,-0.088041,0.069567,1.130424,-75.1323757438917,-61.21817398776111,-75.13229926601508,0.6619893305032557,1.3422877698232584e-08,0.6619890959248852,-0.3514833753912183
img_002662.jpg,-0.088231,0.069697,1.130282,-74.99906366596258,-60.97661483324733,-74.99901030302486,0.6612193271673626,-2.6615455561707083e-08,0.6612191621444311,-0.3543701750900548
img_002663.jpg,-0.08838,0.069874,1.130155,-74.865593477018,-60.73522473659485,-74.86556946271538,0.6604430173046972,1.603410579309461e-07,0.6604429424371198,-0.3572536083490841
img_002664.jpg,-0.088571,0.070005,1.130014,-74.73202036530363,-60.49396063118793,-74.73196232592798,0.6596605180832019,3.9835170329016734e-08,0.6596603356794561,-0.3601336452117012
img_002665.jpg,-0.088761,0.070136,1.129872,-74.59823797550673,-60.25287074288728,-74.59825718034335,0.658871578080173,1.1406865552121562e-07,0.6588716389184188,-0.3630102023732751
img_002666.jpg,-0.088952,0.070267,1.129731,-74.46441574936783,-60.01193000023736,-74.46431513918822,0.6580767053317211,2.2555309564520343e-08,0.6580763840901444,-0.3658832089650841
img_002667.jpg,-0.089143,0.070397,1.12959,-74.33033578778014,-59.77112936472192,-74.33029912891213,0.6572752022563118,-1.6537796132531923e-09,0.6572750842889188,-0.3687529960175499
img_002668.jpg,-0.089333,0.070528,1.129448,-74.19613578796265,-59.53051331502742,-74.19610774269424,0.6564675858743595,9.225473884821866e-08,0.6564674949239073,-0.3716190748664709
img_002669.jpg,-0.089482,0.070705,1.129322,-74.06178987258767,-59.29003792231368,-74.06175818389893,0.6556537156082731,4.8304037769675296e-08,0.6556536120506228,-0.3744817034436196
img_002670.jpg,-0.089673,0.070836,1.12918,-73.92729252910591,-59.04972737455197,-73.92724713618458,0.6548336213188894,4.6645932672007007e-08,0.6548334718436779,-0.3773407644868787
img_002671.jpg,-0.089863,0.070966,1.129039,-73.79267825201228,-58.809576270659946,-73.79256521278212,0.6540074191029419,-1.1571664854104213e-07,0.6540070440570919,-0.3801961100300743
img_002672.jpg,-0.090054,0.071097,1.128898,-73.65783181747994,-58.56959268922509,-73.65777354626815,0.6531747495337895,-1.0329192784430675e-07,0.6531745547491506,-0.3830479703636469
img_002673.jpg,-0.090245,0.071228,1.128756,-73.52286521521569,-58.329783546247256,-73.52280117770412,0.6523360054807766,-1.310034057899756e-07,0.6523357898293737,-0.3858960394472249
img_002674.jpg,-0.090435,0.071359,1.128615,-73.38775294743284,-58.09013364309152,-73.38764558003275,0.6514910890125816,-1.617958565458544e-07,0.6514907247791485,-0.3887405258831578
img_002675.jpg,-0.090584,0.071536,1.128488,-73.25243623994945,-57.850649797278535,-73.25236550118085,0.6506398214436774,-1.7726811601948e-07,0.6506395797156143,-0.391581358160979
img_002676.jpg,-0.090775,0.071666,1.128347,-73.11698763830883,-57.61134612409332,-73.11688839920178,0.6497824826987102,-1.1219741269385965e-07,0.6497821411225609,-0.3944184253506271
img_002677.jpg,-0.090965,0.071797,1.128205,-72.9813682850269,-57.37221493307105,-72.98125777632208,0.6489189382731414,-6.76288967049743e-08,0.6489185551752963,-0.3972517089952669
img_002678.jpg,-0.091156,0.071928,1.128064,-72.84558566713626,-57.13324960956759,-72.84546156235928,0.6480492132165523,-8.54821029516728e-08,0.6480487799210835,-0.4000812368659586
img_002679.jpg,-0.091347,0.072059,1.127923,-72.70959739668378,-56.89445536496187,-72.70953675304854,0.6471731776540802,-1.272242640681931e-07,0.6471729644293743,-0.4029069771508057
img_002680.jpg,-0.091537,0.07219,1.127781,-72.57350624470459,-56.65584321330963,-72.57338597232062,0.646291221640694,-1.778694798670877e-07,0.6462907957978783,-0.4057288060972415
img_002681.jpg,-0.091686,0.072366,1.127654,-72.43720464741094,-56.41740121003462,-72.43710404581185,0.645402957022223,-2.679408759864721e-07,0.6454025983527772,-0.4085468260877604
img_002682.jpg,-0.091877,0.072497,1.127513,-72.30077259240399,-56.17913788591526,-72.30062078465645,0.6445086929759405,-4.2325111304641894e-07,0.6445081480157641,-0.4113609021523021
img_002683.jpg,-0.092068,0.072628,1.127371,-72.16406858848504,-55.94107478188118,-72.16400920819245,0.6436079689000265,-1.4559755601162294e-07,0.6436077542802059,-0.4141712701271678
img_002684.jpg,-0.092258,0.072759,1.12723,-72.02726366689323,-55.70318124498304,-72.0271988187384,0.6427013582230594,-2.2353103312777733e-07,0.6427011222524879,-0.4169774953082928
img_002685.jpg,-0.092449,0.07289,1.127089,-71.89030856110477,-55.46547137803305,-71.8901704403338,0.6417887208897405,-2.0733966482611168e-07,0.6417882149157746,-0.4197798529394797
img_002686.jpg,-0.092597,0.073066,1.126961,-71.7530992856149,-55.22796245732177,-71.75304231151617,0.6408697164935394,-9.12264823127451e-08,0.6408695063906843,-0.4225781374610417
img_002687.jpg,-0.092788,0.073197,1.12682,-71.6157927569031,-54.99061958482681,-71.61565489532938,0.6399448719022338,-1.1200168775760133e-07,0.6399443601495329,-0.4253725153777873
img_002688.jpg,-0.092979,0.073328,1.126679,-71.47823536185314,-54.75347574753788,-71.47816447764706,0.6390136879731123,-9.714592219545183e-08,0.6390134231195342,-0.4281627630423359
img_002689.jpg,-0.09317,0.073459,1.126538,-71.3404898697639,-54.51651094766305,-71.34047488006608,0.6380763714326888,-1.5857987978318278e-08,0.6380763150603201,-0.4309491389692478
img_002690.jpg,-0.09336,0.07359,1.126397,-71.2026357111622,-54.279759958089656,-71.20256956964388,0.6371332956260437,-1.916319503081354e-08,0.637133045279217,-0.4337310759190853
img_002691.jpg,-0.093551,0.07372,1.126255,-71.0645701257914,-54.0431907114343,-71.06448239906368,0.6361840286911422,4.2716047143898095e-08,0.6361836945172209,-0.4365090932257031
img_002692.jpg,-0.093699,0.073897,1.126128,-70.92632800379313,-53.80681327457541,-70.92621510239809,0.6352287316480278,5.236661881902194e-09,0.6352282988443194,-0.4392829006872336
img_002693.jpg,-0.09389,0.074028,1.125987,-70.78788513266029,-53.57064162196911,-70.78778875859592,0.6342673485431114,-4.930508840095271e-08,0.6342669767671056,-0.4420524095113664
img_002694.jpg,-0.094081,0.074159,1.125846,-70.64922755639067,-53.334667185439294,-70.64917029783537,0.6332998202920742,5.7565198663400714e-08,0.6332995980276528,-0.4448178916770732
img_002695.jpg,-0.094272,0.07429,1.125704,-70.51042807984969,-53.09889172779019,-70.51036790075541,0.6323264441504759,-1.3659715331071356e-07,0.6323262090991449,-0.4475788570903465
img_002696.jpg,-0.094462,0.07442,1.125563,-70.37140818082526,-52.86331946075886,-70.37136205081148,0.6313469344084081,-8.916379401480158e-08,0.631346753121055,-0.4503357922002189
img_002697.jpg,-0.094653,0.074551,1.125421,-70.23223519095494,-52.627947944496505,-70.23213823198233,0.6303615624111394,-1.3395583409181458e-07,0.6303611790408662,-0.4530883849678537
img_002698.jpg,-0.094802,0.074728,1.125294,-70.09281244922141,-52.392784476198734,-70.09276920713181,0.62936997185817,-1.1821806428224947e-07,0.6293697998443102,-0.4558366961612078
img_002699.jpg,-0.094992,0.074859,1.125153,-69.95323546506347,-52.15783596215552,-69.95316298758155,0.6283725658932039,-4.2793282306607956e-08,0.6283722758476432,-0.4585806378150331
img_002700.jpg,-0.095183,0.07499,1.125012,-69.8134470547139,-51.92308315850656,-69.81336419231644,0.6273690930795692,9.088694796766106e-09,0.627368759493838,-0.4613203449444667
img_002701.jpg,-0.095374,0.07512,1.124871,-69.67346212916216,-51.68854652244123,-69.67338510496589,0.6263596632422341,-4.5826591410502715e-09,0.6263593513213133,-0.4640555303790902
img_002702.jpg,-0.095564,0.075251,1.124729,-69.53327618522341,-51.45421141515943,-69.5331972229671,0.6253442424783399,-2.5377978551954783e-08,0.6253439208271553,-0.4667864169871601
img_002703.jpg,-0.095713,0.075428,1.124602,-69.3929078206639,-51.2201076774168,-69.39280748704682,0.6243229759707506,-2.4301700374262936e-08,0.6243225648767026,-0.4695126799787206
img_002704.jpg,-0.095904,0.075559,1.124461,-69.25231600763013,-50.986210929284255,-69.25225906825433,0.6232956617144015,-1.9858167182862374e-07,0.6232954270658505,-0.4722344001518376
img_002705.jpg,-0.096094,0.07569,1.12432,-69.11155270814042,-50.75253760122801,-69.11145633446195,0.622262557454904,-2.296864349826677e-07,0.6222621580113075,-0.4749516989092049
img_002706.jpg,-0.096285,0.07582,1.124178,-68.9705535525031,-50.51907440179704,-68.97045807339292,0.62122338385614,-2.016862852838308e-07,0.6212229858598606,-0.4776646409246197
img_002707.jpg,-0.096476,0.075951,1.124037,-68.82935768978376,-50.28583081010523,-68.82925900101105,0.6201783335835894,-2.632108981881487e-07,0.6201779198755955,-0.4803729616164841
img_002708.jpg,-0.096666,0.076082,1.123895,-68.68791799164265,-50.052827631635765,-68.68786807637873,0.6191272620026078,-9.79113841670376e-08,0.6191270515777949,-0.483076730395629
img_002709.jpg,-0.096815,0.076259,1.123768,-68.54630443002425,-49.82002999545589,-68.54625097721248,0.6180704074886458,-1.5440974898695006e-07,0.6180701808917123,-0.4857758977957651
img_002710.jpg,-0.097006,0.076389,1.123627,-68.40448778581109,-49.58746007312331,-68.40441506797734,0.6170077040877259,-1.959875206014594e-07,0.6170073941126575,-0.4884704379045498
img_002711.jpg,-0.097196,0.07652,1.123486,-68.26241785613554,-49.35514067096354,-68.2623852386185,0.6159389953389616,3.6466261121859134e-08,0.6159388555343397,-0.4911603406871093
img_002712.jpg,-0.097387,0.076651,1.123344,-68.12017389078478,-49.12302707837444,-68.12013368662973,0.6148645438915701,-5.4917921321617775e-08,0.6148643706271143,-0.4938455207839096
img_002713.jpg,-0.097578,0.076782,1.123203,-67.97767892025173,-48.891156252870665,-67.97767699425306,0.6137841054780634,7.026670340026797e-08,0.613784097132698,-0.4965260858902455
img_002714.jpg,-0.097768,0.076913,1.123062,-67.83501114193062,-48.65951820769619,-67.83497839650559,0.6126980113255538,9.687075025466285e-08,0.6126978686747939,-0.4992018315662186
img_002715.jpg,-0.097917,0.077089,1.122934,-67.69207688088484,-48.42811218239584,-67.69210392036695,0.6116058656777371,1.407174968215408e-07,0.6116059841016332,-0.5018728776090999
img_002716.jpg,-0.098108,0.07722,1.122793,-67.54894643768917,-48.19694845935226,-67.54897915857646,0.6105080085846483,2.640864887881733e-07,0.6105081526525061,-0.504539162998039
img_002717.jpg,-0.098298,0.077351,1.122652,-67.40563136654126,-47.96601516954183,-67.40563611599775,0.6094044818341905,1.2939151050606057e-07,0.6094045028560356,-0.5072004824713529
img_002718.jpg,-0.098489,0.077482,1.12251,-67.26209734892912,-47.73531396796728,-67.26205058420895,0.6082951516368134,3.1873371608703855e-08,0.6082949435645638,-0.5098571075594899
img_002719.jpg,-0.09868,0.077613,1.122369,-67.11831020378581,-47.50487470047618,-67.11827843775627,0.6071799398916352,2.612874172580604e-08,0.6071797978186305,-0.5125087450123329
img_002720.jpg,-0.09887,0.077743,1.122228,-66.97427444769109,-47.27467586177399,-66.97427065698335,0.6060588342065977,1.7807789798318654e-07,0.6060588171651675,-0.515155704245295
img_002721.jpg,-0.099019,0.07792,1.122101,-66.83008076082892,-47.04470393696782,-66.8300187129228,0.6049322279442111,-6.417256842583542e-08,0.604931947572252,-0.5177975843907455
img_002722.jpg,-0.09921,0.078051,1.12196,-66.68559655561485,-46.814994739112834,-66.68556792015357,0.6037996113556501,-2.94770048925308e-08,0.6037994813034283,-0.5204346411457216
img_002723.jpg,-0.0994,0.078182,1.121818,-66.54087529816262,-46.58553130257073,-66.5408886576547,0.6026612025647339,1.5685696630463042e-08,0.6026612635457225,-0.5230667991229243
img_002724.jpg,-0.099591,0.078313,1.121677,-66.39596329690941,-46.3563318125198,-66.39595903707178,0.6015172652173855,3.605612491908161e-08,0.6015172456751945,-0.525693810883031
img_002725.jpg,-0.099782,0.078443,1.121536,-66.25079406671645,-46.127361043498055,-66.25080593586236,0.6003674351887931,-2.210206589969843e-08,0.6003674899106266,-0.5283160226826775
img_002726.jpg,-0.09993,0.07862,1.121408,-66.1054136785621,-45.89867923415301,-66.10542921710434,0.5992120649481202,-2.6602013314391826e-08,0.5992121369422825,-0.530932873498781
img_002727.jpg,-0.100121,0.078751,1.121267,-65.95980373170799,-45.67022377512488,-65.95979939069393,0.5980509518593518,-1.7096990545528715e-07,0.5980509316473344,-0.5335448829628577
img_002728.jpg,-0.100312,0.078882,1.121126,-65.81395979864176,-45.44204833131916,-65.81392038657273,0.5968842032320685,-1.235059987059195e-07,0.5968840188305693,-0.5361517658244463
img_002729.jpg,-0.100502,0.079013,1.120984,-65.66786661086542,-45.21412197966816,-65.66781205550734,0.5957116956433608,-1.42303426986512e-07,0.5957114391506106,-0.5387536143162288
img_002730.jpg,-0.100693,0.079143,1.120843,-65.52151644712903,-44.9864642644214,-65.52146913284406,0.5945334475738524,-5.7694579169709215e-08,0.5945332240529517,-0.5413503719525355
img_002731.jpg,-0.100884,0.079274,1.120702,-65.37488379194222,-44.75907891426219,-65.37491631815753,0.5933493589486853,1.3114727764884648e-07,0.5933495133437412,-0.5439419943798349
img_002732.jpg,-0.101032,0.079451,1.120575,-65.2280885592257,-44.53195000806951,-65.22808152409516,0.5921599786814671,4.2274732325875426e-08,0.5921599451284069,-0.5465282783475022
img_002733.jpg,-0.101223,0.079582,1.120434,-65.08101532833196,-44.30507701391256,-65.08101438569328,0.5909647718706543,-1.5650360007946066e-08,0.5909647673536382,-0.549109535661625
img_002734.jpg,-0.101414,0.079712,1.120292,-64.93370458807179,-44.07849160944612,-64.93371417251389,0.5897640141546585,-6.405777130957803e-08,0.5897640602976488,-0.5516853820697182
img_002735.jpg,-0.101605,0.079843,1.120151,-64.78615658093055,-43.85217005144744,-64.78613027535705,0.5885576699634476,-3.0815641038905994e-08,0.5885575427287103,-0.5542561574076905
img_002736.jpg,-0.101795,0.079974,1.12001,-64.63836712280792,-43.626129256278965,-64.6383161375581,0.5873457709030407,-8.413478153057596e-08,0.5873455231562802,-0.5568214990736091
img_002737.jpg,-0.101986,0.080105,1.119868,-64.49029338336227,-43.400360161312605,-64.49026355176355,0.5861281029408686,-5.1276277224232565e-08,0.5861279573171289,-0.5593816806029546
img_002738.jpg,-0.102135,0.080282,1.119742,-64.34193979755084,-43.17487602593283,-64.3419678102758,0.584904729184426,1.2911515462343814e-07,0.5849048665538121,-0.561936611068672
img_002739.jpg,-0.102325,0.080412,1.1196,-64.19339166716706,-42.94967020147863,-64.19340209921738,0.5836760678576653,8.541051560451153e-08,0.5836761192466633,-0.5644859924137727
img_002740.jpg,-0.102516,0.080543,1.119459,-64.04458415532511,-42.72473973732371,-64.04457349127794,0.5824418099871744,6.414612191418811e-08,0.5824417572185838,-0.5670301027520395
img_002741.jpg,-0.102707,0.080674,1.119317,-63.89549742453183,-42.50010127016098,-63.89550683128889,0.5812019082465062,1.2299042007057892e-07,0.5812019550020815,-0.5695688100241826
img_002742.jpg,-0.102897,0.080805,1.119176,-63.74618535419496,-42.27574659919913,-63.7461749256305,0.5799566265702752,4.2919586162870615e-08,0.5799565745053409,-0.5721019865244792
img_002743.jpg,-0.103046,0.080982,1.119049,-63.59656498124327,-42.05168024717658,-63.59659523865604,0.5787055758986601,1.5736813208100386e-07,0.578705727627198,-0.5746299132791914
img_002744.jpg,-0.103236,0.081112,1.118907,-63.44670369937174,-41.82791242216928,-63.44675856486421,0.5774491301907616,2.1217026408004719e-07,0.5774494065263783,-0.5771522199075572
img_002745.jpg,-0.103427,0.081243,1.118766,-63.29660469911358,-41.60442438462712,-63.29664657091467,0.57618727954826,1.2885635281012497e-07,0.5761874913595091,-0.5796690380618877
img_002746.jpg,-0.103618,0.081374,1.118625,-63.14622891965969,-41.3812487388098,-63.14626338575159,0.5749199156498758,2.747981262540833e-07,0.574920090754157,-0.582180367099661
img_002747.jpg,-0.103809,0.081505,1.118484,-62.995606788311335,-41.15833130307091,-62.99560833244037,0.5736470850286486,1.0466210437209966e-07,0.5736470929073344,-0.5846862702655907
img_002748.jpg,-0.103999,0.081636,1.118342,-62.8447011195605,-40.93574672716435,-62.84471520587016,0.5723687827732244,1.125505740828814e-07,0.572368854953828,-0.5871864017375813
img_002749.jpg,-0.104148,0.081812,1.118215,-62.693517442250446,-40.713471749242665,-62.69354870856474,0.5710849987736544,2.6096157618171745e-07,0.5710851596680782,-0.5896809854340841
img_002750.jpg,-0.104339,0.081943,1.118074,-62.54209871899991,-40.491478188605456,-62.542098825894776,0.5697959050620449,1.652388567641161e-07,0.5697959056144408,-0.5921699523950175
img_002751.jpg,-0.104529,0.082074,1.117932,-62.390360840715225,-40.269797531941975,-62.39040311504684,0.5685011545474474,2.417569087143079e-07,0.5685013739227972,-0.5946533655215054
img_002752.jpg,-0.10472,0.082205,1.117791,-62.23840140240248,-40.04840128745429,-62.23839248695735,0.567201202340448,1.2575892233135377e-07,0.5672011558824961,-0.5971311789122175
img_002753.jpg,-0.104911,0.082336,1.11765,-62.08616137849142,-39.827333151038665,-62.08612901018322,0.5658958587418653,7.068743357319107e-08,0.5658956893739149,-0.5996031569353378
img_002754.jpg,-0.105101,0.082466,1.117508,-61.93360507237548,-39.60658463301225,-61.93361616212902,0.5645849317615735,1.49070141314267e-07,0.5645849900276485,-0.6020694676391065
img_002755.jpg,-0.10525,0.082643,1.117381,-61.78080913061626,-39.38613821408947,-61.78080734197218,0.5632687979168933,6.407576974565289e-08,0.5632687884808675,-0.6045300101868804
img_002756.jpg,-0.105441,0.082774,1.11724,-61.62773026659211,-39.16601845023567,-61.6277074837056,0.5619473027520621,1.4271453313563498e-07,0.5619471820724627,-0.6069848379411801
img_002757.jpg,-0.105631,0.082905,1.117099,-61.47437612937995,-38.94618955742106,-61.474348562895074,0.5606204187180661,-8.325192604741184e-08,0.5606202721108262,-0.6094338820698735
img_002758.jpg,-0.105822,0.083036,1.116957,-61.320731006110464,-38.72670591252852,-61.32069558724624,0.5592882046081893,-2.3124021142351125e-08,0.5592880154843661,-0.611877128124354
img_002759.jpg,-0.106013,0.083166,1.116816,-61.16679332581316,-38.50753212210874,-61.16676269172174,0.5579505842893709,-1.0232543451449416e-08,0.5579504200628673,-0.6143146378223616
img_002760.jpg,-0.106203,0.083297,1.116675,-61.01259926579596,-38.28869736745897,-61.01256058649664,0.5566078359424556,-1.0212212184224081e-07,0.556607627765619,-0.6167460301295633
img_002761.jpg,-0.106352,0.083474,1.116548,-60.85812431915947,-38.07015799913584,-60.85803399503194,0.5552597418410089,-2.394520180748483e-07,0.5552592537930299,-0.6191718502708328
img_002762.jpg,-0.106543,0.083605,1.116406,-60.70331255700263,-37.851990163850175,-60.70327204563407,0.5539061941994995,-9.088060010098432e-08,0.5539059744491991,-0.6215915857674565
img_002763.jpg,-0.106733,0.083735,1.116265,-60.54823585236345,-37.634134672987095,-60.54819754528947,0.5525474574109652,-6.639459187995912e-08,0.5525472488107244,-0.6240054848640134
img_002764.jpg,-0.106924,0.083866,1.116124,-60.39287140853626,-37.41660529149231,-60.39283924653488,0.5511834565602547,-1.2984932623583134e-07,0.5511832807470096,-0.6264134323585632
img_002765.jpg,-0.107115,0.083997,1.115982,-60.23724930216618,-37.199412099616126,-60.23716808756155,0.5498143965855309,-2.461176315526892e-07,0.549813950924343,-0.6288153534036776
img_002766.jpg,-0.107263,0.084174,1.115855,-60.08129540720596,-36.98256349984629,-60.08121836683527,0.54843990726839,-1.9583408852885678e-07,0.5484394829022856,-0.6312113764098957
img_002767.jpg,-0.107454,0.084305,1.115714,-59.92501183943653,-36.766059688181336,-59.92499223480944,0.5470600143969784,-2.8451746236779485e-08,0.5470599059987609,-0.6336014519369444
img_002768.jpg,-0.107645,0.084436,1.115573,-59.768501491871774,-36.5498727539508,-59.76842891959047,0.5456752359753765,-1.6763609089753828e-07,0.545674833197644,-0.6359854662316682
img_002769.jpg,-0.107835,0.084566,1.115431,-59.611673813810775,-36.33405008058136,-59.61160866152591,0.5442852013646381,-2.660058910919361e-07,0.5442848384160776,-0.6383632463149558
img_002770.jpg,-0.108026,0.084697,1.11529,-59.45452927514653,-36.118576395547485,-59.45447379197139,0.54288989155085,-1.8696040920973545e-07,0.5428895813183299,-0.6407350998250991
img_002771.jpg,-0.108217,0.084828,1.115148,-59.29709294609424,-35.90343643122344,-59.29702412041527,0.5414894254221602,-1.8488440400865613e-07,0.5414890391644626,-0.6431009427925697
img_002772.jpg,-0.108365,0.085005,1.115021,-59.13937899196065,-35.688657154489526,-59.13928443544216,0.5400839644172214,-2.8676286722983946e-07,0.5400834318080047,-0.6454604543004814
img_002773.jpg,-0.108556,0.085135,1.11488,-58.98129873890798,-35.47424673810107,-58.98126038675196,0.5386730448558797,-7.399067872282394e-08,0.5386728280417848,-0.6478139664094588
img_002774.jpg,-0.108747,0.085266,1.114739,-58.8229575234512,-35.260164377274045,-58.82290802285266,0.5372571779171125,-1.4918536875296873e-07,0.5372568970641203,-0.6501613271593067
img_002775.jpg,-0.108937,0.085397,1.114598,-58.66431425714707,-35.046447673411336,-58.66425402314097,0.5358362396376805,-2.132502620877386e-07,0.5358358966556294,-0.6525024261611312
img_002776.jpg,-0.109128,0.085528,1.114457,-58.50530609434155,-34.833113439408045,-58.50531245066951,0.5344099285056166,4.88134708209742e-08,0.5344099648290683,-0.6548373979897706
img_002777.jpg,-0.109319,0.085659,1.114315,-58.34606147769223,-34.62012440406633,-58.34603214806499,0.5329789032909718,-1.3201162968323745e-08,0.5329787350898016,-0.6571660038291907
img_002778.jpg,-0.109467,0.085835,1.114188,-58.186495884918784,-34.40749170901193,-58.18645040220613,0.5315427253624772,-1.3131273446376213e-07,0.5315424636038686,-0.6594883929988026
img_002779.jpg,-0.109658,0.085966,1.114047,-58.02658921085521,-34.19524805473431,-58.026560988799936,0.5301013743658924,1.424704851316072e-08,0.5301012113740994,-0.6618045320146303
img_002780.jpg,-0.109849,0.086097,1.113905,-57.866373504575606,-33.9833572273312,-57.86636812385209,0.5286549621355663,-2.7591760709544392e-08,0.5286549309516294,-0.6641143689079242
img_002781.jpg,-0.11004,0.086228,1.113764,-57.70586763265468,-33.771839474814776,-57.705838467039946,0.5272036646885574,-7.858190351206495e-08,0.5272034950731933,-0.6664178649477808
img_002782.jpg,-0.11023,0.086359,1.113623,-57.54499889918648,-33.560696938809606,-57.545002468664734,0.5257470810772489,3.999622888439802e-08,0.5257471019074407,-0.6687151797100753
img_002783.jpg,-0.110421,0.08649,1.113481,-57.38385964185563,-33.34993751731964,-57.383822481861706,0.5242857852273968,1.0164103839138684e-07,0.5242855676321785,-0.6710060051751294
img_002784.jpg,-0.110569,0.086666,1.113354,-57.22234768496413,-33.13955834785625,-57.22237571695528,0.522819189200449,1.7081398892559998e-07,0.5228193539042637,-0.6732904414789237
img_002785.jpg,-0.11076,0.086797,1.113213,-57.06060784161178,-32.929532259925985,-57.060553825648206,0.521348092932236,-1.3956889372002126e-07,0.5213477744839492,-0.6755684007090137
img_002786.jpg,-0.110951,0.086928,1.113071,-56.89845332312184,-32.719930754040924,-56.89844794380272,0.5198715904926748,7.768793672258134e-08,0.5198715586725531,-0.6778400193865665
img_002787.jpg,-0.111142,0.087059,1.11293,-56.73604319381543,-32.510673719544485,-56.736001474843,0.5183904387606326,-2.3640777341293886e-07,0.5183901911569129,-0.6801051115186553
img_002788.jpg,-0.111332,0.08719,1.112789,-56.573247998785504,-32.30184752752391,-56.57322625279821,0.5169041017306572,2.7879644398653983e-08,0.5169039722387883,-0.6823638568225779
img_002789.jpg,-0.111481,0.087366,1.112662,-56.41015065336554,-32.09339199700971,-56.41013617155398,0.5154129386198902,-2.131642931613165e-08,0.5154128520997261,-0.6846160198196027
img_002790.jpg,-0.111672,0.087497,1.11252,-56.24676297271058,-31.88531209833093,-56.246696992664106,0.5139170505746937,-2.7784829206845e-07,0.5139166550902199,-0.686861657649785
img_002791.jpg,-0.111862,0.087628,1.112379,-56.082955359311015,-31.67768609329945,-56.08296594152053,0.5124158722991131,1.0469355418707417e-07,0.5124159359356302,-0.6891007781269299
img_002792.jpg,-0.112053,0.087759,1.112238,-55.91890134242238,-31.470426372219677,-55.91888010450928,0.5109102438495792,-1.7952403397192285e-08,0.5109101157208176,-0.6913331876770448
img_002793.jpg,-0.112244,0.087889,1.112097,-55.75449555718252,-31.26355704581568,-55.75445480723931,0.5093996092237894,-1.0366725675114985e-07,0.5093993625869392,-0.6935591737686556
img_002794.jpg,-0.112434,0.08802,1.111955,-55.58972784469902,-31.057101471867767,-55.58970466411024,0.507883980808583,-3.85042463468821e-08,0.5078838400603574,-0.6957786049050163
img_002795.jpg,-0.112583,0.088197,1.111828,-55.42465933380144,-30.85105171423205,-55.42461279988387,0.506363726325409,-1.0547183146303318e-07,0.506363442881547,-0.6979912896125434
img_002796.jpg,-0.112774,0.088328,1.111687,-55.25920881511345,-30.645413500294083,-55.25920162142737,0.5048383827567999,-3.435905077120438e-08,0.5048383388006754,-0.7001974428491382
img_002797.jpg,-0.112964,0.088459,1.111545,-55.09346354595218,-30.44018626012715,-55.093438326380735,0.5033084977812265,-1.0010506901192429e-07,0.5033083431961156,-0.7023968021925899
img_002798.jpg,-0.113155,0.088589,1.111404,-54.9273328579125,-30.235386637309016,-54.927329015216735,0.5017735751390364,1.5654145105181705e-07,0.5017735515114402,-0.7045896552574139
img_002799.jpg,-0.113346,0.08872,1.111263,-54.76091378017879,-30.030980792070512,-54.7608742412331,0.5002341424101624,3.6013982851468285e-08,0.5002338985426064,-0.7067756712819375
img_002800.jpg,-0.113536,0.088851,1.111122,-54.594128127608855,-29.82699586340171,-54.594104497252296,0.4986898040242456,-8.987015065464733e-08,0.4986896578279616,-0.7089549382983956
img_002801.jpg,-0.113685,0.089028,1.110994,-54.42699338856028,-29.623433041149763,-54.426963427172645,0.4971406870528296,-7.455792633281888e-08,0.4971405011196597,-0.711127597146341
img_002802.jpg,-0.113876,0.089158,1.110853,-54.25952000978103,-29.42031421727745,-54.25949101907183,0.4955869284465715,-1.1804044380836489e-08,0.4955867479893026,-0.7132933278604814
img_002803.jpg,-0.114066,0.089289,1.110712,-54.09170286527783,-29.21760515747089,-54.09166675355465,0.4940284270747022,-6.544955494236504e-08,0.4940282016111567,-0.7154523389122001
img_002804.jpg,-0.114257,0.08942,1.11057,-53.92352266862437,-29.015357783180853,-53.923503691834114,0.4924652105332429,1.3180325816875005e-07,0.4924650916952867,-0.7176044522409153
img_002805.jpg,-0.114448,0.089551,1.110429,-53.75498036207786,-28.81351877042372,-53.754992574497855,0.4908971659813211,2.030034463862407e-07,0.4908972426875398,-0.7197498659626389
img_002806.jpg,-0.114596,0.089728,1.110302,-53.586103818784885,-28.61211393489204,-53.58612138979109,0.4893245505333409,2.338522287204104e-07,0.4893246612247525,-0.7218883986895555
img_002807.jpg,-0.114787,0.089858,1.110161,-53.41688713531693,-28.411142511516893,-53.41690520961649,0.4877473428235866,1.4927803118625074e-07,0.4877474570218018,-0.724019991255265
img_002808.jpg,-0.114978,0.089989,1.110019,-53.24731913211748,-28.21060131142822,-53.24731769914701,0.4861654815161918,5.53623823174032e-08,0.4861654724357326,-0.7261447913422412
img_002809.jpg,-0.115168,0.09012,1.109878,-53.077377155719525,-28.01052864611517,-53.0773902141538,0.4845789369950396,1.5936108879732738e-07,0.4845790199851605,-0.7282626086865598
img_002810.jpg,-0.115359,0.090251,1.109737,-52.90708411062324,-27.810885806309823,-52.90709433294633,0.4829877728825567,1.751242134639952e-07,0.4829878380366826,-0.7303735753397493
img_002811.jpg,-0.11555,0.090382,1.109596,-52.73645579525439,-27.611695721905736,-52.73644787055902,0.4813921656579594,9.53237458689582e-08,0.4813921150027458,-0.7324774497937216
img_002812.jpg,-0.115698,0.090558,1.109469,-52.56544543732076,-27.412942316609605,-52.5654461315716,0.4797917927854768,-1.0195149141578597e-08,0.4797917972358828,-0.734574480145383
img_002813.jpg,-0.115889,0.090689,1.109327,-52.394095525734166,-27.214657011585874,-52.39407180409843,0.478187023053216,-5.1393581140812834e-08,0.4781868705560623,-0.7366644336543606
img_002814.jpg,-0.11608,0.09082,1.109185,-52.22238521360167,-27.016826068919787,-52.22233820827589,0.4765777052100142,-1.266018805901048e-07,0.476577402176642,-0.738747365904816
img_002815.jpg,-0.11627,0.090951,1.109044,-52.0502826288262,-26.819457201302026,-52.05025027912754,0.4749636698698848,-9.91036731290418e-08,0.4749634607321851,-0.740823341474219
img_002816.jpg,-0.116461,0.091082,1.108903,-51.877824812708205,-26.622559626325696,-51.877804252654734,0.4733451960367335,-7.12378522560453e-08,0.4733450627467744,-0.7428921704811494
img_002817.jpg,-0.116652,0.091213,1.108762,-51.70502593723272,-26.426105513769887,-51.70495203787607,0.4717223222984296,-1.3546594451741e-07,0.4717218418822769,-0.7449540620310424
img_002818.jpg,-0.1168,0.091389,1.108635,-51.53179600566897,-26.23015767265427,-51.53178340207297,0.4700946404491897,1.335030087867839e-07,0.4700945582878558,-0.7470087919757538
img_002819.jpg,-0.116991,0.09152,1.108493,-51.35824518614464,-26.034636712597116,-51.3582277983568,0.4684626815327901,-3.4478151750283466e-08,0.4684625678731537,-0.7490564321283126
img_002820.jpg,-0.117182,0.091651,1.108352,-51.18432417132838,-25.839603069879285,-51.18429676545127,0.4668262960240054,-7.611975819110661e-08,0.4668261163905996,-0.7510969221053779
img_002821.jpg,-0.117372,0.091782,1.108211,-51.0100270858961,-25.64505051268655,-51.00999928034834,0.4651854462746864,-8.032420290016162e-08,0.4651852635282302,-0.7531302484765737
img_002822.jpg,-0.117563,0.091912,1.10807,-50.83535143417711,-25.450981332618014,-50.83535148438877,0.4635401382955328,-1.1640951785851784e-07,0.4635401386264268,-0.7551563282335239
img_002823.jpg,-0.117754,0.092043,1.107928,-50.66032455839432,-25.25740638553724,-50.66028779347892,0.4618905970120929,1.8927598710583027e-08,0.4618903540842194,-0.7571752618751926
img_002824.jpg,-0.117902,0.09222,1.107801,-50.48486233251493,-25.06428795846271,-50.48487454759759,0.4602361867181608,8.978901075429314e-08,0.4602362676450074,-0.7591872169493576
img_002825.jpg,-0.118093,0.092351,1.10766,-50.30905288741923,-24.871683508287376,-50.30909230827162,0.4585776532863909,2.0884221027528405e-07,0.458577915145278,-0.7611917180627449
img_002826.jpg,-0.118284,0.092481,1.107518,-50.13289930768899,-24.679554810437264,-50.13291812893467,0.456914937883054,1.4637504025527548e-07,0.4569150632340309,-0.7631889441869195
img_002827.jpg,-0.118474,0.092612,1.107377,-49.95637781938189,-24.487920291773943,-49.95636569637839,0.4552479473489415,4.721836058263485e-08,0.4552478663982546,-0.7651788592050948
img_002828.jpg,-0.118665,0.092743,1.107235,-49.779419019007705,-24.29677838787818,-49.779424898293385,0.4535762303383482,1.842164106813371e-07,0.4535762696986826,-0.767161763149238
img_002829.jpg,-0.118814,0.09292,1.107109,-49.60211951180204,-24.106136419083565,-49.60212426982557,0.4519004677114766,8.381805599588787e-08,0.4519004996472678,-0.7691371176199283
img_002830.jpg,-0.119005,0.093051,1.106967,-49.42441419151576,-23.916009675048876,-49.42443387364853,0.4502202792035903,2.0382419560482925e-07,0.450220411647827,-0.771105233498944
img_002831.jpg,-0.119195,0.093181,1.106826,-49.246327415320735,-23.726365900607156,-49.24636210176965,0.4485357621506652,1.4642358184269177e-07,0.4485359961549102,-0.7730660581251921
img_002832.jpg,-0.119386,0.093313,1.106685,-49.06786325846878,-23.537266263192038,-49.06789740895387,0.4468471171442123,3.607724585741323e-07,0.4468473481147746,-0.7750194200035053
img_002833.jpg,-0.119577,0.093443,1.106543,-48.88903736145511,-23.348633682544605,-48.88903259298195,0.4451542702626468,2.148178994687555e-07,0.4451542379309627,-0.7769654948059069
img_002834.jpg,-0.119767,0.093574,1.106402,-48.70979427843899,-23.160528513453222,-48.70981713153758,0.4434570166145564,1.4641204582055425e-07,0.4434571719520803,-0.7789041090272658
img_002835.jpg,-0.119916,0.093751,1.106275,-48.53016346319305,-22.97295517872525,-48.53019181882848,0.441755583164728,2.727648473199729e-07,0.4417557763820547,-0.7808353467766458
img_002836.jpg,-0.120107,0.093882,1.106134,-48.35017197167709,-22.785882925866883,-48.350185523858855,0.4400500927245626,1.198792712875374e-07,0.4400501852976244,-0.7827590627470347
img_002837.jpg,-0.120297,0.094012,1.105993,-48.16978886765736,-22.599329331105068,-48.16976598082251,0.438340396235084,3.0303381665097724e-08,0.4383402395155451,-0.7846754306399067
img_002838.jpg,-0.120488,0.094143,1.105851,-47.98897405560039,-22.41333466593489,-47.98896758926707,0.436626337533531,2.928279072000884e-07,0.4366262931470626,-0.7865843384562298
img_002839.jpg,-0.120679,0.094274,1.10571,-47.807797534026754,-22.22784070243447,-47.80779870970812,0.4349082641061543,1.4606438172859448e-07,0.4349082721958226,-0.7884856349914021
img_002840.jpg,-0.120869,0.094405,1.105568,-47.62621923956591,-22.04287673287682,-47.62620372543754,0.4331859922152519,1.406783056157046e-07,0.4331858852086955,-0.7903795828615684
img_002841.jpg,-0.121018,0.094581,1.105441,-47.44423344916966,-21.858451478135567,-47.44423658821391,0.4314595203944848,1.2748790664818266e-07,0.4314595420972831,-0.7922659564780931
img_002842.jpg,-0.121209,0.094712,1.1053,-47.26187686428907,-21.67454768421622,-47.2618579094339,0.4297290746809848,-4.2218813195438194e-08,0.4297289433196478,-0.7941447963987435
img_002843.jpg,-0.121399,0.094843,1.105158,-47.07911173354401,-21.491215662806997,-47.07909462193329,0.4279945382959119,1.6965661625567563e-08,0.427994419429256,-0.7960159873559595
img_002844.jpg,-0.12159,0.094974,1.105018,-46.8959404530988,-21.308411130157367,-46.89592693864588,0.4262558307863381,8.946355795069751e-09,0.4262557366877185,-0.7978796987400163
img_002845.jpg,-0.121781,0.095105,1.104876,-46.71239010979917,-21.12615715037682,-46.71236950630091,0.4245132155485738,-7.996108758456799e-08,0.4245130717565285,-0.7997356949220412
img_002846.jpg,-0.121929,0.095281,1.104749,-46.52842092921154,-20.94444191437873,-46.52837977791707,0.4227664013622471,-6.361864990367394e-08,0.4227661135030514,-0.8015842957248702
img_002847.jpg,-0.12212,0.095412,1.104608,-46.3440691284645,-20.76329576394639,-46.34401932130896,0.4210157342435747,-1.0691265545093033e-07,0.421015385035294,-0.8034250413591272
img_002848.jpg,-0.122311,0.095543,1.104466,-46.15926814506656,-20.58270991073539,-46.1592601468704,0.4192607408830108,4.2278219397617895e-08,0.419260684678056,-0.8052582874069132
img_002849.jpg,-0.122501,0.095674,1.104325,-45.97412602927412,-20.40266783262586,-45.97407398640533,0.4175021540339814,-6.323836682087247e-08,0.4175017874890255,-0.8070837681557288
img_002850.jpg,-0.122692,0.095805,1.104184,-45.78855258567842,-20.22318397307758,-45.788509342736816,0.41573939239982,-1.9258798050758585e-07,0.4157390871479107,-0.8089015817912666
img_002851.jpg,-0.122883,0.095935,1.104042,-45.60254881897038,-20.044272382953665,-45.60252230813422,0.4139725130672925,-1.1551881531901564e-07,0.4139723255085251,-0.810711830515505
img_002852.jpg,-0.123031,0.096112,1.103915,-45.41617835980745,-19.865934286200268,-45.41613190139624,0.4122019847267978,-1.5225281774222665e-07,0.4122016553122576,-0.8125141962729637
img_002853.jpg,-0.123222,0.096243,1.103774,-45.22937631431827,-19.6881859702366,-45.229327514377374,0.4104274047269591,6.232433844011176e-08,0.410427057945545,-0.814308894434571
img_002854.jpg,-0.123413,0.096374,1.103632,-45.04217884704571,-19.510967057389752,-45.0421359654079,0.4086488927112189,-1.8387352737625487e-07,0.4086485873175733,-0.8160958366326914
img_002855.jpg,-0.123603,0.096505,1.103491,-44.85460424165012,-19.33433856614261,-44.85452018609559,0.4068667491686905,-3.9241079208274243e-07,0.4068661492382635,-0.817874920158807
img_002856.jpg,-0.123794,0.096635,1.10335,-44.66654242541792,-19.1583173228341,-44.66649721712896,0.4050802458274588,-1.361195219318212e-07,0.4050799224631674,-0.8196464181935899
img_002857.jpg,-0.123985,0.096766,1.103209,-44.47811245107669,-18.982858985932456,-44.478062917537,0.4032901362171053,-1.885424578962347e-07,0.4032897811529501,-0.8214100184728444
img_002858.jpg,-0.124133,0.096943,1.103081,-44.28924457483144,-18.807997314459133,-44.28921891478973,0.4014960213833669,-8.349934643714364e-08,0.4014958370550212,-0.8231658627766386
img_002859.jpg,-0.124324,0.097074,1.10294,-44.09998900777459,-18.63372871448169,-44.099972746380494,0.3996982676305384,-8.069776158414754e-08,0.3996981505691344,-0.824913742936044
img_002860.jpg,-0.124515,0.097205,1.102799,-43.910322911689214,-18.46003513756285,-43.9102942301845,0.3978966812234668,-1.61594280623234e-07,0.3978964743174624,-0.8266538736357907
img_002861.jpg,-0.124705,0.097335,1.102658,-43.72021856518448,-18.28695863279601,-43.72021017476119,0.3960911820975961,-3.4086105743513784e-08,0.3960911214429483,-0.8283861412279875
img_002862.jpg,-0.124896,0.097466,1.102516,-43.52973983911227,-18.114482581159077,-43.52972704788609,0.3942822050711233,-9.70047696613463e-08,0.3942821124104569,-0.8301103291716054
img_002863.jpg,-0.125087,0.097597,1.102375,-43.33881761394575,-17.94259497684094,-43.33880810532624,0.3924692351162911,-1.0655406496029585e-07,0.3924691660926582,-0.8318268168036875
img_002864.jpg,-0.125235,0.097774,1.102248,-43.14746966485264,-17.771327757280332,-43.14747186586984,0.3906524945934588,2.5040473028425936e-08,0.3906525106035881,-0.8335353888270254
img_002865.jpg,-0.125426,0.097905,1.102107,-42.95574825720791,-17.600659985280483,-42.955728151660495,0.3888323265106341,-1.0288250984480385e-07,0.3888321799651418,-0.8352358694906923
img_002866.jpg,-0.125617,0.098035,1.101965,-42.763591933210215,-17.430617354592936,-42.76355604770972,0.3870083623001504,-4.283373020164128e-08,0.387008100207561,-0.8369284664076662
img_002867.jpg,-0.125807,0.098166,1.101824,-42.57101156231753,-17.261165867827103,-42.57097922756771,0.385180610877867,-2.0209724385655825e-07,0.3851803742430535,-0.8386131267167798
img_002868.jpg,-0.125998,0.098297,1.101682,-42.37798237059325,-17.092361036106333,-42.37798083566436,0.3833490421628127,-4.532801153867005e-08,0.3833490309073132,-0.8402898502155526
img_002869.jpg,-0.126147,0.098474,1.101556,-42.1845582837837,-16.924168645540934,-42.184561747018186,0.3815139805660779,-4.8094026650069566e-08,0.3815140060121052,-0.841958517891006
img_002870.jpg,-0.126337,0.098604,1.101414,-41.99070776348679,-16.75661370785339,-41.99070606412384,0.3796752708533774,1.10545805370732e-07,0.3796752583427258,-0.8436192191414246
img_002871.jpg,-0.126528,0.098735,1.101273,-41.79644310007639,-16.589672902619725,-41.79645692438203,0.3778329599771983,3.8201960234074406e-08,0.3778330619506369,-0.8452718093322843
img_002872.jpg,-0.126719,0.098866,1.101131,-41.60177266255123,-16.4233689940925,-41.60178258231675,0.3759871800729077,-4.102734627031701e-08,0.3759872533873091,-0.8469163038406383
img_002873.jpg,-0.126909,0.098997,1.10099,-41.40666313982592,-16.25769819759579,-41.40666584984529,0.3741376896402186,-1.9971004072694143e-08,0.3741377097079685,-0.8485528642136301
img_002874.jpg,-0.1271,0.099128,1.100849,-41.2111306748246,-16.092679314833287,-41.21112977021242,0.3722846674222984,8.823470326602134e-08,0.372284660710772,-0.8501813087816776
img_002875.jpg,-0.127249,0.099304,1.100721,-41.01519718990921,-15.92828705038221,-41.015174286639805,0.370428228076651,-1.12293030291033e-08,0.3704280578281426,-0.8518016094242031
img_002876.jpg,-0.127439,0.099435,1.10058,-40.81882862591333,-15.764536207407987,-40.81881387018564,0.3685681686361935,-1.689294831935806e-07,0.3685680587437718,-0.8534137865900582
img_002877.jpg,-0.12763,0.099566,1.100439,-40.6220229246383,-15.60145455306782,-40.62200404649356,0.3667045541407748,-4.950895844679781e-08,0.3667044132826424,-0.8550179198422955
img_002878.jpg,-0.127821,0.099697,1.100298,-40.42478399968595,-15.439023599443974,-40.42477557495196,0.3648373814266664,6.306682415191389e-08,0.3648373184486951,-0.8566139248114606
img_002879.jpg,-0.128012,0.099828,1.100157,-40.22714395952946,-15.277229325340848,-40.22711581420367,0.3629668698462603,-3.0644336457275045e-08,0.3629666590596272,-0.858201757050811
img_002880.jpg,-0.128202,0.099959,1.100015,-40.02908163530312,-15.116128896526275,-40.02904774731023,0.3610930128076994,7.964714136832196e-08,0.3610927585458709,-0.8597812837153328
img_002881.jpg,-0.128351,0.100135,1.099888,-39.83056661137022,-14.955644563176913,-39.830536922173785,0.3592154069444757,-3.4346260446849186e-08,0.3592151837790401,-0.8613528563581268
img_002882.jpg,-0.128542,0.100266,1.099747,-39.6316443224071,-14.795848106086767,-39.63160949703011,0.3573345792144392,-6.861669675506389e-08,0.3573343169666706,-0.8629160934966957
img_002883.jpg,-0.128732,0.100397,1.099605,-39.43227948473482,-14.636727091534969,-39.43226714915809,0.3554502466658532,-4.232061696918255e-08,0.3554501536070765,-0.8644711160275328
img_002884.jpg,-0.128923,0.100528,1.099464,-39.23250384860372,-14.47826937041343,-39.23246657286074,0.3535626319380288,-4.3015687151148896e-08,0.353562350229103,-0.8660179731376971
img_002885.jpg,-0.129114,0.100658,1.099323,-39.03229065832531,-14.32049280603151,-39.03225330856798,0.3516715882155059,-1.7996238277362412e-08,0.3516713054457454,-0.8675565612500827
img_002886.jpg,-0.129304,0.100789,1.099181,-38.831639548113024,-14.1634013062087,-38.831628667344745,0.3497771337151422,3.260847429575886e-08,0.3497770511930745,-0.8690868605546259
img_002887.jpg,-0.129453,0.100966,1.099054,-38.63056078821097,-14.006984491713578,-38.63056387557546,0.34787933339707,5.6068697337763325e-08,0.3478793568533085,-0.8706089377387161
img_002888.jpg,-0.129643,0.101097,1.098913,-38.42907756973104,-13.851248952330018,-38.429077927839145,0.3459783914324917,-5.2103654848978393e-08,0.3459783941579473,-0.8721226424291889
img_002889.jpg,-0.129834,0.101228,1.098772,-38.22711361778823,-13.696215416740037,-38.2271463928376,0.3440737880133437,1.4665525921442324e-07,0.3440740378851826,-0.8736282303448721
img_002890.jpg,-0.130025,0.101358,1.09863,-38.024799601783,-13.541855533566611,-38.02477843489696,0.3421664636916044,-1.885077381691413e-08,0.3421663020420156,-0.8751253240945974
img_002891.jpg,-0.130216,0.101489,1.098489,-37.821979412359546,-13.388221703364866,-37.8220215747216,0.3402553620822157,1.61225249331598e-07,0.3402556846200749,-0.8766141441124471
img_002892.jpg,-0.130364,0.101666,1.098362,-37.61877285160273,-13.23527328374978,-37.61881595981172,0.3383413138715925,1.6120980229905604e-07,0.3383416442020107,-0.8780945775520418
img_002893.jpg,-0.130555,0.101797,1.098221,-37.41513725178194,-13.083032180402848,-37.41517215883314,0.3364240557458165,2.212478417418229e-07,0.3364243236806571,-0.8795666712373197
img_002894.jpg,-0.130746,0.101928,1.098079,-37.21106887741117,-12.931491911433758,-37.21108726001423,0.334503554839934,2.818601376325392e-07,0.3345036961734488,-0.8810304472863971
img_002895.jpg,-0.130936,0.102058,1.097938,-37.00658634068342,-12.780628551315983,-37.00658574511598,0.3325799098724389,8.187853450802861e-10,0.3325799052858897,-0.8824858130016986
img_002896.jpg,-0.131127,0.102189,1.097797,-36.80167968290901,-12.63052855451713,-36.80167250494869,0.3306532557533076,4.9557946912859314e-08,0.3306532003841949,-0.8839326249977566
img_002897.jpg,-0.131318,0.10232,1.097655,-36.59631372687493,-12.481142662220604,-36.59630945300906,0.3287232168729194,2.237460563769833e-07,0.328723183851668,-0.8853711736255546
img_002898.jpg,-0.131466,0.102497,1.097528,-36.39053676646571,-12.33244662175657,-36.39052251178754,0.3267901205815647,9.001281071896462e-08,0.3267900102674574,-0.8868012777841906
img_002899.jpg,-0.131657,0.102627,1.097387,-36.18427731387477,-12.184491688170157,-36.184310517626095,0.3248535416001599,2.343355966494265e-07,0.3248537989692867,-0.8882230495798904
img_002900.jpg,-0.131848,0.102758,1.097245,-35.97760915449103,-12.037255392439112,-35.977659388846,0.322914009181124,2.812901560289572e-07,0.3229143991775113,-0.8896363490091447
img_002901.jpg,-0.132038,0.102889,1.097104,-35.770571988931785,-11.890754525426033,-35.77058626167731,0.3209718809988133,1.7877291573487053e-07,0.320971991980798,-0.8910409822067278
img_002902.jpg,-0.132229,0.10302,1.096963,-35.56305987960012,-11.745002031878665,-35.563092099099826,0.3190263730928797,2.990066746422215e-07,0.3190266240177407,-0.8924372170853008
img_002903.jpg,-0.13242,0.103151,1.096822,-35.355141445151666,-11.599964688985256,-35.355158761390605,0.3170779531946598,2.097622841951141e-07,0.3170780882629237,-0.8938249591174833
img_002904.jpg,-0.132568,0.103327,1.096694,-35.14677918851375,-11.45566733011686,-35.1467924384669,0.3151263948836424,1.6884186888888045e-07,0.3151264983939901,-0.8952042477879295
img_002905.jpg,-0.132759,0.103458,1.096553,-34.938021376654056,-11.312117984279752,-34.93799681375848,0.3131721024065906,7.111989867858437e-08,0.3131719102242466,-0.8965749209746653
img_002906.jpg,-0.13295,0.103589,1.096412,-34.728794521189805,-11.169319915499138,-34.728794505587345,0.3112145172312006,5.6478939219895e-08,0.31121451710894,-0.8979371072659804
img_002907.jpg,-0.133141,0.10372,1.096271,-34.51914101452764,-11.02728738799547,-34.51915209995232,0.3092540109860517,1.8787751217275162e-07,0.309254097982144,-0.8992907536332476
img_002908.jpg,-0.133331,0.103851,1.096129,-34.309077423355845,-10.885988787269213,-34.309072368415734,0.3072906521068164,1.343857220087452e-07,0.3072906123773664,-0.900635850203895
img_002909.jpg,-0.13348,0.104027,1.096002,-34.09857335379948,-10.745455572987929,-34.09857794982996,0.3053242803059568,1.4289735271455497e-07,0.3053243164821976,-0.9019723641111784
img_002910.jpg,-0.13367,0.104158,1.095861,-33.88762838953746,-10.605667200667282,-33.88764573444347,0.3033548546969459,8.54905416319829e-08,0.3033549914230615,-0.9033003826582284
img_002911.jpg,-0.133861,0.104289,1.09572,-33.67628669520029,-10.466679876704855,-33.67630756810429,0.3013828549096207,1.863216663733347e-07,0.3013830196864566,-0.9046196163090676
img_002912.jpg,-0.134052,0.10442,1.095578,-33.46450674893084,-10.328429782364395,-33.46452197589091,0.2994078214375389,1.27545716738231e-07,0.2994079418178164,-0.9059303730632003
img_002913.jpg,-0.134243,0.104551,1.095437,-33.252294768094494,-10.190961132144617,-33.25231841775805,0.2974299075069499,1.445288298207448e-07,0.2974300947436005,-0.9072324888699694
img_002914.jpg,-0.134433,0.104681,1.095295,-33.03965846124532,-10.054284171798312,-33.039687308920776,0.2954492033020465,2.998286470906608e-07,0.2954494320174364,-0.9085259497607486
img_002915.jpg,-0.134582,0.104858,1.095169,-32.82658358858462,-9.918367777069838,-32.826640016061894,0.2934655355527389,3.253061363894805e-07,0.29346598356401,-0.9098108022734434
img_002916.jpg,-0.134772,0.104989,1.095027,-32.61311009886928,-9.78322486201542,-32.61315031845781,0.291479256587523,2.646965036601223e-07,0.2914795763626743,-0.9110869879119944
img_002917.jpg,-0.134963,0.10512,1.094886,-32.399212304924234,-9.64887898255456,-32.3992605654066,0.2894902200192363,2.41627078789719e-07,0.2894906042591708,-0.912354428146658
img_002918.jpg,-0.135154,0.105251,1.094745,-32.1848924415196,-9.515311446916725,-32.184930996253975,0.2874984101940738,1.760487969015845e-07,0.2874987175824127,-0.9136132395736816
img_002919.jpg,-0.135345,0.105382,1.094603,-31.970157758829316,-9.382531034442136,-31.970167901185032,0.2855039102519017,7.97611062614001e-08,0.2855039912253087,-0.914863371343113
img_002920.jpg,-0.135535,0.105512,1.094462,-31.755001875273592,-9.250569235361995,-31.755010460637607,0.2835067419706556,1.0208035070014001e-07,0.2835068106065262,-0.9161046968534156
img_002921.jpg,-0.135684,0.105689,1.094335,-31.539414592149644,-9.119387309666678,-31.539429660104485,0.2815067478602321,3.088425806763162e-09,0.281506868483409,-0.9173373610105612
img_002922.jpg,-0.135874,0.10582,1.094194,-31.3234099461321,-8.98906012964914,-31.323429346251864,0.2795042024023891,3.216595144683865e-07,0.2795043579128961,-0.9185612199233104
img_002923.jpg,-0.136065,0.105951,1.094052,-31.106985683348285,-8.859467634636712,-31.10698944293976,0.2774988425615835,1.1409999847722398e-07,0.2774988727381812,-0.9197764771975891
img_002924.jpg,-0.136256,0.106081,1.093911,-30.890132047995625,-8.730720072741423,-30.890163056589977,0.2754908248414979,1.4617297161567677e-07,0.2754910740603791,-0.9209828844995918
img_002925.jpg,-0.136446,0.106212,1.09377,-30.672898291314063,-8.602780683163031,-30.672895791724017,0.2734804737449632,1.0932292722476423e-07,0.2734804536294072,-0.9221804985808756
img_002926.jpg,-0.136637,0.106343,1.093628,-30.455207633706785,-8.475635702738886,-30.455210942282427,0.2714671486232903,-4.658636545973316e-09,0.2714671752835237,-0.9233694601631164
img_002927.jpg,-0.136786,0.10652,1.093501,-30.237123497700843,-8.349329495745598,-30.23712481768658,0.2694514553570242,-4.7435941508133794e-08,0.2694514660069556,-0.9245495231044586
img_002928.jpg,-0.136977,0.106651,1.09336,-30.0186164020204,-8.223865317364233,-30.018618627015684,0.2674331668081419,9.947061281601056e-08,0.2674331847826262,-0.925720796443496
img_002929.jpg,-0.137167,0.106781,1.093218,-29.799700188570277,-8.099213574710161,-29.799700455535568,0.2654123387306753,1.2024105836005994e-07,0.2654123408900458,-0.9268832611244876
img_002930.jpg,-0.137358,0.106912,1.093077,-29.580388740543725,-7.975379421733368,-29.58035721068137,0.2633890983646554,3.238927696880278e-08,0.2633888430153508,-0.9280369067217572
img_002931.jpg,-0.137549,0.107043,1.092936,-29.36063348805531,-7.85238232555421,-29.36062867701714,0.2613630951732645,-7.391635498121829e-09,0.2613630561622863,-0.9291817289179553
img_002932.jpg,-0.137697,0.10722,1.092809,-29.140484745534547,-7.730218817628321,-29.140455682950197,0.2593347331294268,-3.022397511431851e-08,0.2593344971832613,-0.9303177493541618
img_002933.jpg,-0.137888,0.10735,1.092667,-28.919920572359327,-7.608919187987115,-28.919901191760435,0.2573038972296754,9.683331264609409e-08,0.2573037396966328,-0.931444840024646
img_002934.jpg,-0.138079,0.107481,1.092526,-28.69895034733536,-7.488438881452282,-28.698924520944097,0.2552705787046032,5.727940621813588e-08,0.2552703685256101,-0.9325631188292904
img_002935.jpg,-0.138269,0.107612,1.092385,-28.47755817288784,-7.368810967347668,-28.477553637307288,0.2532347158629563,7.288723150727927e-08,0.2532346789078209,-0.9336725207910188
img_002936.jpg,-0.13846,0.107743,1.092244,-28.25580036075825,-7.250022669445635,-28.255767773545944,0.2511967452405781,-6.122323900625838e-08,0.2511964794125554,-0.9347729798786836
img_002937.jpg,-0.138651,0.107874,1.092102,-28.033606466169687,-7.132101373227521,-28.033578395691126,0.2491561478206073,-1.1757710055571025e-08,0.2491559185701491,-0.9358645961060076
img_002938.jpg,-0.138799,0.108051,1.091975,-27.81099862540951,-7.015032521056097,-27.81099015030273,0.2471130774326219,2.0664245425905392e-08,0.2471130081366938,-0.9369473241177504
img_002939.jpg,-0.13899,0.108181,1.091834,-27.588024993784504,-6.89881300410792,-27.587993506573987,0.2450679239570881,-9.408406194399976e-08,0.2450676662097417,-0.9380210827192876
img_002940.jpg,-0.139181,0.108312,1.091692,-27.36462583220734,-6.7834914296444,-27.364620634261584,0.2430202922563481,8.366432895090536e-08,0.243020249658821,-0.9390858830838618
img_002941.jpg,-0.139371,0.108443,1.091551,-27.14082808176437,-6.669001207953684,-27.140821948843715,0.2409702780340429,3.106585592244082e-08,0.2409702277178141,-0.9401418374148764
img_002942.jpg,-0.139562,0.108574,1.09141,-26.916645419262267,-6.555402732474071,-26.9166426195243,0.2389181081832532,1.015654705130431e-07,0.238918085187828,-0.9411887622322668
img_002943.jpg,-0.139753,0.108704,1.091268,-26.692076242843548,-6.442647736699326,-26.692063896774005,0.2368636806677234,-8.091168327006849e-08,0.2368635791524108,-0.9422267464106724
img_002944.jpg,-0.139901,0.108881,1.091142,-26.467076427934863,-6.330793330637456,-26.467084397816407,0.2348067388723488,2.8900909811169218e-08,0.2348068044761075,-0.9432558295350476
img_002945.jpg,-0.140092,0.109012,1.091,-26.24171972338324,-6.2198223557663415,-26.24173581739078,0.2327478576058855,5.235282963395038e-08,0.2327479902263099,-0.9442758113101708
img_002946.jpg,-0.140283,0.109143,1.090859,-26.01594421197582,-6.109733748466297,-26.015965297691068,0.2306865249583094,1.946560273247133e-07,0.2306866988982316,-0.9452869268926012
img_002947.jpg,-0.140473,0.109274,1.090718,-25.78980839373653,-6.000507895753943,-25.789811868086822,0.2286231877879725,7.505572425375863e-08,0.2286232164789094,-0.9462889954408736
img_002948.jpg,-0.140664,0.109405,1.090576,-25.56327210515511,-5.892176345126397,-25.563286086078016,0.2265575714606943,-4.289167472582012e-09,0.2265576870353272,-0.9472820494757804
img_002949.jpg,-0.140813,0.109581,1.090449,-25.33636798384599,-5.784756402908989,-25.336378654335007,0.2244899753786068,3.5278474773414725e-08,0.2244900636788443,-0.9482660292681476
img_002950.jpg,-0.141003,0.109712,1.090308,-25.109053748507986,-5.678210549181032,-25.109068718934868,0.2224199820097464,-1.4059862871174113e-08,0.2224201060201419,-0.9492410905775058
img_002951.jpg,-0.141194,0.109843,1.090166,-24.88137561796676,-5.572583778549808,-24.88139081173649,0.2203480519624785,4.496284890243008e-08,0.2203481779510451,-0.9502070387394492
img_002952.jpg,-0.141385,0.109974,1.090025,-24.653314744145213,-5.467849738553431,-24.653333959310075,0.21827398124928,3.2305849988201185e-08,0.2182741407442004,-0.951163954632412
img_002953.jpg,-0.141575,0.110104,1.089884,-24.42487390607857,-5.36402155284841,-24.42489518446444,0.216197813970073,3.849154602691973e-08,0.2161979907667081,-0.9521118285280352
img_002954.jpg,-0.141766,0.110235,1.089743,-24.196052658175383,-5.261100150214597,-24.196079112675523,0.2141195458300749,4.425294489879272e-08,0.2141197658504469,-0.95305065236097
img_002955.jpg,-0.141915,0.110412,1.089615,-23.96687629367535,-5.159083228244095,-23.96687830294453,0.2120393810998355,-2.1762853248674663e-08,0.2120393978271012,-0.9539803953079532
img_002956.jpg,-0.142105,0.110543,1.089474,-23.73729543274766,-5.058000198408378,-23.73733893718969,0.2099569557406378,7.409408599862166e-08,0.2099573182667627,-0.9549010426438688
img_002957.jpg,-0.142296,0.110674,1.089333,-23.507372598097657,-4.957814224102243,-23.507397170933128,0.2078727255170866,7.864049446359989e-09,0.2078729304800558,-0.9558126253402032
img_002958.jpg,-0.142487,0.110804,1.089191,-23.2770951985915,-4.858575665221069,-23.277103168693408,0.2057866667443394,1.1516239532133321e-07,0.2057867332860247,-0.9567150402255142
img_002959.jpg,-0.142678,0.110935,1.08905,-23.04642416637725,-4.760238746674303,-23.04645133288942,0.2036983738423406,7.559736684564777e-08,0.2036986008649808,-0.9576084024796512
img_002960.jpg,-0.142868,0.111066,1.088909,-22.81539999892233,-4.662835134051161,-22.81542600848849,0.2016082334877983,9.179806362974441e-08,0.2016084510428759,-0.9584926461157712
img_002961.jpg,-0.143017,0.111243,1.088782,-22.58401766960261,-4.566359731448191,-22.584034402853696,0.1995161914165031,9.961978136158178e-08,0.1995163315083239,-0.959367772454393
img_002962.jpg,-0.143207,0.111373,1.08864,-22.35227975483567,-4.470801538832884,-22.352291701888465,0.1974222476078819,-4.165462424987609e-08,0.1974223477196529,-0.9602337594410596
img_002963.jpg,-0.143398,0.111504,1.088499,-22.12016962942016,-4.376219427620799,-22.120199367299897,0.1953263518452843,1.719988287768315e-07,0.1953266012597413,-0.96109059672598
img_002964.jpg,-0.143589,0.111635,1.088358,-21.88772803330631,-4.282539173170353,-21.88774670853275,0.1932287231455727,4.8223998030949566e-08,0.1932288799146621,-0.9619382831130356
img_002965.jpg,-0.14378,0.111766,1.088216,-21.65492431080419,-4.1898116316521135,-21.654951173714736,0.1911291798625901,2.0707954656584704e-08,0.1911294055597269,-0.9627768105513546
img_002966.jpg,-0.14397,0.111897,1.088075,-21.42176477119529,-4.098048140433567,-21.42178788371056,0.1890277864707465,1.989950403000207e-07,0.1890279808250141,-0.9636062050480728
img_002967.jpg,-0.144119,0.112074,1.087948,-21.188266737500925,-4.007191887296862,-21.188297386576185,0.1869245958102464,-8.258901632030025e-09,0.186924853759244,-0.9644264070048378
img_002968.jpg,-0.144309,0.112204,1.087807,-20.954439814409568,-3.917309978881101,-20.95445159329546,0.1848197860000291,-2.0307867991398165e-08,0.1848198852169492,-0.9652374095171078
img_002969.jpg,-0.1445,0.112335,1.087665,-20.720264519161525,-3.828384456574604,-20.720263252045864,0.1827131591921732,6.279706615819336e-09,0.1827131485100301,-0.9660392366873964
img_002970.jpg,-0.144691,0.112466,1.087524,-20.48574710979347,-3.740401776746965,-20.48574940156828,0.1806047415605682,-9.616106157878113e-08,0.1806047608967318,-0.966831861115088
img_002971.jpg,-0.144882,0.112597,1.087383,-20.250888983006607,-3.6534007356963034,-20.25089137881484,0.1784945955142732,1.1978022528696952e-08,0.1784946157445648,-0.9676152910751236
img_002972.jpg,-0.14503,0.112773,1.087256,-20.015711829610574,-3.567340532358238,-20.015700770224484,0.1763828373552287,-8.196363370308046e-08,0.1763827438946427,-0.9683894992939096
img_002973.jpg,-0.145221,0.112904,1.087115,-19.78018531515343,-3.482264786108384,-19.780189246688927,0.1742692670538412,4.963895870735424e-09,0.1742693003046785,-0.9691544941503571
img_002974.jpg,-0.145411,0.113035,1.086973,-19.544330858324244,-3.3981547057135923,-19.544341072474356,0.1721540306091538,8.943954282747414e-08,0.1721541170623652,-0.9699102792132333
img_002975.jpg,-0.145602,0.113166,1.086831,-19.308171200680725,-3.314989733480149,-19.30816770149107,0.1700372842742039,-6.935060629931211e-08,0.1700372546340405,-0.9706568157660912
img_002976.jpg,-0.145793,0.113297,1.08669,-19.07166538053838,-3.2328232266714223,-19.07166215884816,0.1679187483236358,3.758955519073126e-08,0.1679187210133265,-0.9713941512561576
img_002977.jpg,-0.145984,0.113427,1.086549,-18.83486237749888,-3.15161897340112,-18.83485680189921,0.1657987788367044,-3.128660333237554e-08,0.1657987315368478,-0.9721221865367692
img_002978.jpg,-0.146132,0.113604,1.086422,-18.5977336850547,-3.0713945714811395,-18.597732073916475,0.1636771502110531,-7.020183068195962e-08,0.16367713653307,-0.9728409867368448
img_002979.jpg,-0.146323,0.113735,1.08628,-18.36029346424585,-2.992156789027355,-18.360286315335728,0.1615539828450573,-5.4245533329111424e-08,0.1615539221091209,-0.973550533294526
img_002980.jpg,-0.146514,0.113866,1.086139,-18.12254489338421,-2.913893935724616,-18.12253666894058,0.1594292790895732,-1.2563724350461716e-07,0.1594292091658203,-0.9742508056110216
img_002981.jpg,-0.146704,0.113997,1.085998,-17.88448912919317,-2.8366429794936505,-17.88448515949862,0.1573030882899743,1.2479004826010389e-08,0.1573030545159243,-0.974941786700312
img_002982.jpg,-0.146895,0.114128,1.085856,-17.646134941498914,-2.760361092054307,-17.646121574259876,0.1551754191212059,-1.6104821740081654e-08,0.1551753053135846,-0.9756235000866847
img_002983.jpg,-0.147086,0.114258,1.085715,-17.40746643615015,-2.685071587417203,-17.40745590689456,0.1530461571720786,-1.8737473881508263e-08,0.153046067465037,-0.9762959464262598
img_002984.jpg,-0.147234,0.114435,1.085588,-17.1685031047715,-2.610781552142002,-17.16849895673889,0.1509154672469188,1.0932975452043749e-08,0.1509154318825505,-0.9769590852053872
img_002985.jpg,-0.147425,0.114566,1.085447,-16.929241585998827,-2.537478194909794,-16.929241308074445,0.1487832943010481,-3.237989151805287e-08,0.1487832919299967,-0.9776129414954572
img_002986.jpg,-0.147616,0.114697,1.085305,-16.68971254805731,-2.465183647699514,-16.689698145881664,0.1466499171761691,-3.2010182209746274e-08,0.1466497942261349,-0.978257450595524
img_002987.jpg,-0.147806,0.114827,1.085164,-16.44988293027589,-2.3938839441092887,-16.449858221903064,0.1445150257080046,-6.256718070030144e-08,0.1445148146379485,-0.9788926783334168
img_002988.jpg,-0.147997,0.114958,1.085023,-16.209761261758725,-2.3235942562549075,-16.20974578741145,0.1423786999992284,-4.896933258197179e-08,0.1423785677258606,-0.9795185803438644
img_002989.jpg,-0.148188,0.115089,1.084882,-15.969369680676795,-2.2542994133073955,-15.969347771684337,0.1402410998637127,-1.4432038927814086e-07,0.1402409124696582,-0.9801351541387916
img_002990.jpg,-0.148336,0.115266,1.084754,-15.728696720410117,-2.18603091738388,-15.728676747892909,0.1381021529430572,-9.223213900608208e-08,0.1381019820064167,-0.9807423912110576
img_002991.jpg,-0.148527,0.115397,1.084613,-15.48773249729502,-2.11877232284878,-15.487726804485494,0.1359617430959658,-2.6689498899140632e-08,0.1359616943438264,-0.981340319198932
img_002992.jpg,-0.148718,0.115527,1.084472,-15.246513857534474,-2.05252532200855,-15.246490325507947,0.1338201757548872,1.95308977567199e-08,0.1338199741102217,-0.98192890531345
img_002993.jpg,-0.148908,0.115658,1.084331,-15.005041577762992,-1.987288096639912,-15.005011777822912,0.1316774436587965,-3.2883784313597626e-08,0.1316771881540824,-0.9825081012140906
img_002994.jpg,-0.149099,0.115789,1.084189,-14.763286961995076,-1.9230759358385257,-14.763254808830157,0.1295333053566078,1.1387136542723164e-08,0.1295330295154519,-0.9830779811733864
img_002995.jpg,-0.149248,0.115966,1.084062,-14.521270426713578,-1.8598743250158671,-14.521258918219472,0.1273879071243253,-5.2048941556054336e-08,0.1273878083369592,-0.9836384841015462
img_002996.jpg,-0.149438,0.116097,1.083921,-14.279008039544742,-1.7977041898968698,-14.278979943684403,0.125241396636847,-2.2882056673056983e-08,0.1252411553306328,-0.9841896390329964
img_002997.jpg,-0.149629,0.116227,1.083779,-14.036471329352205,-1.7365575383315437,-14.036462597515396,0.123093507403905,9.776436136338382e-10,0.1230934323677135,-0.9847314331039404
img_002998.jpg,-0.14982,0.116358,1.083638,-13.793714135242226,-1.6764276380916372,-13.79369966177863,0.1209446817738672,-9.8785039242405e-08,0.1209445573303078,-0.985263821523344
img_002999.jpg,-0.15001,0.116489,1.083497,-13.550684959345563,-1.6173426581206671,-13.55067423914259,0.1187944923846547,-1.7761833408583283e-08,0.118794400162892,-0.9857868730455944
img_003000.jpg,-0.150201,0.11662,1.083355,-13.307436903382667,-1.559293392063587,-13.30742524830095,0.1166433721068171,5.8445471006265965e-08,0.1166432717904211,-0.9863004972570848
img_003001.jpg,-0.150349,0.116796,1.083228,-13.063951121201429,-1.50223590944856,-13.063917452908798,0.1144911018510205,-2.0243074940785866e-07,0.1144908119165904,-0.9868047636607647
img_003002.jpg,-0.15054,0.116927,1.083087,-12.820207771841396,-1.446278513185273,-12.82020465698801,0.1123376020267803,8.800977589588922e-08,0.1123375751897837,-0.9872996163127707
img_003003.jpg,-0.150731,0.117058,1.082946,-12.576259718925945,-1.3912961683484513,-12.576240289891643,0.1101831927490392,-1.6315473426974095e-07,0.1101830252697454,-0.9877850803580748
img_003004.jpg,-0.150922,0.117189,1.082804,-12.332073640828716,-1.3373972958386633,-12.332046228043849,0.1080276753147113,-2.0011075435588666e-08,0.1080274389012182,-0.9882611465652904
img_003005.jpg,-0.151112,0.11732,1.082663,-12.087659801221228,-1.2845282877098854,-12.087647501313525,0.105871072405602,1.2369060055708592e-08,0.1058709662785837,-0.9887277959716348
img_003006.jpg,-0.151303,0.117451,1.082522,-11.843040558826353,-1.2326970852315526,-11.84302853748082,0.1037135694071098,-1.2310991334002486e-08,0.1037134656356346,-0.9891850244351066
img_003007.jpg,-0.151452,0.117627,1.082395,-11.59819930322288,-1.1819066124202389,-11.598174800592092,0.1015550104467151,-4.971423510878593e-08,0.1015547988376746,-0.9896328625738964
img_003008.jpg,-0.151642,0.117758,1.082253,-11.353157516097465,-1.1321878612668064,-11.353130939864435,0.0993955920204709,1.0008825793335341e-07,0.0993953624017992,-0.9900712490623618
img_003009.jpg,-0.151833,0.117889,1.082112,-11.10788467715305,-1.0834759730870247,-11.107864262075136,0.0972349792982161,-7.673050060434673e-08,0.097234802835468,-0.990500253366155
img_003010.jpg,-0.152024,0.11802,1.081971,-10.86241574847185,-1.0358469161014607,-10.86240470183591,0.0950735224692101,1.1715739526088622e-08,0.0950734269444581,-0.9909198094772016
img_003011.jpg,-0.152214,0.118151,1.081829,-10.61676857661174,-0.9892589423668589,-10.616758794052036,0.0929113247936441,-2.2677065163179133e-08,0.0929112401648606,-0.9913299083433916
img_003012.jpg,-0.152363,0.118327,1.081702,-10.370911994532063,-0.9437409942898622,-10.37089237878128,0.090748123501343,1.1586848238168137e-07,0.0907479537371978,-0.9917306020152262
img_003013.jpg,-0.152554,0.118458,1.081561,-10.124855750156048,-0.8992439415329401,-10.124856122302496,0.0885839479928436,-5.494589488865693e-08,0.0885839512148492,-0.9921218512587872
img_003014.jpg,-0.152745,0.118589,1.08142,-9.878632967685638,-0.8558279720117442,-9.878625060775356,0.0864191148963025,-2.745475114872969e-08,0.0864190464127461,-0.992503644828396
img_003015.jpg,-0.152935,0.11872,1.081278,-9.632232674836596,-0.8134733522108015,-9.632215049983484,0.0842534967910393,1.69588589872538e-08,0.0842533440808986,-0.9928759853524848
img_003016.jpg,-0.153126,0.11885,1.081137,-9.385647279509133,-0.7721631663337925,-9.385628019341343,0.082086998690475,-7.12985570635455e-08,0.082086831750178,-0.9932388819912372
img_003017.jpg,-0.153316,0.118981,1.080995,-9.138872681113272,-0.731931676286349,-9.138861067044752,0.0799195921265755,1.956728337519642e-09,0.0799194914241366,-0.9935923377748186
img_003018.jpg,-0.153465,0.119158,1.080868,-8.891948320885131,-0.6927537873906006,-8.891935208558799,0.0777515838471343,-3.01767828772212e-08,0.0777514701143442,-0.9939363159198478
img_003019.jpg,-0.153656,0.119289,1.080727,-8.644843100196955,-0.6546408678286944,-8.644834585520638,0.0755826945016184,-4.33879354310926e-08,0.0755826206227489,-0.9942708502976796
img_003020.jpg,-0.153846,0.11942,1.080586,-8.397591532806267,-0.6175971761087902,-8.39759337284311,0.0734132084026289,-5.2906522041845656e-08,0.0734132243732048,-0.9945958974976516
img_003021.jpg,-0.154037,0.11955,1.080444,-8.150185686914455,-0.5816289551992341,-8.1501767883148,0.0712430425197156,1.7458232894063123e-08,0.0712429652599336,-0.9949114879191544
img_003022.jpg,-0.154228,0.119681,1.080303,-7.902634737807753,-0.5467224192846553,-7.902617069732971,0.0690722497716539,1.5739256860498874e-08,0.0690720963259826,-0.995217599231754
img_003023.jpg,-0.154419,0.119812,1.080162,-7.654914366554467,-0.5128755716447193,-7.654914518284735,0.0669005999144352,-6.673760281471902e-08,0.0669006012325921,-0.9955142486603604
img_003024.jpg,-0.154567,0.119989,1.080035,-7.407068775729696,-0.4800982020894816,-7.407054490944868,0.0647284645521644,-1.686440818677443e-07,0.064728340417267,-0.9958014198742224
img_003025.jpg,-0.154758,0.12012,1.079893,-7.159062585968143,-0.4484188018029136,-7.15906440157737,0.0625555332695999,-4.3589699936369415e-08,0.0625555490516569,-0.9960791176107447
img_003026.jpg,-0.154949,0.12025,1.079752,-6.910946706223366,-0.4177953506026394,-6.910942629276345,0.0603822064688927,-8.911963583421724e-08,0.0603821710207703,-0.9963473202476928
img_003027.jpg,-0.155139,0.120381,1.079611,-6.662684583441214,-0.3882601049441104,-6.6626886674317225,0.0582081648555405,-9.895132292540854e-09,0.0582082003741224,-0.9966060480216624
img_003028.jpg,-0.15533,0.120512,1.07947,-6.414312419998534,-0.3597717192915003,-6.414309983386827,0.056033683460893,-1.932049614353053e-07,0.056033662264308,-0.996855282882634
img_003029.jpg,-0.155521,0.120643,1.079328,-6.165805328519293,-0.3323940332830853,-6.165811160045558,0.0538585582061503,-7.837605346151799e-08,0.0538586089479884,-0.9970950335600596
img_003030.jpg,-0.155669,0.12082,1.079202,-5.917205529428112,-0.3060844510335995,-5.9172007364718215,0.0516831162641999,-6.449848936494404e-08,0.0516830745496371,-0.9973252805871884
img_003031.jpg,-0.15586,0.12095,1.07906,-5.668465220710606,-0.2808539160428478,-5.668476323692672,0.0495069275853165,-3.779573066325925e-08,0.0495070242393493,-0.9975460483967772
img_003032.jpg,-0.156051,0.121081,1.078919,-5.4196385109329865,-0.2567052998967866,-5.419638558442369,0.047330444878516,-2.1863329983246027e-09,0.0473304452921837,-0.9977573141481074
img_003033.jpg,-0.156241,0.121212,1.078778,-5.170707121244371,-0.2336343775241094,-5.170701105064836,0.0451534877580538,3.833537169130319e-09,0.0451534353641338,-0.9979590822363912
img_003034.jpg,-0.156432,0.121343,1.078636,-4.921678880569373,-0.211634802680043,-4.921676657473278,0.0429761025655926,-8.686045063679287e-08,0.0429760832012819,-0.9981513466809232
img_003035.jpg,-0.15658,0.121519,1.078509,-4.672551341975123,-0.1907399717848549,-4.672550949325768,0.0407982606770619,1.9284309272712963e-08,0.0407982572562581,-0.9983341144780028
img_003036.jpg,-0.156771,0.12165,1.078368,-4.423332860154691,-0.1709144013963342,-4.423331719470648,0.038620001846086,3.155694497164116e-09,0.0386199919065979,-0.9985073818868554
img_003037.jpg,-0.156962,0.121781,1.078226,-4.174029807936314,-0.1521683124970044,-4.174031746804628,0.036441365707648,-5.6351218609548496e-08,0.0364413826049829,-0.9986711433195592
img_003038.jpg,-0.157153,0.121912,1.078085,-3.924655805471304,-0.1345108193090546,-3.924664832321223,0.0342624539403462,-9.129308098615278e-08,0.0342625326219507,-0.9988253917018264
img_003039.jpg,-0.157343,0.122043,1.077944,-3.6752081940969754,-0.1179589119033308,-3.675209799458392,0.0320832278321266,5.1065667688345036e-08,0.0320832418271193,-0.9989701357326616
img_003040.jpg,-0.157534,0.122174,1.077802,-3.425697492730644,-0.1024625855845897,-3.4256934843060454,0.0299037447546896,-7.871298570176401e-08,0.0299037098058777,-0.9991053669105604
img_003041.jpg,-0.157683,0.12235,1.077675,-3.176119665744726,-0.0880755045610863,-3.1761027564242723,0.0277239639854421,-1.0629620307762468e-08,0.027723816537244,-0.9992310902977064
img_003042.jpg,-0.157873,0.122481,1.077534,-2.9264677314506216,-0.0747693651198894,-2.926458493976304,0.0255437967300771,2.123087208534373e-09,0.0255437161705219,-0.9993473035000456
img_003043.jpg,-0.158064,0.122612,1.077393,-2.6767558469123607,-0.0625456819302319,-2.67675959604396,0.0233633467114825,-3.2818558637717245e-08,0.0233633794109653,-0.9994540042107678
img_003044.jpg,-0.158255,0.122743,1.077251,-2.4270128516267016,-0.0514138397091941,-2.426998977719401,0.0211828470763133,-4.013296153027425e-08,0.021182726057966,-0.9995511888375168
img_003045.jpg,-0.158445,0.122873,1.077109,-2.177207008308121,-0.0413751099402127,-2.1772125679537537,0.0190020005262442,-1.1032537420197117e-08,0.019002049025784,-0.9996388578425822
img_003046.jpg,-0.158636,0.123004,1.076968,-1.927353193489752,-0.032414651475574,-1.9273703085577292,0.0168209138391807,-7.449310040862208e-08,0.0168210631540698,-0.9997170143055364
img_003047.jpg,-0.158785,0.123181,1.076842,-1.677496066346919,-0.0245484748086908,-1.6775011540141418,0.0146399587215447,-1.0321401928078153e-07,0.0146400031103046,-0.9997856479853824
img_003048.jpg,-0.158975,0.123312,1.0767,-1.427588735302275,-0.0177864774593957,-1.427598068801905,0.012458706260219,-4.0824119994069e-09,0.0124587876977253,-0.9998447675751594
img_003049.jpg,-0.159166,0.123443,1.076559,-1.1776534587037717,-0.0120904456586414,-1.1776540262233537,0.0102773257373752,-1.1444568908298993e-07,0.0102773306893952,-0.9998943709460392
img_003050.jpg,-0.159357,0.123573,1.076418,-0.9276964550141402,-0.0075060159749443,-0.9277100079614696,0.0080958553223143,-4.1487519985666495e-08,0.0080959735863441,-0.999934454021006
img_003051.jpg,-0.159547,0.123704,1.076276,-0.6777327106290779,-0.0039977203148015,-0.6777250016497509,0.0059144020288954,-9.306574075332297e-08,0.0059143347577068,-0.99996501963469
img_003052.jpg,-0.159696,0.123881,1.076149,-0.4277300926559848,-0.0015949555527116,-0.4277410001657282,0.0037326664953908,-1.4541753902425278e-08,0.003732761680045,-0.9999860667484692
img_003053.jpg,-0.159887,0.124012,1.076008,-0.1777561717510535,-0.000266998715361,-0.1777350000019146,0.001551216357313,-7.59824296635151e-08,0.001551031599378,-0.999997594011498
img_003054.jpg,-0.160077,0.124143,1.075867,0.0722499520773476,-3.799996978231603e-05,0.0722570000000484,0.0006304998160612,6.595652880264921e-08,0.0006305613207691,0.9999996024311204
img_003055.jpg,-0.160268,0.124273,1.075725,0.3222609381669183,-0.0008999857653602,0.3222480000397851,0.0028122644699805,5.465694805738879e-08,0.0028121515644085,0.9999920914547908
img_003056.jpg,-0.160459,0.124404,1.075584,0.5722525058672061,-0.0028528577049185,0.5722470007093858,0.0049938864870862,4.2783394155905255e-08,0.0049938384467173,0.999975061026684
img_003057.jpg,-0.160649,0.124535,1.075443,0.822226363458485,-0.0058973926998138,0.8222250043557724,0.0071754015940461,2.1844205189788425e-08,0.007175389734248,0.9999485123715748
img_003058.jpg,-0.160798,0.124712,1.075316,1.0722005593072683,-0.0100152461271173,1.072196016382243,0.0093569865907189,1.533308505758822e-07,0.0093569469496843,0.9999124433397648
img_003059.jpg,-0.160989,0.124843,1.075174,1.322134922653396,-0.0152549376447315,1.3221270468701034,0.0115383155817189,7.491576774351031e-09,0.0115382468616942,0.9998668592032116
img_003060.jpg,-0.161179,0.124973,1.075033,1.5720474980000043,-0.02155288487422,1.572043111252326,0.0137195609258502,1.4145577490582396e-07,0.0137195226514558,0.9998117564552828
img_003061.jpg,-0.16137,0.125104,1.074891,1.8219394978244263,-0.0289693474177818,1.8219392329606143,0.0159007604183423,2.8915924153098252e-08,0.0159007581075539,0.9997471338842252
img_003062.jpg,-0.161561,0.125235,1.07475,2.071795927783988,-0.0374584979483885,2.071788442955612,0.0180817982913331,6.32317155666723e-08,0.0180817329952384,0.9996729962855035
img_003063.jpg,-0.161752,0.125366,1.074608,2.321609488503134,-0.0470503487947265,2.321609783208556,0.0202626358267281,-1.7248540110201445e-08,0.0202626383974619,0.9995893412169454
img_003064.jpg,-0.1619,0.125543,1.074482,2.5713895459280782,-0.0577268170710624,2.571369305978687,0.0224433725255957,-6.04493037382808e-08,0.0224431959877172,0.999496172070474
img_003065.jpg,-0.162091,0.125673,1.07434,2.821115168094916,-0.069480692324073,2.8211090759839883,0.0246238445420287,-8.63996405670031e-10,0.0246237914105764,0.999393483657232
img_003066.jpg,-0.162282,0.125804,1.074199,3.0707869490631623,-0.0823176323975842,3.070774172301032,0.0268040782404562,9.908331215159778e-08,0.0268039668222971,0.9992812861012952
img_003067.jpg,-0.162472,0.125935,1.074058,3.3203800999332787,-0.0962810988658332,3.320384693336311,0.0289838885945174,-1.4385788854630929e-07,0.0289839286458268,0.9991595798881044
img_003068.jpg,-0.162663,0.126066,1.073917,3.5699380197324526,-0.1112876322940856,3.569927742801017,0.0311636539569323,3.349571580822316e-09,0.0311635643609267,0.9990283574195352
img_003069.jpg,-0.162854,0.126197,1.073775,3.819422115907042,-0.1273944219727317,3.8194164551051744,0.0333430722303304,3.3717918810965634e-08,0.0333430228854646,0.9988876224876858
img_003070.jpg,-0.163002,0.126373,1.073648,4.068824053374207,-0.1445856579970749,4.068824977016657,0.0355220869156963,7.248385825949813e-08,0.0355220949658208,0.998737383955556
img_003071.jpg,-0.163193,0.126504,1.073507,4.3181541638280985,-0.1628663640314669,4.318144478645351,0.0377008098118122,7.274949610541932e-08,0.0377007254128589,0.9985776405682596
img_003072.jpg,-0.163383,0.126635,1.073365,4.567404511922655,-0.1822424222530847,4.5673981533317765,0.0398791941191116,-1.4579888935918606e-08,0.0398791387182565,0.9984083854673396
img_003073.jpg,-0.163574,0.126766,1.073224,4.8165697573052215,-0.2026886980934261,4.816570209669307,0.0420572047231314,1.978999492231737e-08,0.042057208663764,0.9982296242499964
img_003074.jpg,-0.163765,0.126897,1.073083,5.065633277176039,-0.2242337634609757,5.065634894994858,0.0442347269689464,-9.222538815229984e-08,0.0442347410594255,0.998041370191326
img_003075.jpg,-0.163913,0.127073,1.072956,5.314623325194674,-0.2468363149051341,5.314598460746375,0.0464120109867212,1.821302081633086e-08,0.0464117944713729,0.9978436102767384
img_003076.jpg,-0.164104,0.127204,1.072815,5.563492276467985,-0.2705316158443491,5.563490212154006,0.0485886752450565,3.362682359257449e-08,0.0485886572730982,0.997636348085978
img_003077.jpg,-0.164295,0.127335,1.072673,5.812270759046735,-0.2953110131445609,5.812247467661183,0.0507650028936974,1.1919611684393231e-08,0.0507648001624942,0.997419595529216
img_003078.jpg,-0.164486,0.127466,1.072532,6.0609226074474165,-0.3211696714059301,6.060917577389262,0.0529406966253153,-4.4047615815195895e-09,0.0529406528529769,0.9971933463056836
img_003079.jpg,-0.164676,0.127597,1.07239,6.309487867396973,-0.3481056684804378,6.309455922459779,0.0551161234125848,-4.6131357249803995e-09,0.0551158454885558,0.9969576001596308
img_003080.jpg,-0.164867,0.127727,1.072249,6.557914094820886,-0.3761089686224011,6.557894911386135,0.057290841158677,8.48475907016394e-08,0.057290674301987,0.9967123648060896
img_003081.jpg,-0.165016,0.127904,1.072122,6.806207086611303,-0.4051972783417297,6.806201005556484,0.0594649281229634,9.101572274929777e-08,0.0594648752437269,0.996457651350809
img_003082.jpg,-0.165206,0.128035,1.07198,7.054386258031843,-0.4353623117906199,7.054382684769042,0.0616385682561036,9.521410080206087e-08,0.0616385371921985,0.9961934438833326
img_003083.jpg,-0.165397,0.128166,1.071839,7.302444007949496,-0.4665976717561768,7.302432464363689,0.0638117108556508,1.407943947652826e-07,0.0638116105298782,0.995919747730327
img_003084.jpg,-0.165588,0.128296,1.071698,7.550356207755443,-0.4989246156051132,7.550337926908468,0.065984176897172,1.7590451129555207e-08,0.065984018062783,0.9956365791590286
img_003085.jpg,-0.165778,0.128427,1.071556,7.798125707211319,-0.5323166512906197,7.798105644417779,0.0681559952576922,-4.4681729579297564e-08,0.0681558209919863,0.9953439327063484
img_003086.jpg,-0.165969,0.128558,1.071416,8.045738628923644,-0.5667769310740153,8.045737258871215,0.0703270654907227,-8.624451739748519e-08,0.0703270535940407,0.9950418128863916
img_003087.jpg,-0.166118,0.128735,1.071288,8.293213557741597,-0.6022936850910932,8.29319843124931,0.0724975598741526,-2.0575067101458178e-08,0.0724974285662366,0.9947302280837635
img_003088.jpg,-0.166308,0.128866,1.071147,8.540555924569802,-0.638878671814344,8.540531902891468,0.0746675505185651,7.531688819405885e-08,0.0746673420618638,0.9944091436269924
img_003089.jpg,-0.166499,0.128996,1.071006,8.7877119000671,-0.67655056410812,8.787683473696973,0.0768366007117536,-3.620488869034849e-08,0.0768363541137832,0.9940786243942492
img_003090.jpg,-0.16669,0.129127,1.070864,9.03470766287545,-0.7152812881204035,9.034692914988376,0.0790049376109595,-7.504956179779644e-08,0.0790048097172117,0.9937386275448036
img_003091.jpg,-0.16688,0.129258,1.070723,9.281537933375825,-0.7550606366894023,9.28151706055676,0.0811725256752714,7.926268428930239e-09,0.0811723447297197,0.9933891843213196
img_003092.jpg,-0.167071,0.129389,1.070582,9.528198386631075,-0.795927471324938,9.528187906017642,0.0833393720294128,-1.1151520395037001e-07,0.0833392812062729,0.993030268057199
img_003093.jpg,-0.16722,0.129565,1.070455,9.774683352604608,-0.8378259822701917,9.774659280041384,0.0855054052736318,6.1307292263668164e-09,0.0855051967424174,0.992661919788924
img_003094.jpg,-0.16741,0.129696,1.070313,10.020995310705333,-0.8807888377355289,10.020967268909931,0.0876706871395179,9.897607558626704e-08,0.087670444316828,0.9922841043822906
img_003095.jpg,-0.167601,0.129827,1.070172,10.267109816094758,-0.9248328766199684,10.267090985259784,0.0898350362860342,-1.996691349585855e-08,0.0898348732875928,0.991896850381575
img_003096.jpg,-0.167792,0.129958,1.070031,10.513056533877448,-0.9699166902270074,10.513033430798458,0.0919986949838065,2.6100951192042924e-08,0.0919984950850816,0.991500134656247
img_003097.jpg,-0.167983,0.130089,1.069889,10.758796337220376,-1.016056938578611,10.758766817672912,0.0941613538766251,3.2053094879691546e-08,0.0941610985642119,0.9910940051041076
img_003098.jpg,-0.168131,0.130266,1.069763,11.004346598833726,-1.0632415031280151,11.004307332496134,0.0963231699273289,1.2153622297103597e-07,0.0963228304580091,0.9906784338359717
img_003099.jpg,-0.168322,0.130396,1.069621,11.249680656494286,-1.1114944648550495,11.249668348617206,0.0984839488206466,6.771136495768716e-08,0.0984838424609953,0.990253424431749
img_003100.jpg,-0.168512,0.130527,1.06948,11.494820525055175,-1.1607880705823763,11.494784094482894,0.1006438740574236,6.44441772498089e-08,0.1006435593773907,0.9898190160683714
img_003101.jpg,-0.168703,0.130658,1.069338,11.739761682823644,-1.2111390521195342,11.739724052732631,0.102802936644229,1.5556059921109644e-08,0.1028026117487683,0.9893751458546725
img_003102.jpg,-0.168894,0.130789,1.069197,11.984476885563422,-1.262505691617498,11.984449491689563,0.1049608802193334,2.1491064675083218e-07,0.1049606438109344,0.9889218760217264
img_003103.jpg,-0.169085,0.13092,1.069056,12.22896944775758,-1.3149479307347631,12.228932200239072,0.1071178022350457,1.1230811126049235e-07,0.1071174809403759,0.9884592160131388
img_003104.jpg,-0.169233,0.131096,1.068928,12.473245785046972,-1.3684302672245474,12.473223621424124,0.1092737420203764,5.8937591428803726e-08,0.1092735509297298,0.9879871154888956
img_003105.jpg,-0.169424,0.131227,1.068787,12.717309344349673,-1.4229469127509726,12.717284363631808,0.1114287387514206,6.271050093965835e-08,0.1114285234772705,0.9875056052174788
img_003106.jpg,-0.169614,0.131358,1.068646,12.961128947898503,-1.47850060722638,12.96110715335824,0.1135825409834586,5.3049784285927326e-08,0.113582353259918,0.9870147189437842
img_003107.jpg,-0.169805,0.131489,1.068504,13.204719935913433,-1.5350899891051049,13.204697768067296,0.1157352942778832,5.229042396998063e-08,0.1157351034357172,0.9865144334935668
img_003108.jpg,-0.169996,0.131619,1.068363,13.448082027547054,-1.5926961154324837,13.448053934281452,0.117886991668981,2.115870459985792e-07,0.1178867499400128,0.9860047522115568
img_003109.jpg,-0.170187,0.13175,1.068222,13.691200984273005,-1.6513709309860858,13.69117291927124,0.1200375768339442,5.685601929365792e-08,0.1200373354753392,0.9854856763240208
img_003110.jpg,-0.170335,0.131927,1.068095,13.934068948708717,-1.711056385022172,13.934049326310692,0.1221869381225713,6.373848001652027e-08,0.1221867694607237,0.9849572303003714
img_003111.jpg,-0.170526,0.132058,1.067953,14.176697631397031,-1.7717682910793242,14.176671315912811,0.1243352056883083,8.552465744979255e-08,0.1243349796203863,0.9844194073001796
img_003112.jpg,-0.170716,0.132189,1.067812,14.41908381541421,-1.8335210843466865,14.419056152027538,0.1264823807363288,3.516341575554582e-09,0.1264821432211314,0.98387218418322
img_003113.jpg,-0.170907,0.132319,1.067671,14.66119876023851,-1.896286856259904,14.66116980668208,0.1286282003329157,-2.208790631993973e-08,0.1286279518810725,0.9833156340026304
img_003114.jpg,-0.171098,0.13245,1.06753,14.903057150479391,-1.9600586153265769,14.903022494763189,0.1307727955280159,8.450660540781919e-08,0.1307724983167822,0.9827497288902032
img_003115.jpg,-0.171246,0.132627,1.067403,15.144651556097273,-2.0248725920951043,15.144635919842177,0.1329161552874057,1.805545449262702e-08,0.1329160212676709,0.9821744381493472
img_003116.jpg,-0.171437,0.132758,1.067261,15.3859931717272,-2.090685303461794,15.385967091685416,0.1350583399356855,1.0429197438641125e-07,0.1350581165343623,0.98158980739003
img_003117.jpg,-0.171628,0.132888,1.06712,15.627060454178835,-2.157527052747907,15.627023827098746,0.1371992112930646,5.549925342213102e-08,0.1371988977358048,0.9809958403992538
img_003118.jpg,-0.171818,0.13302,1.066978,15.867850057034564,-2.2253748821554704,15.867820505361967,0.1393387268522716,6.988538979110781e-08,0.1393384740217724,0.9803925279481006
img_003119.jpg,-0.172009,0.13315,1.066837,16.10835513031891,-2.294229100003842,16.1083497973578,0.1414768401144433,1.1605184734031493e-07,0.141476794516594,0.9797798836088278
img_003120.jpg,-0.1722,0.133281,1.066696,16.34858866664052,-2.3641046131705874,16.348578611891224,0.1436136916768612,2.9510339574767563e-08,0.1436136057613904,0.9791579238320828
img_003121.jpg,-0.172348,0.133458,1.066569,16.58854360395407,-2.4349715012626705,16.588522451189977,0.1457491967521499,6.42387700706959e-08,0.1457490161232727,0.9785266454957662
img_003122.jpg,-0.172539,0.133588,1.066428,16.828220215082887,-2.506850657571471,16.828190508439082,0.1478833939250934,4.174097008660672e-08,0.1478831404185234,0.9778860253532357
img_003123.jpg,-0.17273,0.133719,1.066286,17.067597226958615,-2.579720219744795,17.067554485072616,0.1500160856952,7.257627849741044e-08,0.150015721192624,0.9772361318676988
img_003124.jpg,-0.17292,0.13385,1.066145,17.30666587723607,-2.653600235778474,17.306663810628468,0.1521472331886281,2.5635489044051333e-08,0.1521472155764993,0.976576901337198
img_003125.jpg,-0.173111,0.133981,1.066004,17.545472460431075,-2.728471209906297,17.545447324902547,0.154277216968928,2.2395502754374297e-08,0.1542770029045287,0.9759083700323088
img_003126.jpg,-0.173302,0.134112,1.065862,17.78395754747584,-2.8043293808344107,17.783934272435786,0.1564055357585582,4.095131821840736e-08,0.1564053376765014,0.9752305772125768
img_003127.jpg,-0.173451,0.134289,1.065735,18.022145826987163,-2.8811676612743606,18.02211388105221,0.1585324002630577,1.466132462518699e-07,0.1585321285789271,0.974543504557414
img_003128.jpg,-0.173641,0.134419,1.065594,18.260005384534185,-2.959013674567618,18.25999807682107,0.160657585137877,6.285705613298664e-08,0.1606575230338598,0.973847164923884
img_003129.jpg,-0.173832,0.13455,1.065452,18.49758285477324,-3.037844904597092,18.49757403625096,0.1627814668876744,1.5306949392029923e-08,0.1627813919984735,0.973141517178738
img_003130.jpg,-0.174023,0.134681,1.065311,18.734851378072666,-3.117645282858621,18.73484110774368,0.1649038043632669,8.874872540337586e-08,0.1649037172090112,0.9724266035836144
img_003131.jpg,-0.174213,0.134812,1.06517,18.971785193853684,-3.1984294169088265,18.971776242225868,0.1670244074891613,7.418418012522522e-08,0.1670243315820025,0.9717024853124924
img_003132.jpg,-0.174404,0.134943,1.065028,19.208415354554354,-3.2801937525630267,19.208408259648078,0.1691435436439755,7.408645314246899e-08,0.1691434835266757,0.9709690744941438
img_003133.jpg,-0.174553,0.135119,1.064902,19.4447264047254,-3.36293830897362,19.444721070707857,0.1712610902567129,2.8528966796587122e-08,0.1712610450945308,0.9702264134712114
img_003134.jpg,-0.174743,0.13525,1.06476,19.680708481213035,-3.446645897468392,19.68070733259051,0.1733769477570595,4.2977514047581884e-08,0.1733769380394123,0.9694745336224784
img_003135.jpg,-0.174934,0.135381,1.064619,19.916364020671757,-3.5313378860432905,19.91636061205235,0.17549117508332,-8.493066372058934e-08,0.1754911462681514,0.9687134277222332
img_003136.jpg,-0.175125,0.135512,1.064477,20.15167256265935,-3.6169609604007937,20.15168594746781,0.1776035301417092,5.72126421481689e-08,0.17760364320182,0.967943145025905
img_003137.jpg,-0.175315,0.135643,1.064336,20.386697867440787,-3.703571062201214,20.38667690209983,0.1797146394229386,6.960408131806428e-08,0.1797144624734711,0.9671635644269015
img_003138.jpg,-0.175464,0.135819,1.064209,20.621343380049087,-3.791137967757778,20.621348246681222,0.1818236509121917,6.569361799685369e-08,0.1818236919535315,0.966374826355356
img_003139.jpg,-0.175655,0.13595,1.064068,20.85566625835034,-3.879673745100739,20.85567073902737,0.1839310719088898,-2.8754632674932168e-08,0.1839311096641838,0.9655768781843048
img_003140.jpg,-0.175845,0.136081,1.063927,21.08963749850177,-3.969154530682236,21.089664454718825,0.1860366288036417,-4.203749837117243e-08,0.1860368557535301,0.9647697450919128
img_003141.jpg,-0.176036,0.136212,1.063785,21.32329706452825,-4.059577992543279,21.323310988475143,0.1881406602943511,6.493452373718124e-08,0.1881407774237178,0.9639533908931492
img_003142.jpg,-0.176227,0.136343,1.063643,21.55658598762629,-4.150957273831027,21.556603506481785,0.1902426959816364,5.7481500018163885e-08,0.1902428432254638,0.9631279132218769
img_003143.jpg,-0.176417,0.136473,1.063503,21.78952995321221,-4.243303144119327,21.78954730506617,0.1923429749338591,-1.209830333345763e-07,0.192343120647645,0.9622932525655076
img_003144.jpg,-0.176566,0.13665,1.063376,22.02214014204907,-4.336563880667954,22.022151948153635,0.1944415158977568,-1.5889932002133292e-08,0.1944416149536741,0.9614494033851126
img_003145.jpg,-0.176757,0.136781,1.063234,22.25439395213191,-4.430764501796071,22.25440827339472,0.1965381727334476,9.238127150063002e-08,0.1965382927855261,0.960596401267223
img_003146.jpg,-0.176948,0.136912,1.063093,22.486288424769224,-4.525911875263331,22.48628967688029,0.198632936667075,7.821153422821192e-08,0.1986329471538337,0.95973429071592
img_003147.jpg,-0.177138,0.137042,1.062951,22.717824370349447,-4.621999713654103,22.71783047557233,0.2007258094928087,3.7889816846548026e-08,0.2007258605792299,0.958863013312216
img_003148.jpg,-0.177329,0.137173,1.06281,22.948991235261857,-4.719021796218057,22.949003863126144,0.2028166975338823,-5.861212449415065e-08,0.2028168031025131,0.9579826363670289
img_003149.jpg,-0.177519,0.137304,1.062668,23.17980527306077,-4.816952574552345,23.17981053026461,0.2049056990246156,1.5024035904254163e-08,0.2049057429339043,0.9570931464700486
img_003150.jpg,-0.177668,0.137481,1.062542,23.410249652311425,-4.915830142082362,23.410271624086278,0.2069927395038468,-7.002129664285263e-08,0.2069929228444791,0.9561945072447272
img_003151.jpg,-0.177859,0.137612,1.0624,23.640329351617712,-5.015611599605348,23.6403552687653,0.2090777934001418,-2.0280242520043238e-08,0.2090780094571408,0.9552867958201696
img_003152.jpg,-0.178049,0.137742,1.062259,23.87006491618522,-5.116321724175885,23.87006432224216,0.2111610761205745,-1.8473644856908944e-08,0.2111610711739501,0.9543699502563304
img_003153.jpg,-0.17824,0.137873,1.062118,24.099392108363844,-5.217949475088766,24.09942153209425,0.2132420373034958,-6.633976983028146e-08,0.2132422821197725,0.9534440532317568
img_003154.jpg,-0.178431,0.138004,1.061976,24.328368740636183,-5.320478985063655,24.328387214332817,0.2153211341217819,-1.649614712884162e-08,0.2153212876790219,0.952509082514575
img_003155.jpg,-0.178579,0.138181,1.061849,24.55695796508281,-5.42394006043185,24.55698802910509,0.217398113574855,-1.5526686677341808e-07,0.2173983632255965,0.9515650329225545
img_003156.jpg,-0.17877,0.138312,1.061708,24.785189476190304,-5.528282998571057,24.785208169940304,0.2194731390370185,-6.001450328363411e-08,0.2194732941138892,0.9506119157742724
img_003157.jpg,-0.178961,0.138442,1.061567,25.013029190289338,-5.633537600412668,25.013048424161717,0.2215459808138783,-6.165503454308442e-08,0.2215461402099233,0.9496497702539068
img_003158.jpg,-0.179151,0.138573,1.061425,25.24049622021594,-5.739695706233899,25.240501027980347,0.2236167851410442,-8.961198844081865e-08,0.2236168249434758,0.948678580450394
img_003159.jpg,-0.179342,0.138704,1.061284,25.467576868549724,-5.846751722291903,25.46758056648623,0.2256854302042454,-1.1455278685346126e-07,0.2256854607870206,0.9476983483064966
img_003160.jpg,-0.179533,0.138835,1.061143,25.694270148448407,-5.954710436929688,25.69427206496287,0.227751917785345,-2.2686927900889003e-07,0.2277519336188083,0.946709100346004
img_003161.jpg,-0.179682,0.139012,1.061016,25.92059272939404,-6.0635259157877694,25.92058224481806,0.2298163039846763,-1.799023782722564e-08,0.2298162174566899,0.9457108292796068
img_003162.jpg,-0.179872,0.139142,1.060874,26.14651599780685,-6.173244007175434,26.14650545663657,0.2318784351986806,4.337721802583072e-08,0.2318783482962799,0.9447035634955542
img_003163.jpg,-0.180063,0.139273,1.060733,26.372048579264444,-6.283854255423643,26.37204042822628,0.2339383646670504,3.889205794221917e-08,0.2339382975414126,0.9436872969794232
img_003164.jpg,-0.180253,0.139404,1.060591,26.597178436982105,-6.3953526448380495,26.59718330248672,0.235995986497589,-5.0658442357631734e-08,0.2359960265225823,0.9426620655476596
img_003165.jpg,-0.180444,0.139535,1.06045,26.821925904341818,-6.507722502949511,26.821916498745296,0.2380514373778336,-1.0224781444440056e-07,0.2380513600896719,0.9416278793248392
img_003166.jpg,-0.180635,0.139666,1.060309,27.046277475772104,-6.620966661044422,27.04627403056993,0.2401046108994076,-1.1702021700255029e-07,0.2401045826206753,0.9405846932782724
img_003167.jpg,-0.180783,0.139842,1.060182,27.270247005186363,-6.735074312269748,27.270229765635737,0.2421555998104904,-5.1184345761789984e-08,0.2421554584639716,0.939532543032184
img_003168.jpg,-0.180974,0.139973,1.060041,27.49380853970509,-6.850049966835746,27.493786823487657,0.2442041985971914,-1.0913607205453868e-08,0.2442040207477014,0.9384714730017956
img_003169.jpg,-0.181165,0.140104,1.059899,27.7169674194538,-6.965895366579322,27.716948322397577,0.2462504534748161,-1.3754900878015786e-08,0.2462502972538138,0.9374014642968376
img_003170.jpg,-0.181355,0.140235,1.059758,27.93972664141605,-7.082600382124033,27.93970767072569,0.2482943685003868,-4.9046266561991744e-09,0.2482942134917199,0.936322535303686
img_003171.jpg,-0.181546,0.140365,1.059617,28.162074360912435,-7.200175781795482,28.16206480893729,0.2503358660846888,-1.2011829984837077e-07,0.2503357881266127,0.9352347017378267
img_003172.jpg,-0.181737,0.140496,1.059475,28.384049073842142,-7.31859024696703,28.384012935301097,0.2523751982448359,-5.36902510089865e-08,0.2523749036473963,0.93413792735326
img_003173.jpg,-0.181885,0.140673,1.059349,28.60559259854053,-7.437854287698532,28.60555623099568,0.2544119082510518,-3.2267628381765785e-08,0.254411612137674,0.9330323212780826
img_003174.jpg,-0.182076,0.140804,1.059207,28.826733239654548,-7.557961911962382,28.82670599067353,0.2564462129420759,5.8881071643424043e-08,0.25644599133926,0.9319178039900772
img_003175.jpg,-0.182267,0.140935,1.059066,29.047451118186235,-7.67893869658111,29.047449688852364,0.2584779984906197,-8.399100551170768e-08,0.258477986880551,0.9307944212308396
img_003176.jpg,-0.182458,0.141065,1.058924,29.267797719491952,-7.800720678904264,29.26776217042571,0.2605075542357755,1.0062662700316417e-07,0.2605072658321055,0.9296621852236246
img_003177.jpg,-0.182648,0.141196,1.058783,29.48771610244966,-7.9233694579523615,29.48769057610801,0.2625345362859489,6.421304214743184e-08,0.2625343294491852,0.928521051521065
img_003178.jpg,-0.182797,0.141373,1.058656,29.707206263063032,-8.046849051444521,29.70720091655729,0.2645588706968862,1.18637306922853e-09,0.2645588274284712,0.9273711397090488
img_003179.jpg,-0.182988,0.141504,1.058515,29.926304914414228,-8.171156402074391,29.92629011940943,0.2665808449410027,-9.00802334113937e-09,0.2665807253570074,0.9262123784417226
img_003180.jpg,-0.183178,0.141635,1.058373,30.144979783551435,-8.296300620979059,30.14496640439686,0.2686002124861582,-1.1910875147291833e-07,0.2686001044824266,0.9250448149816342
img_003181.jpg,-0.183369,0.141766,1.058231,30.363254226655062,-8.422251747068842,30.36323585754182,0.2706170972314184,-3.845244686551119e-08,0.2706169491346211,0.9238684178643132
img_003182.jpg,-0.18356,0.141896,1.05809,30.58109682213165,-8.549024531668135,30.581091200915868,0.2726312711997272,-1.385960138322595e-09,0.2726312259380887,0.9226832634265758
img_003183.jpg,-0.18375,0.142027,1.057949,30.798527582378966,-8.676631673639923,30.79852827534754,0.274642917573929,-9.704455833370319e-08,0.274642923146443,0.9214893013985824
img_003184.jpg,-0.183899,0.142204,1.057822,31.01554693130972,-8.805047266343474,31.01554872478745,0.2766519818849155,-1.3256551251172868e-07,0.2766519962883605,0.920286560734642
img_003185.jpg,-0.184089,0.142335,1.057681,31.232142235113592,-8.934270294666986,31.232148370156043,0.2786583554484986,-1.637311203284142e-07,0.278658404654249,0.9190750864071228
img_003186.jpg,-0.18428,0.142466,1.057539,31.448325364794243,-9.06428840757674,31.44833426959431,0.2806621025222681,-6.802113111659125e-08,0.2806621738478823,0.9178548514763956
img_003187.jpg,-0.184471,0.142596,1.057398,31.664079849394657,-9.195127402343966,31.6640929205432,0.2826631396001591,-1.517109975840425e-07,0.2826632441571737,0.9166258996525792
img_003188.jpg,-0.184662,0.142727,1.057257,31.879423610692697,-9.326760991062256,31.879442520376827,0.2846615496401437,-1.3650586043467694e-07,0.2846617006957614,0.9153881790330538
img_003189.jpg,-0.184852,0.142858,1.057116,32.09434567271459,-9.45920137434848,32.09436856098453,0.2866572646761857,-2.077803604866313e-07,0.2866574472648364,0.9141417398499708
img_003190.jpg,-0.185001,0.143035,1.056988,32.30884100631118,-9.592412548441462,32.30886895096188,0.2886501623048074,-1.1656224473133304e-07,0.288650384924131,0.912886651827348
img_003191.jpg,-0.185192,0.143165,1.056847,32.52290880131213,-9.726449082374415,32.522951311281375,0.290640346075841,-3.112243510960955e-07,0.2906406842599578,0.9116228287431828
img_003192.jpg,-0.185382,0.143296,1.056706,32.736572665177455,-9.86123773338491,32.7366045655508,0.2926278409609373,-1.9270178838737278e-07,0.2926280943871921,0.9103503419397524
img_003193.jpg,-0.185573,0.143427,1.056564,32.94981205725282,-9.996821719394577,32.94983138863003,0.2946125689952232,-1.7968510050703212e-07,0.2946127223534282,0.90906918219545
img_003194.jpg,-0.185764,0.143558,1.056423,33.16262086722869,-10.13319627069876,33.16264374666369,0.296594464962184,-2.43136956415424e-07,0.2965946462100275,0.9077793449915488
img_003195.jpg,-0.185954,0.143688,1.056282,33.37502052892866,-10.270321317050051,33.37502190826045,0.2985736046882453,-8.078976765357737e-08,0.2985736155995009,0.9064808870854932
img_003196.jpg,-0.186103,0.143865,1.056155,33.58698965573928,-10.408244146652304,33.58698414188941,0.3005499140637904,-1.0579051649972637e-07,0.3005498705091722,0.9051737537584464
img_003197.jpg,-0.186294,0.143996,1.056013,33.79852729748858,-10.54691993831364,33.798511280166885,0.3025232806562942,-3.5840130155340155e-08,0.3025231543172778,0.9038580672665796
img_003198.jpg,-0.186485,0.144127,1.055872,34.009621334275955,-10.686382909943696,34.00961744376718,0.304493676478517,-1.6620645264253667e-07,0.3044936458365136,0.902533778110136
img_003199.jpg,-0.186675,0.144258,1.055731,34.22030220079605,-10.826598840609403,34.22029711689605,0.3064612585142029,-1.81629509182768e-07,0.3064612185320763,0.901200875812764
img_003200.jpg,-0.186866,0.144389,1.055589,34.43057055941935,-10.967566028773357,34.43055606962068,0.3084260194144924,-7.61273940552698e-08,0.3084259056296741,0.899859350834696
img_003201.jpg,-0.187014,0.144565,1.055462,34.640394988493185,-11.1092959775878,34.64037631356171,0.3103877294791395,-1.0011323035852283e-07,0.3103875830495218,0.8985093242017306
img_003202.jpg,-0.187205,0.144696,1.055321,34.849796463937665,-11.251766148988782,34.84977754924917,0.3123464948459418,1.0274083916961274e-08,0.3123463467606303,0.8971507269253823
img_003203.jpg,-0.187396,0.144827,1.05518,35.058751234376984,-11.39501467634066,35.05874477412523,0.3143022063685226,-1.8074624164032826e-07,0.3143021558675386,0.8957836110852126
img_003204.jpg,-0.187586,0.144958,1.055038,35.26728924158349,-11.538975277150316,35.26728348360552,0.3162549409813596,-7.38085612073114e-08,0.3162548960392964,0.8944079902572679
img_003205.jpg,-0.187777,0.145088,1.054897,35.47537503855293,-11.683716065048449,35.4754049850906,0.3182045662534801,-3.042737616726354e-07,0.3182047996298549,0.8930238291937489
img_003206.jpg,-0.187968,0.145219,1.054756,35.6830532937033,-11.829167255106212,35.68308946007988,0.3201512639874695,-2.73790965371612e-07,0.3201515453961464,0.8916311771958234
img_003207.jpg,-0.188116,0.145396,1.054629,35.89031208719924,-11.975348629367597,35.89032803280948,0.32209497583245,-2.2423031262319706e-07,0.3220950997094459,0.8902300676154481
img_003208.jpg,-0.188307,0.145527,1.054487,36.09712973457949,-12.122278790016688,36.09716475484376,0.3240355661053735,-2.668257914201222e-07,0.324035837737217,0.8888204136723228
img_003209.jpg,-0.188498,0.145658,1.054346,36.30358334631107,-12.269913152235963,36.30355126566186,0.3259735208765842,8.217306432523053e-09,0.325973272442584,0.8874022139595978
img_003210.jpg,-0.188689,0.145789,1.054205,36.50954582981085,-12.418308957136931,36.50951742138778,0.3279079763149866,-1.5550954170218126e-07,0.327907756672571,0.8859756555249969
img_003211.jpg,-0.188879,0.145919,1.054063,36.71508052487817,-12.567395907693069,36.71507388218459,0.3298392522202508,-1.7578946742702328e-08,0.3298392009448125,0.8845406543595795
img_003212.jpg,-0.18907,0.14605,1.053922,36.92018235144458,-12.717213622726812,36.92016925609509,0.331767390201243,-8.103093997180456e-08,0.3317672892822313,0.8830973131888523
img_003213.jpg,-0.189219,0.146227,1.053795,37.12485352018249,-12.8677543817067,37.124844238637976,0.3336923793658916,-1.884223952280939e-07,0.3336923079554794,0.8816455294303033
img_003214.jpg,-0.189409,0.146358,1.053654,37.32909256019077,-13.018993769416651,37.32910556333445,0.3356141412345472,-1.5833924127406362e-07,0.3356142411125351,0.8801853380770606
img_003215.jpg,-0.1896,0.146488,1.053512,37.53290658634061,-13.1709430050676,37.53292034988127,0.3375327457030391,-1.8188131155338905e-07,0.3375328512452976,0.8787168030192404
img_003216.jpg,-0.189791,0.146619,1.053371,37.7362960747691,-13.32359874875027,37.736314765016346,0.339448177600279,-1.8174313064223124e-07,0.3394483206808569,0.8772398601926172
img_003217.jpg,-0.189981,0.14675,1.05323,37.93925872653887,-13.47694484996856,37.93927621743265,0.3413603702467576,-1.0202560314642729e-07,0.3413605039191578,0.8757545911892468
img_003218.jpg,-0.19013,0.146927,1.053103,38.14180917459869,-13.630988897742569,38.14181218737816,0.3432694416783137,3.6090443231162617e-08,0.3432694646639115,0.8742609250328011
img_003219.jpg,-0.190321,0.147058,1.052962,38.343914577761694,-13.78575200764574,38.34390999806779,0.3451751796668081,-9.667952449721184e-08,0.3451751447866781,0.8727589671630267
img_003220.jpg,-0.190511,0.147188,1.05282,38.54559137312581,-13.941194070339405,38.545595577209056,0.3470776038008689,-8.6166360366291e-08,0.3470776357648428,0.8712486738536404
img_003221.jpg,-0.190702,0.147319,1.052679,38.7468439312124,-14.09732216276819,38.74684313812252,0.3489767521954239,-8.025070406814105e-08,0.3489767461760095,0.8697301058693623
img_003222.jpg,-0.190893,0.14745,1.052537,38.94767751081416,-14.254119972790493,38.94765899408613,0.3508726138729398,5.581394485476566e-08,0.3508724735808888,0.8682032688934063
img_003223.jpg,-0.191083,0.147581,1.052396,39.148081561209615,-14.411613822697298,39.14803933614077,0.3527651593211513,4.4206758406661883e-08,0.352764839968442,0.8666681660538595
img_003224.jpg,-0.191232,0.147758,1.052269,39.34804706112388,-14.56977743001325,39.34800654212645,0.3546542458030255,1.0312534937106933e-07,0.3546539398992162,0.8651248169182524
img_003225.jpg,-0.191423,0.147888,1.052128,39.547584264275095,-14.72862591743327,39.54754218559308,0.3565399749750723,6.111424027954726e-08,0.3565396578659754,0.8635732271287619
img_003226.jpg,-0.191613,0.148019,1.051986,39.746698507286965,-14.888122152957118,39.74665354751447,0.3584222855685253,2.1841694161639505e-07,0.3584219473591638,0.8620134412287616
img_003227.jpg,-0.191804,0.14815,1.051845,39.945364321032,-15.048325374270233,39.945345894452046,0.3603011161049871,2.2317195133569893e-08,0.3603009777434291,0.8604454144050214
img_003228.jpg,-0.191995,0.148281,1.051704,40.14363176602725,-15.2091686377247,40.143602959261976,0.3621766690024714,7.14362780179778e-08,0.3621764530943776,0.8588691851814485
img_003229.jpg,-0.192185,0.148412,1.051562,40.34145432727801,-15.370667307133038,40.34143199317485,0.3640486191876844,9.363210791424327e-08,0.3640484521012889,0.8572848577865978
img_003230.jpg,-0.192334,0.148588,1.051435,40.53888690754794,-15.53280528440572,40.53882036849982,0.3659173254134661,3.188857788660737e-07,0.3659168285446246,0.8556923428136994
img_003231.jpg,-0.192525,0.148719,1.051294,40.735851292682725,-15.695634558880126,40.73580369105321,0.3677823164025945,1.797873273451378e-07,0.367781961610631,0.8540916791863422
img_003232.jpg,-0.192715,0.14885,1.051153,40.9323973028986,-15.85909661792448,40.93236478169778,0.36964380946319,2.0517324628155365e-07,0.3696435675276203,0.8524828954946558
img_003233.jpg,-0.192906,0.148981,1.051011,41.12851090847918,-16.0232220397922,41.128501430164725,0.3715017613294255,7.727734621654214e-08,0.3715016909509769,0.8508659911817452
img_003234.jpg,-0.193097,0.149112,1.05087,41.32422003894171,-16.187982859470804,41.32421097882733,0.3733562978006673,6.528898398305838e-08,0.3733562306559241,0.8492409551611223
img_003235.jpg,-0.193287,0.149242,1.050729,41.51949707988008,-16.353370211055662,41.5194996370756,0.3752071784754275,1.3899270931427846e-07,0.3752071973904284,0.8476078882637357
img_003236.jpg,-0.193436,0.149419,1.050601,41.71436546776724,-16.5194132657274,41.71435243910643,0.3770546346292844,7.185724373859338e-08,0.3770545384458101,0.8459667118403589
img_003237.jpg,-0.193627,0.14955,1.05046,41.90879668509319,-16.68608591409103,41.90881006258886,0.3788983778556613,7.62421904776378e-08,0.3788984764218577,0.8443174544112763
img_003238.jpg,-0.193817,0.149681,1.050319,42.10283062027947,-16.853381334818625,42.102807153667726,0.3807386714546027,9.115645294155429e-08,0.3807384988905612,0.842660227803317
img_003239.jpg,-0.194008,0.149812,1.050177,42.29642153878173,-17.021306431950872,42.29642014943391,0.3825751817614234,1.3587802544234864e-07,0.3825751715649075,0.8409949276911705
img_003240.jpg,-0.194199,0.149942,1.050036,42.48960374443087,-17.18987300375614,42.48958992966308,0.3844081762015445,8.069556828305124e-09,0.3844080750157894,0.8393216224618889
img_003241.jpg,-0.194347,0.150119,1.049909,42.68235849733775,-17.359051068961133,42.68234943058483,0.3862374290941908,-4.437878048380029e-08,0.3862373628181255,0.8376403452138679
img_003242.jpg,-0.194538,0.15025,1.049768,42.874711058854,-17.528826427822676,42.87469899020613,0.3880630754930956,1.441677333624547e-07,0.388062987451701,0.8359510555103572
img_003243.jpg,-0.194729,0.150381,1.049627,43.0666318068204,-17.699233198766105,43.066613869325394,0.3898849692498686,9.91491851121129e-08,0.3898848386606126,0.8342538722329117
img_003244.jpg,-0.194919,0.150512,1.049485,43.25814175374978,-17.870250857714307,43.25811879588056,0.3917031983219817,1.0293394578364536e-07,0.391703031524822,0.8325487009890676
img_003245.jpg,-0.19511,0.150642,1.049344,43.449232673474256,-18.041871957067748,43.44921172479491,0.393517669685082,1.4800124173430798e-07,0.3935175177985732,0.8308356075850688
img_003246.jpg,-0.195301,0.150773,1.049202,43.63990101436993,-18.21411829172613,43.63988098620661,0.3953283975054913,-1.3936104825695851e-08,0.3953282525939235,0.8291146065694266
img_003247.jpg,-0.195449,0.15095,1.049075,43.83018025344605,-18.386928127402832,43.830128206331885,0.3971354549711253,1.785098332485191e-07,0.3971350791751276,0.8273857379079063
img_003248.jpg,-0.19564,0.151081,1.048934,44.02003149152464,-18.560354988288125,44.01997474469312,0.398938679445393,2.275554527586543e-07,0.3989382705760566,0.8256489485926201
img_003249.jpg,-0.195831,0.151211,1.048793,44.209456083120976,-18.734390658707056,44.20941394470172,0.4007380460061925,1.4757332827963765e-07,0.4007377430342203,0.8239042904312104
img_003250.jpg,-0.196021,0.151342,1.048652,44.39846751420334,-18.90899632772157,44.39843311199749,0.4025335397708311,2.057188129012122e-07,0.4025332929477214,0.8221518700508966
img_003251.jpg,-0.196212,0.151473,1.04851,44.58708326899049,-19.08420993825769,44.58703596830025,0.4043253660353716,1.5843581685492938e-07,0.4043250273970488,0.8203915349396977
img_003252.jpg,-0.196403,0.151604,1.048369,44.77528765720196,-19.259988362167245,44.775227857128094,0.4061132885091696,2.66370302065555e-07,0.4061128613070381,0.8186234426017908
img_003253.jpg,-0.196551,0.151781,1.048242,44.96305290512095,-19.436365695084657,44.96302489803741,0.4078971797192579,1.996497966949562e-07,0.4078969800752022,0.8168475649853928
img_003254.jpg,-0.196742,0.151911,1.048101,45.15044498551594,-19.613320101500925,45.1503948516386,0.4096774400717337,2.133474192034246e-07,0.4096770834807053,0.8150638517116121
img_003255.jpg,-0.196933,0.152042,1.047959,45.33742011344808,-19.79085477937,45.33735311216748,0.4114537498292838,1.519789645798575e-07,0.4114532743116831,0.8132724111941783
img_003256.jpg,-0.197123,0.152173,1.047818,45.52398051528387,-19.96894853847057,45.52392313471682,0.4132260562273155,2.370943785467983e-07,0.4132256498901684,0.8114732212017913
img_003257.jpg,-0.197314,0.152304,1.047676,45.71011868198868,-20.147628179016444,45.71007391906354,0.4149943587271963,9.743111395454919e-08,0.4149940424470124,0.809666367683678
img_003258.jpg,-0.197463,0.15248,1.047549,45.89585560137439,-20.32685854200957,45.89583588485889,0.4167587015905409,1.530108492409088e-07,0.4167585625923012,0.8078517717716178
img_003259.jpg,-0.197654,0.152611,1.047408,46.08121508729108,-20.506659980297183,46.081164018897326,0.4185192879397271,1.437531031989181e-07,0.4185189287279473,0.8060294733561636
img_003260.jpg,-0.197844,0.152742,1.047267,46.266165605913535,-20.68700910999082,46.2660961398055,0.4202758202348781,2.3778790464445978e-07,0.4202753327240331,0.8041995272502636
img_003261.jpg,-0.198035,0.152873,1.047126,46.45069145354684,-20.86793231033142,46.450639624384415,0.4220282398717354,1.7610318836513986e-07,0.4220278769675627,0.802361910744139
img_003262.jpg,-0.198226,0.153004,1.046984,46.63479654305572,-21.04940835174272,46.63479103195269,0.4237765056146876,8.889636102238364e-08,0.4237764671150763,0.8005166951466166
img_003263.jpg,-0.198416,0.153135,1.046843,46.8185425871444,-21.231446144937085,46.81851282924328,0.4255210552625824,-3.1678369427634585e-08,0.4255208478602471,0.7986637838067491
img_003264.jpg,-0.198565,0.153311,1.046716,47.00188651536607,-21.41399812979294,47.00184601625017,0.4272614504881142,1.3215204489047674e-07,0.4272611688806727,0.7968033298709891
img_003265.jpg,-0.198755,0.153442,1.046574,47.18480665438338,-21.59712047873745,47.18478851967558,0.4289976678257841,4.134733147531655e-08,0.4289975420231506,0.7949352866354163
img_003266.jpg,-0.198946,0.153573,1.046433,47.3673377694575,-21.78077712440204,47.36733412530343,0.4307298413637507,4.1226521918513725e-08,0.4307298161434659,0.7930596631047203
img_003267.jpg,-0.199137,0.153704,1.046292,47.549473411061776,-21.96499327967951,47.54947236814503,0.4324579742475447,-1.5018210725026293e-07,0.4324579670469181,0.7911764703574886
img_003268.jpg,-0.199328,0.153835,1.04615,47.73122515360299,-22.14972706728555,47.731215611937024,0.4341820233598111,-1.613913805931233e-07,0.4341819576385702,0.7892857519633136
img_003269.jpg,-0.199518,0.153966,1.046009,47.91255636508672,-22.33498962689577,47.91257833508808,0.4359017485598189,-1.900490338990757e-07,0.4359018995212174,0.7873875790208089
img_003270.jpg,-0.199667,0.154142,1.045882,48.09354098547836,-22.52077188318993,48.09351889459193,0.4376176185816571,-7.687337771900006e-08,0.4376174671569859,0.7854818727036402
img_003271.jpg,-0.199858,0.154273,1.045741,48.27408578015744,-22.70710399542145,48.27410051842375,0.4393290542057584,-1.906807482188189e-07,0.4393291549849184,0.7835686796387888
img_003272.jpg,-0.200048,0.154404,1.045599,48.45425323380724,-22.89395537516164,48.45427710490665,0.4410363897015715,-2.728149307573702e-07,0.4410365525302456,0.7816480424661505
img_003273.jpg,-0.200239,0.154535,1.045458,48.63405309973048,-23.08132499386765,48.63405340099226,0.4427396717404325,-2.9058618480903853e-07,0.4427396737903193,0.7797199268449739
img_003274.jpg,-0.20043,0.154665,1.045317,48.81342819902373,-23.26920227572864,48.813473513061226,0.4444384676708485,-2.469273794603044e-07,0.444438775237497,0.7777844325516684
img_003275.jpg,-0.20062,0.154796,1.045175,48.992446348263705,-23.457602802170346,48.992474947774426,0.4461332618155432,-2.673668894892512e-07,0.4461334554483046,0.7758415125729662
img_003276.jpg,-0.200769,0.154973,1.045048,49.17106306728018,-23.64650612835175,49.17111215479773,0.4478236835149572,-1.929094142483212e-07,0.4478240150261877,0.773891206855901
img_003277.jpg,-0.20096,0.155104,1.044907,49.349311248168014,-23.835919600942017,49.3493477217824,0.4495099573595574,-1.2618317737911333e-07,0.4495102030600398,0.7719335305449004
img_003278.jpg,-0.20115,0.155234,1.044766,49.527178974488415,-24.02584195059453,49.52718883386682,0.4511919826339813,-1.0734461172723365e-07,0.4511920488815309,0.7699685252222274
img_003279.jpg,-0.201341,0.155365,1.044624,49.704647002307205,-24.21628297337548,49.70466545472184,0.4528696386400314,-1.971693614211123e-07,0.4528697623086478,0.767996138521879
img_003280.jpg,-0.201532,0.155496,1.044483,49.88173947885433,-24.407202255392757,49.88175531333896,0.4545429677669219,-1.220426959214205e-07,0.4545430736165563,0.7660165041830613
img_003281.jpg,-0.20168,0.155673,1.044356,50.05846558697383,-24.59862137292407,50.05845986152313,0.4562120694342296,-2.9263890255482042e-08,0.4562120312602725,0.7640295349238228
img_003282.jpg,-0.201871,0.155804,1.044215,50.23479393986447,-24.79054972171879,50.234783943960025,0.4578767415391286,-1.2420656581024758e-07,0.4578766750662475,0.7620353272570588
img_003283.jpg,-0.202062,0.155934,1.044073,50.41074411845211,-24.98296527740092,50.410737047948906,0.4595370419423084,-1.606209370785816e-07,0.4595369950468765,0.760033852710637
img_003284.jpg,-0.202252,0.156065,1.043932,50.5863163525204,-25.17585351551233,50.58633356018291,0.4611929183527727,-4.294257283099512e-09,0.461193032181753,0.7580251177423167
img_003285.jpg,-0.202443,0.156196,1.043791,50.76153762109377,-25.369237149258467,50.7615128825949,0.462844590145231,1.2607193705660436e-08,0.4628444269348393,0.7560092075025628
img_003286.jpg,-0.202634,0.156327,1.04365,50.93636424121967,-25.563107404060016,50.9363494554767,0.4644917294229403,4.72538628504271e-08,0.4644916321361536,0.7539860456090525
img_003287.jpg,-0.202782,0.156504,1.043522,51.11081401028586,-25.757457699040437,51.110807631151694,0.4661344204740693,4.4554563205512216e-08,0.466134378613858,0.7519557454555249
img_003288.jpg,-0.202973,0.156634,1.043381,51.28490981576523,-25.95227348764255,51.284880015320056,0.4677727593629722,1.4223087710374396e-07,0.4677725643407214,0.7499183113166635
img_003289.jpg,-0.203164,0.156765,1.04324,51.45862201627192,-26.147582471202632,51.45860607833247,0.469406605619283,1.4802927042478764e-07,0.4694065016014375,0.7478736356198556
img_003290.jpg,-0.203354,0.156896,1.043098,51.63195680840816,-26.34336058850369,51.63194799045309,0.4710359220275198,7.65718989326203e-08,0.4710358646356392,0.7458219454981424
img_003291.jpg,-0.203545,0.157027,1.042957,51.80494930679925,-26.53960659514904,51.8049051678431,0.4726609169519341,4.726763161433389e-08,0.4726606304654746,0.7437631249222663
img_003292.jpg,-0.203736,0.157158,1.042816,51.97755647854509,-26.73632765466289,51.97751564883481,0.4742813119077019,-4.312484991331189e-08,0.4742810476362322,0.7416971922747081
img_003293.jpg,-0.203884,0.157334,1.042689,52.14979218388338,-26.93349580422037,52.14976913787491,0.4758971092351217,-8.104406201692171e-09,0.4758969604860639,0.739624245425865
img_003294.jpg,-0.204075,0.157465,1.042547,52.32167566792697,-27.131122443458214,52.3216514821718,0.4775084453783264,5.982417319860822e-08,0.477508289711834,0.737544248061667
img_003295.jpg,-0.204266,0.157596,1.042406,52.49318587755692,-27.329227960008144,52.493176523244976,0.4791152196267079,-4.762966440696737e-08,0.4791151595900391,0.7354571844594767
img_003296.jpg,-0.204456,0.157727,1.042264,52.66434487640329,-27.527774251457995,52.66433177043224,0.4807174598698158,-4.6058477393140513e-08,0.4807173759942157,0.7333631625555961
img_003297.jpg,-0.204647,0.157858,1.042123,52.83515999437736,-27.72676784236909,52.8351115218131,0.4823152121112976,-6.8885398774032325e-09,0.4823149027852634,0.7312621764574425
img_003298.jpg,-0.204796,0.158034,1.041996,53.00557687892439,-27.926224623068283,53.00556830395914,0.4839081531441523,-8.333448817121615e-08,0.4839080985810476,0.7291542027913462
img_003299.jpg,-0.204986,0.158165,1.041855,53.1756582549663,-28.126127426639258,53.17564913936656,0.4854966225880176,-1.4142203494382777e-07,0.4854965647530616,0.7270392802789847
img_003300.jpg,-0.205177,0.158296,1.041714,53.345393265075245,-28.326457375078046,53.34537460523129,0.4870804857766442,-3.5017281935223465e-08,0.4870803677326447,0.7249174544353437
img_003301.jpg,-0.205368,0.158427,1.041572,53.51474065553315,-28.527252399789397,53.5147551107898,0.4886595613714379,-1.9888200042395e-07,0.4886596525482584,0.722788749948178
img_003302.jpg,-0.205558,0.158558,1.041431,53.68377291280055,-28.728462928092416,53.683774793374646,0.4902341644684688,-6.66321929299052e-08,0.4902341762951816,0.7206531179285096
img_003303.jpg,-0.205749,0.158688,1.041289,53.85244047841359,-28.930128637703078,53.85244349452041,0.4918040659182128,-1.2318056580307157e-07,0.4918040848297662,0.7185106143203835
img_003304.jpg,-0.205898,0.158865,1.041163,54.02076979666884,-29.132203549202902,54.02076129971292,0.4933692984719091,4.377667017774201e-08,0.4933692453537661,0.7163613076265285
img_003305.jpg,-0.206088,0.158996,1.041021,54.1887348616978,-29.33473328250138,54.1887286673325,0.4949297979507293,-3.3216411093883735e-08,0.4949297593436313,0.714205172493524
img_003306.jpg,-0.206279,0.159127,1.04088,54.35638334615165,-29.53766878397161,54.356327842270126,0.4964857205724192,9.477276063929453e-08,0.496485375685626,0.7120422747267043
img_003307.jpg,-0.20647,0.159258,1.040739,54.52364062579845,-29.741033753749903,54.523618265127766,0.4980366453898776,1.6172565009409112e-07,0.4980365068698011,0.709872620738184
img_003308.jpg,-0.20666,0.159388,1.040597,54.69057494359359,-29.944855969969733,54.69054292981153,0.4995830495534251,-1.2417741668269144e-08,0.4995828518422842,0.7076960864269566
img_003309.jpg,-0.206851,0.159519,1.040456,54.85711828196279,-30.149086278065305,54.857152149109766,0.5011243722240055,-1.851455577184247e-07,0.5011245807359116,0.7055129468304029
img_003310.jpg,-0.207,0.159696,1.040329,55.0234006454888,-30.35372083464468,55.02337496490243,0.5026613876661736,-1.0198241290337863e-07,0.5026612300477232,0.7033229821045348
img_003311.jpg,-0.207191,0.159827,1.040188,55.18928207318768,-30.55878305781959,55.18929357399261,0.5041932770096507,-2.130975990666251e-07,0.5041933473770966,0.7011263850967973
img_003312.jpg,-0.207381,0.159958,1.040046,55.354888474256654,-30.76422367871485,55.35484732087399,0.5057206711771662,8.774333276617696e-08,0.5057204201721842,0.6989230711351416
img_003313.jpg,-0.207572,0.160088,1.039905,55.52008275793171,-30.970105148716137,55.52009749518268,0.5072428729826748,-7.791942147061803e-09,0.5072429625847089,0.6967131724867626
img_003314.jpg,-0.207762,0.160219,1.039763,55.68498482532446,-31.17638825054382,55.6849887871062,0.5087604982234003,3.320574207266169e-08,0.5087605222342785,0.6944965705195242
img_003315.jpg,-0.207953,0.16035,1.039622,55.84956132155755,-31.38307449482782,55.849529035772825,0.5102733299250624,5.644515443936626e-08,0.5102731348793549,0.6922733972843249
img_003316.jpg,-0.208102,0.160527,1.039495,56.01378719919055,-31.59016135119532,56.01375637485082,0.5117811936919456,1.0726444857334094e-07,0.5117810080749358,0.6900436287344724
img_003317.jpg,-0.208292,0.160657,1.039354,56.1776984371439,-31.797662072581744,56.17763722872021,0.5132843228399663,7.226739873189558e-08,0.5132839554516428,0.6878072295364654
img_003318.jpg,-0.208483,0.160788,1.039213,56.34125240145696,-32.005546298181365,56.34120759357766,0.5147823688673276,1.0560870125631007e-07,0.5147821007961852,0.6855643670751842
img_003319.jpg,-0.208674,0.160919,1.039071,56.50446270103063,-32.213844180998485,56.50445301366186,0.5162754729474797,-4.02105535812769e-08,0.5162754151812389,0.683314957916402
img_003320.jpg,-0.208865,0.16105,1.03893,56.6673971718708,-32.42249662648737,56.66734617230342,0.5177638755559335,2.0338068013048274e-07,0.5177635724469748,0.6810590666133187
img_003321.jpg,-0.209013,0.161227,1.038803,56.82993227518791,-32.63159495808533,56.82994878918451,0.5192470520309582,-1.1639178440492337e-07,0.5192471498535536,0.6787966531488699
img_003322.jpg,-0.209204,0.161357,1.038662,56.99222385157564,-32.8410401388811,56.99218690944547,0.5207256643949295,3.7694246141084526e-08,0.520725446295292,0.6765277466749067
img_003323.jpg,-0.209395,0.161488,1.03852,57.15412939987127,-33.050883903833466,57.1541378211896,0.5221989811049879,-2.4462180253648214e-08,0.5221990306557099,0.6742524723834157
img_003324.jpg,-0.209585,0.161619,1.038379,57.315732588109896,-33.261109560735896,57.31575233413075,0.5236674386461802,-5.945306538746031e-08,0.5236675544378461,0.671970762854182
img_003325.jpg,-0.209776,0.16175,1.038238,57.47701997320171,-33.47172327509795,57.47704852315232,0.5251309559769075,-1.1951183095937348e-07,0.5251311228251628,0.6696825986354644
img_003326.jpg,-0.209967,0.161881,1.038096,57.63799524080763,-33.68269211761157,57.63802115884828,0.5265894567078843,-1.1249426778991989e-08,0.526589607656111,0.6673881398351924
img_003327.jpg,-0.210115,0.162057,1.037969,57.798676507622936,-33.89405716381737,57.79865872888177,0.5280431302643616,-2.2202456401165804e-08,0.5280430270768903,0.6650872229535676
img_003328.jpg,-0.210306,0.162188,1.037828,57.95899242477131,-34.105783681700096,57.959015594914106,0.529491460727089,-1.7943539598608282e-08,0.5294915947396548,0.6627800872967976
img_003329.jpg,-0.210497,0.162319,1.037686,58.11903390183613,-34.31789156583509,58.119029822809495,0.5309350074850506,-3.4136301008125265e-08,0.5309349839749378,0.6604665476906311
img_003330.jpg,-0.210687,0.16245,1.037545,58.27874311232072,-34.53036515440956,58.27872981687323,0.5323733812213902,-1.278899172951764e-07,0.5323733048601385,0.658146828024858
img_003331.jpg,-0.210878,0.162581,1.037403,58.43814076675146,-34.743204584723415,58.43813857156595,0.5338066856642631,-1.2763088039213777e-07,0.5338066731009649,0.6558207514961676
img_003332.jpg,-0.211069,0.162711,1.037262,58.5972400095221,-34.95639201119267,58.59722530579852,0.5352349360382538,-2.1013665918445668e-08,0.5352348521864063,0.6534884974114858
img_003333.jpg,-0.211217,0.162888,1.037135,58.7560127492255,-35.169957288605055,58.75601268801024,0.5366580284690947,-7.146455205386816e-08,0.5366580281212479,0.6511499991036419
img_003334.jpg,-0.211408,0.163019,1.036994,58.91451016492589,-35.38387201596426,58.91448140744559,0.5380761685016575,3.776883755746141e-08,0.5380760056798461,0.648805247360251
img_003335.jpg,-0.211599,0.16315,1.036853,59.07269765392711,-35.59812993116507,59.072643570988056,0.5394891277550444,2.1468356534160018e-07,0.5394888226525933,0.64645439999042
img_003336.jpg,-0.21179,0.163281,1.036711,59.230579024875325,-35.812764769969746,59.23049557165324,0.5408969933940524,1.9587489463734897e-07,0.540896524319229,0.6440973470808693
img_003337.jpg,-0.21198,0.163411,1.03657,59.38810625658781,-36.027761623968026,59.388077278625225,0.542299444223671,1.6131964791776813e-08,0.5422992819416438,0.6417342141418634
img_003338.jpg,-0.212171,0.163542,1.036429,59.54537957979999,-36.24308535191827,59.54533525048652,0.5436969419206101,1.1007436276355699e-07,0.5436966945846421,0.6393649502779294
img_003339.jpg,-0.212319,0.163719,1.036302,59.702366348149326,-36.45876063970598,59.70227956890777,0.5450893456094213,1.702537574532759e-07,0.5450888632223359,0.6369895889997303
img_003340.jpg,-0.21251,0.16385,1.03616,59.85903129126911,-36.67479326427617,59.85893962626317,0.5464764568994867,9.88911461885511e-08,0.5464759492585184,0.634608161731769
img_003341.jpg,-0.212701,0.16398,1.036019,60.01538314240417,-36.89115925685843,60.01532493309535,0.5478582520113786,1.1857322254615889e-07,0.5478579308608712,0.6322207077404753
img_003342.jpg,-0.212891,0.164111,1.035878,60.17143634786953,-37.107874902521566,60.171411797345534,0.5492348344131682,4.293617436590402e-08,0.5492346994766184,0.6298272315150929
img_003343.jpg,-0.213082,0.164242,1.035736,60.32724255746535,-37.32491585648013,60.327170954025256,0.5506064131765596,1.1730862078951355e-07,0.5506060211233017,0.6274277546232686
img_003344.jpg,-0.213231,0.164419,1.035609,60.48273382616989,-37.54229663734376,60.48265709419934,0.5519726335834102,1.4843023676824885e-07,0.5519722150603957,0.6250223080629143
img_003345.jpg,-0.213421,0.16455,1.035468,60.63790136010607,-37.76002299172082,60.63787744230372,0.5533334470211049,5.946796186040437e-08,0.5533333170683747,0.622610903076591
img_003346.jpg,-0.213612,0.16468,1.035327,60.79283004953802,-37.97804848960698,60.79276828601535,0.5546891893901924,2.420025211058441e-07,0.5546888551128641,0.6201936610343358
img_003347.jpg,-0.213803,0.164811,1.035185,60.9474303072236,-38.19644281673996,60.94739586156861,0.556039523564282,7.481189942537547e-08,0.5560393378655288,0.6177704290272115
img_003348.jpg,-0.213994,0.164942,1.035044,61.101775755470335,-38.41514661750527,61.10172581072589,0.5573846915962115,1.262687257808093e-07,0.5573844233995806,0.6153412956446993
img_003349.jpg,-0.214184,0.165073,1.034902,61.25582882622752,-38.63417453611415,61.255771999630085,0.5587245095613704,1.5136658915171353e-07,0.5587242056175993,0.6129063423332848
img_003350.jpg,-0.214333,0.16525,1.034776,61.40959269344168,-38.85354175751306,61.40953010315779,0.5600590148008882,1.0856818999371852e-08,0.5600586813626109,0.6104655382334303
img_003351.jpg,-0.214523,0.16538,1.034634,61.56303752738898,-39.07322559925149,61.56303381680166,0.5613879806711437,-1.508138829375838e-07,0.561387960982896,0.6080189901815727
img_003352.jpg,-0.214714,0.165511,1.034493,61.71625470691162,-39.29321226154169,61.716234855310816,0.5627118449325944,-5.762646135276662e-08,0.5627117400255238,0.6055665753738393
img_003353.jpg,-0.214905,0.165642,1.034352,61.869167880581166,-39.51351572486289,61.86916145848702,0.5640302196464156,-7.037742852378237e-08,0.5640301858462028,0.6031084983482733
img_003354.jpg,-0.215096,0.165773,1.03421,62.02183708526887,-39.73413157451335,62.0218081602555,0.5653433955085647,8.022284239683763e-08,0.5653432438948353,0.6006445385894265
img_003355.jpg,-0.215286,0.165904,1.034069,62.1741861212897,-39.95507442316634,62.17418670910995,0.5666509910193334,-5.2297775332554863e-08,0.5666509940877908,0.5981749788114872
img_003356.jpg,-0.215435,0.16608,1.033942,62.326273191808845,-40.176334426777736,62.32629494827914,0.5679532733802376,-1.5338739844938942e-07,0.5679533864803449,0.5956996139348738
img_003357.jpg,-0.215625,0.166211,1.0338,62.47809063511256,-40.39788563243291,62.47812678977553,0.5692501271701941,-1.4342591481142366e-07,0.5692503143359463,0.5932186547514531
img_003358.jpg,-0.215816,0.166342,1.033659,62.62965220367726,-40.61974028358176,62.6296767666285,0.5705416362302074,-9.376596338261933e-08,0.5705417628548908,0.5907320358387401
img_003359.jpg,-0.216007,0.166473,1.033518,62.780955998786176,-40.841899304432594,62.78094589759186,0.5718277768186272,-4.403582354317592e-08,0.5718277249655589,0.5882397866681388
img_003360.jpg,-0.216198,0.166604,1.033377,62.93194728225113,-41.06437897026169,62.93197845224625,0.5731082902834085,-1.8592605727230094e-07,0.5731084496107363,0.5857419163703175
img_003361.jpg,-0.216346,0.16678,1.03325,63.08270727681245,-41.287142770605,63.082720696885,0.5743834946485885,-1.6341313130441293e-07,0.5743835629529259,0.5832384792559134
img_003362.jpg,-0.216537,0.166911,1.033108,63.23316475747794,-41.51022467418994,63.23321477408351,0.5756530887991969,-3.8130041790651603e-07,0.5756533422742299,0.5807294988928209
img_003363.jpg,-0.216727,0.167042,1.032967,63.38338402000868,-41.73356623814581,63.38344553988838,0.5769172524300068,-2.261549553184139e-07,0.5769175628516893,0.5782150201454712
img_003364.jpg,-0.216918,0.167173,1.032826,63.53334280230636,-41.95722798430724,63.53340976014661,0.5781759939596927,-2.641111485068848e-07,0.5781763303480943,0.5756949287894265
img_003365.jpg,-0.217109,0.167304,1.032684,63.68306406048386,-42.181165611983054,63.68309327992124,0.5794293133937154,-1.800482282154903e-07,0.5794294595448155,0.5731694096788994
img_003366.jpg,-0.2173,0.167434,1.032543,63.832497826678384,-42.40539513515317,63.832536776643046,0.5806769816946694,-1.5795641666871418e-07,0.5806771756560937,0.5706384675098636
img_003367.jpg,-0.217448,0.167611,1.032416,63.9817071209766,-42.62991073935602,63.98170690682136,0.5819192854320615,-3.68997396527071e-08,0.5819192843703602,0.5681020081993423
img_003368.jpg,-0.217639,0.167742,1.032275,64.1306223103989,-42.85472933462246,64.1306213935304,0.5831559016251988,-2.2299145102655518e-07,0.5831558971000472,0.565560247963991
img_003369.jpg,-0.21783,0.167873,1.032133,64.27926737018882,-43.07982625682618,64.27932046998703,0.5843868810038896,-2.523726395087245e-07,0.5843871418945147,0.5630130031347788
img_003370.jpg,-0.21802,0.168003,1.031992,64.42770522846077,-43.30518604212011,64.42771928860094,0.5856124838078264,-1.6099235722322194e-07,0.5856125525751144,0.5604604866311819
img_003371.jpg,-0.218211,0.168134,1.03185,64.57585530024423,-43.530827648429,64.57589212699615,0.5868323421999615,-1.373047366359792e-07,0.586832521495352,0.5579026741856465
img_003372.jpg,-0.218402,0.168265,1.031709,64.72378128895352,-43.7567674685607,64.72381601904084,0.588046788734688,-1.109803346999172e-07,0.5880469570453305,0.5553393112040026
img_003373.jpg,-0.21855,0.168442,1.031582,64.87146083276093,-43.98295306647891,64.87145724724347,0.5892555844235451,-4.6033966416558776e-08,0.5892555671275961,0.5527709587476528
img_003374.jpg,-0.218741,0.168573,1.031441,65.0188729502906,-44.209429151484414,65.01888385448827,0.5904587119950775,-2.92950015912119e-08,0.5904587643502313,0.5501971983126699
img_003375.jpg,-0.218932,0.168703,1.0313,65.16603376011861,-44.43618998377868,65.16605617269775,0.5916562227272326,-1.7155427139980972e-07,0.5916563298340097,0.5476182077647376
img_003376.jpg,-0.219122,0.168834,1.031158,65.3129705399292,-44.66319243419919,65.31298304730082,0.592848139018793,-2.597316584029841e-08,0.5928481985078421,0.5450340334217298
img_003377.jpg,-0.219313,0.168965,1.031017,65.4596830106752,-44.890461270701394,65.45965425418464,0.5940344979904288,1.5944467079975769e-07,0.5940343618651417,0.5424446442916621
img_003378.jpg,-0.219504,0.169096,1.030876,65.60612212497998,-45.118031978698255,65.60608606631239,0.5952151293749195,-5.0437288068305726e-08,0.5952149594996452,0.5398500734009686
img_003379.jpg,-0.219652,0.169273,1.030749,65.75231335409693,-45.345844154733214,65.75230437124017,0.5963900107710266,-1.381111508491628e-08,0.5963899686558565,0.537250370255062
img_003380.jpg,-0.219843,0.169403,1.030607,65.89826205034247,-45.57391584354179,65.8982792935674,0.5975591926720141,-6.676161901086885e-09,0.5975592731230913,0.534645608190859
img_003381.jpg,-0.220034,0.169534,1.030466,66.04400961394379,-45.802247668787295,66.04398050418521,0.5987228550412921,-3.649955282458705e-09,0.5987227198879486,0.5320357577655669
img_003382.jpg,-0.220224,0.169665,1.030325,66.18947287049988,-46.03084094093031,66.18949354361432,0.5998806000696454,-2.9034348092427112e-08,0.5998806955808412,0.5294208314087455
img_003383.jpg,-0.220415,0.169796,1.030183,66.33473313030738,-46.25967896061533,66.33473964391032,0.6010327558726701,1.3660186592989731e-08,0.6010327858170411,0.5268009270503516
img_003384.jpg,-0.220564,0.169973,1.030056,66.47976881451741,-46.488781454792594,66.47974927130309,0.6021792495351925,1.1993039783497751e-08,0.6021791601387051,0.5241759347050148
img_003385.jpg,-0.220754,0.170103,1.029915,66.62452822025648,-46.71815407151798,66.62456033622435,0.6033198430722244,-1.7165354498915877e-07,0.6033199892430853,0.521545930417447
img_003386.jpg,-0.220945,0.170234,1.029773,66.76912328741585,-46.947737380803694,66.76909095763104,0.6044549088091162,-1.2339766486402226e-08,0.6044547624084291,0.518911074673043
img_003387.jpg,-0.221136,0.170365,1.029632,66.91343966997809,-47.17759800982367,66.91342918781265,0.6055840525974783,-1.185186356833512e-07,0.6055840053720186,0.5162712152320554
img_003388.jpg,-0.221327,0.170496,1.029491,67.05753755031677,-47.40770174218016,67.05754656020501,0.606707462871382,-1.2328046461451694e-07,0.6067075032558154,0.5136263817107238
img_003389.jpg,-0.221517,0.170627,1.02935,67.201403039113,-47.6380573656909,67.20144038456922,0.6078250818744605,-1.999549026909797e-07,0.6078252484019852,0.5109766503954272
img_003390.jpg,-0.221666,0.170803,1.029223,67.34508704035609,-47.86861830053765,67.34507087453353,0.6089370270463684,-9.037097681297013e-09,0.6089369553356179,0.5083222221372166
img_003391.jpg,-0.221856,0.170934,1.029081,67.48852961302754,-48.09945833563555,67.48850014026883,0.6100431690311365,-5.452317841658783e-08,0.6100430389755294,0.5056627557136733
img_003392.jpg,-0.222047,0.171065,1.02894,67.63174384213748,-48.330529301115234,67.63170885349513,0.6111434546358233,-7.846891691976056e-08,0.6111433010535363,0.5029985521183653
img_003393.jpg,-0.222238,0.171196,1.028798,67.77472189732333,-48.561844180649935,67.77470917491586,0.612237863501016,-1.711128169712417e-07,0.6122378079524716,0.5003295564018125
img_003394.jpg,-0.222429,0.171327,1.028657,67.9174981652704,-48.79336862256117,67.9174866194545,0.6133264637650657,-2.6876702252653928e-08,0.6133264136231292,0.4976558642250977
img_003395.jpg,-0.222619,0.171457,1.028516,68.06007131014624,-49.02515777379424,68.06004116374173,0.6144093466764089,-4.36711825035907e-08,0.6144092164592886,0.4949772413420131
img_003396.jpg,-0.222768,0.171634,1.028389,68.20241539727313,-49.25716857228333,68.20238472832189,0.6154863002244682,-3.988919783370904e-08,0.6154861684683438,0.4922940083528864
img_003397.jpg,-0.222958,0.171765,1.028248,68.34455493531804,-49.48940821433726,68.34451065183899,0.6165574317911342,5.550261361619846e-09,0.6165572425847003,0.4896060660566531
img_003398.jpg,-0.223149,0.171896,1.028106,68.48648174252824,-49.721865533848174,68.48642802262715,0.6176226711239745,1.439154981852653e-07,0.6176224428615014,0.4869134976435318
img_003399.jpg,-0.22334,0.172027,1.027965,68.62819243746074,-49.95456538418088,68.62813623805852,0.618682040416219,1.6331877983333245e-07,0.618681802940857,0.4842162322519228
img_003400.jpg,-0.223531,0.172157,1.027823,68.76967073523495,-50.1874874671436,68.76964830541326,0.6197354187551116,1.5234719080714498e-07,0.6197353245048359,0.4815144216960577
img_003401.jpg,-0.223679,0.172334,1.027697,68.91096720118391,-50.42063742778602,68.91091508671894,0.6207830175228541,5.4426098461402006e-08,0.6207827997683438,0.4788080624498642
img_003402.jpg,-0.22387,0.172465,1.027555,69.05203049235044,-50.654001780777016,69.05200898309494,0.6218245827209583,4.5032891748952864e-08,0.6218244933557721,0.4760971411243103
img_003403.jpg,-0.224061,0.172596,1.027414,69.19294908071626,-50.88757584025043,69.1928436488988,0.6228604604013341,1.3962402484191117e-07,0.6228600248587131,0.4733817025420628
img_003404.jpg,-0.224251,0.172726,1.027273,69.33361422561133,-51.12137507193517,69.33351117809241,0.6238902172307264,1.1956652501421416e-07,0.6238897939836514,0.4706617913181605
img_003405.jpg,-0.224442,0.172857,1.027131,69.4740410844337,-51.355408138608006,69.47400148649105,0.6249139226816519,-7.11465233949049e-08,0.6249137609825319,0.4679373682164018
img_003406.jpg,-0.224632,0.172988,1.02699,69.6143097495131,-51.58963476801482,69.61425468163625,0.6259318150955395,-8.57946493848516e-08,0.62593159153594,0.465208561366277
img_003407.jpg,-0.224781,0.173165,1.026863,69.75437437134975,-51.82408514389871,69.75432765411246,0.6269437519301874,-8.785600003058391e-08,0.6269435633861165,0.4624751887879071
img_003408.jpg,-0.224972,0.173295,1.026722,69.8942636558772,-52.05873994217661,69.89418922061368,0.627949799849268,9.099336339968288e-09,0.6279495012175438,0.4597373954660446
img_003409.jpg,-0.225163,0.173426,1.02658,70.03395626459543,-52.29362235874415,70.03387912948102,0.6289499037393587,1.2844460473004918e-07,0.6289495961218402,0.4569949935441405
img_003410.jpg,-0.225353,0.173557,1.026439,70.1734735477797,-52.52868545202527,70.17331763569732,0.6299440482069851,2.294064653796113e-07,0.6299434301607858,0.4542485783420859
img_003411.jpg,-0.225544,0.173688,1.026297,70.31269141234209,-52.76398034077653,70.31263882156053,0.6309318265753352,6.342350422627874e-09,0.6309316193643842,0.4514978647796098
img_003412.jpg,-0.225735,0.173819,1.026156,70.45179539996698,-52.99946189711142,70.45171240909133,0.6319138771876001,3.0822185193013496e-08,0.6319135521936645,0.4487428153984404
img_003413.jpg,-0.225883,0.173996,1.026029,70.59069432071344,-53.23514890121599,70.59060488918284,0.6328898626913932,1.830403800751057e-08,0.6328895146292046,0.4459835019088475
img_003414.jpg,-0.226074,0.174126,1.025888,70.72939170039096,-53.471029121918136,70.72932247461551,0.6338597636356749,7.574277316457767e-08,0.6338594958825223,0.4432199674239365
img_003415.jpg,-0.226265,0.174257,1.025747,70.86793279959808,-53.70712092947779,70.86781658450555,0.6348237768149919,3.9147890318336216e-08,0.6348233301224571,0.4404521675762097
img_003416.jpg,-0.226455,0.174388,1.025605,71.00623636697907,-53.94342424799582,71.00617540686802,0.6357815775250362,-7.864875023466666e-08,0.6357813446891909,0.4376800971314259
img_003417.jpg,-0.226646,0.174519,1.025463,71.14437021333438,-54.1799155872228,71.14433610020913,0.636733372733312,-1.236777159574487e-07,0.6367332432654296,0.4349038847473466
img_003418.jpg,-0.226837,0.17465,1.025322,71.28234975753425,-54.41658317587116,71.2822978536266,0.6376791872565268,3.547950777615938e-08,0.6376789915274296,0.4321235447235138
img_003419.jpg,-0.226985,0.174826,1.025195,71.42013047485904,-54.65346692443999,71.4200724306849,0.6386189121915609,-6.81753863918111e-08,0.6386186947180513,0.4293390824836182
img_003420.jpg,-0.227176,0.174957,1.025054,71.55774135416101,-54.89053472527996,71.55767053263874,0.6395525879670614,-3.1560678848130415e-08,0.6395523243442229,0.4265504796041554
img_003421.jpg,-0.227367,0.175088,1.024913,71.6952046847946,-55.12777459770132,71.69506866659594,0.640480264169125,1.9040974419404225e-07,0.6404797611756723,0.4237578397318043
img_003422.jpg,-0.227557,0.175219,1.024771,71.83239826065702,-55.365228677804986,71.83234763842906,0.641401552451448,6.779605199458416e-08,0.6414013664866383,0.4209612043667928
img_003423.jpg,-0.227748,0.17535,1.02463,71.9694871515556,-55.60284400713102,71.96938996849775,0.6423169581337231,1.831170106658675e-07,0.6423166034990005,0.4181606224446715
img_003424.jpg,-0.227896,0.175526,1.024503,72.1063634408112,-55.84066954061831,72.10629474022916,0.643226158975827,1.449302182154888e-07,0.6432259099592031,0.4153559162529631
img_003425.jpg,-0.228087,0.175657,1.024362,72.24307484269384,-56.07866879471984,72.24300623428596,0.6441292552355429,1.1816273565168345e-07,0.6441290082345785,0.412547358857658
img_003426.jpg,-0.228278,0.175788,1.02422,72.37961042646072,-56.31685098364081,72.37955397309878,0.6450262123023913,1.219833262178227e-07,0.6450260104470736,0.4097348304569033
img_003427.jpg,-0.228469,0.175919,1.024079,72.51601317216704,-56.55519638616807,72.5158925755884,0.6459171388191998,2.444014329250344e-07,0.6459167105764316,0.4069184841926957
img_003428.jpg,-0.228659,0.17605,1.023937,72.65215834454574,-56.79375935721475,72.65212180762244,0.6468016733852718,-3.133437392888183e-08,0.6468015445406692,0.4040982025273261
img_003429.jpg,-0.22885,0.17618,1.023796,72.7882201740144,-57.032461502556814,72.78813476048182,0.6476802896214584,1.540275908484823e-07,0.6476799905222179,0.4012740613508175
img_003430.jpg,-0.228999,0.176357,1.023669,72.9240561961824,-57.27135982283683,72.92400543495961,0.6485525712314617,2.1300950114877537e-08,0.6485523947296646,0.3984461740806111
img_003431.jpg,-0.229189,0.176488,1.023528,73.05974944977322,-57.51042378152936,73.05969227934193,0.6494187476742996,-2.4135443810191504e-08,0.6494185502998098,0.3956145051633434
img_003432.jpg,-0.22938,0.176619,1.023387,73.19525830126439,-57.74966568107725,73.19525274107595,0.6502786845748313,3.018540306598538e-09,0.6502786655164912,0.3927789321765083
img_003433.jpg,-0.229571,0.17675,1.023245,73.33067663459093,-57.98905551012749,73.330562473187,0.6511326434602274,9.74070264447846e-08,0.6511322549840658,0.3899398250241344
img_003434.jpg,-0.229761,0.17688,1.023104,73.46588226204331,-58.22863827122752,73.46576380989343,0.6519802695180206,5.89922821703226e-08,0.6519798693798035,0.3870968587869192
img_003435.jpg,-0.229952,0.177011,1.022962,73.60092006724994,-58.46838071659575,73.6008114744895,0.6528216526217588,7.374485727629222e-08,0.6528212884867057,0.3842502507048598
img_003436.jpg,-0.230101,0.177188,1.022836,73.73574638485852,-58.70830432065095,73.7357327564227,0.6536566724504913,-1.147144457758209e-07,0.6536566270903963,0.381400011040567
img_003437.jpg,-0.230291,0.177319,1.022694,73.87051031591186,-58.9483794736866,73.87042810810752,0.6544857679657712,-5.91967739271837e-08,0.6544854963974699,0.3785460533879712
img_003438.jpg,-0.230482,0.17745,1.022553,74.0050495040648,-59.188612625088574,74.00501393522197,0.6553084003898311,-8.847730631478258e-08,0.6553082837773412,0.3756886391565611
img_003439.jpg,-0.230673,0.17758,1.022412,74.13943581002512,-59.42902329116054,74.13946118179037,0.6561248294692155,-1.0794389371238112e-07,0.6561249120170741,0.3728274506853916
img_003440.jpg,-0.230863,0.177711,1.02227,74.27376257929109,-59.66957002533071,74.27365056533297,0.6569352816847619,-2.5806267400785288e-08,0.656934920043764,0.3699628988221053
img_003441.jpg,-0.231054,0.177842,1.022129,74.40783349370123,-59.91028947584501,74.40778716835042,0.6577391686694744,-5.142795739265794e-08,0.6577390202659481,0.3670947659904412
img_003442.jpg,-0.231203,0.178019,1.022002,74.54177924589366,-60.15117993883675,74.54175142199054,0.6585369008677391,-1.3491000788734553e-07,0.6585368124310105,0.3642230317658391
img_003443.jpg,-0.231393,0.178149,1.021861,74.6756228343805,-60.3922090188415,74.67552135273114,0.6593284895573726,-8.82821084569052e-08,0.6593281695497504,0.3613479039598284
img_003444.jpg,-0.231584,0.17828,1.021719,74.8092533992188,-60.63339465826876,74.80921052479874,0.6601136025118748,-3.5434091438801836e-08,0.6601134683906354,0.3584693022116101
img_003445.jpg,-0.231775,0.178411,1.021578,74.94277782222157,-60.8747267005455,74.94269853322054,0.6608925515474311,-1.4368790490770778e-08,0.6608923055068985,0.3555873954893543
img_003446.jpg,-0.231965,0.178542,1.021436,75.07610653033377,-61.11623989566129,75.07609056268308,0.6616651004177573,-1.815085265977068e-07,0.6616650512708704,0.3527019348059248
img_003447.jpg,-0.232114,0.178719,1.02131,75.2093244082452,-61.35786976564963,75.20929821527403,0.6624314065922373,-1.7098503851675773e-07,0.6624313266330659,0.3498133345876867
img_003448.jpg,-0.232305,0.178849,1.021168,75.342390365916,-61.59965661657719,75.34239804379867,0.6631913940853248,-5.929979546293041e-08,0.6631914173297927,0.3469211996855492
img_003449.jpg,-0.232495,0.17898,1.021027,75.47535270589157,-61.84158181803179,75.47529709330651,0.6639451720958172,-1.0709853670576308e-08,0.6639450051361326,0.3440259272285102
img_003450.jpg,-0.232686,0.179111,1.020885,75.60815231420354,-62.08368158393603,75.60807657445939,0.6646926052133448,-1.5243469742021176e-07,0.6646923797440597,0.3411272209672688
img_003451.jpg,-0.232877,0.179242,1.020744,75.7407570079331,-62.32590176785109,75.74078763000561,0.6654335127289548,-5.4593433329586105e-08,0.6654336031122114,0.3382253094998969
img_003452.jpg,-0.233067,0.179373,1.020603,75.87326594462677,-62.56827929706461,75.8732983195621,0.666168233354977,-1.6681556341824333e-07,0.6661683280911408,0.335320210421226
img_003453.jpg,-0.233216,0.179549,1.020476,76.00564740720218,-62.81077139208113,76.00568082495386,0.6668966023582719,-6.7710391737918485e-09,0.6668966992978751,0.3324119646291217
img_003454.jpg,-0.233407,0.17968,1.020334,76.13789850028489,-63.053423760726666,76.13792377145847,0.6676186667081898,2.797854792291332e-08,0.6676187393737805,0.3295004320175354
img_003455.jpg,-0.233598,0.179811,1.020193,76.27005170573375,-63.29620774103215,76.26999363792534,0.6683344695623765,8.89327053665845e-08,0.6683343040691423,0.3265858153673915
img_003456.jpg,-0.233788,0.179942,1.020052,76.40203175670976,-63.53913610352238,76.40196581217099,0.6690438047556543,7.134026991373332e-08,0.669043618492836,0.3236680766959964
img_003457.jpg,-0.233979,0.180073,1.019911,76.53385404711692,-63.78220377073828,76.53382404945799,0.6697467027973238,-2.1977056341437876e-08,0.6697466188324397,0.3207472847190249
img_003458.jpg,-0.23417,0.180203,1.019769,76.66557696861244,-64.02538938171409,76.66553552918069,0.6704432902780191,6.943003993953313e-08,0.6704431753443711,0.3178234465160425
img_003459.jpg,-0.234318,0.18038,1.019642,76.79718721812178,-64.26872570396604,76.79709559557304,0.671133564343299,8.81811113018216e-09,0.6711333125653982,0.3148965156632485
img_003460.jpg,-0.234509,0.180511,1.019501,76.92862752120728,-64.51217236527751,76.92857693102958,0.6718173053995264,1.1775998581819993e-07,0.6718171676716238,0.3119666671094572
img_003461.jpg,-0.2347,0.180642,1.01936,77.05996358913491,-64.75575463876909,77.05988276529433,0.6724947196791629,2.9904341170006183e-08,0.6724945017109696,0.3090339741390228
img_003462.jpg,-0.23489,0.180773,1.019218,77.19116232777573,-64.99946750605443,77.1911002106273,0.6731657022452673,6.972457688991797e-08,0.6731655363172462,0.3060981836524773
img_003463.jpg,-0.235081,0.180903,1.019077,77.32225107418789,-65.24331325969021,77.32217631843652,0.673830321226105,4.8470403302136595e-08,0.6738301234548414,0.3031594678072171
img_003464.jpg,-0.23523,0.18108,1.01895,77.45317707481443,-65.48728127053933,77.45317035254176,0.6744884156117055,4.7493003862975065e-08,0.6744883980000522,0.3002178844921335
img_003465.jpg,-0.23542,0.181211,1.018808,77.58401763903268,-65.73137157472338,77.58399539894292,0.6751401813643132,-1.4085246080597358e-08,0.6751401236690551,0.2972735254264919
img_003466.jpg,-0.235611,0.181342,1.018667,77.71476348917192,-65.97558409977172,77.71470466224682,0.6757855840918887,9.902830977459588e-08,0.6757854329960367,0.2943261675147728
img_003467.jpg,-0.235802,0.181473,1.018526,77.84535388355684,-66.21991631461668,77.84532003236808,0.6764244565690118,1.4998433855994977e-07,0.6764243704943291,0.2913760895417555
img_003468.jpg,-0.235992,0.181603,1.018384,77.9758506797496,-66.46437133971114,77.97578297517228,0.6770569536115889,1.1461107812804629e-07,0.6770567832012654,0.2884232894329726
img_003469.jpg,-0.236183,0.181734,1.018243,78.10618775101823,-66.70894520860163,78.10618984859347,0.6776828961677712,1.7263536405964788e-07,0.6776829013932016,0.2854676468549882
img_003470.jpg,-0.236332,0.181911,1.018116,78.23649955466253,-66.95364738762603,78.23636980732839,0.6783026230520477,2.5470087539058998e-08,0.6783023031782313,0.2825093574800983
img_003471.jpg,-0.236522,0.182042,1.017975,78.36659743291644,-67.19844115350035,78.36655056406286,0.6789156154293271,1.115857174438517e-07,0.6789155010917601,0.2795484385639271
img_003472.jpg,-0.236713,0.182173,1.017833,78.49667040709423,-67.44336339523834,78.49654330645022,0.6795223745154547,1.7635894627998638e-07,0.6795220677379092,0.2765847103330972
img_003473.jpg,-0.236904,0.182303,1.017692,78.62652928480713,-67.68839875974676,78.62648962125067,0.6801224160741461,1.0360370172879383e-08,0.6801223213665911,0.2736185796549372
img_003474.jpg,-0.237094,0.182434,1.017551,78.75633842695458,-67.93354778458068,78.7562978716904,0.680716129787418,1.791245163307309e-08,0.680716034001404,0.2706496475161906
img_003475.jpg,-0.237285,0.182565,1.01741,78.88608380364937,-68.17880339871284,78.88595343678418,0.6813034629760917,4.9944148150515844e-08,0.6813031584478221,0.2676781605320177
img_003476.jpg,-0.237434,0.182742,1.017282,79.01562748934072,-68.424172906225,79.0155881877786,0.6818840949855222,8.890234104441673e-10,0.6818840041997206,0.2647041477240784
img_003477.jpg,-0.237624,0.182873,1.017141,79.14514656421599,-68.6696434313015,79.14503752350836,0.6824584160977107,2.229594675551283e-09,0.682458167048233,0.2617276457055499
img_003478.jpg,-0.237815,0.183003,1.017,79.27446729743549,-68.91521993472959,79.27447672348585,0.6830260266047917,8.471046031299778e-09,0.683026047888889,0.2587486519496388
img_003479.jpg,-0.238006,0.183134,1.016858,79.4037759287555,-69.1609095290097,79.40372886987163,0.6835873505648851,7.075910468667956e-09,0.6835872455299687,0.2557671047973746
img_003480.jpg,-0.238197,0.183265,1.016717,79.53298656212577,-69.40668194026397,79.53286893584682,0.684142151558786,9.937246903124477e-08,0.6841418920809603,0.252783282596751
img_003481.jpg,-0.238387,0.183396,1.016576,79.66206588613922,-69.65257583385606,79.66194446190221,0.6846903922830958,1.0427597113560338e-07,0.6846901275915946,0.2497969092959626
img_003482.jpg,-0.238536,0.183572,1.016449,79.79091658160515,-69.89857594115259,79.79102585774956,0.6852318421009711,-6.664916213372507e-08,0.6852320774607934,0.2468082709101757
img_003483.jpg,-0.238726,0.183703,1.016307,79.91984385059274,-70.14465509187724,79.91986301563476,0.6857671254048225,6.282045877936683e-08,0.6857671661824223,0.2438172338046114
img_003484.jpg,-0.238917,0.183834,1.016166,80.04867892462504,-70.39084688847129,80.04858168040174,0.6862959030027396,1.4831697536799027e-09,0.6862956986357445,0.2408238932409526
img_003485.jpg,-0.239108,0.183965,1.016025,80.1773393719307,-70.63713539106743,80.1773111386491,0.6868179803134389,1.0648781584299273e-07,0.6868179217168833,0.2378280982698608
img_003486.jpg,-0.239298,0.184096,1.015883,80.30592207759261,-70.88351264620066,80.30590084163515,0.6873335478414413,8.279387753162838e-08,0.6873335043229915,0.2348302532613005
img_003487.jpg,-0.239447,0.184272,1.015756,80.43439167502535,-71.1299933032995,80.43441769057188,0.6878425414685849,4.353205462770404e-09,0.6878425941006234,0.2318301185932557
img_003488.jpg,-0.239638,0.184403,1.015615,80.56281652133605,-71.37656025874084,80.56280558310516,0.6883450760262066,2.8559589748677894e-08,0.6883450541836628,0.2288277576942208
img_003489.jpg,-0.239828,0.184534,1.015474,80.69111455035141,-71.62322779830903,80.69113146945851,0.6888409942516452,-4.787014196150353e-08,0.6888410275937722,0.2258232125844425
img_003490.jpg,-0.240019,0.184665,1.015332,80.81940489694843,-71.86997428879884,80.81929098565,0.6893305036491202,-2.411636285115648e-08,0.6893302821553123,0.2228165587260674
img_003491.jpg,-0.24021,0.184796,1.015191,80.94746992246907,-72.11682641176303,80.9474961416375,0.6898132002010051,-1.2388995457301988e-07,0.689813250494169,0.2198077074879344
img_003492.jpg,-0.2404,0.184926,1.01505,81.07551701339843,-72.36375560734187,81.07554920920442,0.6902894540207187,-1.33722988515661e-07,0.6902895149322175,0.2167968063473352
img_003493.jpg,-0.240549,0.185103,1.014923,81.20347511050731,-72.61077192768681,81.20352349819827,0.6907591311194038,-1.2590635012355025e-07,0.6907592213921891,0.2137838179956729
img_003494.jpg,-0.24074,0.185234,1.014781,81.3313536959223,-72.85787162150774,81.33140286787597,0.6912222401895423,-1.4020776467615906e-07,0.691222330631708,0.2107688409215192
img_003495.jpg,-0.240931,0.185365,1.01464,81.45923617567902,-73.10505070071775,81.45912037870029,0.6916789230543159,-7.546493951959833e-08,0.6916787131171587,0.2077518356669984
img_003496.jpg,-0.241121,0.185496,1.014499,81.58692585406091,-73.35231037114035,81.58685631835483,0.6921288172300512,-6.123182183515041e-08,0.6921286929953805,0.2047329301608146
img_003497.jpg,-0.241312,0.185626,1.014357,81.71450488979704,-73.59966932610023,81.71453851572304,0.6925720871222734,-1.7679622227317893e-07,0.6925721463129022,0.2017119884652542
img_003498.jpg,-0.241503,0.185757,1.014216,81.84209712402037,-73.84710248249506,81.84205530450406,0.6930089223568887,-2.150757380525725e-07,0.6930088498465389,0.1986891229234124
img_003499.jpg,-0.241651,0.185934,1.014089,81.96961514856493,-74.09460357494751,81.96949714779255,0.6934391560984948,-1.4142490095681026e-07,0.6934389546130407,0.1956643887235495
img_003500.jpg,-0.241842,0.186065,1.013948,82.09697437057426,-74.34219746712496,82.09693655610714,0.693862661836712,-2.067465698085691e-07,0.6938625982675803,0.1926377461303793
img_003501.jpg,-0.242032,0.186196,1.013806,82.22435460132824,-74.5898504247811,82.22421563698401,0.6942797103194636,-9.104483827959697e-08,0.6942794803817638,0.1896093008255174
img_003502.jpg,-0.242223,0.186326,1.013665,82.35155438729574,-74.8375904659179,82.35151969821254,0.6946899841909271,-8.94194381317881e-08,0.6946899277098734,0.1865790186576521
img_003503.jpg,-0.242414,0.186457,1.013523,82.47869501835004,-75.08541154917134,82.47872492112465,0.6950936760062463,-2.0243389586838134e-07,0.6950937239029518,0.1835469873542191
img_003504.jpg,-0.242562,0.186634,1.013397,82.60586277458937,-75.333287048076,82.60576769728986,0.6954908946955156,-1.497019403995381e-07,0.6954907449227075,0.1805132657797376
img_003505.jpg,-0.242753,0.186765,1.013255,82.73292194957888,-75.5812484813971,82.73277995443598,0.6958814424046655,-1.729822492468891e-07,0.6958812224848882,0.1774777234182071
img_003506.jpg,-0.242944,0.186896,1.013114,82.85981751431675,-75.82927322143699,82.85982938589069,0.6962652160780834,-7.726511863648255e-08,0.6962652341499368,0.174440455725922
img_003507.jpg,-0.243135,0.187026,1.012973,82.98672564074373,-76.07736017268883,82.9867081030544,0.6966424816038305,-7.11845273837497e-08,0.6966424553716323,0.1714016983539983
img_003508.jpg,-0.243325,0.187157,1.012831,83.11350477418695,-76.32552591110394,83.1135732506698,0.6970130324417242,-1.858676228483347e-07,0.6970131330492781,0.1683612929481916
img_003509.jpg,-0.243516,0.187288,1.01269,83.24037439413878,-76.57374825123821,83.24023526342843,0.697377169435278,-1.24114995170288e-07,0.6973769687139988,0.1653192277313749
img_003510.jpg,-0.243665,0.187465,1.012563,83.36690997853329,-76.82205040511725,83.36710666861883,0.6977342913414512,-1.2566093898769284e-07,0.6977345698781248,0.1622754716006566
img_003511.jpg,-0.243855,0.187595,1.012422,83.49366668092078,-77.07040045331661,83.49360083255783,0.6980851641970713,-2.0657130250789637e-07,0.6980850726977439,0.1592304455953404
img_003512.jpg,-0.244046,0.187726,1.01228,83.62029213146194,-77.31882757685523,83.62014305610136,0.6984293012759855,-1.264531657163559e-07,0.6984290980925865,0.1561835652579963
img_003513.jpg,-0.244236,0.187857,1.012139,83.74672779178873,-77.56730776209945,83.74673872756654,0.698766609260294,-8.250288363598203e-08,0.6987666238743993,0.1531353360333238
img_003514.jpg,-0.244427,0.187988,1.011998,83.87320995874212,-77.81584852663472,83.87314811689006,0.6990974091410838,-1.6504452521326485e-07,0.6990973281440902,0.1500857698584085
img_003515.jpg,-0.244618,0.188119,1.011856,83.9995876312491,-78.06444997739311,83.99957261231647,0.6994214948110948,-8.990992700352862e-08,0.6994214755400303,0.1470345950775268
img_003516.jpg,-0.244767,0.188295,1.011729,84.12589850852999,-78.31310923887072,84.12592176717583,0.6997389116014726,-1.836387332199152e-07,0.6997389408254963,0.143982187381513
img_003517.jpg,-0.244957,0.188426,1.011588,84.2521575243479,-78.56183654252551,84.25223965716594,0.7000496811285921,-1.7191403067773336e-07,0.7000497821378895,0.1409281607075764
img_003518.jpg,-0.245148,0.188557,1.011447,84.37845854419497,-78.81060109120668,84.37838300851793,0.7003538934119535,-1.879584410890978e-07,0.7003538025298733,0.1378730403836439
img_003519.jpg,-0.245339,0.188688,1.011305,84.50455724579548,-79.05940941952207,84.50462196353291,0.700651254186351,-1.3712029311996332e-07,0.7006513303265203,0.1348166655823831
img_003520.jpg,-0.245529,0.188818,1.011164,84.63073548291288,-79.30829793676432,84.63070003521148,0.7009421171465672,-1.1236118130364404e-07,0.7009420763884262,0.1317586959496682
img_003521.jpg,-0.24572,0.18895,1.011022,84.75688147035093,-79.55722206459204,84.75669061464214,0.7012263167198138,-9.45483995540286e-08,0.70122610236677,0.1286996740441205
img_003522.jpg,-0.245869,0.189126,1.010895,84.88278989912529,-79.80620556931083,84.88281036344105,0.7015036365209713,-1.840139949860209e-07,0.7015036589582352,0.1256394222210017
img_003523.jpg,-0.246059,0.189257,1.010754,85.00874576274327,-80.05523323128469,85.00881000559046,0.7017743846796651,-9.01650727413994e-08,0.7017744533997736,0.1225778510291238
img_003524.jpg,-0.24625,0.189388,1.010613,85.1348169869401,-80.30429948456197,85.1345675923799,0.7020386184229638,-1.3171704998926614e-07,0.7020383583126337,0.1195153617760539
img_003525.jpg,-0.246441,0.189519,1.010471,85.26054443233843,-80.5534259474203,85.26059789585582,0.7022958662767598,-1.2417009648268973e-07,0.7022959206079966,0.1164515182723123
img_003526.jpg,-0.246631,0.189649,1.01033,85.38636230496819,-80.8025918660684,85.38644197395321,0.7025465679183208,-1.1284832795999122e-07,0.7025466467495125,0.1133866352229889
img_003527.jpg,-0.24678,0.189826,1.010203,85.51231793370049,-81.05179814055009,85.51206796588717,0.7027907557330705,-3.0835495157255366e-08,0.7027905150818052,0.1103206488704157
img_003528.jpg,-0.246971,0.189957,1.010062,85.63803062749182,-81.3010523173132,85.63783738623121,0.703028059602795,-6.475425046170713e-08,0.7030278787358837,0.107253667215849
img_003529.jpg,-0.247161,0.190088,1.00992,85.76372600226505,-81.5503477198508,85.7635487104626,0.7032586946978575,-4.780642848256633e-08,0.7032585335058115,0.1041856198480331
img_003530.jpg,-0.247352,0.190219,1.009779,85.8894094117121,-81.79968201634526,85.88917531912706,0.7034826600625195,-1.1835144986260818e-07,0.7034824534972244,0.101116688102772
img_003531.jpg,-0.247543,0.190349,1.009638,86.01502960513659,-82.04906006008805,86.01480597069951,0.7036999090529723,-9.843651666008313e-08,0.7036997177074209,0.0980466485777303
img_003532.jpg,-0.247734,0.19048,1.009496,86.14046386558965,-82.29847952640492,86.14053812579317,0.703910338187564,-1.5095846506163468e-07,0.7039103997357633,0.0949757070859944
img_003533.jpg,-0.247882,0.190657,1.00937,86.26608110632701,-82.54792108846588,86.26603168919135,0.7041142448857707,-1.606058841474578e-09,0.7041142052526199,0.0919038416520888
img_003534.jpg,-0.248073,0.190788,1.009228,86.39155193480381,-82.79741133454061,86.39158070546469,0.7043113645996835,-5.419964671515842e-08,0.7043113869026275,0.0888311430469414
img_003535.jpg,-0.248263,0.190919,1.009087,86.51688480601098,-83.0469330168752,86.51720147403937,0.7045017032863454,-7.220415487729781e-08,0.7045019402729782,0.0857576015187118
img_003536.jpg,-0.248454,0.191049,1.008946,86.64249053057623,-83.29648796216803,86.64248472008661,0.7046855642363375,-7.966001741577244e-08,0.7046855600437985,0.082683233020163
img_003537.jpg,-0.248645,0.19118,1.008804,86.76802001339732,-83.54606868710583,86.76778647806536,0.704862675534092,-9.812506474027316e-09,0.704862513294424,0.0796080774242745
img_003538.jpg,-0.248836,0.191311,1.008663,86.8934519704588,-83.79568584003896,86.89309672899113,0.7050330282424384,-1.4322197167127018e-07,0.705032790987658,0.0765322985374802
img_003539.jpg,-0.248984,0.191488,1.008536,87.01874715484094,-84.04532972729163,87.01853086460785,0.70519659724558,2.6332676872353744e-08,0.7051964585990842,0.0734555240439066
img_003540.jpg,-0.249175,0.191619,1.008395,87.14395097738708,-84.29501022300835,87.14395395902555,0.705353420287809,-1.3511985180736374e-07,0.7053534221190276,0.070378280692611
img_003541.jpg,-0.249365,0.191749,1.008253,87.26933041270468,-84.54470921677854,87.26919062075866,0.7055036517552653,2.583621405705117e-08,0.7055035696547771,0.0673001527810432
img_003542.jpg,-0.249556,0.19188,1.008112,87.39469832836451,-84.79443907160973,87.39434498432638,0.7056471724745663,-1.0024633573246788e-07,0.7056469744469939,0.0642216118798256
img_003543.jpg,-0.249747,0.192011,1.00797,87.51995975008936,-85.04419618521979,87.51958705365283,0.7057839277633312,-5.127170221719268e-08,0.705783728905042,0.0611422548149506
img_003544.jpg,-0.249938,0.192142,1.007829,87.64524827222236,-85.2939705012027,87.64473772680724,0.7059139876501999,-6.747643249704893e-08,0.705913728961962,0.0580624603578446
img_003545.jpg,-0.250086,0.192318,1.007702,87.77025490917997,-85.54376576137744,87.77012265059949,0.7060371994226786,-9.148820856452745e-08,0.7060371359638368,0.0549821395669085
img_003546.jpg,-0.250277,0.192449,1.007561,87.89557160719362,-85.79358586064976,87.89518038408892,0.706153851611207,1.85158526844198e-08,0.7061536744173229,0.0519011171514669
img_003547.jpg,-0.250468,0.19258,1.00742,88.0205966075745,-86.04343408490364,88.02046781823283,0.7062636603150333,-5.6298918027497535e-08,0.706263605446699,0.0488196859866756
img_003548.jpg,-0.250658,0.192711,1.007278,88.14575735600333,-86.29328599253208,88.14558040772626,0.7063668115766788,-4.6007269605130574e-08,0.7063667409498966,0.0457378921990983
img_003549.jpg,-0.250849,0.192842,1.007137,88.27064977179086,-86.54316812161238,88.27092907046872,0.7064631468522931,-9.439125281396345e-08,0.7064632508182147,0.0426555668454531
img_003550.jpg,-0.250998,0.193018,1.00701,88.39575436968367,-86.79306113460977,88.39602807831115,0.7065528473452978,-1.3627259215498458e-07,0.7065529418671488,0.0395728978861921
img_003551.jpg,-0.251188,0.193149,1.006868,88.52119301149378,-87.04296972238582,88.52079429304735,0.7066359333358179,1.6102031263898198e-08,0.7066358063709276,0.036489654330045
img_003552.jpg,-0.251379,0.19328,1.006727,88.64604566871014,-87.29289067065992,88.64609338503863,0.7067121069709921,2.533748305610928e-08,0.7067121208814735,0.0334062278599323
img_003553.jpg,-0.25157,0.193411,1.006586,88.77122899108285,-87.54283441125946,88.77101668733748,0.7067816575430997,-1.4582349144864892e-07,0.7067816013648065,0.0303225416613954
img_003554.jpg,-0.25176,0.193542,1.006444,88.89619355437362,-87.79277618776075,88.89615982441985,0.7068444225728394,-8.168278048392709e-08,0.706844414555228,0.0272385001374844
img_003555.jpg,-0.251951,0.193672,1.006303,89.02121527929219,-88.04273530834858,89.0212259795611,0.7069004788012827,-5.232557065415477e-08,0.706900481056731,0.0241541497941226
img_003556.jpg,-0.252099,0.193849,1.006176,89.14693921671561,-88.29269310671816,89.14557020360282,0.7069499367337627,3.603369969074066e-08,0.7069496850165722,0.0210696418359896
img_003557.jpg,-0.25229,0.19398,1.006035,89.27192497876216,-88.54268189684288,89.27063098804042,0.706992515243398,-4.976651218902006e-08,0.706992312155728,0.0179848253399571
img_003558.jpg,-0.252481,0.194111,1.005893,89.39644306429402,-88.79266293852652,89.39614901439961,0.7070283045381562,-2.3708799701260833e-08,0.7070282663040215,0.0148999070141147
img_003559.jpg,-0.252672,0.194242,1.005752,89.5219939505056,-89.04264048528033,89.52059897691097,0.7070574969446171,-8.727897782279116e-08,0.7070573531158577,0.0118150505374524
img_003560.jpg,-0.252862,0.194372,1.005611,89.64729414136067,-89.29263844621697,89.64531988956773,0.7070799117633897,-6.749306630249309e-08,0.7070797613623023,0.0087298025465717
img_003561.jpg,-0.253053,0.194503,1.005469,89.7719847426462,-89.54262633504989,89.77063256547434,0.7070955495641265,-3.3220868334016274e-08,0.707095482958128,0.0056446228232439
img_003562.jpg,-0.253202,0.19468,1.005342,89.89376038074558,-89.79263467700542,89.89887328156853,0.7071044085462,-4.167477252181584e-09,0.7071045227322384,0.0025591690334674
img_003563.jpg,-0.253392,0.194811,1.005201,-89.9775334823416,-89.9573659973787,-89.97984152324175,0.7071066780288595,-5.5604811921572406e-08,0.7071066886265038,-0.0005261051685857
img_003564.jpg,-0.253583,0.194942,1.005059,-89.85675369068325,-89.70737300527936,-89.85060725775159,0.7071022667181587,6.851331268986628e-08,0.7071020730104949,-0.0036114742555034
img_003565.jpg,-0.253774,0.195072,1.004918,-89.72798522015334,-89.4573769471712,-89.72937891632318,0.7070908848429218,4.1509474080214666e-08,0.7070909662898043,-0.0066967128804368
img_003566.jpg,-0.253964,0.195203,1.004777,-89.60332513552981,-89.20738507093002,-89.60403375478413,0.7070729201889532,4.4546263067157816e-08,0.7070729806786594,-0.0097818980602171
img_003567.jpg,-0.254113,0.19538,1.00465,-89.47888103042025,-88.95738980504336,-89.47848032215687,0.7070482676153258,-9.07331897948005e-08,0.7070482226213867,-0.0128669401994692
img_003568.jpg,-0.254304,0.195511,1.004509,-89.35380819586848,-88.70740670371804,-89.35350934205918,0.7070168283911333,4.272108983238709e-08,0.7070167867884611,-0.0159520397147313
img_003569.jpg,-0.254494,0.195642,1.004367,-89.22847615962776,-88.45743323825783,-89.22881138553893,0.7069786140060137,3.6460020003126203e-08,0.7069786696961362,-0.0190368046902817
img_003570.jpg,-0.254685,0.195772,1.004226,-89.1034273268311,-88.20745065607,-89.10381337727779,0.7069337075427989,-5.8040838246675726e-08,0.7069337820686953,-0.0221215033358788
img_003571.jpg,-0.254876,0.195903,1.004085,-88.9789363523449,-87.95748908836768,-88.97823309387579,0.7068821960870664,-3.018172950453035e-08,0.7068820413956907,-0.0252059597592781
img_003572.jpg,-0.255066,0.196034,1.003943,-88.85330941708813,-87.70753503175418,-88.8537774353618,0.7068237066795764,-6.603084728995512e-08,0.7068238222232817,-0.028290139861988
img_003573.jpg,-0.255215,0.196211,1.003816,-88.72822035885949,-87.45759382127021,-88.72875079873812,0.706758608028287,-2.0449057391846992e-08,0.7067587532579112,-0.0313741082939543
img_003574.jpg,-0.255405,0.196341,1.003675,-88.60381430476326,-87.20765738675755,-88.60301570725261,0.7066869877446744,-1.2492914647221909e-08,0.7066867476052768,-0.0344578309159787
img_003575.jpg,-0.255596,0.196472,1.003534,-88.47849678149642,-86.95774291411047,-88.47816401145899,0.7066083829735857,5.803501534895617e-08,0.7066082739554252,-0.0375411812438785
img_003576.jpg,-0.255787,0.196603,1.003392,-88.35320460494329,-86.70783386571986,-88.35326702486911,0.7065230517063696,1.6873598518429844e-08,0.7065230738350232,-0.0406241744067354
img_003577.jpg,-0.255978,0.196734,1.003251,-88.2282149584775,-86.45795109196712,-88.22804726593998,0.7064311075288998,-2.7466135088527466e-08,0.7064310435688385,-0.0437066470657833
img_003578.jpg,-0.256168,0.196865,1.003109,-88.10293484678049,-86.20807296409552,-88.1030749689747,0.7063323311263718,-9.02466898988763e-08,0.7063323883397223,-0.0467888361458229
img_003579.jpg,-0.256317,0.197041,1.002983,-87.9780456252023,-85.95822735912378,-87.9776534346825,0.7062270037204597,7.31136337028815e-08,0.7062268330380909,-0.0498706277582807
img_003580.jpg,-0.256508,0.197172,1.002841,-87.8526757097758,-85.70839379440946,-87.8526973500829,0.7061147526818519,4.841201933780681e-08,0.7061147626816562,-0.0529518457475604
img_003581.jpg,-0.256699,0.197303,1.0027,-87.72764398486802,-85.45857942999018,-87.72735923664713,0.7059959440228534,3.4009338178986326e-08,0.7059958047877344,-0.0560325855676676
img_003582.jpg,-0.256889,0.197434,1.002558,-87.60230450528984,-85.20878949442823,-87.60228338889802,0.7058702761878113,5.0264032935842806e-08,0.7058702652947948,-0.0591127885249587
img_003583.jpg,-0.25708,0.197565,1.002417,-87.47689123613819,-84.95901874274077,-87.47724268503487,0.7057378532954286,5.339421127459332e-10,0.7057380440376892,-0.0621924080882587
img_003584.jpg,-0.257271,0.197695,1.002276,-87.35185960937562,-84.70927056905703,-87.35176887177992,0.7055989330721348,-3.735410702976338e-08,0.7055988813878808,-0.0652714656770858
img_003585.jpg,-0.257419,0.197872,1.002149,-87.22650882198421,-84.45955506587642,-87.22655922655001,0.7054531348370315,-1.473428767884144e-09,0.7054531649016047,-0.0683498842640893
img_003586.jpg,-0.25761,0.198003,1.002008,-87.10115441959583,-84.20986223064367,-87.10129182435483,0.7053006305331266,6.351346149013892e-08,0.7053007161808054,-0.0714277279801977
img_003587.jpg,-0.2578,0.198134,1.001866,-86.9760716343624,-83.96018584826238,-86.97570726302513,0.705141600618383,-3.8291958492919775e-10,0.7051413637121855,-0.0745049009090287
img_003588.jpg,-0.257991,0.198265,1.001725,-86.8508333799115,-83.71056645147844,-86.85023753012385,0.7049757952160209,5.051412288459289e-09,0.7049753918122124,-0.0775810872491279
img_003589.jpg,-0.258182,0.198396,1.001583,-86.72507994499601,-83.46095346897455,-86.72519573945245,0.7048029362946697,3.1836866254408847e-08,0.7048030177981612,-0.0806568477750975
img_003590.jpg,-0.25833,0.198572,1.001457,-86.59967307367067,-83.211374027712,-86.59975346935268,0.704623625493821,2.0420822144373574e-08,0.7046236842387366,-0.0837317741706963
img_003591.jpg,-0.258521,0.198703,1.001315,-86.47428901023736,-82.96183012104149,-86.4742180793369,0.7044376509758792,6.179238548620347e-08,0.7044375972440194,-0.0868059184425484
img_003592.jpg,-0.258712,0.198834,1.001174,-86.34880413652431,-82.71232799272624,-86.34872751229607,0.7042449250296123,8.431849174428407e-08,0.7042448649299712,-0.0898791176514049
img_003593.jpg,-0.258902,0.198965,1.001032,-86.22319957732662,-82.46285008663524,-86.22329991248694,0.7040454224755266,-3.819423766149299e-08,0.7040455038628668,-0.0929514474429408
img_003594.jpg,-0.259093,0.199095,1.000891,-86.0977710771682,-82.21341670756611,-86.09760368311755,0.7038393947707597,1.7883709069188572e-08,0.7038392545015241,-0.0960229669999268
img_003595.jpg,-0.259284,0.199226,1.00075,-85.97193998516711,-81.96400930994258,-85.97221980556473,0.703626353390848,1.0121417709507696e-07,0.7036265953669705,-0.0990937389857345
img_003596.jpg,-0.259432,0.199403,1.000623,-85.84641122425991,-81.71465186166621,-85.84649576494124,0.7034069102017713,1.6025728521995575e-08,0.7034069855733796,-0.1021632582045433
img_003597.jpg,-0.259623,0.199534,1.000481,-85.72086430975985,-81.46533474816864,-85.72068735712213,0.7031807969682369,7.779806365793007e-08,0.7031806344688653,-0.1052319442140707
