IMG_NUM,X,Y,Z,ROLL,PITCH,YAW,Q1,Q2,Q3,W
img_000000.jpg,0.049968,0.049908,0.500356,0.0334058938973522,0.0666279503160547,45.10000287551024,4.625757758241973e-05,0.0006487801382054,0.3834893090482217,0.9235450864956656
img_000001.jpg,0.049943,0.04984,0.500702,0.0669199741085917,0.1332316043844904,45.20007298907221,9.23349135967608e-05,0.0012978072026081,0.3842949585823307,0.9232094518466182
img_000002.jpg,0.049918,0.049771,0.501048,0.1005144114800776,0.1997298502577313,45.30017178891162,0.0001382792788967,0.0019463350309572,0.3851000685985691,0.9228727592816716
img_000003.jpg,0.049894,0.049703,0.501395,0.134268433935422,0.2662064384468484,45.40030011896224,0.0001844472056376,0.0025953054117584,0.3859046411093275,0.9225350065657828
img_000004.jpg,0.049869,0.049635,0.501741,0.1680990686456878,0.3325999878883517,45.500482368411305,0.0002303756850425,0.0032439460721931,0.3867088720864819,0.9221961136279668
img_000005.jpg,0.049845,0.049567,0.502087,0.2020992143564892,0.3989539569350854,45.60070338083472,0.0002766654997052,0.0038929212225576,0.3875126333339753,0.9218561317402648
img_000006.jpg,0.04982,0.049498,0.502433,0.2361941709473808,0.4652325976260571,45.700952552963145,0.0003228358946264,0.004541692254148,0.3883158396374575,0.9215150988969796
img_000007.jpg,0.049795,0.04943,0.502779,0.2704047201934538,0.5314678438037312,45.80124475862132,0.0003689448106424,0.0051905872550738,0.3891186063597405,0.9211729652287498
img_000008.jpg,0.049771,0.049362,0.503125,0.3047066657583211,0.5976203585923675,45.9015922646834,0.0004149299294723,0.0058392087703896,0.3899210317897523,0.9208296913339102
img_000009.jpg,0.049746,0.049293,0.503471,0.339162866286024,0.663726479551679,46.001971052410525,0.0004611733495275,0.0064880637115619,0.3907229156172997,0.9204853586885198
img_000010.jpg,0.049722,0.049225,0.503818,0.373697785174481,0.7297623133257093,46.10239049164853,0.0005071483829192,0.0071367039324639,0.3915243353689499,0.920139937765664
img_000011.jpg,0.049697,0.049157,0.504164,0.4083969615210104,0.7957581816557737,46.20285262196802,0.0005534374814742,0.0077856660749291,0.392325297974111,0.9197934211986128
img_000012.jpg,0.049672,0.049089,0.50451,0.443178997801825,0.8616767785421376,46.30333856934717,0.0005995152901183,0.0084343733791319,0.3931256561919165,0.9194458768034112
img_000013.jpg,0.049648,0.04902,0.504856,0.4780697967540336,0.9275412861171296,46.40390332169342,0.000645505710835,0.0090831016526495,0.3939258457295058,0.9190971160073556
img_000014.jpg,0.049623,0.048952,0.505202,0.5131098883632258,0.9933457147961514,46.50447742402385,0.0006917587763603,0.0097319429839838,0.3947253035723367,0.9187473784862072
img_000015.jpg,0.049599,0.048884,0.505549,0.5482403392676635,1.0590677550124723,46.60510810629093,0.0007378743827609,0.0103805172042588,0.3955244120779368,0.9183965047050048
img_000016.jpg,0.049574,0.048816,0.505895,0.5834542521478392,1.1247416108273205,46.70579265276054,0.0007836788957313,0.0110290752181453,0.3963231453951042,0.918044503154042
img_000017.jpg,0.049549,0.048747,0.506241,0.6188481699005627,1.1903567714536498,46.80649552274002,0.0008299845935666,0.0116778674694574,0.3971212073780157,0.9176914978289638
img_000018.jpg,0.049525,0.048679,0.506587,0.6543098919753447,1.2559044305513414,46.90726520102517,0.0008759176534348,0.0123264365880986,0.3979189952854096,0.9173373234096356
img_000019.jpg,0.0495,0.048611,0.506933,0.6899222889567043,1.3214057839102082,47.00805983127987,0.0009220715872584,0.012975240349337,0.3987161608169692,0.9169821241579584
img_000020.jpg,0.049475,0.048542,0.50728,0.7256600831493776,1.3868259960183111,47.10889924237701,0.0009683622220708,0.0136239138017338,0.3995128654188128,0.9166258351214958
img_000021.jpg,0.049451,0.048474,0.507626,0.7614848291478271,1.4521912139256583,47.20979074845045,0.0010143893857802,0.0142725332290767,0.4003091671332884,0.9162684303840508
img_000022.jpg,0.049426,0.048406,0.507972,0.7974054722940183,1.5174878232153164,47.31072365311676,0.0010602728457574,0.0149210214599117,0.4011049782381367,0.9159099493796696
img_000023.jpg,0.049402,0.048338,0.508318,0.833495818154445,1.5827310976440598,47.41170006700808,0.0011065479916441,0.0155697601178175,0.4019003016280466,0.9155503840164674
img_000024.jpg,0.049377,0.048269,0.508664,0.8696757034895422,1.6479030149880356,47.51272314343513,0.0011526360432635,0.0162183257234356,0.4026951720438905,0.915189726643291
img_000025.jpg,0.049352,0.048201,0.50901,0.9059739977089184,1.7130130825792864,47.61378283186153,0.0011987350714888,0.0168668963421496,0.4034895016898716,0.914828012725928
img_000026.jpg,0.049328,0.048133,0.509356,0.9423783745355644,1.7780487402680034,47.714883396918935,0.0012447897001276,0.0175153294320934,0.4042833252641142,0.9144652298731089
img_000027.jpg,0.049303,0.048064,0.509703,0.9788873596483848,1.843017276097205,47.81605877793916,0.0012907566224351,0.0181636792842877,0.4050769104410992,0.914101258794502
img_000028.jpg,0.049279,0.047996,0.510049,1.015559145696063,1.9079614226280976,47.91724815895114,0.0013369572814247,0.0188124929282309,0.405869754409734,0.9137363104913994
img_000029.jpg,0.049254,0.047928,0.510395,1.0523300352213314,1.9728093167052896,48.01849770419319,0.0013831297937123,0.0194609737981996,0.4066622418205809,0.9133702308090949
img_000030.jpg,0.049229,0.04786,0.510741,1.0891960683806436,2.037587248910389,48.11977898371591,0.001429153854425,0.0201093179768077,0.4074541410680743,0.913003119258771
img_000031.jpg,0.049205,0.047791,0.511087,1.126204681276213,2.1023180811006985,48.22111364221622,0.0014753215905103,0.0207578774920126,0.4082456105039138,0.9126348971261824
img_000032.jpg,0.04918,0.047723,0.511433,1.1633312133993543,2.166979370628478,48.32250050656629,0.0015215155316043,0.0214063871521875,0.4090366452390655,0.9122655723149636
img_000033.jpg,0.049156,0.047655,0.51178,1.2005475193546378,2.2315647186044,48.42392496180601,0.0015675366085829,0.022054696380039,0.4098271326301122,0.9118951993276122
img_000034.jpg,0.049131,0.047586,0.512126,1.2378735416023203,2.296082388206826,48.525403074537934,0.0016135104758834,0.0227029432357778,0.4106171932019722,0.9115237208100024
img_000035.jpg,0.049107,0.047518,0.512472,1.275326563969028,2.3605307821128507,48.62693147148135,0.0016595801884957,0.0233511780303334,0.4114067942400498,0.9111511498820154
img_000036.jpg,0.049082,0.04745,0.512818,1.3129015036528493,2.424934448713095,48.72848598952682,0.0017056211295876,0.0239995785627641,0.4121957377903242,0.9107775715468966
img_000037.jpg,0.049057,0.047382,0.513164,1.3506108554130758,2.489264677108567,48.8301040931222,0.0017518271510397,0.0246479633777431,0.412984320862396,0.9104028557318942
img_000038.jpg,0.049033,0.047313,0.513511,1.3883980937090872,2.553510552494655,48.93177089137327,0.0017977910034679,0.0252960430589376,0.4137724365538678,0.9100270594335884
img_000039.jpg,0.049008,0.047245,0.513857,1.4263047854779267,2.61769927154464,49.03348746722169,0.0018437438364233,0.0259441843448028,0.4145600773260243,0.9096501757240468
img_000040.jpg,0.048984,0.047177,0.514203,1.4643504533894234,2.681820612958808,49.135251037985775,0.0018898772341899,0.0265923779559052,0.4153472155830954,0.9092722168339136
img_000041.jpg,0.048959,0.047109,0.514549,1.502488591269956,2.7458723312307964,49.23705820510883,0.0019358303024591,0.0272404387334862,0.4161338328108665,0.9088931973828308
img_000042.jpg,0.048916,0.046983,0.514918,1.5407711607309225,2.809862234374265,49.33891315386612,0.0019819851040668,0.0278886183366531,0.4169199458323189,0.908513101429746
img_000043.jpg,0.048891,0.046915,0.515264,1.5791880777064595,2.8737944134336,49.440803858011535,0.0020282485904857,0.0285369138465782,0.4177054578147981,0.9081319734859564
img_000044.jpg,0.048866,0.046847,0.515611,1.6176660824743805,2.9376409242081256,49.54275350211381,0.0020741357556175,0.0291848382221725,0.4184905738395162,0.9077497357676758
img_000045.jpg,0.048842,0.046779,0.515957,1.656280945791954,3.001420003930818,49.64475385818616,0.0021201818323332,0.0298328130887934,0.4192752036324073,0.9073664153533624
img_000046.jpg,0.048817,0.04671,0.516303,1.695023879278459,3.065135380702764,49.7467989019105,0.0021663041178501,0.0304808371557048,0.4200592980234844,0.9069820350132488
img_000047.jpg,0.048793,0.046642,0.516649,1.7338622364970837,3.1287738830826783,49.848913653107616,0.0022122850416872,0.0311286881572107,0.4208430638613522,0.906596506814523
img_000048.jpg,0.048768,0.046574,0.516995,1.772839753977686,3.192361457697648,49.95104837854828,0.0022583878616029,0.0317767319554085,0.4216260875146779,0.906210009499766
img_000049.jpg,0.048744,0.046506,0.517341,1.81191252135642,3.255862820787223,50.0532497115789,0.0023043816736205,0.0324245302038889,0.4224087551634933,0.905822379513438
img_000050.jpg,0.048719,0.046437,0.517688,1.8511022231313732,3.3192932754397764,50.15550235194249,0.0023503850881053,0.0330722844338161,0.4231909338752968,0.9054336713299436
img_000051.jpg,0.048694,0.046369,0.518034,1.8904099801723224,3.382665324012593,50.257802942068125,0.0023963607874931,0.0337200985838143,0.4239725911848065,0.905043896355594
img_000052.jpg,0.04867,0.046301,0.51838,1.929860976088242,3.4459667728854027,50.36015143376947,0.0024425518665301,0.0343679708298611,0.4247537193541567,0.9046530574845956
img_000053.jpg,0.048645,0.046232,0.518726,1.969396692874988,3.5091960403358446,50.46255251401937,0.0024884999755452,0.0350156731827844,0.4255343706154298,0.904261140060966
img_000054.jpg,0.048621,0.046164,0.519072,2.009051536543128,3.5723365380141385,50.56499767165416,0.0025345405289886,0.035663203193753,0.4263144692893845,0.90386817917038
img_000055.jpg,0.048596,0.046096,0.519418,2.0488429291453807,3.635431052662418,50.66748791627759,0.0025806503810851,0.0363109643681503,0.4270940044145783,0.9034741642700056
img_000056.jpg,0.048571,0.046028,0.519765,2.088712641130925,3.698440426359857,50.77005021921936,0.0026265070613347,0.0369584327549963,0.4278732144386447,0.903079004337324
img_000057.jpg,0.048547,0.045959,0.520111,2.128712498778602,3.761381003133048,50.87265448046927,0.0026724669410939,0.037605930739261,0.42865183889606,0.9026828085793532
img_000058.jpg,0.048522,0.045891,0.520457,2.1688740027326125,3.8242594789192856,50.97530408330148,0.0027187509189293,0.0382536305299004,0.429429889321672,0.9022855636115982
img_000059.jpg,0.048498,0.045823,0.520803,2.2090920390148483,3.887053683100045,51.07800606984024,0.0027646113938932,0.038900965246079,0.4302074595975724,0.9018872510094412
img_000060.jpg,0.048473,0.045754,0.521149,2.2494764842059483,3.9497951881923896,51.18076793530725,0.0028107911629482,0.0395485966115259,0.4309845604186717,0.9014878349926976
img_000061.jpg,0.048448,0.045686,0.521496,2.289920020408939,4.012425847836672,51.28357445264212,0.0028566695182696,0.0401956649318439,0.4317611227283137,0.9010873880264536
img_000062.jpg,0.048424,0.045618,0.521842,2.3305194429380816,4.075009441711234,51.38643899106275,0.0029027617771581,0.0408430372729168,0.4325371974100258,0.9006858459735384
img_000063.jpg,0.048399,0.04555,0.522188,2.371219500074733,4.1375304987409365,51.48934903380973,0.0029486952033558,0.0414903846078109,0.4333127070979443,0.9002832615622401
img_000064.jpg,0.048375,0.045481,0.522534,2.412034419367911,4.199951070250174,51.59233417940258,0.0029947141087094,0.042137464534266,0.4340878881863561,0.8998795314373698
img_000065.jpg,0.04835,0.045413,0.52288,2.4529862276292107,4.262316590268978,51.6953490791328,0.0030408347495705,0.0427847172546006,0.4348623600962896,0.8994748184718427
img_000066.jpg,0.048325,0.045345,0.523226,2.4940259729486858,4.324608677633714,51.79841506131153,0.0030867340592876,0.0434318144886882,0.4356363115879115,0.8990690482878094
img_000067.jpg,0.048301,0.045276,0.523573,2.535170978573956,4.386823863215392,51.901540706511966,0.003132557370884,0.0440787958437674,0.4364098023707007,0.8986621897220597
img_000068.jpg,0.048276,0.045208,0.523919,2.576444553006992,4.4489606482331885,52.00472671887469,0.003178492122303,0.0447257395080814,0.4371828269980436,0.8982542408423588
img_000069.jpg,0.048251,0.04514,0.524265,2.617873594775452,4.511028034738202,52.10795570765861,0.0032247204561969,0.0453728197365293,0.4379552328603612,0.8978452664114027
img_000070.jpg,0.048227,0.045072,0.524611,2.6593755602872324,4.573022707052113,52.211240325737776,0.0032706024287622,0.0460196968085479,0.4387271501755106,0.8974352223777922
img_000071.jpg,0.048202,0.045003,0.524957,2.700988548054917,4.634941784184573,52.31458822458455,0.0033164438362332,0.0466664948084488,0.439498622486319,0.897024080108891
img_000072.jpg,0.048178,0.044935,0.525303,2.742758902562577,4.69678593087576,52.41797312184122,0.0033626146897423,0.0473133973043249,0.4402694222873165,0.8966119400592232
img_000073.jpg,0.048153,0.044867,0.52565,2.784614923213361,4.758558458166199,52.521431582248105,0.0034085251658969,0.0479601572703931,0.4410398613894373,0.8961986643241433
img_000074.jpg,0.048129,0.044799,0.525996,2.826559328536643,4.820236073166788,52.62494278677293,0.0034542946464097,0.048606603199173,0.4418097819379876,0.8957843393126728
img_000075.jpg,0.048104,0.04473,0.526342,2.868667302860646,4.881858965577237,52.72850800495221,0.0035003540894904,0.0492533400375988,0.4425791453573835,0.8953689497135339
img_000076.jpg,0.048079,0.044662,0.526688,2.9108761696224312,4.943409741293805,52.83209900164304,0.003546292118035,0.0498999906056867,0.4433477611930154,0.8949526118152329
img_000077.jpg,0.048055,0.044594,0.527034,2.953206075192847,5.004878151029168,52.93577714122749,0.0035922785997523,0.0505465557768991,0.4441161014359672,0.8945350913624752
img_000078.jpg,0.04803,0.044525,0.527381,2.995646865549946,5.06626346341175,53.039497769914846,0.0036382558316437,0.0511929903986797,0.4448838196795983,0.8941165627678724
img_000079.jpg,0.048006,0.044457,0.527726,3.038191646174893,5.127570444924776,53.143280539608014,0.0036841421323366,0.0518393065561666,0.445651068366079,0.8936969501216264
img_000080.jpg,0.047981,0.044389,0.528073,3.0808548581699764,5.188801016106837,53.24713167416753,0.0037300389488781,0.0524855766289426,0.4464178863621967,0.8932762292769666
img_000081.jpg,0.047956,0.044321,0.528419,3.123660716508644,5.249963738901068,53.35099754081889,0.0037761251795231,0.0531319612136033,0.4471838385673421,0.8928546074811968
img_000082.jpg,0.047932,0.044252,0.528765,3.1665523264355904,5.311035504188942,53.454970328523046,0.0038220046524358,0.0537780627949988,0.4479496762358634,0.892431733973327
img_000083.jpg,0.047907,0.044184,0.529111,3.209552464272977,5.372048634127966,53.55896598758192,0.0038677663088293,0.0544242197941277,0.4487147190177706,0.8920079291241664
img_000084.jpg,0.047883,0.044116,0.529458,3.2527117751817247,5.432972511866844,53.66301906941674,0.0039139077505724,0.0550703949238776,0.4494792216456351,0.8915830652484837
img_000085.jpg,0.047858,0.044047,0.529804,3.2959645398662896,5.493822660069775,53.76714163492248,0.0039598496371236,0.0557164531205502,0.4502433004796964,0.8911570943529916
img_000086.jpg,0.047833,0.043979,0.53015,3.3392881808065207,5.554590249206897,53.87131021177356,0.0040054620872055,0.0563622368723313,0.4510067856142231,0.8907301128052995
img_000087.jpg,0.047809,0.043911,0.530496,3.382790723602099,5.615279002436932,53.97555261120488,0.004051555756557,0.057008202259922,0.4517698363466771,0.8903020076009824
img_000088.jpg,0.047784,0.043843,0.530842,3.426361578066828,5.67587068184311,54.079845024430725,0.0040973544680848,0.0576537727620602,0.4525323275878028,0.8898728823043374
img_000089.jpg,0.047741,0.043718,0.531211,3.470091554197317,5.736414087879215,54.184185995216176,0.0041433698620066,0.0582996862001208,0.453294179444797,0.8894427277552064
img_000090.jpg,0.047716,0.043649,0.531557,3.513895972409472,5.796867775150435,54.28859520616284,0.0041890982672778,0.0589452884096007,0.4540556028578862,0.8890114813338338
img_000091.jpg,0.047692,0.043581,0.531904,3.557848937723143,5.857252341381291,54.393036969641386,0.004235050315032,0.0595910321704009,0.4548162717634192,0.8885792773708596
img_000092.jpg,0.047667,0.043513,0.53225,3.6019029249507337,5.917535001612948,54.49756750601326,0.0042809582910703,0.0602364786570375,0.4555766588085294,0.8881459046710553
img_000093.jpg,0.047643,0.043445,0.532596,3.646074927739354,5.977756753073765,54.602140944258814,0.0043268132049428,0.0608820120791848,0.4563363788395557,0.8877115345878305
img_000094.jpg,0.047618,0.043376,0.532942,3.690353482384874,6.037871059863533,54.70677281038949,0.0043727038151664,0.0615272286042636,0.4570955771098276,0.8872761199244895
img_000095.jpg,0.047593,0.043308,0.533288,3.7347627444482967,6.097930599625519,54.81146687745888,0.0044186030044156,0.0621726331982877,0.4578542434120862,0.8868396311725287
img_000096.jpg,0.047569,0.04324,0.533635,3.7792241164786136,6.157894691796092,54.91623438651234,0.004464058958179,0.0628175988336616,0.458612523880493,0.8864020388031355
img_000097.jpg,0.047544,0.043171,0.533981,3.8238883181634846,6.21778630777096,55.02102900576779,0.0045101698788458,0.0634629053033584,0.4593699646777214,0.8859635170649579
img_000098.jpg,0.04752,0.043103,0.534327,3.868628707559936,6.277602174687692,55.12591035879931,0.0045559355395314,0.0641080240168517,0.4601270953914418,0.8855238341200361
img_000099.jpg,0.047495,0.043035,0.534673,3.91350502257364,6.337311653761797,55.23083393598034,0.0046019656750122,0.0647529576663595,0.4608835513252695,0.8850831760366888
img_000100.jpg,0.04747,0.042966,0.535019,3.958482337079503,6.396962653524963,55.335822677582925,0.0046477829144575,0.0653979374945002,0.4616395038389361,0.8846414394435671
img_000101.jpg,0.047446,0.042898,0.535365,4.003584403009137,6.456537873178887,55.44085255009424,0.0046936534775194,0.0660429257838288,0.4623947598897162,0.884198726303921
img_000102.jpg,0.047421,0.04283,0.535712,4.048782577258313,6.516024247903378,55.54596431720901,0.0047393852101889,0.0666877092070394,0.4631496547387433,0.883754878336708
img_000103.jpg,0.047397,0.042762,0.536058,4.094094881977792,6.575403204960772,55.65114981754017,0.0047851967904628,0.0673322184762053,0.4639041221970527,0.8833099340861797
img_000104.jpg,0.047372,0.042693,0.536404,4.139522627102242,6.634715305613024,55.7563638580629,0.0048309588533927,0.0679767703395159,0.4646577904074637,0.882864065609434
img_000105.jpg,0.047347,0.042625,0.53675,4.185073034361766,6.693966664441485,55.86165873622438,0.0048766700401551,0.0686214443174271,0.4654110523973463,0.8824170599979945
img_000106.jpg,0.047323,0.042557,0.537096,4.230780000262455,6.753120990689028,55.967001796459385,0.0049227581082311,0.0692660993383706,0.4661636523708102,0.881969060196196
img_000107.jpg,0.047298,0.042489,0.537442,4.276558219339838,6.8121737783216405,56.07240247573046,0.0049685787994241,0.069910355846223,0.4669157147432857,0.8815200341999806
img_000108.jpg,0.047273,0.04242,0.537789,4.322459010223932,6.871164540848683,56.17787095408347,0.0050143579421124,0.0705547273967123,0.4676672638085352,0.8810699274281479
img_000109.jpg,0.047249,0.042352,0.538135,4.3684672286217765,6.93006537132068,56.28338503337913,0.0050601065349848,0.0711989382759951,0.4684181506577241,0.8806188407277143
img_000110.jpg,0.047224,0.042284,0.538481,4.414558864033129,6.9888580190281,56.38900083305364,0.0051056800314702,0.0718427539906724,0.4691688295139765,0.880166552501819
img_000111.jpg,0.0472,0.042215,0.538827,4.460811751779726,7.047601938260589,56.494644457095525,0.0051514761251333,0.0724869466341472,0.469918649196499,0.8797133442199954
img_000112.jpg,0.047175,0.042147,0.539173,4.5071874189550325,7.10625281617349,56.60035093620069,0.0051973593689024,0.0731310222911366,0.4706679245407699,0.8792590891442226
img_000113.jpg,0.047151,0.042079,0.539519,4.553648025851752,7.164808971267398,56.70611903910133,0.0052430466090031,0.073774813877681,0.4714166691548128,0.8788037957033135
img_000114.jpg,0.047126,0.042011,0.539866,4.60024123909721,7.223268600115624,56.8119690584121,0.0052888973056221,0.0744185057320997,0.4721650070781286,0.8783473798337437
img_000115.jpg,0.047101,0.041942,0.540212,4.646950623576782,7.281671652143766,56.91785351499446,0.0053346491003471,0.0750623347790758,0.4729125598093306,0.8778900262510543
img_000116.jpg,0.047077,0.041874,0.540558,4.693745911638237,7.339982199961288,57.0238190594801,0.0053801883886728,0.0757059046402974,0.4736597229829735,0.8774315565325819
img_000117.jpg,0.047052,0.041806,0.540904,4.740713582894492,7.398204751974442,57.12982360561807,0.0054261855742029,0.0763496065429968,0.4744061124044209,0.8769721401527918
img_000118.jpg,0.047027,0.041737,0.54125,4.787752625130182,7.456323123672176,57.2359164933579,0.0054719015944966,0.0769929029427979,0.4751521800359063,0.8765115840629301
img_000119.jpg,0.047003,0.041669,0.541596,4.834891055641225,7.514367777542423,57.34205884330101,0.0055174488666958,0.0776361411792001,0.475897590004636,0.8760500391921607
img_000120.jpg,0.046978,0.041601,0.541942,4.8821505867768415,7.572301338476488,57.44827819433638,0.0055631308920025,0.0782791289705374,0.4766425584018501,0.8755874034397888
img_000121.jpg,0.046954,0.041533,0.542289,4.929568578244662,7.63018586831975,57.554530004862805,0.0056090018158864,0.0789224939719518,0.4773866795660541,0.8751238410743785
img_000122.jpg,0.046929,0.041464,0.542635,4.977053049920683,7.687979448969749,57.66085530735817,0.0056545062161748,0.0795655370592652,0.4781303530657036,0.874659200688581
img_000123.jpg,0.046905,0.041396,0.542981,5.024670646801121,7.745666572720575,57.767259270722576,0.0057002141069431,0.0802084194654206,0.4788735798415391,0.8741934634483051
img_000124.jpg,0.04688,0.041328,0.543327,5.072405361625807,7.803269193497121,57.87372310396185,0.0057459229392715,0.080851241985859,0.4796162118493903,0.8737267023332644
img_000125.jpg,0.046855,0.04126,0.543673,5.120285304858619,7.860790379720382,57.98022298552687,0.0057918500410807,0.0814941458254867,0.4803580434067209,0.8732590158731502
img_000126.jpg,0.046831,0.041191,0.54402,5.168234066182301,7.918222929469902,58.08683618146087,0.0058373877873382,0.0821367611993917,0.4810997199056086,0.8727900875183214
img_000127.jpg,0.046806,0.041123,0.544366,5.216310918700592,7.9755695110919556,58.19345918967452,0.0058830497631866,0.0827793527195675,0.4818404069238111,0.8723203486932478
img_000128.jpg,0.046781,0.041055,0.544712,5.264500323570108,8.032828137354437,58.3001870412806,0.0059286569345831,0.0834218462381618,0.4825808383289605,0.8718494027496299
img_000129.jpg,0.046757,0.040986,0.545058,5.312822822050638,8.089991065167945,58.406947905685016,0.0059744497805312,0.0840642672626921,0.4833204552579273,0.8713775544783539
img_000130.jpg,0.046732,0.040918,0.545404,5.361225034027304,8.147065216654804,58.51379235789915,0.0060199552919817,0.0847064470708166,0.4840596750362379,0.8709045923444961
img_000131.jpg,0.046708,0.04085,0.54575,5.409782413912187,8.204049968996737,58.62067498867107,0.0060657824228978,0.0853486983971775,0.4847980951568745,0.8704307053969154
img_000132.jpg,0.046683,0.040782,0.546097,5.458403407212842,8.260952890397968,58.727658137068026,0.0061111560255123,0.0859906959167937,0.4855362500389822,0.8699556332858936
img_000133.jpg,0.046659,0.040713,0.546443,5.507155647138422,8.31773628748378,58.83469371359937,0.0061567866643382,0.0866324394133554,0.4862737472498949,0.8694795898437218
img_000134.jpg,0.046634,0.040645,0.546789,5.556044477145549,8.374469685315555,58.9417957258656,0.0062024048394704,0.0872744795026116,0.4870106399010147,0.8690024925309248
img_000135.jpg,0.046591,0.04052,0.547158,5.605060905369824,8.431094534845482,59.0489368773661,0.0062482137948177,0.0879163356326565,0.4877467649849647,0.8685244792174841
img_000136.jpg,0.046566,0.040452,0.547504,5.654145817852243,8.487639499112928,59.15615682680705,0.0062936112020641,0.0885579759927682,0.4884824470870386,0.8680453756768481
img_000137.jpg,0.046542,0.040383,0.547851,5.70339869446933,8.54410146484851,59.26344072808159,0.0063393745806715,0.0891998012754863,0.4892174968624242,0.8675652416654344
img_000138.jpg,0.046517,0.040315,0.548197,5.752711469794776,8.600431338165974,59.370808866570094,0.0063848814381688,0.0898409829007026,0.4899521839345176,0.8670840146942239
img_000139.jpg,0.046492,0.040247,0.548543,5.802137257577262,8.656703130679615,59.478233546318165,0.0064302346028425,0.0904823048846074,0.4906862037505116,0.8666017851554616
img_000140.jpg,0.046468,0.040179,0.548889,5.851700083451193,8.712862817750835,59.58570762598664,0.006475854878111,0.0911234641381681,0.4914195193120894,0.8661186025170758
img_000141.jpg,0.046443,0.04011,0.549235,5.901406880139329,8.768938205523018,59.69325334975073,0.0065216554056814,0.0917647028269419,0.4921522711811095,0.8656343623592633
img_000142.jpg,0.046419,0.040042,0.549581,5.951181078485954,8.824926906860066,59.80087063479662,0.0065670671737361,0.0924056754504628,0.492884519441994,0.8651490711245745
img_000143.jpg,0.046394,0.039974,0.549928,6.001091403559206,8.880810223737116,59.90855813178851,0.0066126911596959,0.0930465378956975,0.4936162103487624,0.864662738287118
img_000144.jpg,0.046369,0.039905,0.550274,6.051089561256396,8.936613354846632,60.01630110568655,0.0066580641070614,0.0936872720306048,0.4943472514362838,0.8641754221448336
img_000145.jpg,0.046345,0.039837,0.55062,6.10122756238643,8.992315408767922,60.12410698317195,0.0067036629741553,0.0943279469268804,0.4950776697061533,0.863687096285231
img_000146.jpg,0.04632,0.039769,0.550966,6.151448617729877,9.047934170291372,60.23200217543398,0.0067489591519002,0.0949684536752409,0.4958076955729572,0.8631976444404453
img_000147.jpg,0.046296,0.039701,0.551312,6.201821352004771,9.103459671625654,60.33994146804037,0.0067945498910886,0.0956090129089072,0.4965369369256578,0.8627072626394467
img_000148.jpg,0.046271,0.039632,0.551659,6.2523240159279805,9.158892080017106,60.447954865445766,0.0068402447429117,0.096249535316072,0.4972656352954708,0.8622158233049825
img_000149.jpg,0.046246,0.039564,0.552005,6.302903758758662,9.214222835220887,60.55602049666146,0.0068857014420868,0.0968897275058593,0.497993675064749,0.8617234286097808
img_000150.jpg,0.046222,0.039496,0.552351,6.3535917366967904,9.269454482938642,60.66416277025308,0.0069311222614896,0.0975297463196303,0.4987212101257846,0.8612299708542995
img_000151.jpg,0.046197,0.039427,0.552697,6.404374293974153,9.324584366347816,60.772380436683335,0.006976416731471,0.0981695136348923,0.4994482429066523,0.8607354581169148
img_000152.jpg,0.046173,0.039359,0.553043,6.455326403930665,9.379633154898,60.880646407413,0.0070220789104448,0.098809510464289,0.5001744875627546,0.860239997350111
img_000153.jpg,0.046148,0.039291,0.553389,6.506374400948955,9.434599292044435,60.988985215211706,0.007067540285837,0.0994494068883842,0.5009001903999614,0.8597434876759108
img_000154.jpg,0.046123,0.039223,0.553735,6.557548645850203,9.48945028758187,61.0973983663154,0.0071131708660895,0.1000890944846516,0.5016253600427331,0.8592459334366797
img_000155.jpg,0.046099,0.039154,0.554082,6.608804083066451,9.544216245127672,61.20588604443759,0.007158498122514,0.100728601963881,0.5023500114446842,0.8587473264310973
img_000156.jpg,0.046074,0.039086,0.554428,6.660177452502338,9.598890926745304,61.314418476135984,0.0072038507465963,0.1013680428955623,0.5030738924436036,0.8582477982235582
img_000157.jpg,0.04605,0.039018,0.554774,6.711684319128047,9.65345012659782,61.42302484188765,0.0072494269766038,0.102007308784504,0.5037972254489027,0.8577472298952885
img_000158.jpg,0.046025,0.03895,0.55512,6.763262725127235,9.707929286110115,61.53170943674296,0.0072946001019583,0.1026463927185988,0.5045200670749191,0.857245594208527
img_000159.jpg,0.046,0.038881,0.555466,6.815002232236211,9.762299428116728,61.64045434161871,0.007340185138742,0.1032854734416959,0.5052422248247603,0.8567429759923219
img_000160.jpg,0.045976,0.038813,0.555812,6.866843605852864,9.816582852975907,61.749267334305614,0.0073856312984082,0.1039244579753029,0.5059637896190788,0.8562393374980877
img_000161.jpg,0.045951,0.038745,0.556159,6.918798897503601,9.870787010538988,61.85812822371702,0.00743101269324,0.104563454591059,0.5066845915408643,0.8557347653972017
img_000162.jpg,0.045927,0.038676,0.556505,6.970843817597581,9.924850511526916,61.96709665065744,0.0074763691735811,0.1052019054585413,0.5074051476562497,0.8552290214461925
img_000163.jpg,0.045902,0.038608,0.556851,7.02300442390977,9.97884646269858,62.07610446875552,0.0075216279316149,0.1058404650880938,0.5081248624054261,0.8547223790615647
img_000164.jpg,0.045877,0.03854,0.557197,7.075294692372118,10.03271706463464,62.1852027750978,0.0075671060752556,0.1064787718029518,0.5088441508911821,0.8542146335464013
img_000165.jpg,0.045853,0.038472,0.557543,7.127688238130728,10.086519703962598,62.29436132311198,0.0076123747430667,0.107117133117203,0.5095627611820345,0.8537059001553542
img_000166.jpg,0.045828,0.038403,0.55789,7.180214343914623,10.140215580369798,62.40356790721954,0.0076578383299048,0.1077553923995097,0.5102806062506211,0.853196246947582
img_000167.jpg,0.045803,0.038335,0.558236,7.232849317962252,10.193807088125045,62.51286697654354,0.0077032671837736,0.1083934665538716,0.510998035379405,0.8526854777240657
img_000168.jpg,0.045779,0.038267,0.558582,7.285546738587584,10.247306383838112,62.62221423906521,0.0077483019947002,0.1090312365069458,0.5117147506740175,0.8521737893320784
img_000169.jpg,0.045754,0.038199,0.558928,7.338423870874159,10.300707134158053,62.731651356509865,0.0077938034639612,0.1096691830691251,0.51243095425441,0.851660991260273
img_000170.jpg,0.04573,0.03813,0.559274,7.391383409246552,10.353999531016228,62.841131649156885,0.0078391365879195,0.1103067976530569,0.513146398496639,0.8511473033729309
img_000171.jpg,0.045705,0.038062,0.55962,7.44447152666049,10.407205202218885,62.950693824185066,0.0078845081030863,0.1109444503135573,0.5138613058527216,0.850632542184891
img_000172.jpg,0.04568,0.037994,0.559967,7.4976338832260385,10.460291360082278,63.060347584391685,0.0079296541749216,0.1115816577742169,0.5145758281890083,0.8501166809777466
img_000173.jpg,0.045656,0.037925,0.560313,7.550949421458364,10.513296974970425,63.17002698255857,0.0079750458286878,0.1122190582495306,0.5152893628112358,0.8495999965767476
img_000174.jpg,0.045631,0.037857,0.560659,7.60435750436844,10.566194022490471,63.279802729469225,0.0080202919300359,0.1128561793765831,0.5160025166431362,0.8490821871361025
img_000175.jpg,0.045607,0.037789,0.561005,7.657867365449398,10.6189917319436,63.38965110290547,0.008065441203432,0.1134931301558692,0.5167150946891342,0.8485633559057426
img_000176.jpg,0.045582,0.037721,0.561351,7.711523737649485,10.67168610519052,63.49955207803859,0.0081108624532995,0.1141300830110131,0.5174269061772976,0.8480435925269131
img_000177.jpg,0.045558,0.037652,0.561697,7.765267810065199,10.724281031876831,63.60952980579005,0.0081560777678672,0.1147668043691112,0.5181381829033765,0.8475227916864146
img_000178.jpg,0.045533,0.037584,0.562043,7.819121738914565,10.776776158599215,63.719587409693226,0.008201248910568,0.1154033931400059,0.5188489244441434,0.8470009385893474
img_000179.jpg,0.045508,0.037516,0.56239,7.8731090397998305,10.829180082860818,63.82968248050172,0.0082465518881209,0.1160400172677493,0.5195587836952762,0.8464782212553031
img_000180.jpg,0.045484,0.037447,0.562736,7.927172817674073,10.88146633902062,63.939866783111135,0.0082916360574697,0.1166762300374385,0.5202682238904685,0.8459544203593942
img_000181.jpg,0.045459,0.037379,0.563082,7.981372961122582,10.933643288461498,64.0501413783202,0.0083369031894809,0.1173123660392854,0.520977182399879,0.8454295241107664
img_000182.jpg,0.045416,0.037254,0.563451,8.035697697786576,10.98572603394284,64.16044667467872,0.008382256390598,0.1179484797772788,0.5216852151494157,0.8449037993704012
img_000183.jpg,0.045391,0.037186,0.563798,8.090102785228675,11.037705034983809,64.27084015022601,0.0084273542710101,0.1185843055978402,0.522392799064789,0.8443769926111937
img_000184.jpg,0.045367,0.037117,0.564144,8.144618454915339,11.08957967009445,64.38132496932528,0.008472418567404,0.1192199781136979,0.5230999251260775,0.8438490879744318
img_000185.jpg,0.045342,0.037049,0.56449,8.19928563734267,11.141372459413592,64.49183580877963,0.0085177126249852,0.1198558453306913,0.5238060457992842,0.8433203728689483
img_000186.jpg,0.045318,0.036981,0.564836,8.254053634259732,11.193041674219762,64.60244128564399,0.0085629858186015,0.1204913779446128,0.5245117578468705,0.8427905546428869
img_000187.jpg,0.045293,0.036913,0.565182,8.308917273681391,11.244618181507557,64.71310366924533,0.0086080948521154,0.1211267758710512,0.5252167573756372,0.8422597952187448
img_000188.jpg,0.045268,0.036844,0.565528,8.36385391480637,11.296057772639305,64.82387726660657,0.0086530228526411,0.1217616185165099,0.5259215098057912,0.841727865153191
img_000189.jpg,0.045244,0.036776,0.565874,8.418970888662209,11.347427604565214,64.9346824572918,0.0086983268944169,0.1223968828737429,0.526625247809077,0.8411950965989147
img_000190.jpg,0.045219,0.036708,0.566221,8.474173119137099,11.398688260904391,65.04557011026368,0.0087434388150559,0.1230318509847095,0.5273284833469201,0.840661279334311
img_000191.jpg,0.045194,0.03664,0.566567,8.529486130078064,11.449830807344522,65.15652874313278,0.0087885999187293,0.1236665757966639,0.5280311123648457,0.8401264684063585
img_000192.jpg,0.04517,0.036571,0.566913,8.584909704286815,11.500877744248388,65.26754945927316,0.0088337116339512,0.1243012205901913,0.5287330455548316,0.8395906970880924
img_000193.jpg,0.045145,0.036503,0.567259,8.64041007192724,11.55180857596772,65.37866015822144,0.0088785925787028,0.1249354842100929,0.5294345432591221,0.839053847963893
img_000194.jpg,0.045121,0.036435,0.567605,8.696056553927281,11.602650952556903,65.4898199642492,0.0089236635508901,0.1255698855694771,0.5301352007485994,0.8385160946542058
img_000195.jpg,0.045096,0.036366,0.567952,8.751832551239188,11.653371525767556,65.6010509368749,0.0089689360255722,0.1262041099079534,0.5308352298797901,0.8379773502591706
img_000196.jpg,0.045072,0.036298,0.568298,8.807683485930939,11.703990295239846,65.71237245061472,0.0090138941084546,0.1268380523767412,0.53153481012463,0.8374375223310992
img_000197.jpg,0.045047,0.03623,0.568644,8.863660228791034,11.754515899004044,65.82372839742733,0.0090589301020363,0.1274720080549082,0.5322334646481957,0.8368968646472718
img_000198.jpg,0.045022,0.036162,0.56899,8.919740242555662,11.804918793316476,65.93519624528247,0.0091039332772789,0.1281056664203628,0.5329318135379651,0.8363550315201153
img_000199.jpg,0.044998,0.036093,0.569336,8.97594560497678,11.855226879855689,66.04670514209835,0.0091490102143242,0.1287393276947345,0.5336292838328036,0.8358123405124472
img_000200.jpg,0.044973,0.036025,0.569682,9.032258960237042,11.90542638362361,66.15830073418626,0.009194048180195,0.1293728168254822,0.5343262408401928,0.8352685867996525
img_000201.jpg,0.044948,0.035957,0.570029,9.088649825737413,11.95550107671918,66.26997679745742,0.009238909135329,0.1300058755776135,0.5350226893936417,0.8347238086380919
img_000202.jpg,0.044924,0.035889,0.570375,9.14520404627613,12.005490797790204,66.3817020320386,0.0092840626889782,0.130639190814051,0.5357182599643318,0.8341781308235227
img_000203.jpg,0.044899,0.03582,0.570721,9.201812827981428,12.055343550105311,66.49351725923434,0.0093289189511919,0.1312718845921995,0.5364134278688452,0.8336313921565152
img_000204.jpg,0.044875,0.035752,0.571067,9.258590108678272,12.105121442763458,66.60537963086146,0.0093740572928174,0.1319049349650756,0.5371076823740133,0.8330837609247619
img_000205.jpg,0.04485,0.035684,0.571413,9.315450632392269,12.154786605824984,66.71733467821423,0.0094189863906904,0.1325376755408591,0.5378014915240095,0.8325350460924446
img_000206.jpg,0.044826,0.035615,0.57176,9.372397423861662,12.2043305738056,66.82934218690939,0.0094638153494354,0.133170057612069,0.5384945677641512,0.8319854400427512
img_000207.jpg,0.044801,0.035547,0.572106,9.429500755740172,12.25375339896834,66.94143446350846,0.0095090164290195,0.1338024162009306,0.5391870626849425,0.8314347860527183
img_000208.jpg,0.044776,0.035479,0.572452,9.486684359587574,12.303089534341632,67.05360338743576,0.009553878196091,0.1344346408005518,0.5398789662100394,0.8308831160928836
img_000209.jpg,0.044752,0.035411,0.572798,9.543982076732474,12.35230840517114,67.1658293254213,0.0095988165125807,0.1350666711426628,0.5405701288292579,0.8303305323095839
img_000210.jpg,0.044727,0.035342,0.573144,9.601393288972991,12.40142179542842,67.2781395845392,0.0096437371500798,0.1356985926656052,0.541260734462887,0.8297769023123326
img_000211.jpg,0.044703,0.035274,0.57349,9.658917042603042,12.4504242827557,67.39051819720068,0.0096886776592622,0.1363303623271674,0.5419506729430131,0.8292223042885262
img_000212.jpg,0.044678,0.035206,0.573837,9.71654844231063,12.499306890510429,67.50297020871389,0.0097336398039453,0.1369618948997283,0.542639995269319,0.8286667189743753
img_000213.jpg,0.044653,0.035137,0.574183,9.774270790742412,12.548082224032033,67.6154879306044,0.0097784503465769,0.1375932022264096,0.5433286501543889,0.828110180188187
img_000214.jpg,0.044629,0.035069,0.574529,9.832097695462158,12.596740021424448,67.72808734088534,0.0098232381608536,0.1382242782917714,0.544016747155492,0.8275526156668902
img_000215.jpg,0.044604,0.035001,0.574875,9.890064188444166,12.645316500747423,67.84073788925859,0.0098681154666223,0.1388555466517978,0.5447039800446625,0.8269941545045357
img_000216.jpg,0.04458,0.034933,0.575221,9.948133818964296,12.693741693573314,67.95347391248566,0.0099131190236918,0.1394863403060944,0.5453907197824738,0.8264346639114247
img_000217.jpg,0.044555,0.034864,0.575567,10.006337985331736,12.742096097590167,68.0662743474509,0.0099581062099802,0.1401173818101132,0.5460766813546899,0.8258742116787751
img_000218.jpg,0.04453,0.034796,0.575913,10.064608652669929,12.79031860924104,68.17914092572148,0.0100028834180119,0.1407479137743348,0.5467620298976361,0.8253128193319879
img_000219.jpg,0.044506,0.034728,0.57626,10.122953564753162,12.838406661393975,68.29210440560348,0.0100474817009949,0.1413779588560395,0.5474469799030607,0.8247503410464199
img_000220.jpg,0.044481,0.034659,0.576606,10.181457972312948,12.886410959195551,68.4051335984417,0.0100923031086143,0.1420082832492071,0.5481311404422621,0.824186899789145
img_000221.jpg,0.044457,0.034591,0.576952,10.24004652242665,12.93429566276908,68.51821111108302,0.0101370027655289,0.1426382724701196,0.5488145202246418,0.8236225997338028
img_000222.jpg,0.044432,0.034523,0.577298,10.298788341370969,12.982076942702331,68.63137548262574,0.0101819494822615,0.1432683772311538,0.5494972896814717,0.823057245046181
img_000223.jpg,0.044407,0.034455,0.577645,10.357578654415176,13.02972222305034,68.74461202416688,0.0102265692729461,0.1438978649137053,0.5501795115306649,0.8224909281238679
img_000224.jpg,0.044383,0.034386,0.577991,10.41652593556136,13.07727755070986,68.8579335695221,0.0102713966756926,0.1445275846729531,0.5508610852893081,0.8219235611617534
img_000225.jpg,0.044358,0.034318,0.578337,10.475547275408008,13.12470742125094,68.97131158769834,0.0103160478445756,0.1451568861537563,0.5515419517332495,0.8213553025562639
img_000226.jpg,0.044333,0.03425,0.578683,10.53470371322409,13.172030639768083,69.08476188312694,0.010360846945262,0.1457861988961271,0.5522221230121488,0.8207860646465381
img_000227.jpg,0.044309,0.034181,0.579029,10.5939501177404,13.219231964903962,69.19827852498277,0.0104055533394998,0.1464151991048802,0.5529016310157114,0.8202158864292639
img_000228.jpg,0.044266,0.034056,0.579398,10.653310378148984,13.26631601084437,69.31188691311347,0.0104502823607059,0.1470440384751111,0.5535806201679447,0.8196446420992365
img_000229.jpg,0.044241,0.033988,0.579744,10.712734015465394,13.31328902032414,69.42553670329696,0.0104947060879419,0.1476725140201687,0.5542587861720367,0.8190725777964926
img_000230.jpg,0.044217,0.03392,0.58009,10.772317729141712,13.360136186593664,69.53928824774727,0.0105395117634978,0.1483009961934417,0.5549364530995433,0.8184993990474996
img_000231.jpg,0.044192,0.033852,0.580437,10.831997741653897,13.406870804455972,69.6531161422344,0.0105842091145415,0.1489292696741401,0.555613503360659,0.8179252301005526
img_000232.jpg,0.044167,0.033783,0.580783,10.891807007554863,13.453527505447203,69.76698326790728,0.0106289075935837,0.1495577355945507,0.5562895843359758,0.8173502360717251
img_000233.jpg,0.044143,0.033715,0.581129,10.95169668860163,13.50002767978754,69.88094068893216,0.0106735858099868,0.1501856111634504,0.5569652213282641,0.816774203189704
img_000234.jpg,0.044118,0.033647,0.581475,11.011700131629455,13.546442714000062,69.99496794765666,0.0107181498071171,0.1508135590964081,0.5576401336853137,0.8161972022500515
img_000235.jpg,0.044094,0.033578,0.581821,11.071792162942554,13.592701170508112,70.10908392443754,0.0107627539954985,0.1514409594430647,0.5583145781112854,0.8156191702000474
img_000236.jpg,0.044069,0.03351,0.582168,11.132005376045749,13.638877780002822,70.2232414426016,0.010807316413352,0.1520684917647116,0.5589880795056352,0.8150403074050689
img_000237.jpg,0.044044,0.033442,0.582514,11.192293449818994,13.684898787061377,70.33749660744078,0.0108518046199244,0.1526954207966807,0.5596611915033666,0.8144603719821166
img_000238.jpg,0.04402,0.033374,0.58286,11.252718626089711,13.730833814716089,70.45181535878415,0.0108963546548254,0.1533225358200489,0.560333498394296,0.8138794997062867
img_000239.jpg,0.043995,0.033305,0.583206,11.313264782363015,13.776650129713255,70.56620890064549,0.0109410013871529,0.1539495321953511,0.5610051415910304,0.8132976497776854
img_000240.jpg,0.043971,0.033237,0.583552,11.373889386163738,13.822348691745963,70.68066055442077,0.0109854601444241,0.1545762085253204,0.5616760573336448,0.8127149082190409
img_000241.jpg,0.043946,0.033169,0.583899,11.434658595156217,13.86791754101016,70.79520557479513,0.0110302130345791,0.1552028107618826,0.5623464208944036,0.8121311007708528
img_000242.jpg,0.043921,0.033101,0.584245,11.49548868235327,13.913380711026326,70.90981743477624,0.0110745798559124,0.1558290948607565,0.563016124556254,0.8115463574963226
img_000243.jpg,0.043897,0.033032,0.584591,11.556443076063568,13.95871330047052,71.0244998077001,0.0111191314018298,0.1564552007323499,0.5636851399346662,0.810960663717732
img_000244.jpg,0.043872,0.032964,0.584937,11.617508444169358,14.003966598934744,71.13921813377101,0.011163558794938,0.1570814179116861,0.5643531713921779,0.8103741734788178
img_000245.jpg,0.043847,0.032896,0.585283,11.67865590432108,14.049044783706728,71.25406943524847,0.0112080130683644,0.1577069494695335,0.5650210706647583,0.8097864460689149
img_000246.jpg,0.043823,0.032827,0.585629,11.739925790863088,14.0940482934693,71.3689390572259,0.011252423971051,0.1583326821513585,0.565687836890062,0.8091980078523273
img_000247.jpg,0.043798,0.032759,0.585976,11.801282081619693,14.138893256976145,71.48392377108975,0.0112968319127329,0.1589578675648171,0.5663543143145158,0.808608414861802
img_000248.jpg,0.043774,0.032691,0.586322,11.862782977135696,14.183652370020626,71.59896495316491,0.0113413561379218,0.1595832932371241,0.5670199092559627,0.8080179259570339
img_000249.jpg,0.043749,0.032623,0.586668,11.924370046779387,14.228288518482108,71.71406815653853,0.0113857663373868,0.1602084153880361,0.5676847906794847,0.807426533125432
img_000250.jpg,0.043724,0.032554,0.587014,11.98604860567202,14.27276467773818,71.8292693577076,0.0114302400195573,0.1608330096634601,0.5683492542198072,0.8068340708246509
img_000251.jpg,0.0437,0.032486,0.58736,12.047828581938736,14.317141670615698,71.94453848319438,0.0114745764342142,0.161457544454787,0.5690129902125067,0.8062406665529268
img_000252.jpg,0.043675,0.032418,0.587706,12.109726525102117,14.361424340618786,72.05986437167167,0.0115188820481881,0.1620821355961277,0.5696758886033144,0.8056463731817963
img_000253.jpg,0.043651,0.032349,0.588053,12.17169601965989,14.405562098694638,72.17525288003185,0.0115630828567561,0.1627062056328606,0.5703381246982886,0.8050511842603827
img_000254.jpg,0.043626,0.032281,0.588399,12.233823997664391,14.449587448295938,72.2907537440568,0.0116075509865753,0.1633304181297141,0.570999878498047,0.8044548328084569
img_000255.jpg,0.043602,0.032213,0.588745,12.29604534985438,14.493491415738026,72.406272508763,0.0116520092812519,0.1639543795600233,0.5716605901794573,0.8038577994511669
img_000256.jpg,0.043577,0.032145,0.589091,12.358394971416086,14.537285250754016,72.52189351519075,0.0116965235893875,0.1645783516190476,0.5723207848883818,0.8032596570842001
img_000257.jpg,0.043552,0.032076,0.589437,12.420769526246742,14.58092885131718,72.63759898229871,0.0117406025308547,0.1652015425894791,0.572980541174319,0.8026605185343637
img_000258.jpg,0.043528,0.032008,0.589783,12.483314938512722,14.624485961165806,72.75334410049564,0.011785002140462,0.1658251163807034,0.5736392445966793,0.8020605722515143
img_000259.jpg,0.043503,0.03194,0.590129,12.545946748939608,14.667897900531804,72.86918801978372,0.0118293497518028,0.1664482560993544,0.5742975123519586,0.8014595509645419
img_000260.jpg,0.043479,0.031871,0.590476,12.608673434267391,14.711182385048604,72.98509672501216,0.0118736618226017,0.1670711239616201,0.5749550682017607,0.8008576185828741
img_000261.jpg,0.043454,0.031803,0.590822,12.671491897637043,14.754358088082718,73.10107056460387,0.0119178187496384,0.1676938338473512,0.5756118915606592,0.8002547681706044
img_000262.jpg,0.043429,0.031735,0.591168,12.734434447763508,14.797409975053531,73.2171119464723,0.0119621207538625,0.1683164471270774,0.5762679722428806,0.7996509897828341
img_000263.jpg,0.043405,0.031667,0.591514,12.797440759199665,14.840313584492744,73.33324599568037,0.0120062376801462,0.1689384979997989,0.5769236082406471,0.7990461716352392
img_000264.jpg,0.04338,0.031598,0.59186,12.86057322593221,14.883132313882449,73.44942866829192,0.0120503375541226,0.1695607301251366,0.5775783081219122,0.7984405088366269
img_000265.jpg,0.043355,0.03153,0.592207,12.92381369566506,14.925800328034086,73.56570027370292,0.0120945786737602,0.1701826092678254,0.5782324733872488,0.7978338219140396
img_000266.jpg,0.043331,0.031462,0.592553,12.98714343922419,14.968335555442533,73.68204033212163,0.0121387669291602,0.170804163088519,0.5788859622728549,0.797226210615595
img_000267.jpg,0.043306,0.031394,0.592899,13.050573844789318,15.010783686692989,73.79842903321928,0.012182770749843,0.1714257593793906,0.5795385523215857,0.7966177599646249
img_000268.jpg,0.043282,0.031325,0.593245,13.114096750181336,15.0530497696674,73.91493619631008,0.0122269285032659,0.1720467206169485,0.5801908791769681,0.7960081481141928
img_000269.jpg,0.043257,0.031257,0.593591,13.177738821780192,15.09524534964805,74.03146570721724,0.0122709816308916,0.1726679311570201,0.5808420699536833,0.7953978239420129
img_000270.jpg,0.043232,0.031189,0.593937,13.241478931043478,15.137303424517157,74.1480882493377,0.0123150299715215,0.1732888383559497,0.5814927447149086,0.7947864533206188
img_000271.jpg,0.043208,0.03112,0.594284,13.305371913904384,15.17923476580983,74.26478669885304,0.0123594222552544,0.1739097939224523,0.5821426843499428,0.7941741139808131
img_000272.jpg,0.043183,0.031052,0.59463,13.369304154231736,15.221023737321689,74.38157215983185,0.0124034365209736,0.174530118250394,0.5827921602190794,0.7935607667804353
img_000273.jpg,0.043159,0.030984,0.594976,13.43336151467455,15.262701369598783,74.49840437034948,0.0124475646263567,0.1751504549332297,0.5834407158477862,0.7929465980522132
img_000274.jpg,0.043134,0.030916,0.595322,13.49755652357796,15.30426137510446,74.6153049355464,0.0124918929377785,0.1757708296998592,0.58408848955829,0.792331499060191
img_000275.jpg,0.043091,0.030791,0.595691,13.561762911126202,15.345673357823408,74.73228021507,0.0125357000589183,0.1763903963034779,0.5847357639028752,0.7917154607110156
img_000276.jpg,0.043066,0.030722,0.596038,13.626079009547922,15.386949545877474,74.84934741449858,0.0125795747246927,0.1770097421254347,0.5853824879052476,0.7910983809528976
img_000277.jpg,0.043042,0.030654,0.596384,13.690530151441688,15.42811438709094,74.966469792068,0.012623617685922,0.1776291594138319,0.5860283301730701,0.7904804376055226
img_000278.jpg,0.043017,0.030586,0.59673,13.75507073278212,15.469160585595551,75.08366693675231,0.0126675222633567,0.1782483699518635,0.5866735062179709,0.7898615382401675
img_000279.jpg,0.042993,0.030517,0.597076,13.819738415438836,15.510097957810586,75.2009117232991,0.0127115374006397,0.1788676312119489,0.5873177542651121,0.7892418151913415
img_000280.jpg,0.042968,0.030449,0.597422,13.88449487032928,15.550878802723515,75.31825959709084,0.0127555673419226,0.1794864346828342,0.5879615881304316,0.7886210028586425
img_000281.jpg,0.042943,0.030381,0.597768,13.949349155968031,15.591533178241264,75.4356555330481,0.0127995997087108,0.1801050245098843,0.5886045677719172,0.7879993738523056
img_000282.jpg,0.042919,0.030313,0.598114,14.014294711355834,15.632063977829944,75.5531436280913,0.0128435045105657,0.1807233930880468,0.5892470013973252,0.7873767020473054
img_000283.jpg,0.042894,0.030244,0.598461,14.07935553985248,15.672472401512112,75.67068410090879,0.0128875025541888,0.1813416692362887,0.589888574719389,0.7867531891845372
img_000284.jpg,0.042869,0.030176,0.598807,14.14447708719927,15.712732222525553,75.7883228773954,0.0129312876210325,0.1819594038498498,0.5905297294635958,0.7861286127414022
img_000285.jpg,0.042845,0.030108,0.599153,14.209738833435184,15.752880163221231,75.90601338933968,0.012975281144311,0.1825772484619682,0.5911699615507214,0.785503193490263
img_000286.jpg,0.04282,0.030039,0.599499,14.27505445687701,15.792894232287628,76.02377139465945,0.0130189845229017,0.1831946147055714,0.5918095499906506,0.7848768666005728
img_000287.jpg,0.042796,0.029971,0.599845,14.340524827461554,15.832785750719925,76.1416012308639,0.0130630206585199,0.1838121012471813,0.5924483446108522,0.7842495954058452
img_000288.jpg,0.042771,0.029903,0.600192,14.406089169937928,15.872556113952989,76.25950074831688,0.0131069686057393,0.1844294053089671,0.5930864242878983,0.7836213978425703
img_000289.jpg,0.042746,0.029835,0.600538,14.471718175570992,15.9121475583797,76.37749081079306,0.0131509072633333,0.185045995296393,0.5937240700998799,0.7829921850484531
img_000290.jpg,0.042722,0.029766,0.600884,14.537441917543696,15.951652585454948,76.49554112248657,0.0131945901110589,0.1856626401562468,0.5943608783838209,0.7823620856667491
img_000291.jpg,0.042697,0.029698,0.60123,14.60333357981403,15.991034048864083,76.6136512408826,0.0132387181443643,0.1862794744942253,0.5949967853933968,0.7817311040860363
img_000292.jpg,0.042673,0.02963,0.601576,14.669201361455109,16.030269592101998,76.73182020392166,0.0132821059276769,0.1868953561353032,0.5956321314592884,0.7810992737741145
img_000293.jpg,0.042648,0.029562,0.601923,14.735218568165916,16.069358723954917,76.85009440643114,0.0133258629666092,0.1875111892666915,0.5962669512619514,0.780466333744617
img_000294.jpg,0.042623,0.029493,0.602269,14.801368975168218,16.108336009991877,76.96841903657484,0.0133697790351437,0.1881271146449419,0.5969008401578286,0.7798325620046899
img_000295.jpg,0.042599,0.029425,0.602615,14.867612695239275,16.14719012476107,77.08680169835011,0.0134136314448948,0.1887428525387524,0.5975339325184631,0.7791979270994093
img_000296.jpg,0.042574,0.029357,0.602961,14.933921719548836,16.185883856501114,77.20528442610413,0.0134573639367386,0.1893580180002939,0.598166620355334,0.778562222733387
img_000297.jpg,0.04255,0.029288,0.603307,15.000334532212666,16.224476737133926,77.32380221604946,0.0135010200411525,0.1899731987788413,0.5987983003570533,0.7779257687550191
img_000298.jpg,0.042525,0.02922,0.603653,15.066879247833375,16.262921004292227,77.44239670337105,0.013544982809919,0.1905882339630049,0.5994292859707104,0.7772883568124419
img_000299.jpg,0.0425,0.029152,0.603999,15.133433653690943,16.301226902581984,77.56107689141554,0.0135883522161273,0.1912025549464982,0.600059823895122,0.7766499516596501
img_000300.jpg,0.042476,0.029084,0.604346,15.200180333346568,16.339434289096406,77.67981048165623,0.0136322008872238,0.1918173774316912,0.6006893239296728,0.7760106912479434
img_000301.jpg,0.042451,0.029015,0.604692,15.266952066285356,16.377449896038424,77.79864453443778,0.0136758295595348,0.1924312206430664,0.6013185380037911,0.7753703714101161
img_000302.jpg,0.042427,0.028947,0.605038,15.33381887990325,16.41536190182426,77.91752449645459,0.0137193194291541,0.1930450257959918,0.6019468326337605,0.774729248816649
img_000303.jpg,0.042402,0.028879,0.605384,15.400835079292412,16.4531536616618,78.0364694531241,0.0137630966341283,0.1936589731603417,0.6025742719316218,0.7740872212429281
img_000304.jpg,0.042378,0.02881,0.60573,15.46792827880638,16.490820571962765,78.15548231376819,0.0138066919284025,0.1942726545856626,0.6032010041298955,0.773444283419898
img_000305.jpg,0.042353,0.028742,0.606077,15.535077189882362,16.52832022206395,78.27457382376329,0.0138501781847991,0.1948856837980699,0.6038272088821118,0.7728003911932543
img_000306.jpg,0.042328,0.028674,0.606423,15.602349484052136,16.56571054683182,78.39372439402001,0.0138937250499685,0.195498795408936,0.6044525407193859,0.7721556264224007
img_000307.jpg,0.042304,0.028606,0.606769,15.669729151004152,16.602958893240032,78.5129605321112,0.0139373595819869,0.1961116973198409,0.6050772595113727,0.7715098587862768
img_000308.jpg,0.042279,0.028537,0.607115,15.737143264577892,16.640043028472263,78.63226980334457,0.0139807356481812,0.1967238603036434,0.6057014435801306,0.7708631675355321
img_000309.jpg,0.042255,0.028469,0.607461,15.80468110646618,16.67702314706627,78.7516236039064,0.0140241694402057,0.1973361463077292,0.6063246443943763,0.770215679944235
img_000310.jpg,0.04223,0.028401,0.607807,15.872371442463203,16.713885286480128,78.87105999040288,0.0140678653480556,0.1979486235439936,0.6069470904314362,0.7695671946090225
img_000311.jpg,0.042205,0.028333,0.608154,15.940079844214033,16.750576214325456,78.99056285818777,0.0141112443746913,0.1985602346875736,0.6075689960810913,0.7689178245976799
img_000312.jpg,0.042181,0.028264,0.6085,16.007895322532242,16.787146664103,79.11012825645064,0.0141546290566809,0.19917178198743,0.6081900934391656,0.7682675692613078
img_000313.jpg,0.042156,0.028196,0.608846,16.075851038799517,16.82359873511312,79.22976735284391,0.0141982098701368,0.1997834585567198,0.6088103946895167,0.7676163650167926
img_000314.jpg,0.042131,0.028128,0.609192,16.14384441645974,16.85989433227964,79.34946730605726,0.0142415346037721,0.2003944735037457,0.6094300576898448,0.7669643006460196
img_000315.jpg,0.042107,0.028059,0.609538,16.21197244637903,16.89608465066301,79.46922965918715,0.0142849638678446,0.2010056755385234,0.6100488337601431,0.766311345757379
img_000316.jpg,0.042082,0.027991,0.609884,16.28013460569243,16.932079964331397,79.58909024540222,0.0143282649388691,0.2016159569041789,0.6106672946112152,0.7656573398313853
img_000317.jpg,0.042058,0.027923,0.610231,16.348434409446693,16.968004520702433,79.70899226216287,0.0143715331438029,0.2022266654910381,0.6112846604901832,0.7650025481322752
img_000318.jpg,0.042033,0.027855,0.610577,16.4168499384701,17.003750161804692,79.82897158022142,0.0144151651913346,0.2028369942316082,0.6119013981483634,0.7643468033083353
img_000319.jpg,0.042009,0.027786,0.610923,16.485303676911254,17.039360775160205,79.94901432826109,0.0144584223845088,0.203446812520053,0.6125174745041815,0.7636901805867357
img_000320.jpg,0.041984,0.027718,0.611269,16.55386456776648,17.074834415201106,80.06914112784791,0.0145017390146372,0.2040564805663393,0.6131329077085603,0.7630325614213832
img_000321.jpg,0.041941,0.027593,0.611638,16.622527077792252,17.11018510108198,80.18931920117872,0.0145450571967956,0.2046660568397547,0.6137474633243774,0.7623741192824558
img_000322.jpg,0.041916,0.027525,0.611984,16.691267877540298,17.145374448116776,80.30956609429775,0.0145884071143389,0.2052751746385786,0.6143613675155224,0.7617147702121999
img_000323.jpg,0.041892,0.027456,0.612331,16.760106491473607,17.180443831433898,80.42987848653856,0.0146316910825128,0.2058842054253609,0.6149744888247682,0.7610545221382952
img_000324.jpg,0.041867,0.027388,0.612677,16.829043437353256,17.215378069615515,80.55025331143418,0.0146750036324261,0.2064930564409365,0.6155868321724949,0.760393394215061
img_000325.jpg,0.041842,0.02732,0.613023,16.898104996786937,17.250177727125838,80.67069501370867,0.0147185077097088,0.2071018753758874,0.6161983777064597,0.7597313591385555
img_000326.jpg,0.041818,0.027251,0.613369,16.967222142644236,17.284843339437632,80.7912124930335,0.014761726289536,0.2077102978474881,0.6168093072183467,0.7590683777723084
img_000327.jpg,0.041793,0.027183,0.613715,17.03638434702334,17.31934311671684,80.91180067472153,0.0148047800509788,0.2083180656158677,0.6174196635971265,0.7584044837877189
img_000328.jpg,0.041768,0.027115,0.614061,17.105664401775524,17.35371217257621,81.03244686489346,0.0148479749878226,0.2089257949488971,0.6180291666518312,0.7577397303899112
img_000329.jpg,0.041744,0.027047,0.614408,17.175010293176737,17.3879468249269,81.15315128769886,0.0148909875845998,0.20953318410419,0.6186379185738108,0.7570741238152165
img_000330.jpg,0.041719,0.026978,0.614754,17.244503744229227,17.422053902427965,81.27393086545649,0.0149342878267456,0.2101407219003318,0.6192458684461064,0.756407561079834
img_000331.jpg,0.041695,0.02691,0.6151,17.314020788938993,17.456001229654863,81.39477828839762,0.0149772540489023,0.2107475358243966,0.6198532532321915,0.7557401024575631
img_000332.jpg,0.04167,0.026842,0.615446,17.383699380064183,17.489814888974838,81.5156829414579,0.0150206673098982,0.2113545380762836,0.6204597011407817,0.7550717833745464
img_000333.jpg,0.041646,0.026774,0.615792,17.453406723904063,17.523505452984175,81.63665352289284,0.0150635755956296,0.2119610800860155,0.6210654937485783,0.7544025726983434
img_000334.jpg,0.041621,0.026705,0.616138,17.52327731255069,17.557033844774292,81.75770239236815,0.0151070653984694,0.2125676473126387,0.6216705353560487,0.7537323910786505
img_000335.jpg,0.041596,0.026637,0.616485,17.593152760057958,17.590409667222232,81.8788021323432,0.0151500907917809,0.2131734404805937,0.6222749208707316,0.7530614064457112
img_000336.jpg,0.041572,0.026569,0.616831,17.66312806191165,17.62366878561726,81.99997829657222,0.0151930238235604,0.2137792063172937,0.6228785750702381,0.7523894627730471
img_000337.jpg,0.041547,0.0265,0.617177,17.73318488470403,17.65678236232896,82.12121109747693,0.015235946375554,0.2143846629409282,0.6234814549942531,0.7517166736956118
img_000338.jpg,0.041522,0.026432,0.617523,17.803361035363963,17.68975947529354,82.242505823743,0.0152790445013805,0.2149900761937072,0.6240835070300037,0.7510430042217824
img_000339.jpg,0.041498,0.026364,0.617869,17.873568776168504,17.72258477985709,82.36387249644457,0.0153218128210555,0.2155948754719751,0.6246849896034217,0.7503684131720052
img_000340.jpg,0.041473,0.026296,0.618216,17.943921180645123,17.755283674268256,82.48529313354113,0.0153648796332522,0.2161998361008704,0.625285524093133,0.7496929802948592
img_000341.jpg,0.041449,0.026227,0.618562,18.01432270217567,17.787796857585274,82.60679229083748,0.0154079156488689,0.2168040712096959,0.6258855624802981,0.7490165909517487
img_000342.jpg,0.041424,0.026159,0.618908,18.08480247690704,17.82021191824141,82.72834671940588,0.0154506499491487,0.2174082870535384,0.6264847317918265,0.7483393581579938
img_000343.jpg,0.0414,0.026091,0.619254,18.155411194285374,17.852466865661658,82.84996883766465,0.0154937482877294,0.218012376835914,0.6270831336462993,0.7476612139242543
img_000344.jpg,0.041375,0.026023,0.6196,18.22605082617128,17.884574244253614,82.97165351554082,0.0155365083993594,0.2186158844528285,0.6276808966230017,0.7469821979044807
img_000345.jpg,0.04135,0.025954,0.619946,18.296811934623012,17.91656880030969,83.09338875986546,0.0155793425643881,0.2192195226523248,0.6282777031998676,0.7463023600627612
img_000346.jpg,0.041326,0.025886,0.620292,18.367648715789507,17.94839153796127,83.21519918454935,0.0156222476112851,0.2198226786678146,0.6288739133315863,0.7456215772453845
img_000347.jpg,0.041301,0.025818,0.620639,18.438564435269328,17.980081572136488,83.3370788712872,0.0156650292770772,0.2204256153573461,0.6294694067592009,0.744939877376895
img_000348.jpg,0.041277,0.025749,0.620985,18.50955598538317,18.011625244906845,83.45901795068356,0.0157077659870564,0.2210282315028334,0.6300641510192797,0.7442573160989282
img_000349.jpg,0.041252,0.025681,0.621331,18.580644575015977,18.043014111628302,83.58102342104603,0.0157506315639558,0.221630594683553,0.630658166564527,0.7435738524524786
img_000350.jpg,0.041227,0.025613,0.621677,18.65182871876225,18.07429838481355,83.70307496843161,0.0157933627034865,0.2222330073057762,0.6312512264048097,0.7428895943010445
img_000351.jpg,0.041203,0.025545,0.622023,18.723074547711445,18.1053947079694,83.82519629015334,0.0158361807695524,0.2228347723794577,0.6318437112219267,0.7422044221011699
img_000352.jpg,0.041178,0.025476,0.62237,18.794394260244257,18.136341866594744,83.94738626412435,0.0158789412587557,0.2234361994068436,0.6324355145978393,0.7415183368565423
img_000353.jpg,0.041154,0.025408,0.622716,18.865823505620515,18.167155269294856,84.06964402522046,0.0159217864456504,0.2240375824303037,0.6330265306472458,0.7408313369937015
img_000354.jpg,0.041129,0.02534,0.623062,18.93731300782826,18.197834508715268,84.19194495097983,0.0159644481746985,0.2246386455055148,0.6336166965229771,0.7401435652812463
img_000355.jpg,0.041104,0.025271,0.623408,19.0089272887468,18.228387858645466,84.3143220465141,0.0160072300733705,0.2252398028761867,0.6342060820969109,0.739454829734015
img_000356.jpg,0.04108,0.025203,0.623754,19.08054833083542,18.25875947933349,84.43675365250743,0.0160497411707534,0.225840057479734,0.6347948888796734,0.7387652694179292
img_000357.jpg,0.041055,0.025135,0.6241,19.152338892078493,18.289032838254087,84.55924806566303,0.0160925245386654,0.226440826659038,0.6353826847873515,0.7380748109428752
img_000358.jpg,0.04103,0.025067,0.624447,19.22414275062988,18.319114704754966,84.68179642024363,0.0161351395828152,0.2270406738860592,0.6359699047827001,0.7373835297066857
img_000359.jpg,0.041006,0.024998,0.624793,19.29604744091916,18.349046638312014,84.80442969878379,0.0161778448572296,0.2276403462766476,0.6365564928602748,0.736691238905588
img_000360.jpg,0.040981,0.02493,0.625139,19.36802566570356,18.378861524853583,84.92709596888045,0.016220373879878,0.2282398882723212,0.6371421030283875,0.7359982292242279
img_000361.jpg,0.040957,0.024862,0.625485,19.440119834874483,18.40852068723002,85.0498384151361,0.0162631415089538,0.2288393076502709,0.6377270048096073,0.7353042559641358
img_000362.jpg,0.040932,0.024794,0.625831,19.512245306809124,18.43802131794487,85.17263642034168,0.0163056626256571,0.2294381160271147,0.6383112399893077,0.7346094453405696
img_000363.jpg,0.040908,0.024725,0.626177,19.584456957505022,18.46737965738666,85.29550224641895,0.0163481693422422,0.2300367217663997,0.6388947448467487,0.7339137204095133
img_000364.jpg,0.040883,0.024657,0.626524,19.65677233567596,18.496599174371333,85.41841789392764,0.0163907895805497,0.2306352436402004,0.6394773611351732,0.7332171786064117
img_000365.jpg,0.040858,0.024589,0.62687,19.729161353937503,18.52569047233448,85.54139384393682,0.0164332467604029,0.2312335819267225,0.6400591943523396,0.7325197654092914
img_000366.jpg,0.040834,0.02452,0.627216,19.801612310934345,18.55461692504028,85.66443748213507,0.0164756690136516,0.2318314522200433,0.6406403889667925,0.7318214414162617
img_000367.jpg,0.040809,0.024452,0.627562,19.874158664412768,18.58337184912142,85.78752838322926,0.0165183518736621,0.2324290009109645,0.6412207603494113,0.7311223154054537
img_000368.jpg,0.040766,0.024327,0.627931,19.946753399347404,18.612008152052613,85.91068733333404,0.0165606388281122,0.2330262905014341,0.6418004286503678,0.73042227715271
img_000369.jpg,0.040741,0.024259,0.628277,20.01944837373235,18.64047056487881,86.03391548088558,0.0166031876298545,0.2336232796499333,0.6423794078494668,0.7297213123769273
img_000370.jpg,0.040717,0.02419,0.628624,20.09221523695229,18.668806972833,86.15718108648639,0.016645597126244,0.234220096533163,0.6429574553058486,0.7290196027151358
img_000371.jpg,0.040692,0.024122,0.62897,20.165025903285997,18.696994708352975,86.28051753182478,0.0166877562742844,0.2348164536364386,0.643534887031388,0.7283169646971263
img_000372.jpg,0.040668,0.024054,0.629316,20.237960651289395,18.725014171414045,86.40390688318438,0.0167303297448701,0.235412683727236,0.6441114644983063,0.727613486480848
img_000373.jpg,0.040643,0.023986,0.629662,20.3109488272928,18.75288997887106,86.52735872914242,0.0167727020868797,0.2360085419998068,0.644687342497306,0.726909124300687
img_000374.jpg,0.040618,0.023917,0.630008,20.384040304491933,18.78065306411281,86.65086210860028,0.0168150271050522,0.2366044949484522,0.6452622843738471,0.7262039329267562
img_000375.jpg,0.040594,0.023849,0.630355,20.45715443948775,18.808227155454688,86.77442570400873,0.016857233473599,0.2371996348908606,0.6458366690397046,0.7254978730575012
img_000376.jpg,0.040569,0.023781,0.630701,20.530374942467297,18.83569034625544,86.8980520383926,0.0168993781520354,0.2377949036164793,0.6464101773208558,0.7247909198438702
img_000377.jpg,0.040544,0.023713,0.631047,20.603648184007323,18.862964715375497,87.02173247354992,0.0169416080799907,0.2383895340483245,0.6469830271434576,0.724083126830183
img_000378.jpg,0.04052,0.023644,0.631393,20.67701821829039,18.890081827460737,87.14546942847713,0.0169840078122878,0.2389839666242792,0.6475550765666606,0.7233744742440833
img_000379.jpg,0.040495,0.023576,0.631739,20.75045433052666,18.917073360626453,87.26925987404692,0.0170261991215847,0.2395782185945539,0.6481263037471249,0.7226649846987342
img_000380.jpg,0.040471,0.023508,0.632085,20.823977565468752,18.94392682941807,87.39311030137853,0.0170683765082459,0.2401723375610393,0.6486967311650031,0.7219546175277768
img_000381.jpg,0.040446,0.023439,0.632432,20.89758209670384,18.97061700961217,87.51701460585447,0.0171106684434135,0.2407661422619823,0.6492663849543442,0.7212434063019362
img_000382.jpg,0.040422,0.023371,0.632778,20.971208048962453,18.99713818717537,87.64097553633428,0.0171527277932902,0.2413592625765874,0.6498354203571861,0.7205313433480423
img_000383.jpg,0.040397,0.023303,0.633124,21.044965657803345,19.023537486732664,87.7649910303693,0.0171949677591117,0.2419526048181462,0.6504034927040884,0.7198184262602618
img_000384.jpg,0.040372,0.023235,0.63347,21.1187423926477,19.049740310832075,87.88906927746046,0.0172371158506202,0.2425450928129969,0.6509710481185907,0.7191046198578271
img_000385.jpg,0.040348,0.023166,0.633816,21.192644062969965,19.07586185351302,88.01319495646862,0.017279171097375,0.2431380082727883,0.651537522235166,0.7183900029225001
img_000386.jpg,0.040323,0.023098,0.634163,21.266572255439023,19.101794303472143,88.13737384419551,0.0173211580323637,0.2437301583481379,0.6521033882355256,0.7176745491152356
img_000387.jpg,0.040298,0.02303,0.634509,21.34059623148502,19.127557185005312,88.26161846119432,0.0173633666448396,0.2443220570166731,0.6526685360804306,0.7169581772771171
img_000388.jpg,0.040274,0.022961,0.634855,21.414685501897523,19.153181020907702,88.3859076136913,0.0174054660535043,0.2449137098441743,0.6532328325095653,0.716241014612647
img_000389.jpg,0.040249,0.022893,0.635201,21.48883370426804,19.178658722054767,88.51024678065639,0.0174474484955949,0.2455050418260386,0.6537963403683867,0.7155230298878529
img_000390.jpg,0.040225,0.022825,0.635547,21.56304440754956,19.203992997059007,88.63465372434734,0.0174892822323449,0.2460960940611215,0.6543591568518955,0.7148041209582758
img_000391.jpg,0.0402,0.022757,0.635893,21.6373563731622,19.22916150194457,88.75910421430787,0.0175313976769676,0.2466869558378092,0.654921095136218,0.7140844173209101
img_000392.jpg,0.040176,0.022688,0.63624,21.711708348399824,19.254196875262554,88.8836132707345,0.0175731819218476,0.2472774729740526,0.6554823100184455,0.71336384537597
img_000393.jpg,0.040151,0.02262,0.636586,21.78615470003364,19.279054332831222,89.00817690432918,0.0176152563586709,0.2478676964920456,0.6560427558702615,0.7126424140123137
img_000394.jpg,0.040126,0.022552,0.636932,21.860637304499804,19.303751166195347,89.13278640457298,0.017657173354646,0.2484573962001411,0.6566024667626928,0.7119201831270953
img_000395.jpg,0.040102,0.022484,0.637278,21.935225684246117,19.3283277351173,89.25745496587881,0.0176990896458535,0.2490472097206802,0.6571612861895068,0.7111970707826379
img_000396.jpg,0.040077,0.022415,0.637624,22.009857559184443,19.352739229811174,89.38216958472532,0.0177409215637266,0.2496365196022555,0.657719365460705,0.7104731550740745
img_000397.jpg,0.040052,0.022347,0.63797,22.084566365066188,19.376987007156654,89.50694731922513,0.0177828319410565,0.2502255308671618,0.6582767346773549,0.7097483322790712
img_000398.jpg,0.040028,0.022279,0.638316,22.15931402727988,19.401082244585183,89.63176136278564,0.0178245755192547,0.2508140880591843,0.6588332863930592,0.7090227630190157
img_000399.jpg,0.040003,0.02221,0.638663,22.23415927639451,19.42504051354029,89.75664209496945,0.017866354112937,0.2514026259228439,0.6593890458449048,0.7082962651952613
img_000400.jpg,0.039979,0.022142,0.639009,22.30908339134026,19.44881137844824,89.88156960970144,0.0179084061529783,0.2519907449622426,0.6599440409781571,0.7075689480325253
img_000401.jpg,0.039954,0.022074,0.639355,22.384050397917797,19.472486942027977,90.00654720878408,0.017949935304441,0.2525787727022702,0.6604981685960934,0.7068408114165364
img_000402.jpg,0.03993,0.022006,0.639701,22.459090212794187,19.49595731271486,90.13157070444016,0.0179918137054948,0.2531662493419419,0.661051578851755,0.7061118572374508
img_000403.jpg,0.039905,0.021937,0.640047,22.534215008484946,19.519298502886805,90.25665523783888,0.0180336143612622,0.2537536882425991,0.6616041702230973,0.7053820074255892
img_000404.jpg,0.03988,0.021869,0.640393,22.609356245835496,19.54245290820376,90.38177758229958,0.0180753233737818,0.2543403613635447,0.6621560787259596,0.7046513965590755
img_000405.jpg,0.039856,0.021801,0.64074,22.68459159075353,19.56550528037352,90.50696575321116,0.0181168328850597,0.2549272104530023,0.6627071164914023,0.7039198643940346
img_000406.jpg,0.039831,0.021732,0.641086,22.75987350201048,19.588353575606856,90.6321866498908,0.0181585564484053,0.2555133730124201,0.6632574120403689,0.7031875911967148
img_000407.jpg,0.039807,0.021664,0.641432,22.835246392238723,19.611059425251565,90.75746692041132,0.0182003263834841,0.2560994660832681,0.6638068929662723,0.702454425882465
img_000408.jpg,0.039782,0.021596,0.641778,22.91065525148449,19.633594558181787,90.88279271021472,0.0182420121938608,0.2566850099265614,0.6643556599225262,0.7017204513187747
img_000409.jpg,0.039757,0.021528,0.642124,22.986153961077186,19.65602297841692,91.00817437376575,0.0182835237225649,0.2572706858112534,0.664903512306021,0.7009856106266452
img_000410.jpg,0.039733,0.021459,0.642471,23.06169387718755,19.67826269128796,91.13359727624974,0.0183251061305709,0.2578557444282465,0.6654506529450047,0.7002499796827737
img_000411.jpg,0.039708,0.021391,0.642817,23.13731145101646,19.700361479450613,91.25907562326556,0.018366653941896,0.2584406742398372,0.6659969795305607,0.6995134789105975
img_000412.jpg,0.039684,0.021323,0.643163,23.21297348317486,19.722285564965237,91.38459565268757,0.0184082064400655,0.2590250908756165,0.6665425586321801,0.6987761857451965
img_000413.jpg,0.039659,0.021254,0.643509,23.288730015937084,19.74405105374744,91.5101650223014,0.0184499519849937,0.2596093808221814,0.6670872875986343,0.6980380500983967
img_000414.jpg,0.039616,0.021129,0.643878,23.36452330398117,19.76567680446499,91.63578044731032,0.0184914288370103,0.2601933167670069,0.667631234176617,0.6972991037719446
img_000415.jpg,0.039591,0.021061,0.644224,23.44037823441498,19.78712690885298,91.76144676815484,0.0185330027139122,0.2607768438189576,0.6681744526650562,0.6965593056904642
img_000416.jpg,0.039566,0.020993,0.644571,23.516276479948,19.80844187641868,91.887155355594,0.0185743293168821,0.2613600848907913,0.6687168403603377,0.6958187175800842
img_000417.jpg,0.039542,0.020925,0.644917,23.59225327326656,19.829609413434014,92.0129166803301,0.0186156761480276,0.2619431800788652,0.6692584081559722,0.6950772691753467
img_000418.jpg,0.039517,0.020856,0.645263,23.668281366510644,19.85057790197213,92.13872021001364,0.0186572260938149,0.2625256811714642,0.6697992718407128,0.694335012858774
img_000419.jpg,0.039493,0.020788,0.645609,23.744369396443645,19.871421097514464,92.26457009600408,0.0186985604432214,0.263108056421923,0.6703392686066318,0.6935919401544074
img_000420.jpg,0.039468,0.02072,0.645955,23.820504053163173,19.892116311798304,92.39046929201052,0.0187397346172999,0.2636901031511941,0.6708784983617677,0.6928480297167955
img_000421.jpg,0.039444,0.020651,0.646301,23.896729752801757,19.912621783764298,92.51641083650298,0.0187812963681513,0.2642718492586541,0.6714169124001919,0.6921033032280195
img_000422.jpg,0.039419,0.020583,0.646648,23.973002834415038,19.93300263694165,92.6423967372096,0.0188225682368233,0.2648534063153115,0.6719544737484001,0.6913577722841171
img_000423.jpg,0.039394,0.020515,0.646994,24.049323243928885,19.95319038464594,92.76843262749163,0.0188639688628291,0.2654343949830492,0.6724913740020745,0.6906113845944959
img_000424.jpg,0.03937,0.020447,0.64734,24.12568944463288,19.973250727034465,92.89450898305172,0.0189050980640033,0.2660151734760535,0.673027408018825,0.6898642133080667
img_000425.jpg,0.039345,0.020378,0.647686,24.20214690879848,19.993148663346226,93.02063019949168,0.0189464405597506,0.2665958170741613,0.6735625771827805,0.6891162146746853
img_000426.jpg,0.03932,0.02031,0.648032,24.278633928806745,20.01287079231536,93.14679707293232,0.0189877086348699,0.2671758918156817,0.6740970606356059,0.6883673892593464
img_000427.jpg,0.039296,0.020242,0.648378,24.355184374849784,20.03244263361681,93.27300752464096,0.0190289504709108,0.2677557407167422,0.6746307079673058,0.6876177500797488
img_000428.jpg,0.039271,0.020173,0.648725,24.43180971145792,20.05183900478342,93.3992540017862,0.0190704123978631,0.2683352934065163,0.6751635053523355,0.6868673312392731
img_000429.jpg,0.039247,0.020105,0.649071,24.50842955806672,20.07110721962841,93.52555139005251,0.0191112790685223,0.2689143427699184,0.6756956201820008,0.6861160719090095
img_000430.jpg,0.039222,0.020037,0.649417,24.585156148665124,20.090225546444685,93.6518957284352,0.0191523702251352,0.2694934317200062,0.6762268158588393,0.6853639693534735
img_000431.jpg,0.039198,0.019969,0.649763,24.661928660302543,20.10913212807141,93.77826846587786,0.0191937585476426,0.2700718608775197,0.6767572686072804,0.6846111224499509
img_000432.jpg,0.039173,0.0199,0.650109,24.738722033701247,20.127942599344944,93.90469505808844,0.0192345014118277,0.270650125189538,0.6772869193637819,0.6838574212136942
img_000433.jpg,0.039148,0.019832,0.650455,24.815603260605847,20.14654571532448,94.0311545255891,0.019275755729749,0.2712280081004734,0.6778157452137551,0.6831029412930517
img_000434.jpg,0.039124,0.019764,0.650802,24.89253357201002,20.165011483904472,94.1576650702562,0.0193168027293173,0.2718056706804795,0.6783437819272251,0.6823476035269126
img_000435.jpg,0.039099,0.019696,0.651148,24.96948997810556,20.18331650228948,94.28420590210035,0.0193577045798103,0.2723828473552021,0.6788710151789885,0.6815915261283132
img_000436.jpg,0.039074,0.019627,0.651494,25.046530884149277,20.201458252910754,94.4108049280431,0.0193987593746881,0.2729598776846477,0.6793974781556422,0.6808345320155691
img_000437.jpg,0.03905,0.019559,0.65184,25.12360954689999,20.219400610061427,94.53742407169078,0.0194400112299685,0.2735362843426028,0.6799231410817471,0.6800768407562133
img_000438.jpg,0.039025,0.019491,0.652186,25.20075529404059,20.237265059819567,94.66409597450948,0.0194807815329895,0.2741129109623442,0.6804478403898118,0.6793182963114235
img_000439.jpg,0.039001,0.019422,0.652533,25.277920716458773,20.254909692377147,94.79080327601083,0.0195217378618107,0.27468870331782,0.6809719223109614,0.6785589576776239
img_000440.jpg,0.038976,0.019354,0.652879,25.35514500739432,20.272430220128637,94.917555057988,0.019562479920199,0.2752644184736317,0.6814951199941354,0.6777987981148419
img_000441.jpg,0.038952,0.019286,0.653225,25.43244185051953,20.2897764834133,95.0443418633787,0.0196034327292874,0.2758398667188575,0.6820174634156553,0.6770378519328344
img_000442.jpg,0.038927,0.019218,0.653571,25.50976865929802,20.306942868738528,95.17117034353971,0.0196443656010779,0.2764147685548114,0.6825391078187177,0.6762760833586753
img_000443.jpg,0.038902,0.019149,0.653917,25.587160502227288,20.3239724564626,95.2980379710681,0.0196852163018206,0.2769895677481919,0.6830598509611193,0.6755135169800777
img_000444.jpg,0.038878,0.019081,0.654263,25.664572591328803,20.34081542883469,95.4249338213334,0.0197260677924963,0.2775637293487952,0.6835798557297572,0.6747502050684526
img_000445.jpg,0.038853,0.019013,0.65461,25.74206407157744,20.35753895254081,95.5518876172296,0.0197667658135348,0.2781379754149596,0.684098993145918,0.6739859858914584
img_000446.jpg,0.038829,0.018944,0.654956,25.819580747243997,20.37405572345413,95.678852684083,0.0198076667095449,0.2787115077864259,0.6846173292100276,0.6732211110120279
img_000447.jpg,0.038804,0.018876,0.655302,25.89711909454456,20.39043720156086,95.80586995240148,0.0198481921124258,0.2792846987036004,0.6851349420683865,0.6724553646873941
img_000448.jpg,0.038779,0.018808,0.655648,25.9747598656902,20.406650160091225,95.93292782188404,0.0198890586689695,0.2798578533407377,0.6856516463686765,0.6716887873864651
img_000449.jpg,0.038755,0.01874,0.655994,26.05241489090591,20.4227221254881,96.06002531641732,0.0199295746991051,0.280430594083224,0.6861675848369807,0.670921410802657
img_000450.jpg,0.03873,0.018671,0.65634,26.130143151681025,20.438590884538705,96.18713951471372,0.0199705443703094,0.2810029406320122,0.6866826294465824,0.6701533340438165
img_000451.jpg,0.038706,0.018603,0.656687,26.207869759403728,20.45431611496725,96.31429994215434,0.0200110731489945,0.2815747705729714,0.6871969925395112,0.6693844179340114
img_000452.jpg,0.038681,0.018535,0.657033,26.28569631222113,20.469908386346827,96.44150324942788,0.02005169506046,0.2821467507156451,0.6877103790322385,0.6686146686673429
img_000453.jpg,0.038656,0.018466,0.657379,26.36350945532379,20.485333761307903,96.56874408963662,0.0200919816582346,0.2827180220935464,0.6882231186074051,0.667844121985704
img_000454.jpg,0.038632,0.018398,0.657725,26.44142472056338,20.50054500584741,96.69600526607908,0.0201329563122922,0.2832890282137482,0.6887349414193009,0.6670728378760372
img_000455.jpg,0.038607,0.01833,0.658071,26.51931921186901,20.51565013369839,96.82330947467504,0.0201731482449767,0.2838596092120405,0.6892460204801133,0.6663007501122906
img_000456.jpg,0.038583,0.018262,0.658417,26.597326877707573,20.5305590592423,96.9506450538048,0.0202139504786893,0.2844300946348227,0.6897561757591991,0.6655278622823506
img_000457.jpg,0.038558,0.018194,0.658764,26.67532652183709,20.54531724296208,97.07800925640372,0.0202543714338822,0.2849999977522354,0.6902655809368864,0.6647542323993935
img_000458.jpg,0.038533,0.018125,0.65911,26.753373681595903,20.55990089191485,97.20541047833564,0.0202948685894876,0.2855695315140128,0.6907742052868505,0.6639797875614306
img_000459.jpg,0.038509,0.018057,0.659456,26.831488252124384,20.574374078679327,97.33286067034189,0.0203351110954656,0.2861391571821083,0.6912819110562985,0.6632044823658836
img_000460.jpg,0.038484,0.017989,0.659802,26.90964372049935,20.58860850612689,97.46031827842988,0.0203758849160517,0.2867080372308546,0.6917888384005985,0.6624285076636341
img_000461.jpg,0.038441,0.017864,0.660171,26.987814040787796,20.6027295949238,97.58782780797928,0.0204161127820645,0.287276682453675,0.6922950022605815,0.6616516605452614
img_000462.jpg,0.038416,0.017795,0.660517,27.066042345857305,20.616696797740737,97.71537426831514,0.0204563461163187,0.2878451404111017,0.6928003072421103,0.6608740026135996
img_000463.jpg,0.038392,0.017727,0.660864,27.144296903056723,20.63047232768569,97.8429379438121,0.0204966989527268,0.2884130214836184,0.6933048124917301,0.6600956380302312
img_000464.jpg,0.038367,0.017659,0.66121,27.22262445033652,20.644101776462005,97.97053550062888,0.0205371020390545,0.2889808519278663,0.6938083841413998,0.6593164799654122
img_000465.jpg,0.038342,0.01759,0.661556,27.30094446180085,20.657557418335504,98.09816654921175,0.0205772749683698,0.2895480025575819,0.6943112913660201,0.6585365294738327
img_000466.jpg,0.038318,0.017522,0.661902,27.37934235308343,20.67083417379304,98.22582736227976,0.0206177527844449,0.2901149666761417,0.6948133099003769,0.6577557896103261
img_000467.jpg,0.038293,0.017454,0.662248,27.457755258772064,20.68397032848244,98.35351134104026,0.0206579413266719,0.2906815632382326,0.6953144659279049,0.6569743311004727
img_000468.jpg,0.038269,0.017385,0.662594,27.53621162669401,20.696934130915675,98.48123097966128,0.0206981811993043,0.2912478051121359,0.6958148379329611,0.6561920546796732
img_000469.jpg,0.038244,0.017317,0.662941,27.614716132259517,20.709713181678957,98.60897625403724,0.020738606995519,0.2918136580372582,0.6963143874846057,0.6554090119495899
img_000470.jpg,0.038219,0.017249,0.663287,27.693258676378807,20.722356136934785,98.73676145225215,0.0207788060610623,0.2923793168358526,0.6968131007881609,0.6546251437847961
img_000471.jpg,0.038195,0.017181,0.663633,27.7717982677334,20.73483832901588,98.86457231090664,0.0208187435377208,0.2929444048052286,0.6973110623694121,0.6538405294168164
img_000472.jpg,0.03817,0.017112,0.663979,27.850421223641582,20.74714841507407,98.99240732252235,0.020858991661163,0.2935093912813097,0.6978080715741237,0.653055154594585
img_000473.jpg,0.038146,0.017044,0.664325,27.929062007377627,20.759307592881868,99.1202786422148,0.0208990068120531,0.294073991069426,0.6983043121914154,0.6522689681915299
img_000474.jpg,0.038121,0.016976,0.664671,28.007731747379008,20.771273214444243,99.2481599079124,0.0209392021966876,0.2946380516017143,0.6987997127084636,0.651482102500353
img_000475.jpg,0.038097,0.016908,0.665018,28.08643869715368,20.78311335475028,99.37609494945208,0.0209790645755058,0.2952019816025659,0.6992943305569311,0.6506943277441327
img_000476.jpg,0.038072,0.016839,0.665364,28.165165761305055,20.794736460736427,99.50403027361014,0.021019239457152,0.2957652028541474,0.6997881358208023,0.6499059172816742
img_000477.jpg,0.038047,0.016771,0.66571,28.243978344206116,20.806218361125676,99.6320118286354,0.0210594800393753,0.2963285124650374,0.700281030002311,0.6491166228187593
img_000478.jpg,0.038023,0.016703,0.666056,28.322776093101044,20.8175504298078,99.76001159331358,0.0210993475002162,0.2968912506066765,0.7007731349643013,0.6483266276812747
img_000479.jpg,0.037998,0.016634,0.666402,28.40159932633494,20.82871353364561,99.8880375562293,0.0211391774744272,0.2974535703725149,0.7012644402900504,0.6475358626616986
img_000480.jpg,0.037974,0.016566,0.666749,28.48048965873231,20.83971645914237,100.0160969120009,0.0211791291885753,0.2980157750412462,0.7017548563374979,0.6467442801603401
img_000481.jpg,0.037949,0.016498,0.667095,28.559417620251583,20.85054439339552,100.14417547052626,0.0212191718191547,0.2985776097706368,0.7022444167489772,0.6459519617091128
img_000482.jpg,0.037924,0.01643,0.667441,28.63833314815321,20.861210267613792,100.272269319361,0.0212589491264524,0.2991388349365133,0.7027331975952607,0.6451589474791501
img_000483.jpg,0.0379,0.016361,0.667787,28.717303331885688,20.87170428262552,100.40040811580955,0.0212988279182116,0.2996998206241995,0.7032212159304945,0.6443650354514665
img_000484.jpg,0.037875,0.016293,0.668133,28.79631201634837,20.88204344364357,100.5285581810821,0.0213386931103352,0.3002605498036432,0.7037082810618501,0.6435704449187617
img_000485.jpg,0.03785,0.016225,0.668479,28.87533179186112,20.892224492615583,100.65673767375176,0.0213783658805686,0.3008208436387186,0.7041945752037098,0.6427750662233508
img_000486.jpg,0.037826,0.016156,0.668825,28.95441723883045,20.90221339245808,100.78493249901094,0.0214184168383164,0.3013808674837442,0.7046799627443625,0.6419789515564276
img_000487.jpg,0.037801,0.016088,0.669172,29.033497030846,20.91207095406196,100.91316559209928,0.0214579823595578,0.3019404936628507,0.7051646047384114,0.6411820127731368
img_000488.jpg,0.037777,0.01602,0.669518,29.11264331664169,20.921730623557927,101.04142180467107,0.0214979502298231,0.3024998339315266,0.705648396047297,0.6403842828827017
img_000489.jpg,0.037752,0.015952,0.669864,29.191772974008497,20.931256599000783,101.16967971856884,0.02153748577685,0.303058694859291,0.7061312725407488,0.6395859520944608
img_000490.jpg,0.037727,0.015883,0.67021,29.27095538175595,20.94061046403688,101.29799137924375,0.0215770961090772,0.3036173249425207,0.7066134397700161,0.6387866589516668
img_000491.jpg,0.037703,0.015815,0.670556,29.35014823821293,20.949760735783517,101.42628431817629,0.0216169485770854,0.3041752970417389,0.7070946863893434,0.6379868342558032
img_000492.jpg,0.037678,0.015747,0.670903,29.42939273587728,20.95878404437115,101.55462187880748,0.021656594158149,0.3047332592550603,0.7075750598373173,0.6371861324051822
img_000493.jpg,0.037654,0.015679,0.671249,29.508627332288917,20.967642342075827,101.68298183112576,0.0216960044841463,0.3052906416197148,0.7080546972817305,0.6363846739088895
img_000494.jpg,0.037629,0.01561,0.671595,29.587913055555617,20.976294291418483,101.81134788981804,0.0217358400939694,0.3058476173787351,0.7085334524605412,0.635582516234915
img_000495.jpg,0.037604,0.015542,0.671941,29.66723263398113,20.984810821818744,101.93973991053706,0.0217754784180431,0.3064044356879487,0.7090112991557768,0.6347795900939576
img_000496.jpg,0.03758,0.015474,0.672287,29.746554089787537,20.993156292915284,102.06816492881808,0.021814963050506,0.3069607272923814,0.7094884534428497,0.6339758305475933
img_000497.jpg,0.037555,0.015405,0.672634,29.82591850015599,21.0013412063714,102.19660928615592,0.0218544886465473,0.3075167980064938,0.7099647026703112,0.6331713206013738
img_000498.jpg,0.037531,0.015337,0.67298,29.90526707351176,21.009350555004072,102.32504298605068,0.0218939128391595,0.3080722071742807,0.7104400779220782,0.6323662446948207
img_000499.jpg,0.037506,0.015269,0.673326,29.984684419671783,21.017218181925408,102.45352117475724,0.0219333285574389,0.308627657515079,0.7109145690085336,0.6315602692432112
img_000500.jpg,0.037482,0.015201,0.673672,30.06410508595386,21.024890263221437,102.5820177503258,0.0219728073380997,0.3091824787163481,0.7113883469996534,0.6307535258289076
img_000501.jpg,0.037457,0.015132,0.674018,30.1435584889528,21.03240670873884,102.7105297119607,0.022012252425643,0.3097370498246292,0.711861212958463,0.629946056574998
img_000502.jpg,0.037432,0.015064,0.674364,30.22302908438174,21.03975147809571,102.83904534685428,0.022051719027333,0.3102911968395239,0.7123331862208776,0.629137923400146
img_000503.jpg,0.037408,0.014996,0.674711,30.3025179866126,21.04696383984567,102.96760738632383,0.0220908342346516,0.3108451274378855,0.7128043964497252,0.6283288901466215
img_000504.jpg,0.037383,0.014928,0.675057,30.38203784956655,21.053975461109992,103.09615817204222,0.0221302851761453,0.3113985814890965,0.7132746706022604,0.6275192572358541
img_000505.jpg,0.037358,0.014859,0.675403,30.4615805507078,21.0608194351354,103.22473251970328,0.022169711165924,0.311951678171408,0.7137441357853521,0.6267088343280973
img_000506.jpg,0.037334,0.014791,0.675749,30.541112884056552,21.06751114311301,103.35332750636528,0.0222088359552946,0.3125042866019279,0.7142128263712507,0.6258976570556246
img_000507.jpg,0.037291,0.014666,0.676118,30.62068663963701,21.074024862093896,103.48192933025167,0.0222481551564392,0.3130566057371714,0.7146805930623175,0.6250857789908122
img_000508.jpg,0.037266,0.014598,0.676464,30.700273967381765,21.080357849770447,103.61054884918136,0.0222875068847111,0.3136084540519215,0.7151475784444825,0.6242731338356798
img_000509.jpg,0.037242,0.014529,0.676811,30.779893577526803,21.086555410365115,103.7391894126654,0.0223266785920304,0.3141601683685087,0.7156136311167676,0.6234597332575644
img_000510.jpg,0.037217,0.014461,0.677157,30.85951792704096,21.09256989390576,103.86784495603962,0.0223658603664309,0.314711350338366,0.7160789180906376,0.6226455792217702
img_000511.jpg,0.037192,0.014393,0.677503,30.939172616544912,21.09843921200253,103.99651740497433,0.0224049305794563,0.3152623436918663,0.7165432803693279,0.6218306852296726
img_000512.jpg,0.037168,0.014324,0.677849,31.018818569045887,21.104121489192547,104.12518945951447,0.0224440097333234,0.3158127040555633,0.7170068414796701,0.6210151299731361
img_000513.jpg,0.037143,0.014256,0.678195,31.098489038001468,21.10964623738721,104.25389301458644,0.0224829916892375,0.3163627886014079,0.7174696056166263,0.620198731125246
img_000514.jpg,0.037118,0.014188,0.678541,31.17820109671519,21.11498598902281,104.38258652843874,0.0225222708195043,0.3169125688561927,0.7179313727764636,0.6193817199444976
img_000515.jpg,0.037094,0.01412,0.678888,31.257938968299605,21.12015196312498,104.5113034713547,0.0225615942349498,0.3174620089151031,0.7183923381554721,0.6185638979448107
img_000516.jpg,0.037069,0.014051,0.679234,31.33762450061239,21.1251969726284,104.64003525765574,0.0226002061932905,0.3180108684348582,0.7188525329405957,0.6177453796850427
img_000517.jpg,0.037045,0.013983,0.67958,31.417362692407035,21.130033059322216,104.76877737744954,0.0226392851397148,0.3185593930025983,0.7193118736201537,0.6169260931158957
img_000518.jpg,0.03702,0.013915,0.679926,31.49711399152275,21.13472164018105,104.89752885165966,0.0226782038728325,0.3191076262506728,0.7197703028056517,0.6161061054208306
img_000519.jpg,0.036996,0.013847,0.680272,31.576886913421745,21.13921268959004,105.02628331475272,0.0227173678191131,0.3196553885178019,0.7202278947686654,0.6152854080733593
img_000520.jpg,0.036971,0.013778,0.680619,31.656647714449896,21.143582667741843,105.15506905756656,0.0227559971323284,0.3202028338123876,0.720684693619253,0.6144638982039166
img_000521.jpg,0.036946,0.01371,0.680965,31.736441573394757,21.14777238995396,105.28385314622624,0.0227948306859524,0.3207499652338338,0.7211405529038499,0.6136417183129116
img_000522.jpg,0.036922,0.013642,0.681311,31.816236818415558,21.151782983077,105.41263949679666,0.0228336815830144,0.321296592649883,0.721595579530318,0.612818849366797
img_000523.jpg,0.036897,0.013574,0.681657,31.89605020529872,21.15562016055913,105.54144661656724,0.0228725500387429,0.3218428547297594,0.72204981061753,0.6119951750637528
img_000524.jpg,0.036872,0.013505,0.682003,31.975902020170743,21.159307234712102,105.67025616654284,0.0229114374625425,0.3223889865935426,0.7225030291890114,0.6111708273218636
img_000525.jpg,0.036848,0.013437,0.682349,32.05569962245392,21.16281534816722,105.79907848158491,0.0229500192926901,0.3229342750038187,0.7229556277648264,0.6103457306522172
img_000526.jpg,0.036823,0.013369,0.682696,32.13555034617715,21.166134037833103,105.92789472424865,0.0229889940287708,0.3234793477741956,0.7234072319902033,0.6095199704861181
img_000527.jpg,0.036799,0.0133,0.683042,32.21541400175921,21.16932819268763,106.05674140565964,0.0230276011826472,0.3240242607403397,0.7238579766694245,0.6086933855788939
img_000528.jpg,0.036774,0.013232,0.683388,32.29526012963978,21.17235007196455,106.18558141788736,0.0230661119056547,0.324568596189888,0.7243078776764019,0.6078661688108558
img_000529.jpg,0.03675,0.013164,0.683734,32.375143891842725,21.17517815857116,106.31441948194976,0.0231049547640957,0.3251126078458567,0.7247568616993629,0.6070382563765697
img_000530.jpg,0.036725,0.013095,0.68408,32.45500315651031,21.177849171584093,106.44327659868227,0.0231434904356485,0.3256560783891469,0.7252051184745218,0.6062095624427344
img_000531.jpg,0.0367,0.013027,0.684426,32.53489537459859,21.18035823480685,106.57213533248628,0.023182107238453,0.3261993478431725,0.7256524055897946,0.605380179418205
img_000532.jpg,0.036676,0.012959,0.684772,32.61479795584488,21.18270832515649,106.70100861263089,0.0232206293954539,0.3267422920302097,0.7260988475088088,0.6045500315240286
img_000533.jpg,0.036651,0.012891,0.685119,32.69469138881724,21.184877635072667,106.82988241172318,0.0232591451661479,0.3272846877698394,0.7265444841934517,0.603719187872648
img_000534.jpg,0.036627,0.012822,0.685465,32.7746213394721,21.18686738845992,106.95874654905508,0.0232979173961473,0.3278268311014209,0.7269891286710236,0.6028877031828965
img_000535.jpg,0.036602,0.012754,0.685811,32.854512914101335,21.188720583754485,107.08763766236764,0.0233361524775151,0.3283684519201031,0.727433072900681,0.6020554029501051
img_000536.jpg,0.036577,0.012686,0.686157,32.93443424266224,21.190389261469257,107.21652987567572,0.0233746141989892,0.3289097624560329,0.7278761141973494,0.6012223864371081
img_000537.jpg,0.036553,0.012618,0.686503,33.014361992073106,21.19188480421036,107.34541515440326,0.0234131259559871,0.3294506674604881,0.7283182469214826,0.600388719451012
img_000538.jpg,0.036528,0.012549,0.68685,33.0942914153018,21.193218067614527,107.47430437421508,0.0234515581872,0.3299911905780192,0.7287595128305299,0.5995543436741182
img_000539.jpg,0.036504,0.012481,0.687196,33.17424305965747,21.194392318681164,107.60321601060032,0.0234899436977905,0.3305314834574305,0.7291999404925028,0.5987191393084366
img_000540.jpg,0.036479,0.012413,0.687542,33.25415070434282,21.19537669621285,107.7321043927498,0.0235282826796472,0.331070979565918,0.729639565291521,0.5978833758891532
img_000541.jpg,0.036454,0.012344,0.687888,33.334099181610135,21.19621893355165,107.8610148986712,0.023566558833437,0.3316104446021788,0.7300782511561338,0.5970467967624452
img_000542.jpg,0.03643,0.012276,0.688234,33.414036202454945,21.1968956079635,107.98993178210048,0.0236047076604197,0.3321494399491017,0.7305161297734767,0.5962094862198564
img_000543.jpg,0.036405,0.012208,0.688581,33.493979135075456,21.19738777671349,108.1188290462095,0.0236430275356898,0.3326879892115785,0.7309530668759352,0.5953715840615573
img_000544.jpg,0.036381,0.01214,0.688927,33.57390839737923,21.197716970312253,108.24773505867104,0.0236811870110222,0.3332260719380383,0.7313892091078262,0.5945329353056252
img_000545.jpg,0.036356,0.012071,0.689273,33.653870878086614,21.197858181765948,108.37663724154638,0.0237196404550159,0.3337638765808876,0.7318244223276341,0.5936935810931492
img_000546.jpg,0.036331,0.012003,0.689619,33.733806720816936,21.197870183438624,108.50555044852814,0.0237576282662146,0.3343012869353519,0.7322587991201551,0.5928535027843221
img_000547.jpg,0.036307,0.011935,0.689965,33.8137764182999,21.197679374510493,108.6344505829354,0.02379604536668,0.3348383615553126,0.7326922371594262,0.5920127578542339
img_000548.jpg,0.036282,0.011866,0.690311,33.89369666043447,21.197338083431585,108.76337103821888,0.0238340021591705,0.3353748085508966,0.7331250111165156,0.5911712071861543
img_000549.jpg,0.036258,0.011798,0.690657,33.9736456681178,21.19681999356012,108.89225048439722,0.0238722661299799,0.3359110019585365,0.7335566471824978,0.5903291954896048
img_000550.jpg,0.036233,0.01173,0.691004,34.05357239671513,21.196155921651457,109.02116277622696,0.0239101450242891,0.3364467683452766,0.7339875923069962,0.5894862944753813
img_000551.jpg,0.036208,0.011662,0.69135,34.13354824426679,21.195282729628087,109.15007078412766,0.0239485549955305,0.3369822834478256,0.7344176163750716,0.5886426523060263
img_000552.jpg,0.036184,0.011593,0.691696,34.21345091595993,21.194297249837465,109.27898171114376,0.0239861744285174,0.3375171910466021,0.7348468536498359,0.5877983590188327
img_000553.jpg,0.036159,0.011525,0.692042,34.293419478220045,21.1930976662993,109.40787687123752,0.0240244819164104,0.3380519368533208,0.7352750750504977,0.5869533850893541
img_000554.jpg,0.036116,0.0114,0.692411,34.37333721296455,21.191738562320115,109.53676287255692,0.0240624812552901,0.3385860144984541,0.7357025107240924,0.5861077746423077
img_000555.jpg,0.036091,0.011332,0.692757,34.45327493183094,21.190222957640835,109.66565415651958,0.0241004727316402,0.3391198967992259,0.7361290175082565,0.5852614222647199
img_000556.jpg,0.036067,0.011263,0.693104,34.533190219036214,21.188540813338577,109.79455015773136,0.0241383123227307,0.3396532701602435,0.7365547450234593,0.584414326938594
img_000557.jpg,0.036042,0.011195,0.69345,34.61312097219415,21.186694951051543,109.92343487101355,0.0241762225001743,0.3401863894562873,0.7369794917208896,0.5835665852986586
img_000558.jpg,0.036018,0.011127,0.693796,34.69301651940698,21.18468010074384,110.0523177261923,0.0242139553428797,0.3407189106145018,0.737403470489675,0.5827181394345838
img_000559.jpg,0.035993,0.011059,0.694142,34.77292316781989,21.1824839810311,110.18118372250072,0.0242518785084341,0.3412510781947313,0.7378265011287823,0.5818690593697213
img_000560.jpg,0.035968,0.01099,0.694489,34.852824631671986,21.18011546547329,110.3100466635275,0.0242898075615927,0.3417828313389814,0.7382486781986239,0.5810192686895287
img_000561.jpg,0.035944,0.010922,0.694834,34.93269730144088,21.17759993785613,110.43891804052134,0.0243274124749442,0.3423141314606107,0.7386700612621453,0.5801687280435064
img_000562.jpg,0.035919,0.010854,0.695181,35.012583753208766,21.17491715958105,110.5677762579573,0.0243651162093093,0.3428451640371412,0.7390904689150839,0.5793175410492366
img_000563.jpg,0.035894,0.010786,0.695527,35.09248128578273,21.172051008943072,110.69663106865056,0.0244029898370529,0.3433758479193644,0.7395100023978074,0.5784656234438355
img_000564.jpg,0.03587,0.010717,0.695873,35.17234308980157,21.169022225651126,110.82546613158264,0.0244407022604228,0.3439059685913878,0.7399286630249922,0.5776131148738611
img_000565.jpg,0.035845,0.010649,0.696219,35.25218048373546,21.165828391738703,110.95430375238035,0.0244782625012123,0.3444355957961953,0.74034653636412,0.5767598643344495
img_000566.jpg,0.035821,0.010581,0.696566,35.332014651132326,21.162496979758536,111.08314615408884,0.0245155792206991,0.34496498529385,0.7407634948199581,0.5759058864422291
img_000567.jpg,0.035796,0.010512,0.696912,35.41185176340654,21.158945545467574,111.21194444513208,0.0245534102031065,0.3454938208418193,0.7411794993606043,0.575051388603734
img_000568.jpg,0.035772,0.010444,0.697258,35.49167734178119,21.15525408766584,111.34075390438896,0.0245909564415818,0.3460223611103821,0.7415946528432694,0.5741961174957171
img_000569.jpg,0.035747,0.010376,0.697604,35.571476634557015,21.15139888295428,111.46955039062787,0.0246283846924721,0.3465504076115189,0.7420089435339671,0.5733402003761254
img_000570.jpg,0.035722,0.010308,0.69795,35.651283699118885,21.14737629856946,111.59835099349978,0.0246658406743616,0.3470781717158912,0.7424223639573833,0.572483512878853
img_000571.jpg,0.035698,0.010239,0.698296,35.73104988909324,21.14318957497571,111.72713113723654,0.0247031343022631,0.3476053490422043,0.7428349297143241,0.5716262272404993
img_000572.jpg,0.035673,0.010171,0.698642,35.81082535189003,21.13880835327884,111.85589463189338,0.0247407196371812,0.3481321413015657,0.7432465912913304,0.5707682660401148
img_000573.jpg,0.035648,0.010103,0.698989,35.89059616647153,21.13428399065724,111.98466428675556,0.0247780977846125,0.3486586800408139,0.74365736375101,0.5699095507545663
img_000574.jpg,0.035624,0.010034,0.699335,35.97031351125835,21.1295868043205,112.11340713781532,0.0248153366291478,0.3491845199428819,0.7440673130375111,0.5690502647125119
img_000575.jpg,0.035599,0.009966,0.699681,36.050075420148616,21.12472817863003,112.24215568198431,0.0248527454825263,0.3497103542628164,0.7444762708721204,0.5681901893483354
img_000576.jpg,0.035575,0.009898,0.700027,36.12980677386261,21.119684334618228,112.37088541251346,0.0248901948819208,0.3502355942072149,0.7448844096170786,0.5673294660587227
img_000577.jpg,0.03555,0.00983,0.700373,36.20949413569947,21.11447800853553,112.49959373660336,0.0249274680389059,0.3507602482565052,0.7452916956803328,0.5664681437911037
img_000578.jpg,0.035526,0.009761,0.70072,36.28920312735594,21.10910496365091,112.62829628303032,0.0249648730511666,0.3512847314657559,0.7456980173253692,0.5656060992506926
img_000579.jpg,0.035501,0.009693,0.701066,36.36891164681151,21.103569628126827,112.75699056120736,0.0250022779006328,0.3518089203916758,0.7461034173686609,0.5647433578391419
img_000580.jpg,0.035476,0.009625,0.701412,36.44854415021992,21.09788426098469,112.8856838948129,0.0250392027122266,0.3523323771134956,0.746508130166458,0.5638799038451967
img_000581.jpg,0.035452,0.009557,0.701758,36.52822324238586,21.092001422439832,113.0143507886961,0.0250766662752845,0.3528557030656684,0.7469117838653868,0.5630158086107145
img_000582.jpg,0.035427,0.009488,0.702104,36.60782727377944,21.08596461299164,113.14299538857578,0.0251137518538418,0.3533782868009845,0.7473146539017427,0.5621511308795379
img_000583.jpg,0.035403,0.00942,0.70245,36.68743955800176,21.07977478754233,113.27163116038312,0.0251508219489605,0.3539006802334415,0.7477165472994245,0.5612857646335123
img_000584.jpg,0.035378,0.009352,0.702797,36.7670182318085,21.07340283170649,113.40025221105591,0.0251878968888197,0.3544224931886985,0.7481176443515922,0.5604197144837515
img_000585.jpg,0.035353,0.009283,0.703143,36.84660042699945,21.066857715381676,113.52885751218504,0.0252250996251318,0.3549440069439393,0.7485178006326844,0.5595529898226725
img_000586.jpg,0.035329,0.009215,0.703489,36.926146826023725,21.06017425075698,113.65744560766537,0.0252619972902869,0.355465107357797,0.7489170349464074,0.558685657334334
img_000587.jpg,0.035304,0.009147,0.703835,37.00566447582882,21.053307808537507,113.78602267750698,0.0252989230849786,0.3559856638812005,0.7493154786209324,0.5578176091706718
img_000588.jpg,0.03528,0.009079,0.704181,37.08514663305377,21.046275896571384,113.91457339193848,0.0253357695150224,0.3565057020276246,0.7497130299992822,0.5569489706015871
img_000589.jpg,0.035255,0.00901,0.704527,37.164626921319744,21.03908874105266,114.0431179510206,0.0253725661941679,0.3570254894946711,0.7501096546507865,0.5560796154648099
img_000590.jpg,0.03523,0.008942,0.704874,37.24410064576146,21.031711887298474,114.17163792360628,0.025409593402498,0.3575448562158608,0.7505053723959074,0.5552096129945695
img_000591.jpg,0.035206,0.008874,0.70522,37.32354801188141,21.024175027726407,114.30014482199331,0.0254465099493238,0.3580637964782633,0.7509002189916159,0.5543389341380551
img_000592.jpg,0.035181,0.008805,0.705566,37.40297570529432,21.01646174609275,114.42862253422336,0.0254835167400788,0.3585822874924528,0.7512941409488336,0.553467656911578
img_000593.jpg,0.035156,0.008737,0.705912,37.48238078276461,21.00861003716902,114.55709219817074,0.0255202648256793,0.3591004678974434,0.7516871449260071,0.5525956986731372
img_000594.jpg,0.035132,0.008669,0.706258,37.56176105117676,21.000587174245226,114.68556229848566,0.0255569509920953,0.359618197421479,0.7520793686804816,0.5517229536139326
img_000595.jpg,0.035107,0.008601,0.706604,37.641082149045246,20.99237666556585,114.8139758319468,0.025593707969678,0.3601351751907593,0.7524706913144068,0.5508497766319803
img_000596.jpg,0.035083,0.008532,0.706951,37.7204104633509,20.98402050246871,114.94239684844251,0.0256303567813377,0.3606520194436868,0.7528610968301801,0.5499757945238227
img_000597.jpg,0.035058,0.008464,0.707297,37.79971450712477,20.97547550085263,115.07077840889328,0.0256672024538013,0.3611683453712339,0.7532505776910376,0.5491012549868363
img_000598.jpg,0.035034,0.008396,0.707643,37.87902778915538,20.96678751424181,115.19915430774095,0.0257039737619254,0.3616845633996912,0.7536390637481566,0.5482259971252942
img_000599.jpg,0.035009,0.008327,0.707989,37.95824610382439,20.95792377283872,115.32751349910832,0.0257404419303241,0.3621998594651808,0.7540269212871782,0.5473500647910937
img_000600.jpg,0.034966,0.008202,0.708358,38.03748754932224,20.948899378435684,115.45585163634208,0.0257770793321389,0.3627150708325496,0.7544137149537891,0.5464734817552142
img_000601.jpg,0.034941,0.008134,0.708704,38.11668531191758,20.93969734387308,115.58415683130904,0.0258137271705872,0.3632296914188082,0.7547996462039892,0.5455963130847685
img_000602.jpg,0.034917,0.008066,0.709051,38.19586034279972,20.93034078130957,115.71243987884598,0.0258502879181378,0.3637439537871159,0.7551846365464536,0.544718517605255
img_000603.jpg,0.034892,0.007998,0.709397,38.27501078168124,20.92081861190123,115.84072277789798,0.0258867633295921,0.3642578098551686,0.7555688268680719,0.5438399316977736
img_000604.jpg,0.034867,0.007929,0.709743,38.35412896678075,20.91112005150651,115.96894598817718,0.0259233849159789,0.3647711563895081,0.7559519887154984,0.5429609307655957
img_000605.jpg,0.034843,0.007861,0.710089,38.43322851009417,20.901272947095816,116.0971844333888,0.0259597813427837,0.3652842098598863,0.7563343571305692,0.5420810603623432
img_000606.jpg,0.034818,0.007793,0.710435,38.51228922933895,20.89123824133088,116.22539012973807,0.0259962905775292,0.3657966781963848,0.756715876842055,0.5412005772648981
img_000607.jpg,0.034793,0.007724,0.710781,38.5912988193025,20.88106704763465,116.35356292278044,0.026032491353929,0.3663086785107067,0.7570964455882536,0.5403195661081315
img_000608.jpg,0.034769,0.007656,0.711128,38.67029715756596,20.870713339207104,116.48171051705808,0.0260688782592459,0.3668203016757613,0.7574760996962341,0.53943789100673
img_000609.jpg,0.034744,0.007588,0.711474,38.74926978712408,20.860199198259465,116.60984199279206,0.0261051973592337,0.3673315411975864,0.7578548669536254,0.5385555293068157
img_000610.jpg,0.03472,0.00752,0.71182,38.82821659428346,20.84951486422976,116.7379408953878,0.0261415722111107,0.3678423576862184,0.7582326972570085,0.5376725722077861
img_000611.jpg,0.034695,0.007451,0.712166,38.90710194346938,20.83866974604072,116.86601036390483,0.0261777599430564,0.3683525540488265,0.7586096939802187,0.5367890209470654
img_000612.jpg,0.034671,0.007383,0.712512,38.98600856330704,20.827654296887285,116.99406907119744,0.0262141581238838,0.3688626482586463,0.7589857050543254,0.5359047155574044
img_000613.jpg,0.034646,0.007315,0.712858,39.06485656235319,20.816471481172407,117.12208575518343,0.0262504734512042,0.3693721178558081,0.7593608328055337,0.5350198844857909
img_000614.jpg,0.034621,0.007246,0.713205,39.14367332128713,20.80512759579944,117.25008804602138,0.0262867015952277,0.3698811764277654,0.759735100969065,0.534134347331437
img_000615.jpg,0.034597,0.007178,0.713551,39.22243784591198,20.793628283017803,117.37806109542282,0.0263227536937676,0.37038970462021,0.7601084924194766,0.5332482152817027
img_000616.jpg,0.034572,0.00711,0.713897,39.30117739707436,20.78197174447148,117.506021536007,0.0263587174699245,0.3708978822210968,0.7604810014821117,0.5323613672704008
img_000617.jpg,0.034548,0.007042,0.714243,39.379900786559375,20.770124132725837,117.63393800406487,0.0263949799008431,0.3714056363331181,0.7608525472598594,0.531473950127576
img_000618.jpg,0.034523,0.006973,0.714589,39.45858665412898,20.75812770083407,117.7618337554845,0.0264310643836685,0.3719129908075645,0.7612231900947224,0.5305858846276756
img_000619.jpg,0.034498,0.006905,0.714936,39.53719883701867,20.74596422619862,117.88969328208404,0.0264669867011753,0.3724196358136546,0.7615930260815602,0.5296972494730519
img_000620.jpg,0.034474,0.006837,0.715282,39.61580577701671,20.73364059341977,118.01752805537032,0.0265029784483046,0.3729260564841755,0.7619618670884662,0.5288079629048609
img_000621.jpg,0.034449,0.006769,0.715628,39.69440749538813,20.72114322876552,118.14533322871122,0.0265391540737417,0.3734322040825436,0.7623297277483604,0.5279180319388742
img_000622.jpg,0.034424,0.0067,0.715974,39.77291021698806,20.70850396764246,118.27311156582184,0.0265748449446559,0.3739375751125949,0.7626968383868222,0.5270275137503028
img_000623.jpg,0.0344,0.006632,0.71632,39.85140371322901,20.695670718606014,118.40086733652932,0.0266108275135318,0.3744425779267609,0.7630630700200441,0.5261362664426313
img_000624.jpg,0.034375,0.006564,0.716666,39.92986563268721,20.682694226017357,118.52857990854687,0.0266467021688677,0.3749472480520899,0.7634282604149002,0.5252445198586724
img_000625.jpg,0.034351,0.006495,0.717013,40.0082773582518,20.66954046631046,118.65625862824449,0.0266825999562454,0.3754513408455132,0.7637926075948294,0.5243521546636117
img_000626.jpg,0.034326,0.006427,0.717359,40.08666235243929,20.656249780096456,118.78392611205612,0.0267182648906868,0.3759551675003632,0.7641560266515929,0.5234590846313156
img_000627.jpg,0.034301,0.006359,0.717705,40.16500567736092,20.64277232381893,118.91155014493737,0.026754095303739,0.3764584411355525,0.7645185568654767,0.5225654377114863
img_000628.jpg,0.034277,0.006291,0.718051,40.243294099457096,20.62913101170608,119.03914247544157,0.0267898289188449,0.3769611620120392,0.7648802322451922,0.5216711777753998
img_000629.jpg,0.034252,0.006222,0.718397,40.32159477509757,20.615342991803697,119.16670879711312,0.0268256303352502,0.3774638439367985,0.7652408102821746,0.5207762805238481
img_000630.jpg,0.034228,0.006154,0.718744,40.399788409562845,20.601376940128567,119.29424202461452,0.026861208252112,0.3779655773820509,0.7656007380052066,0.5198807630326135
img_000631.jpg,0.034203,0.006086,0.71909,40.47797304754141,20.58725264339114,119.42173848140132,0.0268968791771671,0.3784670899240153,0.765959621170768,0.518984661113322
img_000632.jpg,0.034178,0.006018,0.719436,40.5560944348535,20.572969132609348,119.54920092872484,0.0269323966151048,0.3789680181724546,0.7663176540338044,0.518087965823503
img_000633.jpg,0.034154,0.005949,0.719782,40.63420665236367,20.55852674669586,119.67664753408884,0.0269679441943833,0.3794687312205074,0.7666747388673001,0.5171905420583253
img_000634.jpg,0.034129,0.005881,0.720128,40.71226434174915,20.54391400421542,119.80404896201225,0.0270034985448116,0.3799688798578447,0.7670309247420048,0.516292573930073
img_000635.jpg,0.034105,0.005813,0.720474,40.7902689249397,20.52912845212004,119.93141382505952,0.0270390573895145,0.3804684690724206,0.7673862528436453,0.5153939972135531
img_000636.jpg,0.03408,0.005744,0.720821,40.8682553299095,20.51421190187407,120.05874698477837,0.0270744606210399,0.3809678847038861,0.7677405136750859,0.5144948474652021
img_000637.jpg,0.034055,0.005676,0.721167,40.94615945639212,20.49911463484008,120.18604401042673,0.0271097966775139,0.3814665214172334,0.7680940375541055,0.5135950753616819
img_000638.jpg,0.034031,0.005608,0.721513,41.02407146530256,20.48382775335018,120.31330620858316,0.0271455318239001,0.381964954930837,0.7684465548182786,0.5126946320126627
img_000639.jpg,0.034006,0.00554,0.721859,41.10189736276952,20.468415928324923,120.44054145091847,0.0271807518068301,0.3824627875329485,0.7687982352594069,0.5117936071755526
img_000640.jpg,0.033982,0.005471,0.722205,41.17968890934089,20.452839328877324,120.56773619158383,0.0272160237901271,0.3829602241410319,0.7691489556899479,0.5108920030064753
img_000641.jpg,0.033957,0.005403,0.722551,41.257452948490105,20.43708959110545,120.69488401466153,0.0272514618953934,0.3834572820818993,0.769498687646705,0.5099898433821258
img_000642.jpg,0.033932,0.005335,0.722898,41.33513744948477,20.421181052620383,120.8220236122635,0.0272866027636856,0.3839536735833723,0.7698477378231485,0.5090869065493934
img_000643.jpg,0.033908,0.005267,0.723244,41.412784287010496,20.405121394801107,120.94909403398,0.0273217829147756,0.3844496939589989,0.7701956740161512,0.5081836053238992
img_000644.jpg,0.033883,0.005198,0.72359,41.49042841744433,20.38888748121041,121.07614744124858,0.0273571517263672,0.3849455120825769,0.7705426740671184,0.5072795347916152
img_000645.jpg,0.033859,0.00513,0.723936,41.56797082178892,20.372506085609263,121.20317282473977,0.0273921146476908,0.3854405547223252,0.7708889475623449,0.5063748427367757
img_000646.jpg,0.033834,0.005062,0.724282,41.64551179892386,20.355933720860985,121.33014091919291,0.0274275314687943,0.3859353407506883,0.7712341477831087,0.505469615872646
img_000647.jpg,0.033791,0.004936,0.724651,41.72297479082962,20.339236045919897,121.45709341269402,0.0274624482586532,0.3864295941304174,0.7715785355474588,0.5045637186701797
img_000648.jpg,0.033766,0.004868,0.724998,41.800415581379134,20.322337516900514,121.583963970498,0.0274978854201216,0.3869234158134329,0.7719218386410766,0.5036574347924064
img_000649.jpg,0.033742,0.0048,0.725344,41.87777308665927,20.305313395332057,121.71082300541018,0.0275327913316324,0.3874166722528764,0.7722643660921589,0.5027504513436782
img_000650.jpg,0.033717,0.004732,0.72569,41.9550813915368,20.28811236816509,121.8376579011548,0.027567733302699,0.3879094155145468,0.7726060881666793,0.5018427422644423
img_000651.jpg,0.033693,0.004663,0.726036,42.03235570667965,20.27076842409587,121.96444166391136,0.0276026235316023,0.3884018599413306,0.7729467414550003,0.5009345518552142
img_000652.jpg,0.033668,0.004595,0.726382,42.10959906594919,20.253240274841627,122.0911884438422,0.0276377292570861,0.3888938906397164,0.7732864909021631,0.5000257000723415
img_000653.jpg,0.033643,0.004527,0.726728,42.186743202336906,20.23556679189672,122.21788686420852,0.0276725100352887,0.3893851784913569,0.7736254117505207,0.4991163564274751
img_000654.jpg,0.033619,0.004459,0.727075,42.26390378350676,20.21772333354368,122.3445447325136,0.0277076246211621,0.3898764243678324,0.7739632128630394,0.4982063893555843
img_000655.jpg,0.033594,0.00439,0.727421,42.34095758236641,20.19973102158142,122.47116733594768,0.0277423664614547,0.3903668708612183,0.7743002780612103,0.4972958341183559
img_000656.jpg,0.033569,0.004322,0.727767,42.418000062276064,20.18157795208228,122.59777306937696,0.0277771760309625,0.3908571288356403,0.7746363946240293,0.4963845177420318
img_000657.jpg,0.033545,0.004254,0.728113,42.49495496827336,20.16326400765035,122.72431170655776,0.027811896460354,0.3913466722817109,0.7749716049669375,0.4954727964321337
img_000658.jpg,0.03352,0.004185,0.728459,42.57187170594942,20.14478919841609,122.85081410199476,0.0278466383099831,0.3918358445666472,0.7753058742890659,0.4945604482168407
img_000659.jpg,0.033496,0.004117,0.728805,42.64876388446374,20.126156510444243,122.97728152220589,0.0278814354033954,0.3923247500943975,0.7756391528886714,0.4936474658390936
img_000660.jpg,0.033471,0.004049,0.729152,42.72554732647475,20.10736029344748,123.10369361298976,0.0279160377601305,0.3928127971659938,0.7759716566796703,0.4927339944109909
img_000661.jpg,0.033447,0.003981,0.729498,42.80233014238517,20.08840210839525,123.23006691677044,0.027950844461726,0.3933007288524778,0.7763030822668208,0.491819897361849
img_000662.jpg,0.033422,0.003912,0.729844,42.87900967500541,20.06929390414745,123.35640252362536,0.0279853251343554,0.3937878915401494,0.7766337535512825,0.4909052157986646
img_000663.jpg,0.033397,0.003844,0.73019,42.955670687508935,20.0500084039919,123.48268850061628,0.0280200853803297,0.3942747682730746,0.7769634029213395,0.4899899513657241
img_000664.jpg,0.033373,0.003776,0.730537,43.03227951301599,20.03058509887211,123.60893355090124,0.0280546639635454,0.3947612652459799,0.7772920751000049,0.489074134746476
img_000665.jpg,0.033348,0.003707,0.730882,43.10883251661269,20.010989744031612,123.7351402884483,0.0280892882649878,0.3952472474404778,0.7776198872301285,0.4881576756128025
img_000666.jpg,0.033324,0.003639,0.731229,43.1852839279937,19.99125209911889,123.86130612340288,0.0281235567428921,0.3957325029248004,0.7779469048323677,0.4872406642992158
img_000667.jpg,0.033299,0.003571,0.731575,43.26172559508184,19.971339980433925,123.98740728757252,0.0281581795267729,0.3962175457237576,0.7782727977920317,0.4863231699223709
img_000668.jpg,0.033274,0.003503,0.731921,43.33811586166616,19.95129270438219,124.11349346923272,0.0281925214389638,0.3967022353975967,0.7785978132784896,0.4854049477739363
img_000669.jpg,0.03325,0.003434,0.732267,43.41441405432865,19.931065099115077,124.23952862617884,0.0282268671963263,0.3971861414154831,0.7789220622895286,0.484486154512581
img_000670.jpg,0.033225,0.003366,0.732613,43.49069611025455,19.910672625377945,124.36551087626034,0.0282614333953233,0.3976698317320485,0.7792452316253488,0.483566815757453
img_000671.jpg,0.0332,0.003298,0.73296,43.56687922002654,19.890141838431664,124.49144688723568,0.0282956545017556,0.3981528324844887,0.7795675642989234,0.482646962710779
img_000672.jpg,0.033176,0.00323,0.733306,43.64299281727464,19.869452480193207,124.6173230125763,0.0283298527752845,0.3986352763877092,0.7798889562292664,0.4817266359800449
img_000673.jpg,0.033151,0.003161,0.733652,43.71912578391319,19.848591058143874,124.7431692990607,0.028364397591119,0.3991177344671012,0.7802092610087132,0.480805578190789
img_000674.jpg,0.033127,0.003093,0.733998,43.79511603823836,19.827594604763394,124.8689834534706,0.0283983465053745,0.3995992232368628,0.7805289319912119,0.4798839245368766
img_000675.jpg,0.033102,0.003025,0.734344,43.871092852948514,19.80643111934828,124.9947293854074,0.028432603953313,0.4000805131121651,0.7808474546773239,0.4789618174596856
img_000676.jpg,0.033078,0.002956,0.73469,43.94699189848813,19.7851092046572,125.12043030141714,0.0284667583539603,0.4005612009861798,0.7811651271700413,0.4780391323173655
img_000677.jpg,0.033053,0.002888,0.735036,44.02285128252215,19.76361864825153,125.24609655585162,0.0285010092468061,0.4010415185610468,0.7814818870044793,0.4771157649314066
img_000678.jpg,0.033028,0.00282,0.735383,44.09864128891654,19.74198326184752,125.37170232590869,0.0285351500907287,0.4015213340442986,0.7817976656674916,0.4761919502400763
img_000679.jpg,0.033004,0.002752,0.735729,44.17434802330137,19.72019397365114,125.4972715605089,0.0285691079151476,0.4020005312745769,0.7821126362002874,0.4752675070144471
img_000680.jpg,0.032979,0.002683,0.736075,44.25002178191247,19.698248868095074,125.62278569253333,0.0286031723605619,0.402479444441875,0.7824265501902608,0.4743425438330814
img_000681.jpg,0.032954,0.002615,0.736421,44.32562988187368,19.67615058014181,125.74826030286388,0.028637135445907,0.402957864305864,0.7827395795048521,0.4734169671062466
img_000682.jpg,0.03293,0.002547,0.736767,44.40115687909607,19.653888378106902,125.87369878186608,0.0286710021398163,0.403435654221969,0.7830518212744764,0.4724907319064748
img_000683.jpg,0.032905,0.002478,0.737114,44.47664016850066,19.63147441599985,125.9990639193929,0.0287049703263141,0.4039131000326578,0.7833629574689943,0.4715641092852637
img_000684.jpg,0.032881,0.00241,0.73746,44.5520598188336,19.60890190108368,126.12437593438796,0.0287389383345453,0.4043900510686231,0.7836731600852476,0.4706369494441778
img_000685.jpg,0.032856,0.002342,0.737806,44.62744470579951,19.58616673005533,126.24966525053208,0.0287729490768411,0.4048667015112401,0.7839824628590968,0.4697090262473301
img_000686.jpg,0.032831,0.002274,0.738152,44.702717208530856,19.563287878397063,126.3748717043076,0.0288067591165828,0.4053425655630615,0.7842908418536412,0.4687808129141606
img_000687.jpg,0.032807,0.002205,0.738498,44.77794758591821,19.540260801823347,126.50005980364774,0.0288404636108825,0.4058181273930279,0.7845983252327592,0.4678518389189838
img_000688.jpg,0.032782,0.002137,0.738844,44.85309641399406,19.517062628863208,126.62518148956512,0.0288742414094658,0.4062930363206703,0.7849049174670586,0.4669223890074115
img_000689.jpg,0.032758,0.002069,0.739191,44.92817932349195,19.493713519415056,126.75024382800196,0.0289079851618696,0.4067674647282875,0.7852105378953967,0.4659924561732994
img_000690.jpg,0.032733,0.002001,0.739537,45.00321640897829,19.47021390607684,126.87527029078424,0.0289416917457504,0.4072415590500792,0.7855152093201323,0.4650618743652328
img_000691.jpg,0.032708,0.001932,0.739883,45.07819332925811,19.446566258581367,127.00024155341828,0.0289753547824191,0.4077152251677373,0.7858188971440495,0.4641307842332416
img_000692.jpg,0.032684,0.001864,0.740229,45.15306746715777,19.42275675573396,127.12516103555812,0.0290088932965074,0.4081881311123006,0.7861218040792779,0.4631991395500432
img_000693.jpg,0.032641,0.001739,0.740598,45.22793625469425,19.398787747269008,127.25003493717796,0.0290426636763274,0.4086609556603591,0.7864236016479855,0.4622668772217586
img_000694.jpg,0.032616,0.001671,0.740945,45.30268134689176,19.37468035419045,127.37485733888887,0.0290760553004424,0.4091329505882896,0.7867246308096557,0.4613341164801242
img_000695.jpg,0.032591,0.001602,0.741291,45.37739700718115,19.35040452067232,127.49962401539686,0.0291096865978701,0.4096046726175528,0.7870246188853649,0.4604007901648165
img_000696.jpg,0.032567,0.001534,0.741637,45.45201149789217,19.325986640982208,127.62433824860877,0.0291430646775744,0.4100757109111471,0.787323764433252,0.4594669553521439
img_000697.jpg,0.032542,0.001466,0.741983,45.52658184669377,19.30140423524824,127.74899683920444,0.0291765975089852,0.4105463904371002,0.787621910866022,0.458532564798426
img_000698.jpg,0.032518,0.001397,0.742329,45.60107765886597,19.276674992359027,127.8736048060792,0.029210016630749,0.4110165580908721,0.7879191394987746,0.4575976327682154
img_000699.jpg,0.032493,0.001329,0.742675,45.67549426792185,19.251806766568883,127.99816249569112,0.0292432462068207,0.4114862064192309,0.788215447397355,0.4566621759705794
img_000700.jpg,0.032469,0.001261,0.743021,45.74985445656766,19.226762047944614,128.12266750634174,0.029276664169324,0.4119553816237405,0.7885108432818501,0.45572611348627
img_000701.jpg,0.032444,0.001193,0.743368,45.82415408625855,19.2015736213769,128.24711359607744,0.02931003630122,0.412424152491311,0.7888052293223089,0.4547895671710432
img_000702.jpg,0.032419,0.001124,0.743714,45.898350851577376,19.17623810853381,128.3715187336492,0.0293431568842475,0.4128922236304417,0.7890988380592281,0.4538524149799712
img_000703.jpg,0.032395,0.001056,0.74406,45.97252300272017,19.150734735132016,128.49583623659987,0.0293766594098732,0.4133600622670029,0.7893912580269171,0.4529149065279448
img_000704.jpg,0.03237,0.000988,0.744406,46.04660935134064,19.125085441787878,128.62013243975068,0.0294099022098017,0.413827330033409,0.7896829134528364,0.4519766529037423
img_000705.jpg,0.032345,0.00092,0.744752,46.12063958907858,19.09929803446555,128.74437227088052,0.0294430731053644,0.4142942465051237,0.7899735374528156,0.4510379062597165
img_000706.jpg,0.032321,0.000851,0.745099,46.19454525104565,19.073353471642303,128.86853922428148,0.0294761050092261,0.4147602811127259,0.7902633633946637,0.450098750188146
img_000707.jpg,0.032296,0.000783,0.745445,46.268413016066816,19.04726006993175,128.99267688520715,0.0295091217173064,0.4152260682626899,0.7905522268601287,0.4491588812180748
img_000708.jpg,0.032272,0.000715,0.745791,46.34224590881956,19.02101654740965,129.11674278174667,0.0295422993097611,0.4156916157635154,0.7908399529671151,0.4482185872165293
img_000709.jpg,0.032247,0.000646,0.746137,46.41594440308276,18.994613117375494,129.2407505429104,0.0295752732897144,0.4161562134502859,0.7911269820910296,0.4472777743462092
img_000710.jpg,0.032223,0.000578,0.746483,46.48958695567863,18.968068526604664,129.36470625460095,0.029608192016848,0.4166204596566921,0.7914130036639492,0.4463364260202678
img_000711.jpg,0.032198,0.00051,0.746829,46.56317662165478,18.94136735669248,129.48861104357022,0.0296411786259918,0.4170843328976262,0.791698051335695,0.445394494007579
img_000712.jpg,0.032173,0.000442,0.747176,46.63667057360893,18.91451182456868,129.61244838111867,0.0296741121812657,0.4175475408652994,0.7919822106196196,0.4444521079325144
img_000713.jpg,0.032149,0.000373,0.747522,46.7101025857686,18.887499940319024,129.73623984046344,0.0297070620016534,0.4180103182569044,0.7922654474158536,0.4435091037723452
img_000714.jpg,0.032124,0.000305,0.747868,46.78348752598196,18.86035105231689,129.8599653024518,0.0297400173383527,0.4184728190808587,0.7925475780912882,0.4425656646429621
img_000715.jpg,0.0321,0.000237,0.748214,46.85674731485407,18.83305159362641,129.9836431705698,0.0297727116521556,0.4189344707312455,0.7928289945979019,0.4416216482452923
img_000716.jpg,0.032075,0.000169,0.74856,46.92997898565077,18.8055992573832,130.10725431109648,0.0298056082245717,0.4193959342668524,0.7931092745013205,0.4406771547729541
img_000717.jpg,0.03205,0.0001,0.748906,47.00310178773477,18.77800095184378,130.23082113702,0.0298382647952064,0.4198566775320475,0.7933887809923235,0.4397320666966148
img_000718.jpg,0.032026,3.2e-05,0.749253,47.0761487873392,18.750249534170568,130.3543129340646,0.0298709760679516,0.4203169024938509,0.7936672938781304,0.4387865687266281
img_000719.jpg,0.032001,-3.6e-05,0.749599,47.14915143731754,18.722340394020925,130.47776571497343,0.0299037662442205,0.4207768249542776,0.7939448475952623,0.4378403902368349
img_000720.jpg,0.031976,-0.000105,0.749945,47.22204628386452,18.69429943269873,130.6011435432085,0.0299363346171968,0.4212360694914506,0.7942214694120798,0.4368938625730484
img_000721.jpg,0.031952,-0.000173,0.750291,47.29489850778623,18.66610717409879,130.72446803346696,0.0299689966884356,0.4216950402318669,0.7944970534534703,0.4359467677768542
img_000722.jpg,0.031927,-0.000241,0.750637,47.36765990994627,18.63776776585086,130.84773784808556,0.0300015447057155,0.4221534155419162,0.7947717606339811,0.4349991374248078
img_000723.jpg,0.031903,-0.000309,0.750983,47.4403263506896,18.609273234964725,130.9709552591277,0.0300340158835335,0.4226111464195717,0.7950456355674365,0.4340509350030408
img_000724.jpg,0.031878,-0.000378,0.75133,47.51293156411538,18.58063155631129,131.0941107012134,0.0300665162394963,0.4230684876542325,0.7953184965650673,0.4331022377876404
img_000725.jpg,0.031854,-0.000446,0.751676,47.58548715431523,18.55182603886489,131.21719629581548,0.0300992439000298,0.4235254733385872,0.7955903142528568,0.4321530525369607
img_000726.jpg,0.031829,-0.000514,0.752022,47.657928824716606,18.522906091769443,131.34022934083757,0.0301315280593974,0.4239817980985134,0.7958612625564626,0.4312034052045397
img_000727.jpg,0.031804,-0.000583,0.752368,47.730270065198205,18.493824233987976,131.46320588011258,0.0301637886472317,0.4244374255218983,0.7961314005357124,0.430253193772961
img_000728.jpg,0.03178,-0.000651,0.752714,47.802579618748936,18.46457919199207,131.58610868576693,0.030196359003488,0.4248928267662507,0.7964004119464021,0.4293025151534966
img_000729.jpg,0.031755,-0.000719,0.753061,47.874798312699546,18.435209188583368,131.7089729109485,0.0302286049539932,0.4253477049289805,0.7966685480907847,0.4283512411994453
img_000730.jpg,0.03173,-0.000787,0.753407,47.94692535370954,18.405679059512416,131.83176282389636,0.0302609190260116,0.4258019508249617,0.7969357694298038,0.4273995260370379
img_000731.jpg,0.031706,-0.000856,0.753753,48.0189699858112,18.376026351892477,131.9545005306095,0.030292977292494,0.4262557368348983,0.7972020268079953,0.4264473130356417
img_000732.jpg,0.031681,-0.000924,0.754099,48.09095201194101,18.34620356135162,132.07716929903364,0.0303252698745634,0.4267090696647014,0.7974673070883054,0.4254945851573748
img_000733.jpg,0.031657,-0.000992,0.754445,48.16286928791075,18.316219806148062,132.19977377442382,0.0303577055235047,0.4271619617935269,0.7977316115174554,0.4245413337919139
img_000734.jpg,0.031632,-0.001061,0.754791,48.2347021946171,18.28611020455193,132.3223359541567,0.0303898706243355,0.4276143774372729,0.797995003577461,0.4235875048178094
img_000735.jpg,0.031608,-0.001129,0.755138,48.30641783848313,18.255877240725518,132.4448263566172,0.0304217372947506,0.428066086784889,0.7982574905822968,0.4226333185799425
img_000736.jpg,0.031583,-0.001197,0.755484,48.37804911121491,18.225447997206725,132.56723596709506,0.0304540045188771,0.4285171241871205,0.7985191047856797,0.4216786302143387
img_000737.jpg,0.031558,-0.001265,0.75583,48.44963160609403,18.194919373401547,132.68961697723807,0.0304858905331852,0.4289680092430149,0.7987796552779627,0.4207233293252256
img_000738.jpg,0.031534,-0.001334,0.756176,48.52111463996047,18.16422837624348,132.81191442703263,0.0305178840144693,0.4294182086398799,0.799039291458934,0.4197676399492948
img_000739.jpg,0.031509,-0.001402,0.756522,48.59253264383705,18.133385093898557,132.9341715975717,0.0305498762148582,0.4298680018434562,0.7992980168743724,0.4188112776359618
img_000740.jpg,0.031466,-0.001527,0.756891,48.66386278823654,18.102406606305795,133.05634943490665,0.0305818049624665,0.4303172650665625,0.7995557300832653,0.4178545669032324
img_000741.jpg,0.031441,-0.001595,0.757237,48.73511329188472,18.07128574792932,133.17847295447132,0.0306136616168973,0.4307660444676428,0.7998125099229246,0.4168973106496352
img_000742.jpg,0.031417,-0.001664,0.757584,48.80626920294653,18.04001475418463,133.30052960664162,0.0306454986003575,0.4312142131741718,0.800068386533958,0.4159395781132938
img_000743.jpg,0.031392,-0.001732,0.75793,48.8773564033644,18.008610282415813,133.42253382888205,0.030677233793037,0.4316619999310719,0.8003232721861941,0.4149813069759863
img_000744.jpg,0.031367,-0.0018,0.758276,48.94833824406225,17.97703949482825,133.5444485001181,0.030709120250398,0.4321090550368731,0.8005772541288537,0.4140226740893447
img_000745.jpg,0.031343,-0.001868,0.758622,49.0192547692252,17.94534242228856,133.6663243044694,0.0307408163404162,0.4325557760772266,0.8008302625142851,0.4130634254376126
img_000746.jpg,0.031318,-0.001937,0.758968,49.09010727948511,17.91349942132875,133.78812733593494,0.0307726020526518,0.433002113481362,0.8010822195743548,0.4121037419939402
img_000747.jpg,0.031294,-0.002005,0.759315,49.16086010664736,17.881511578202606,133.90987625205344,0.0308042723445191,0.4334478267732384,0.8013333241883256,0.4111435051367944
img_000748.jpg,0.031269,-0.002073,0.759661,49.23149858592223,17.849374436867762,134.0315364015241,0.0308359413109516,0.4338927936380527,0.8015835188714232,0.4101829477515374
img_000749.jpg,0.031245,-0.002141,0.760007,49.302086356114565,17.81709957825796,134.1531537922229,0.0308675787388453,0.4343375020038276,0.8018326981033719,0.4092217628476556
img_000750.jpg,0.03122,-0.00221,0.760353,49.37257323652099,17.784687205797074,134.2746911823169,0.0308991464922681,0.4347815921641751,0.8020809180022789,0.4082602244131258
img_000751.jpg,0.031195,-0.002278,0.760699,49.4429669106476,17.75214271975638,134.3961977148157,0.0309304476110522,0.4352251454649021,0.8023283108555862,0.4072980011800407
img_000752.jpg,0.031171,-0.002346,0.761046,49.513317162498325,17.719434850883914,134.5176255484023,0.0309620748886101,0.4356684198893405,0.802574595742726,0.4063353246988468
img_000753.jpg,0.031146,-0.002415,0.761392,49.583576152211776,17.686583900235398,134.63897598847703,0.0309937042217817,0.4361111330799215,0.8028199076759767,0.4053722557619059
img_000754.jpg,0.031121,-0.002483,0.761738,49.65369746851133,17.65360221814865,134.76026510180895,0.031025020985969,0.4365529957923836,0.8030644492804732,0.4044087291829466
img_000755.jpg,0.031097,-0.002551,0.762084,49.72377366957269,17.620480954946633,134.88150259677366,0.0310563831025391,0.4369946378352544,0.8033079244058595,0.4034446258888239
img_000756.jpg,0.031072,-0.002619,0.76243,49.79374995379163,17.587216328886566,135.00266799087458,0.0310877052121484,0.4374356611249265,0.8035504787901391,0.4024800926716493
img_000757.jpg,0.031048,-0.002688,0.762776,49.86362130657904,17.55379751444915,135.12375618926342,0.0311190721966629,0.437876003247577,0.8037921409466056,0.4015151345566176
img_000758.jpg,0.031023,-0.002756,0.763122,49.93342647040441,17.520267286803506,135.24479559633437,0.0311501950426956,0.4383160499752972,0.8040327551864841,0.4005496651728549
img_000759.jpg,0.030999,-0.002824,0.763469,50.00317284928814,17.48656839943488,135.36575955080642,0.0311816290234585,0.438755706058576,0.8042723425537681,0.3995837026400827
img_000760.jpg,0.030974,-0.002893,0.763815,50.07277917684664,17.45274161335466,135.48664759862888,0.0312127911641377,0.4391945020618552,0.804511110733014,0.3986173901544127
img_000761.jpg,0.030949,-0.002961,0.764161,50.14231182666144,17.41876997249457,135.60749367802936,0.031243911253195,0.4396328723034675,0.8047489658418461,0.3976504213203914
img_000762.jpg,0.030925,-0.003029,0.764507,50.21176485391588,17.38467387147583,135.72826336271763,0.031274950427958,0.440070816140139,0.8049857598147636,0.3966830986479365
img_000763.jpg,0.0309,-0.003097,0.764853,50.281129869486826,17.350425818432775,135.84897842696958,0.0313060026270421,0.4405082146132474,0.8052216684427329,0.3957151901659402
img_000764.jpg,0.030876,-0.003166,0.765199,50.350395594971246,17.316043166089006,135.96961527135338,0.031336992456426,0.4409450249162677,0.8054566101823764,0.3947469151480394
img_000765.jpg,0.030851,-0.003234,0.765546,50.41958187888257,17.28150660290496,136.090177794669,0.0313681193530671,0.441381341921873,0.805690570021633,0.3937781830799092
img_000766.jpg,0.030826,-0.003302,0.765892,50.488693068288725,17.246845566445085,136.2106889892089,0.0313990921727826,0.4418172741311819,0.8059235370048327,0.3928089176579844
img_000767.jpg,0.030802,-0.003371,0.766238,50.5576764562125,17.21205744146253,136.33113142280845,0.031429818901909,0.4422524402574019,0.8061556607926846,0.3918392478326748
img_000768.jpg,0.030777,-0.003439,0.766584,50.62663398692652,17.177095597424874,136.4515038829805,0.0314610023649217,0.4426874468117933,0.8063866586609609,0.3908690145036582
img_000769.jpg,0.030753,-0.003507,0.76693,50.695460625260026,17.142015152204532,136.57180881727598,0.0314918655258056,0.4431216876371534,0.8066168083122859,0.3898983930454274
img_000770.jpg,0.030728,-0.003575,0.767277,50.76419690606141,17.10678949372364,136.69204994464278,0.0315227329025885,0.4435553863909788,0.8068460312873783,0.3889272660918858
img_000771.jpg,0.030703,-0.003644,0.767623,50.83282033937073,17.071441734063274,136.81222080145614,0.0315533831648324,0.4439884381679625,0.80707433581039,0.3879557542558745
img_000772.jpg,0.030679,-0.003712,0.767969,50.901365561845616,17.035958753217287,136.93233197607512,0.0315839926033583,0.444421059370574,0.8073016557089844,0.3869837336228747
img_000773.jpg,0.030654,-0.00378,0.768315,50.969857338649135,17.00031719388037,137.05236434272564,0.0316148946016449,0.4448533654366001,0.8075278869505802,0.3860112608411687
img_000774.jpg,0.030629,-0.003849,0.768661,51.03821688092563,16.964546209927093,137.17232822444117,0.0316455682384294,0.4452848731329411,0.807753298666296,0.3850383724559996
img_000775.jpg,0.030605,-0.003917,0.769007,51.1064938107554,16.928650221272978,137.2922356458334,0.0316761031860096,0.4457159461938732,0.8079777277417731,0.3840649831326605
img_000776.jpg,0.03058,-0.003985,0.769354,51.17470019552024,16.892608899578697,137.41207308513634,0.0317067456463847,0.4461466194686516,0.8082011309432149,0.3830911225274191
img_000777.jpg,0.030556,-0.004053,0.7697,51.242797257385405,16.85643787793995,137.53185045885584,0.0317372126525044,0.4465766591595391,0.8084236540086349,0.3821167785720508
img_000778.jpg,0.030531,-0.004122,0.770046,51.31083173527353,16.820110127398795,137.6515527804083,0.0317679220383042,0.4470063293117194,0.8086451301110333,0.38114196073424
img_000779.jpg,0.030506,-0.00419,0.770392,51.37869790911096,16.783663678961677,137.7711784251615,0.0317982472356846,0.4474349715505455,0.8088658740379714,0.3801668259107957
img_000780.jpg,0.030482,-0.004258,0.770738,51.44653451167599,16.747083602089745,137.89073826266414,0.0318287202320271,0.4478635341971665,0.809085416651193,0.3791912128032243
img_000781.jpg,0.030457,-0.004326,0.771084,51.51426107060745,16.71035998112412,138.0102352123514,0.0318591383576626,0.4482914281638284,0.8093041053341195,0.3782150920141642
img_000782.jpg,0.030433,-0.004395,0.771431,51.58191037972857,16.673485286543876,138.1296563910538,0.0318897186146366,0.4487188652262869,0.8095217871057792,0.3772385214128832
img_000783.jpg,0.030408,-0.004463,0.771777,51.649443516226576,16.63651093389613,138.24900872396825,0.0319199243389971,0.4491456893438459,0.8097385133393388,0.3762616219986192
img_000784.jpg,0.030383,-0.004531,0.772123,51.71688389161531,16.59939768721729,138.3683019326337,0.0319500893115611,0.4495719801575194,0.8099543185903183,0.3752841966391917
img_000785.jpg,0.030359,-0.0046,0.772469,51.784228991755306,16.562136073346924,138.48751503523738,0.0319803603162048,0.4499976935377279,0.8101691663403127,0.3743063641941098
img_000786.jpg,0.030316,-0.004725,0.772838,51.85149436624615,16.524727610739667,138.60667900626453,0.0320106571795385,0.4504229524032209,0.8103830926555768,0.3733279053503537
img_000787.jpg,0.030291,-0.004793,0.773184,51.91867966826586,16.487200272721573,138.72577274580354,0.0320408546080166,0.4508478116031611,0.810595962562621,0.3723490565125771
img_000788.jpg,0.030267,-0.004861,0.773531,51.985755900424,16.44955312409444,138.8447667243041,0.0320709835960572,0.4512720559270556,0.8108077966234956,0.3713700317541821
img_000789.jpg,0.030242,-0.004929,0.773877,52.05270725085368,16.411764626444377,138.96371619443147,0.0321009387023654,0.4516955415150309,0.8110188878468583,0.3703903765832953
img_000790.jpg,0.030217,-0.004998,0.774223,52.11961013558197,16.37382696414355,139.0826072051693,0.0321310822103347,0.4521187888278679,0.8112289076743164,0.3694101429283579
img_000791.jpg,0.030193,-0.005066,0.774569,52.18639188696373,16.335757499491855,139.20140976679406,0.032161170153855,0.4525413141425394,0.8114380043206995,0.3684296178003589
img_000792.jpg,0.030168,-0.005134,0.774915,52.25307790853737,16.297574402944566,139.3201378005202,0.0321910963397271,0.4529633413641264,0.811646079626827,0.3674487530569327
img_000793.jpg,0.030144,-0.005203,0.775262,52.31969462321307,16.25923156513352,139.43880528552066,0.0322212361551549,0.4533849613085588,0.8118531826924831,0.3664672953374642
img_000794.jpg,0.030119,-0.005271,0.775608,52.38618033013529,16.22078520149424,139.55740372510894,0.0322510083003214,0.4538058576106902,0.812059397283556,0.3654855008687844
img_000795.jpg,0.030094,-0.005339,0.775954,52.452572857037055,16.18219298367422,139.67593962527434,0.0322808261500575,0.4542262083898621,0.8122646941604962,0.3645031776201611
img_000796.jpg,0.03007,-0.005407,0.7763,52.51889696119729,16.14347233737107,139.79439604426568,0.0323107073666289,0.4546462227873237,0.8124688798462426,0.3635204940248613
img_000797.jpg,0.030045,-0.005476,0.776646,52.58509738629645,16.10461859772764,139.91277544445032,0.0323405036515461,0.4550655001735405,0.8126721922462307,0.3625374329984084
img_000798.jpg,0.03002,-0.005544,0.776992,52.651199418636594,16.065629447543724,140.03109464235013,0.0323702481153745,0.4554842200901195,0.8128745895571653,0.3615538603557078
img_000799.jpg,0.029996,-0.005612,0.777339,52.7172296900347,16.026521708456958,140.14933698692076,0.0323999672943518,0.4559026032132804,0.8130758736796043,0.3605699407089107
img_000800.jpg,0.029971,-0.005681,0.777685,52.78313749819072,15.98726650052412,140.26750538197166,0.0324297075979064,0.4563202295106082,0.8132763226961869,0.3595855741631853
img_000801.jpg,0.029947,-0.005749,0.778031,52.84897937769469,15.947882467959577,140.3856243751564,0.0324594117547311,0.4567375474237767,0.8134757446956283,0.3586006304424785
img_000802.jpg,0.029922,-0.005817,0.778377,52.91472306031287,15.90837562205949,140.50366077677162,0.0324890676718625,0.457154331681447,0.8136741498089507,0.357615373606035
img_000803.jpg,0.029897,-0.005885,0.778723,52.980329626937,15.8687444105003,140.6216280151544,0.0325185144517589,0.4575703066741766,0.8138717390250638,0.3566297142475216
img_000804.jpg,0.029873,-0.005954,0.779069,53.04586588931541,15.82896467728946,140.73952554944194,0.0325481450418364,0.457985896434252,0.8140682996731645,0.3556435580590391
img_000805.jpg,0.029848,-0.006022,0.779415,53.11129639125648,15.789079664271384,140.85734889385435,0.0325775462658128,0.4584009389040864,0.8142638592364216,0.3546570882310966
img_000806.jpg,0.029824,-0.00609,0.779762,53.17661139478278,15.749050511697924,140.9751125895389,0.0326069222786527,0.4588152880964082,0.8144585912518433,0.3536700767164036
img_000807.jpg,0.029799,-0.006158,0.780108,53.24187371275332,15.708887053731363,141.09279647392722,0.0326364762465407,0.4592294058406961,0.8146521588338069,0.3526826808007845
img_000808.jpg,0.029775,-0.006227,0.780454,53.30701118711251,15.668600498140297,141.2103939877668,0.0326659303912148,0.4596428010195827,0.8148448050518837,0.3516950044321162
img_000809.jpg,0.02975,-0.006295,0.7808,53.37206216342642,15.62819124450652,141.32795630524944,0.0326951966055581,0.4600557619067865,0.8150365322033049,0.3507066740586801
img_000810.jpg,0.029725,-0.006363,0.781146,53.43701107453042,15.587648584365636,141.4454307972465,0.0327245202301012,0.4604681411393554,0.8152272654530434,0.3497180327540024
img_000811.jpg,0.029701,-0.006432,0.781493,53.50183244357525,15.54697555999348,141.56282657345142,0.0327537667774662,0.460879766697844,0.8154171282354931,0.3487290329046462
img_000812.jpg,0.029676,-0.0065,0.781839,53.56657802245197,15.506188130417772,141.68015203104932,0.0327829432982829,0.4612910420345425,0.8156059016972595,0.347739653022182
img_000813.jpg,0.029652,-0.006568,0.782185,53.63120803287543,15.465272655363416,141.79742738618825,0.0328119513226898,0.4617016623034202,0.8157938378955775,0.3467497151091263
img_000814.jpg,0.029627,-0.006636,0.782531,53.6957539272999,15.424202261808103,141.91461201916746,0.0328412525206309,0.4621117859116592,0.8159807476088168,0.3457594091072137
img_000815.jpg,0.029602,-0.006705,0.782877,53.76018848293711,15.383025848833784,142.03171887111608,0.0328703496286163,0.4625213219851065,0.8161666689931381,0.3447688142061099
img_000816.jpg,0.029578,-0.006773,0.783224,53.82453210826856,15.341728097282648,142.14876847198613,0.0328993378159909,0.4629303909317747,0.8163516160664722,0.3437777271271114
img_000817.jpg,0.029553,-0.006841,0.78357,53.88878425082912,15.30027677446504,142.26574248047962,0.0329285320021608,0.4633389194927125,0.8165356080254595,0.3427861699223021
img_000818.jpg,0.029528,-0.00691,0.783916,53.95292039098617,15.258727935439577,142.3826355796125,0.0329574640277051,0.4637468437580004,0.8167186019364822,0.3417943763730953
img_000819.jpg,0.029504,-0.006978,0.784262,54.01692887506536,15.217050066620253,142.4994747938378,0.0329862277117452,0.4641540256084933,0.8169007964978333,0.3408020510119981
img_000820.jpg,0.029479,-0.007046,0.784608,54.08088867824161,15.17521941163839,142.61622614097283,0.03301537505335,0.4645609717563311,0.8170818233672817,0.3398093324994152
img_000821.jpg,0.029455,-0.007114,0.784954,54.14474566665312,15.13329273591799,142.73292560641332,0.0330441771383334,0.4649674191961522,0.8172618813948359,0.338816172374185
img_000822.jpg,0.02943,-0.007183,0.785301,54.20846862492396,15.091227346253968,142.84953472959967,0.0330730188898363,0.4653730501840268,0.8174410785783919,0.3378227088822229
img_000823.jpg,0.029405,-0.007251,0.785647,54.27208644820112,15.049040322560227,142.96607662430765,0.033101766989194,0.4657781112882767,0.8176193279448609,0.3368288269105137
img_000824.jpg,0.029381,-0.007319,0.785993,54.33562401886413,15.006738766049544,143.08254376788548,0.0331304741645511,0.4661827918883567,0.8177964902621622,0.3358345973000674
img_000825.jpg,0.029356,-0.007388,0.786339,54.399055619820906,14.96430180605125,143.19895642112493,0.033159140245606,0.4665868739911991,0.8179727753034204,0.3348398114019795
img_000826.jpg,0.029332,-0.007456,0.786685,54.4623856922813,14.921729397162087,143.3152778720548,0.0331879302223736,0.4669903790657835,0.818148057323473,0.3338447295456043
img_000827.jpg,0.029307,-0.007524,0.787031,54.5256076230533,14.879048457933456,143.43153989018316,0.033216496702606,0.4673933212969606,0.8183223965383393,0.3328492194335913
img_000828.jpg,0.029282,-0.007592,0.787377,54.588747679054,14.836236208780548,143.54772615043143,0.0332451546789171,0.4677958398311063,0.8184956881349941,0.3318533116175085
img_000829.jpg,0.029258,-0.007661,0.787724,54.65179505761012,14.79329186791445,143.66384963675904,0.0332738274392827,0.4681978602482493,0.8186680149996985,0.3308569136091236
img_000830.jpg,0.029233,-0.007729,0.78807,54.71469730895993,14.750244968705314,143.77989747355448,0.0333021980003143,0.4685990605818905,0.8188394894210459,0.3298602349401919
img_000831.jpg,0.029209,-0.007797,0.788416,54.77751622133989,14.707061485199365,143.895855461698,0.033330759170391,0.4689998134777159,0.8190098924713525,0.3288632413102087
img_000832.jpg,0.029184,-0.007865,0.788762,54.840214585444734,14.663749700412394,144.01175480665813,0.0333592166921056,0.4693998782085748,0.8191794477015669,0.3278657491456224
img_000833.jpg,0.029141,-0.007991,0.789131,54.90282875181667,14.62033776029566,144.12757883341462,0.0333875350093408,0.4697995629434425,0.8193478970756471,0.3268679652732358
img_000834.jpg,0.029116,-0.008059,0.789478,54.96532908370285,14.5767851193055,144.24333860601357,0.0334158888757961,0.4701985828710086,0.8195154813063537,0.3258696778406229
img_000835.jpg,0.029092,-0.008127,0.789824,55.027748199549016,14.533100003390578,144.35900860136817,0.0334444165631209,0.4705971797321424,0.8196819757453244,0.3248710883829885
img_000836.jpg,0.029067,-0.008195,0.79017,55.090040823776434,14.489323408015649,144.47462553404432,0.0334725349739637,0.4709951169324415,0.8198475819370885,0.3238720914498827
img_000837.jpg,0.029043,-0.008264,0.790516,55.1522506980565,14.445407180865484,144.5901723268253,0.0335007996771352,0.4713926128467345,0.8200121751289869,0.3228726275402553
img_000838.jpg,0.029018,-0.008332,0.790863,55.21434150668856,14.4013770418936,144.70564131745203,0.0335289498520397,0.4717894533376431,0.820175827501708,0.3218728525723716
img_000839.jpg,0.028993,-0.0084,0.791209,55.27632302469098,14.35722092658701,144.82102970909094,0.0335571171226817,0.47218568533895,0.820338516905437,0.3208727413364818
img_000840.jpg,0.028969,-0.008469,0.791555,55.33821282610575,14.312942933739322,144.93635584418652,0.0335852467425207,0.4725814477731796,0.8205002133182876,0.3198721719163674
img_000841.jpg,0.028944,-0.008537,0.791901,55.4000255071408,14.26854116173932,145.05160771096513,0.0336134448878925,0.4729768384019925,0.820660826486429,0.318871219348243
img_000842.jpg,0.02892,-0.008605,0.792247,55.46167358945311,14.224030221815116,145.1667808603645,0.0336413797463294,0.4733712561303139,0.8208206739874854,0.3178699932253786
img_000843.jpg,0.028895,-0.008673,0.792593,55.52324124590344,14.179387714984864,145.2818972800255,0.0336693642207714,0.4737652696088359,0.820979516708476,0.3168682318733658
img_000844.jpg,0.02887,-0.008742,0.792939,55.584722896073366,14.134629963114076,145.39692711405615,0.0336973860720137,0.47415885992409,0.8211372599840847,0.3158662090082295
img_000845.jpg,0.028846,-0.00881,0.793285,55.6460869675206,14.089747479240986,145.51188898993223,0.0337253540980681,0.4745517893347727,0.8212941057348088,0.3148637667553792
img_000846.jpg,0.028821,-0.008878,0.793632,55.70734517795137,14.04476663509674,145.62677755785035,0.0337531282673269,0.47494418753466,0.8214499351630952,0.3138610346630464
img_000847.jpg,0.028796,-0.008946,0.793978,55.76850287499871,13.999654627857105,145.74158825446216,0.0337809891919792,0.4753360327941718,0.8216047823985555,0.3128579266001289
img_000848.jpg,0.028772,-0.009015,0.794324,55.82952666756032,13.954430177600056,145.85634735428602,0.0338085993829692,0.4757271269461051,0.8217588182089962,0.3118543313650143
img_000849.jpg,0.028747,-0.009083,0.79467,55.89049229070485,13.909074047976649,145.97101342743565,0.0338364827541045,0.4761179668488528,0.8219116551981663,0.3108504546047126
img_000850.jpg,0.028723,-0.009151,0.795016,55.95131594888257,13.863584143784,146.08560476671855,0.0338643534961385,0.4765079536019449,0.8220636952580599,0.309846182250224
img_000851.jpg,0.028698,-0.00922,0.795362,56.01205709428,13.817997588570536,146.20014046880272,0.0338920185716503,0.4768975847058302,0.8222146655798023,0.3088414941104551
img_000852.jpg,0.028673,-0.009288,0.795709,56.072678021587976,13.772291152026426,146.31459647469737,0.0339196517149539,0.4772865416271118,0.8223647059927519,0.3078364902779105
img_000853.jpg,0.028649,-0.009356,0.796055,56.133191738880726,13.726472895667063,146.42898004940952,0.0339472000247156,0.4776749339293107,0.8225137652302587,0.3068311443006616
img_000854.jpg,0.028624,-0.009424,0.796401,56.19359652386993,13.6805444783153,146.54329013977053,0.033974653212681,0.4780627517271498,0.8226618441654152,0.3058254706601485
img_000855.jpg,0.0286,-0.009493,0.796747,56.2539090739928,13.6344898850854,146.65753893506172,0.0340021266290414,0.478450090792305,0.8228089382612753,0.3048193188150818
img_000856.jpg,0.028575,-0.009561,0.797093,56.31412345923031,13.588305128846926,146.77170539755218,0.0340297239738963,0.4788368957195795,0.8229550238673974,0.3038128270420928
img_000857.jpg,0.02855,-0.009629,0.79744,56.37422600537153,13.54201050188118,146.88578133598858,0.0340572941229102,0.4792231008886963,0.823100094963341,0.3028061326376775
img_000858.jpg,0.028526,-0.009698,0.797786,56.43420384115223,13.495599318923864,146.99980759750173,0.0340846846795257,0.4796086144337225,0.8232443270126366,0.3017989219211585
img_000859.jpg,0.028501,-0.009766,0.798132,56.49407356944129,13.449082452530858,147.1137587968529,0.0341119669697602,0.4799935665115364,0.8233875612028896,0.3007914125658294
img_000860.jpg,0.028477,-0.009834,0.798478,56.5538520626957,13.402435073603764,147.22763486135906,0.03413937297772,0.4803780361693687,0.8235297767949875,0.2997835090707073
img_000861.jpg,0.028452,-0.009902,0.798824,56.61352164160837,13.355692895717109,147.34145651982615,0.0341665051434638,0.4807619629922596,0.8236710295799423,0.2987751996013534
img_000862.jpg,0.028427,-0.009971,0.79917,56.67307600637695,13.308824734300709,147.45517995478062,0.0341937658225381,0.4811452358947141,0.8238112944457083,0.2977666863475156
img_000863.jpg,0.028403,-0.010039,0.799517,56.73253872237641,13.261838075805944,147.5688509950727,0.0342209703701219,0.4815280506605204,0.8239505764477723,0.296757660702113
img_000864.jpg,0.028378,-0.010107,0.799863,56.7918938716177,13.214723139882848,147.68244327551056,0.0342482631806499,0.4819102687814922,0.8240888930603312,0.2957482808853787
img_000865.jpg,0.028354,-0.010175,0.800209,56.85111696166742,13.16752018432098,147.7959541758341,0.0342752944224756,0.4822917802436621,0.8242262602576288,0.2947387229452138
img_000866.jpg,0.028329,-0.010244,0.800555,56.91025185479563,13.120195228200709,147.9094118194607,0.0343023145040207,0.4826728522694219,0.8243626335458569,0.2937286457176198
img_000867.jpg,0.028304,-0.010312,0.800901,56.96927410193941,13.072749853854528,148.0227840294054,0.0343293863890735,0.4830533021007991,0.8244980296363886,0.2927182940736307
img_000868.jpg,0.02828,-0.01038,0.801247,57.02819662970448,13.0251943172704,148.13608199998856,0.0343564218365861,0.4834332429573485,0.8246324023523507,0.2917076222400073
img_000869.jpg,0.028255,-0.010449,0.801594,57.08698737395692,12.977528865446947,148.2493007701002,0.0343833607135497,0.4838124428733094,0.8247658738402104,0.2906966769256176
img_000870.jpg,0.028231,-0.010517,0.80194,57.14568216727994,12.929738112530892,148.36247384739684,0.0344102697212633,0.4841911446522723,0.8248984078593888,0.2896851488928587
img_000871.jpg,0.028206,-0.010585,0.802286,57.20429863694368,12.881852286806348,148.47556817474336,0.0344371094199359,0.4845695143854259,0.8250297862751401,0.2886733846094379
img_000872.jpg,0.028181,-0.010653,0.802632,57.26277865740287,12.833855811363994,148.5885572469385,0.0344639637735613,0.484947100128448,0.8251602188986649,0.2876615344899825
img_000873.jpg,0.028157,-0.010722,0.802978,57.32112243046357,12.78573242892402,148.7015149811654,0.0344906447818278,0.4853238992666384,0.8252899223685823,0.2866490053358269
img_000874.jpg,0.028132,-0.01079,0.803324,57.37941243750255,12.737493604282852,148.8143768687745,0.034517548639906,0.4857005049397274,0.8254183628261635,0.2856362803401583
img_000875.jpg,0.028108,-0.010858,0.803671,57.437567325835815,12.689139503547102,148.92717726451227,0.0345443274061288,0.4860763418211803,0.8255459702084551,0.2846231375668141
img_000876.jpg,0.028083,-0.010926,0.804017,57.49561302670903,12.640702966022271,149.03991403933125,0.0345708124849651,0.4864516480276938,0.8256725656780937,0.283609709533761
img_000877.jpg,0.028058,-0.010995,0.804363,57.55353718150256,12.592141536095149,149.15255495646295,0.034597428997982,0.4868262571036521,0.8257982038380279,0.2825960718747968
img_000878.jpg,0.028034,-0.011063,0.804709,57.61138173353805,12.543454907143817,149.26514573036692,0.0346240908040404,0.4872004847822013,0.8259228196108217,0.2815818815373097
img_000879.jpg,0.027991,-0.011188,0.805078,57.66909402735967,12.494666844029355,149.37765347581075,0.0346506331501794,0.4875739790036428,0.8260465098959769,0.2805674822739132
img_000880.jpg,0.027966,-0.011256,0.805424,57.7267111961235,12.445771303680898,149.4900854590417,0.0346771637674508,0.4879469998786234,0.8261691462996249,0.2795527880831187
img_000881.jpg,0.027942,-0.011325,0.805771,57.78422366728404,12.396747804128651,149.602474507505,0.0347036740724927,0.4883194563875924,0.8262908880631148,0.2785374872850429
img_000882.jpg,0.027917,-0.011393,0.806117,57.841619548185,12.347624685653903,149.71477383206764,0.0347301255950541,0.488691292625084,0.8264116177408021,0.2775220296690099
img_000883.jpg,0.027892,-0.011461,0.806463,57.898873233349086,12.29842279654074,149.82699552588656,0.0347562523662407,0.4890623592834474,0.8265314350970335,0.2765064166524906
img_000884.jpg,0.027868,-0.011529,0.806809,57.956070476197,12.249071315755346,149.93913440501728,0.0347828134634438,0.4894331640000674,0.826650095185433,0.2754903882068574
img_000885.jpg,0.027843,-0.011598,0.807155,58.01314003213438,12.19960633892502,150.0512211475769,0.0348092392609801,0.4898032579410268,0.8267679073577427,0.2744738835221426
img_000886.jpg,0.027818,-0.011666,0.807502,58.07010045325329,12.150059375437303,150.16322529087574,0.0348354723177462,0.4901728134938632,0.8268846602119726,0.2734572388620208
img_000887.jpg,0.027794,-0.011734,0.807848,58.12692817277584,12.100406986908537,150.27517167787008,0.0348615272595238,0.4905416319720939,0.8270005578627244,0.2724401925451362
img_000888.jpg,0.027769,-0.011803,0.808194,58.18368407983431,12.05061567245389,150.38705329351356,0.03488783062062,0.4909100999430208,0.827115384636226,0.2714226474459864
img_000889.jpg,0.027745,-0.011871,0.80854,58.24030294935288,12.000737460735271,150.4988403538189,0.0349139700379024,0.4912778160990124,0.8272292525538982,0.2704050403086012
img_000890.jpg,0.02772,-0.011939,0.808886,58.29680718054295,11.950775549199015,150.61056780355693,0.0349398277663892,0.4916449569156692,0.8273421428800098,0.2693871255085483
img_000891.jpg,0.027695,-0.012007,0.809232,58.353218881762615,11.900656548681784,150.72221993796262,0.0349660717110128,0.4920115673529729,0.8274540584873558,0.2683687249155067
img_000892.jpg,0.027671,-0.012076,0.809579,58.40954150900835,11.850463382533048,150.83381183358995,0.0349920297701273,0.4923778006770294,0.8275648670130681,0.267350051690028
img_000893.jpg,0.027646,-0.012144,0.809925,58.46571175728371,11.80014104722863,150.94532656976932,0.0350180386852988,0.4927431125371723,0.8276749014661714,0.2663310336719662
img_000894.jpg,0.027622,-0.012212,0.810271,58.52178713261982,11.74972373846768,151.05676965517665,0.0350439569066668,0.4931079703757061,0.8277838650605001,0.2653117475382028
img_000895.jpg,0.027597,-0.012281,0.810617,58.577748093815046,11.699193946656262,151.16814337511852,0.0350698617911505,0.4934722077004251,0.8278918788074073,0.2642921149522993
img_000896.jpg,0.027572,-0.012349,0.810963,58.63358759591264,11.648572124928284,151.27945695357187,0.0350955476556728,0.4938358061272423,0.8279989571109255,0.2632721522391322
img_000897.jpg,0.027548,-0.012417,0.811309,58.68934095134871,11.59782941618897,151.39067385660206,0.0351214701548959,0.49419896726417,0.8281049158139159,0.2622519999809612
img_000898.jpg,0.027523,-0.012485,0.811656,58.74496550855451,11.546983329551493,151.501833441746,0.0351472338659147,0.4945614203224399,0.828209997391214,0.2612314561867899
img_000899.jpg,0.027499,-0.012554,0.812002,58.80048490387463,11.496042054024986,151.61292992789208,0.0351728592421314,0.4949233458505082,0.828314071717442,0.2602105883697738
img_000900.jpg,0.027474,-0.012622,0.812348,58.855903722489394,11.444990115148432,151.72394373208098,0.0351985585656585,0.4952847484077214,0.8284171019541695,0.2591894763671072
img_000901.jpg,0.02745,-0.01269,0.812694,58.91121082541375,11.39383089725227,151.83489935887854,0.035224177781242,0.4956455596990329,0.8285191854543861,0.2581679604138918
img_000902.jpg,0.027425,-0.012758,0.81304,58.966410287981375,11.342548673591464,151.9457751425986,0.0352499390450318,0.4960057799950046,0.8286202831754192,0.2571461341711299
img_000903.jpg,0.0274,-0.012827,0.813386,59.02148239114264,11.291187738758056,152.0565860837795,0.0352754062638947,0.4963653340443956,0.8287204359035064,0.2561240714728215
img_000904.jpg,0.027376,-0.012895,0.813733,59.07644381749538,11.239714554821152,152.16732782933218,0.0353008876315925,0.4967242931754662,0.8288196207104802,0.2551016664529867
img_000905.jpg,0.027351,-0.012963,0.814079,59.13130369728407,11.18813429572396,152.27798163212134,0.0353264485901343,0.4970827248009685,0.8289177470451654,0.2540790730619517
img_000906.jpg,0.027326,-0.013032,0.814425,59.186069027295936,11.136450766252342,152.38858629142803,0.0353519101631072,0.4974406966292997,0.8290148637648905,0.2530560243140967
img_000907.jpg,0.027302,-0.0131,0.814771,59.24069794490146,11.084668827787889,152.49910161514487,0.0353773204822035,0.4977978999011576,0.8291110550364221,0.2520328440221382
img_000908.jpg,0.027277,-0.013168,0.815117,59.29521917821437,11.032787894727925,152.6095770959841,0.0354025349230136,0.4981545565413947,0.8292063060851176,0.2510091637107011
img_000909.jpg,0.027253,-0.013237,0.815463,59.349614009766285,10.980788222811736,152.71995866231708,0.0354278966393812,0.4985104868434203,0.8293006134038422,0.2499853020776546
img_000910.jpg,0.027228,-0.013305,0.81581,59.40390880046103,10.928695787592398,152.8302838839856,0.0354531092972005,0.4988659288209633,0.8293938996874586,0.2489610838343783
img_000911.jpg,0.027204,-0.013373,0.816156,59.458086233288654,10.87650071748927,152.9405161571543,0.0354783702278446,0.4992207318790437,0.8294861775912784,0.2479367405068039
img_000912.jpg,0.027179,-0.013441,0.816502,59.51215748913258,10.82420094416204,153.05070096355533,0.0355035233741189,0.4995749879259401,0.8295775004034475,0.2469119318526103
img_000913.jpg,0.027154,-0.01351,0.816848,59.5661334056355,10.771794665815344,153.16081110817365,0.0355287260615298,0.4999287643376522,0.8296677646890701,0.2458868448049113
img_000914.jpg,0.02713,-0.013578,0.817194,59.619974795447455,10.719298157897065,153.27084836093704,0.0355537679261183,0.5002817996726779,0.8297571176068018,0.2448615451298433
img_000915.jpg,0.027105,-0.013646,0.817541,59.67372373204642,10.666696545085395,153.38081851158424,0.0355788267593084,0.5006343798874714,0.8298454130275046,0.2438359186796078
img_000916.jpg,0.027081,-0.013714,0.817887,59.72735098813494,10.61398687406612,153.49073026232975,0.0356038263751244,0.5009862918662612,0.8299328016476667,0.2428099002487293
img_000917.jpg,0.027056,-0.013783,0.818233,59.78084774667917,10.561179640852034,153.60056142980122,0.0356287698329511,0.5013374786118227,0.8300192572517155,0.2417836964947005
img_000918.jpg,0.027031,-0.013851,0.818579,59.8342733329823,10.508258205835604,153.71032913960772,0.0356538333734765,0.5016883527427161,0.8301045841072432,0.2407570981969533
img_000919.jpg,0.027007,-0.013919,0.818925,59.88754643301349,10.455255722060658,153.8200214215678,0.0356786544126048,0.5020383651723654,0.8301890576543639,0.2397303528244257
img_000920.jpg,0.026982,-0.013987,0.819271,59.94072129932879,10.402151338746805,153.92962822335508,0.035703548429617,0.5023878777236448,0.830272454218942,0.238703432549934
img_000921.jpg,0.026958,-0.014056,0.819618,59.99378104156907,10.348943868448012,154.03919992582155,0.0357282703656806,0.5027367818873882,0.8303549544819278,0.2376759735469811
img_000922.jpg,0.026933,-0.014124,0.819964,60.046741609844766,10.295636716062122,154.14868341510277,0.0357530632540792,0.5030851808555807,0.8304363720779304,0.2366483703757588
img_000923.jpg,0.026908,-0.014192,0.82031,60.099575514928254,10.24223916744105,154.25810366276946,0.0357776941981653,0.5034328949081379,0.8305168642730968,0.2356204895170555
img_000924.jpg,0.026884,-0.014261,0.820656,60.152312176895,10.18871601224814,154.36745379687065,0.0358025177027914,0.5037800892089286,0.830596344727148,0.2345922282785301
img_000925.jpg,0.026859,-0.014329,0.821002,60.204938336944025,10.13513231673464,154.47674273797162,0.0358269866898615,0.5041267541350027,0.8306747842011417,0.2335637936034131
img_000926.jpg,0.026816,-0.014454,0.821371,60.257422354056,10.081425708149132,154.58596490775267,0.0358515266565234,0.5044725778217418,0.8307524113034143,0.2325349809724253
img_000927.jpg,0.026791,-0.014522,0.821718,60.30981007993522,10.027615811487646,154.69509543692135,0.0358761973691229,0.5048179099123773,0.8308289419929488,0.2315060375906169
img_000928.jpg,0.026767,-0.014591,0.822064,60.36208544894546,9.973726776954043,154.80417538853942,0.0359006085574905,0.5051626771271318,0.8309044914500328,0.2304767711313082
img_000929.jpg,0.026742,-0.014659,0.82241,60.41423325401904,9.919716941299042,154.91318709343287,0.0359251190327145,0.5055067104362597,0.8309791572470869,0.2294471436896048
img_000930.jpg,0.026718,-0.014727,0.822756,60.46629368043077,9.865628724552886,155.02212732972956,0.0359495113296284,0.505850353529787,0.8310526880949468,0.2284173418966116
img_000931.jpg,0.026693,-0.014795,0.823102,60.51824013500698,9.811428955386932,155.13100518829378,0.0359739403195607,0.5061933742808656,0.8311252718015486,0.2273871720762585
img_000932.jpg,0.026668,-0.014864,0.823448,60.5700563399232,9.757143836217688,155.2398076299367,0.0359982396111761,0.5065356829998492,0.8311969129676792,0.2263568432050888
img_000933.jpg,0.026644,-0.014932,0.823794,60.621773395515966,9.70274860223885,155.34854708200913,0.0360226019884278,0.5068774779233266,0.8312675375463137,0.2253261537011599
img_000934.jpg,0.026619,-0.015,0.824141,60.673369768698485,9.648258006575292,155.4572277247647,0.0360468594472768,0.5072186222189484,0.8313372254760846,0.2242951420250245
img_000935.jpg,0.026594,-0.015068,0.824487,60.72484050918218,9.593678265949716,155.56583714850402,0.0360710138185229,0.5075590832896455,0.8314059646234719,0.2232639265998716
img_000936.jpg,0.02657,-0.015137,0.824833,60.77622417983839,9.539024380613707,155.67436942567295,0.0360950578463276,0.50789915688185,0.8314735497234467,0.2222326019018526
img_000937.jpg,0.026545,-0.015205,0.825179,60.827486919290585,9.48424116655422,155.78283615561458,0.0361192855204551,0.508238533113596,0.8315402382403333,0.2212008654125065
img_000938.jpg,0.026521,-0.015273,0.825525,60.878642741980805,9.42936504831832,155.89123685920444,0.0361434585950912,0.508577357796369,0.8316059107147767,0.220168868830032
img_000939.jpg,0.026496,-0.015342,0.825872,60.92964783419033,9.374432301817752,155.9995803318938,0.0361671877778546,0.5089153590114158,0.8316707233235656,0.2191367149908485
img_000940.jpg,0.026472,-0.01541,0.826218,60.98056550697163,9.319358690985055,156.1078466462153,0.0361913095714885,0.5092528878615965,0.831734484817821,0.2181041771286341
img_000941.jpg,0.026447,-0.015478,0.826564,61.03137543615627,9.264201708327496,156.2160592714734,0.036215257038632,0.5095898732820103,0.8317972425305917,0.2170713328022711
img_000942.jpg,0.026422,-0.015546,0.82691,61.08207553501893,9.20895310435211,156.32418151739162,0.0362392528377436,0.5099262781475393,0.8318589486396903,0.2160384155108283
img_000943.jpg,0.026398,-0.015615,0.827256,61.13263948512043,9.1536232997834,156.4322596591527,0.0362629669612542,0.5102619379031984,0.8319197921824748,0.2150051425652598
img_000944.jpg,0.026373,-0.015683,0.827603,61.18310672281398,9.098175631330312,156.54025898263117,0.036286902092548,0.510597084068926,0.8319795867501144,0.2139716002369114
img_000945.jpg,0.026348,-0.015751,0.827949,61.23345588095741,9.04263428227828,156.64819937327073,0.0363107529072935,0.5109315961478356,0.8320384284315976,0.2129377535671118
img_000946.jpg,0.026324,-0.01582,0.828295,61.28370152613342,8.987032193101355,156.75606568036193,0.0363343726566819,0.51126561312389,0.8320961755402804,0.2119038481291394
img_000947.jpg,0.026299,-0.015888,0.828641,61.33381906266469,8.931324101343984,156.86387348021813,0.036357983887805,0.5115989078348553,0.8321530334387418,0.2108695887236885
img_000948.jpg,0.026275,-0.015956,0.828987,61.38383043431472,8.875494341896845,156.97161290495893,0.0363817895633345,0.5119316181840486,0.8322089083637956,0.2098349745194311
img_000949.jpg,0.02625,-0.016024,0.829333,61.43372729840218,8.81959445319825,157.07928383603857,0.0364053958995757,0.5122637428844407,0.832263762029571,0.2088002281794843
img_000950.jpg,0.026226,-0.016093,0.82968,61.48349316213108,8.76360283086894,157.18689815077838,0.0364288822902003,0.5125951403937982,0.832317721330444,0.2077651783602012
img_000951.jpg,0.026201,-0.016161,0.830026,61.53317207316656,8.707513714133675,157.29444129465475,0.036452438841876,0.5129261190176266,0.8323705709176014,0.2067298933446762
img_000952.jpg,0.026176,-0.016229,0.830372,61.5827184480757,8.651335182257878,157.40192722240994,0.0364758632695473,0.5132563609240199,0.8324225281759066,0.2056943216401607
img_000953.jpg,0.026152,-0.016298,0.830718,61.6321666784745,8.595045534352014,157.50932312762188,0.03649952745384,0.513586080521796,0.8324734110778039,0.2046585992290368
img_000954.jpg,0.026127,-0.016366,0.831064,61.68146525255779,8.538710037473477,157.61666778359904,0.036522685588564,0.5139149891417856,0.8325234273256438,0.2036227402005007
img_000955.jpg,0.026102,-0.016434,0.831411,61.73068663559921,8.48226731392744,157.7239622811432,0.0365459181615146,0.5142435438013606,0.8325723407418502,0.2025864530416249
img_000956.jpg,0.026078,-0.016502,0.831757,61.77976667033638,8.425707489604061,157.83116999073073,0.0365693511388008,0.514571255532736,0.8326203876445869,0.2015499829206857
img_000957.jpg,0.026053,-0.016571,0.832103,61.82877307597164,8.369069672238332,157.9383273012932,0.0365926537989052,0.5148986712758983,0.8326672731594215,0.2005132120722255
img_000958.jpg,0.026029,-0.016639,0.832449,61.87764168743365,8.312353308090227,158.04541228331672,0.0366158184593233,0.5152253165542995,0.8327132478097691,0.1994763192516389
img_000959.jpg,0.026004,-0.016707,0.832795,61.92639924861606,8.255537927381905,158.15244466630446,0.0366389571853994,0.5155513689082099,0.8327582542014205,0.1984390659437798
img_000960.jpg,0.02598,-0.016775,0.833141,61.97502778254762,8.198625219274303,158.25940943942933,0.036662096405137,0.5158766944351809,0.8328023444521424,0.197401575223772
img_000961.jpg,0.025955,-0.016844,0.833487,62.0235501696735,8.141635310582517,158.3663037150188,0.0366851425654294,0.5162014800238693,0.8328453830639464,0.1963639484355239
img_000962.jpg,0.02593,-0.016912,0.833834,62.07194455741626,8.084541712139423,158.47312424130055,0.0367082711302603,0.5165255365164632,0.8328874991865893,0.1953261033649015
img_000963.jpg,0.025906,-0.01698,0.83418,62.12026417576174,8.02737328424671,158.5798909294924,0.036731272318207,0.5168492880156743,0.83292844754068,0.1942880037188323
img_000964.jpg,0.025881,-0.017049,0.834526,62.16844740946157,7.970095801305595,158.6865968660573,0.0367543275740004,0.5171722471366201,0.832968540069385,0.19324957296439
img_000965.jpg,0.025856,-0.017117,0.834872,62.21649987290236,7.9127668050801425,158.79323919889296,0.0367770373521233,0.517494514940899,0.8330076694247852,0.1922110798293682
img_000966.jpg,0.025832,-0.017185,0.835218,62.264472499139465,7.855301364519735,158.89982484229094,0.0368000854934374,0.5178163727842789,0.8330457305505476,0.1911720915712148
img_000967.jpg,0.025807,-0.017253,0.835564,62.31229367699595,7.797799358441691,159.00633661317917,0.0368226949678276,0.5181374002734538,0.8330828852902965,0.190133189658112
img_000968.jpg,0.025782,-0.017322,0.835911,62.36002460013134,7.740182318396649,159.11278100874122,0.0368455203022824,0.5184579606754268,0.8331189721305916,0.1890939684971425
img_000969.jpg,0.025758,-0.01739,0.836257,62.40763658293149,7.68245359345691,159.21917426730388,0.0368684180177405,0.5187778541262377,0.8331541424431135,0.1880543345709575
img_000970.jpg,0.025734,-0.017458,0.836603,62.45511785979216,7.624675859464202,159.32550033374935,0.0368909816455897,0.5190970550077062,0.8331883410603941,0.1870146819813351
img_000971.jpg,0.025709,-0.017527,0.836949,62.502505897550165,7.566801524865168,159.43176801709052,0.0369135863147714,0.5194157882555005,0.8332214748858318,0.185974729050423
img_000972.jpg,0.025666,-0.017652,0.837318,62.549766281318085,7.508829702487514,159.53796451067657,0.0369362430060493,0.5197337982755726,0.8332536798892111,0.1849345771718543
img_000973.jpg,0.025641,-0.01772,0.837665,62.5969234901079,7.450783238384239,159.64410110497886,0.0369587741880297,0.5200512898048792,0.833284833962494,0.1838942371878427
img_000974.jpg,0.025617,-0.017788,0.838011,62.64396312911527,7.39261951229376,159.7501761241093,0.036981481065059,0.5203681135109083,0.833315053895496,0.1828535409842526
img_000975.jpg,0.025592,-0.017856,0.838357,62.69087368299709,7.334411599394614,159.8561893865412,0.0370038098688529,0.520684259742334,0.8333442987723476,0.1818128142221874
img_000976.jpg,0.025567,-0.017925,0.838703,62.73767695441721,7.276102793531446,159.96213987803534,0.0370262207535018,0.5209998283491091,0.833372539939101,0.1807718106131701
img_000977.jpg,0.025543,-0.017993,0.839049,62.78436483058805,7.2177075538208015,160.0680201448326,0.0370486306203608,0.5213147722010956,0.8333997841304441,0.1797306514354322
img_000978.jpg,0.025518,-0.018061,0.839395,62.83095621623048,7.159234708772106,160.17386439385874,0.0370708507976836,0.5216292482132467,0.8334259878232225,0.1786891218023769
img_000979.jpg,0.025494,-0.01813,0.839742,62.87742167051778,7.1006614142373214,160.2796315848454,0.0370931927980255,0.5219430056743051,0.8334512488823895,0.177647430637502
img_000980.jpg,0.025469,-0.018198,0.840088,62.92376183723645,7.041997809065762,160.38534374223994,0.0371154854640964,0.5222560661664808,0.8334755859963361,0.176605463219973
img_000981.jpg,0.025444,-0.018266,0.840434,62.96998664460276,6.983249876609045,160.49097064579323,0.0371378405090022,0.5225684975973128,0.8334989000199177,0.1755634637013131
img_000982.jpg,0.02542,-0.018334,0.84078,63.01610767071397,6.924442217854532,160.59656298104133,0.0371598658307623,0.522880424225785,0.8335211861370976,0.1745211694709521
img_000983.jpg,0.025395,-0.018403,0.841126,63.06212062002815,6.865537210386419,160.70208638151496,0.0371819910653082,0.5231917661404086,0.8335424568379729,0.1734786673681102
img_000984.jpg,0.02537,-0.018471,0.841472,63.107985861773535,6.80655832917386,160.80754318169133,0.0372039754292455,0.5235022582982017,0.8335628684234775,0.1724360581623444
img_000985.jpg,0.025346,-0.018539,0.841819,63.15376174608727,6.747477366821448,160.91294393445202,0.0372260692030659,0.5238123007037688,0.8335822040318661,0.1713931227456033
img_000986.jpg,0.025321,-0.018608,0.842165,63.19943145507019,6.688294733063531,161.0182828499381,0.03724827262437,0.5241217693221298,0.8336005306792545,0.1703499115362437
img_000987.jpg,0.025297,-0.018676,0.842511,63.24496209619158,6.629061395606472,161.12356220955056,0.0372701537406414,0.5244304740930908,0.8336179419779154,0.1693066457501002
img_000988.jpg,0.025272,-0.018744,0.842857,63.29038091090508,6.569749813948609,161.22878647987548,0.0372919381334512,0.5247385874888145,0.8336343526688569,0.1682631635292484
img_000989.jpg,0.025248,-0.018812,0.843203,63.335690258256925,6.510345967213185,161.33394342321787,0.0373137909621175,0.5250461088685896,0.8336497501931602,0.1672194921917597
img_000990.jpg,0.025223,-0.018881,0.84355,63.38088935286872,6.450858003884731,161.43905518282062,0.0373355520637194,0.5253530470448089,0.8336641607614923,0.1661755083478573
img_000991.jpg,0.025198,-0.018949,0.843896,63.42597688956477,6.391285504349921,161.544092874923,0.0373573574649502,0.5256593822526465,0.8336775486749619,0.1651314219896027
img_000992.jpg,0.025174,-0.019017,0.844242,63.47095169645317,6.331637535734816,161.649077622489,0.0373790444273388,0.5259651208327031,0.8336899395111691,0.1640871215635221
img_000993.jpg,0.025149,-0.019085,0.844588,63.51578597225607,6.2719000318799445,161.7539961625247,0.037400740249187,0.5262700425707311,0.8337014578282792,0.1630426512800121
img_000994.jpg,0.025125,-0.019154,0.844934,63.56053420687463,6.212059283810062,161.85887243684962,0.0374225160692697,0.5265745386932366,0.8337119025897674,0.1619977591548744
img_000995.jpg,0.0251,-0.019222,0.84528,63.60513888491342,6.152179945982738,161.96365915836216,0.0374440347069074,0.5268782344152168,0.8337213986238422,0.160953098264918
img_000996.jpg,0.025075,-0.01929,0.845626,63.64965694075982,6.092199912463616,162.06841119613205,0.0374655835252187,0.5271815041179247,0.833729831182697,0.1599079746702745
img_000997.jpg,0.025051,-0.019359,0.845973,63.69404885674633,6.032131831516733,162.1730901596463,0.0374871930355945,0.527484059003201,0.8337373136713777,0.1588627383871197
img_000998.jpg,0.025026,-0.019427,0.846319,63.73830558804829,5.9720211735786055,162.277724012471,0.0375083907727513,0.5277858830649899,0.8337438769427599,0.1578173942232079
img_000999.jpg,0.025001,-0.019495,0.846665,63.78246622838807,5.911782420643305,162.38230185741864,0.0375299120388599,0.5280871793288534,0.8337494191085093,0.1567716264732685
img_001000.jpg,0.024977,-0.019563,0.847011,63.82651413982188,5.851472268368931,162.48681707062582,0.0375513500896286,0.5283878754045284,0.8337539455738618,0.1557257444096923
img_001001.jpg,0.024952,-0.019632,0.847357,63.870448582775104,5.791092525545086,162.59127495618668,0.0375726687589501,0.5286879686320619,0.8337574652216194,0.1546797193340298
img_001002.jpg,0.024928,-0.0197,0.847704,63.91425219786787,5.730643446165296,162.69566176350222,0.0375939089623863,0.5289873277744942,0.8337600396271662,0.1536336596707706
img_001003.jpg,0.024903,-0.019768,0.84805,63.95796649138264,5.6701056111462655,162.80000758560692,0.0376151327563831,0.529286246974509,0.8337615382458373,0.1525872468238874
img_001004.jpg,0.024879,-0.019837,0.848396,64.00152688652089,5.6094841277996,162.9043025142349,0.0376362647594976,0.5295842572276356,0.8337622401515034,0.1515405984188831
img_001005.jpg,0.024854,-0.019905,0.848742,64.04500447568581,5.548788325838618,163.00851642891956,0.0376574727143184,0.529881873583198,0.8337617673365315,0.1504939537808527
img_001006.jpg,0.024829,-0.019973,0.849088,64.08834599756433,5.488004508766588,163.11268122145103,0.0376786420675665,0.5301787065654363,0.8337604223632538,0.1494470379003678
img_001007.jpg,0.024805,-0.020041,0.849434,64.13159256570383,5.427140833376171,163.21679193795174,0.0376997922092424,0.5304750603381692,0.8337579998307502,0.148399911539133
img_001008.jpg,0.02478,-0.02011,0.849781,64.17471102730327,5.366219398242043,163.32086133799416,0.0377206612547239,0.5307707163287991,0.8337546469737512,0.1473525943171523
img_001009.jpg,0.024755,-0.020178,0.850127,64.21771426939567,5.305225180573601,163.42484196058484,0.0377415987551194,0.5310657390975405,0.8337502586844892,0.1463053608851645
img_001010.jpg,0.024731,-0.020246,0.850473,64.26061855123505,5.244131781304635,163.52879614294218,0.0377625328193878,0.5313602445257248,0.8337448659041213,0.1452576339857757
img_001011.jpg,0.024706,-0.020314,0.850819,64.30337652301154,5.182976010821171,163.63267798601362,0.0377833486509171,0.5316539038015223,0.833738592579045,0.1442099316331511
img_001012.jpg,0.024682,-0.020383,0.851165,64.3460348614573,5.121713099095987,163.7365121129944,0.0378043222622943,0.5319470264115767,0.8337312977963468,0.1431618572979177
img_001013.jpg,0.024657,-0.020451,0.851512,64.38857157776489,5.060417530134038,163.84029387918932,0.0378249037664407,0.5322395128447576,0.8337230041682755,0.1421137922316492
img_001014.jpg,0.024633,-0.020519,0.851858,64.43097791538791,4.999009688552425,163.94400258332487,0.0378457652552712,0.5325312254352643,0.8337138048958628,0.1410655291512491
img_001015.jpg,0.024608,-0.020588,0.852204,64.47331751726963,4.937541852839182,164.04766532853884,0.0378664782600806,0.5328226792560703,0.8337033866962575,0.1400170893346671
img_001016.jpg,0.024583,-0.020656,0.85255,64.51550532195859,4.875992735914598,164.15129000611708,0.0378870602162019,0.5331132398696031,0.8336921748501223,0.1389683479702553
img_001017.jpg,0.024559,-0.020724,0.852896,64.55757909651274,4.814376264799428,164.2548284178714,0.0379076823413623,0.5334031770407736,0.8336799220332896,0.1379197083120601
img_001018.jpg,0.024534,-0.020792,0.853242,64.59955382341343,4.7526578364059295,164.35833692459713,0.0379283564563657,0.5336925897121485,0.8336666592104879,0.1368705986824183
img_001019.jpg,0.024491,-0.020917,0.853612,64.6413983392631,4.690882405135547,164.46177464175733,0.037948908679584,0.533981273756795,0.833652439903726,0.1358215338216433
img_001020.jpg,0.024466,-0.020986,0.853958,64.6831201718604,4.62903403774339,164.5651743991059,0.0379693147391921,0.534269281276875,0.8336372832503329,0.1347722011289124
img_001021.jpg,0.024442,-0.021054,0.854304,64.7247417639769,4.56712998581607,164.66850203191052,0.0379896365573756,0.5345567774554104,0.8336210285383898,0.1337229223780363
img_001022.jpg,0.024417,-0.021122,0.85465,64.76625140278705,4.505111623408697,164.77178223723087,0.0380101770502891,0.5348436379761108,0.8336038129251842,0.1326732544022313
img_001023.jpg,0.024393,-0.021191,0.854996,64.80761751103563,4.443037562431926,164.87501907789206,0.038030454167077,0.5351296807603011,0.8335857347256795,0.1316234484697668
img_001024.jpg,0.024368,-0.021259,0.855342,64.84890253910211,4.380902364380221,164.9781979740525,0.0380506503998274,0.5354153502452436,0.8335664906971529,0.1305735666693166
img_001025.jpg,0.024343,-0.021327,0.855689,64.89007056996901,4.318667971811863,165.08131603163744,0.0380710190265322,0.5357003538081629,0.8335462791898439,0.1295234684868247
img_001026.jpg,0.024319,-0.021396,0.856035,64.93109345333396,4.256381490825659,165.18437663902492,0.0380911705333403,0.535984524197013,0.833525194053467,0.1284733568753915
img_001027.jpg,0.024294,-0.021464,0.856381,64.97202513603271,4.194020584440089,165.2873906195499,0.0381112812725254,0.53626823939334,0.8335030150306919,0.127423033994958
img_001028.jpg,0.024269,-0.021532,0.856727,65.01283846292691,4.131570370060091,165.3903565809971,0.0381314386295646,0.5365512894984306,0.8334798801033123,0.1263724518579077
img_001029.jpg,0.024245,-0.0216,0.857073,65.05351027712274,4.069054443692544,165.49326036653383,0.0381515136220225,0.5368335190896916,0.8334558616631592,0.1253218314957419
img_001030.jpg,0.02422,-0.021669,0.857419,65.09410515396884,4.006466119373279,165.59612450307466,0.0381715230522141,0.5371153996731033,0.8334306876898384,0.1242709583077224
img_001031.jpg,0.024196,-0.021737,0.857766,65.13456746771801,3.943784199659216,165.69892062534524,0.038191696643127,0.5373965007189534,0.8334046055958096,0.1232199606161123
img_001032.jpg,0.024171,-0.021805,0.858112,65.17489711212767,3.881066894269211,165.80167010506923,0.0382115115416112,0.5376768720265699,0.8333775905176345,0.1221689538976698
img_001033.jpg,0.024146,-0.021873,0.858458,65.21512658690685,3.818249906352784,165.9043744031248,0.0382314685118732,0.5379567015095503,0.8333495449484003,0.1211176207274744
img_001034.jpg,0.024122,-0.021942,0.858804,65.25522755940204,3.755384159634876,166.00702497368263,0.0382512078612342,0.5382358178953327,0.8333205506881071,0.1200662701701406
img_001035.jpg,0.024097,-0.02201,0.85915,65.29524109656118,3.692427710784651,166.1096288685106,0.0382710487530947,0.5385144904545701,0.8332904564554926,0.1190146443845877
img_001036.jpg,0.024073,-0.022078,0.859496,65.3351125086777,3.6294169326912833,166.21217481606988,0.0382907238795748,0.53879234413694,0.833259478014902,0.1179630139600216
img_001037.jpg,0.024048,-0.022146,0.859843,65.3748947312187,3.566323528703996,166.31467563441387,0.0383104371882675,0.5390697468126541,0.8332274024734935,0.1169111382249776
img_001038.jpg,0.024023,-0.022215,0.860189,65.41452188964264,3.503162401278226,166.41711139201675,0.0383301088765365,0.5393462232727902,0.8331945074451814,0.1158592549521687
img_001039.jpg,0.023999,-0.022283,0.860535,65.45407263210959,3.439934597476608,166.5195094759886,0.0383496849890153,0.5396223547562833,0.8331604499212121,0.1148071452289046
img_001040.jpg,0.023974,-0.022351,0.860881,65.49350527786709,3.37661711591954,166.62185051865077,0.0383693848805461,0.5398978146905357,0.833125424061681,0.113754858262479
img_001041.jpg,0.02395,-0.02242,0.861227,65.532794620596,3.3132505626845097,166.7241403011449,0.0383888627346666,0.5401724504288683,0.8330895233696622,0.1127025512901987
img_001042.jpg,0.023925,-0.022488,0.861573,65.57199452101761,3.2498104843686706,166.82639454369794,0.0384082789222719,0.5404466407480696,0.8330525281453746,0.1116499796907992
img_001043.jpg,0.0239,-0.022556,0.86192,65.61104255624868,3.186291263872221,166.9285836098292,0.0384277558755376,0.5407199175118043,0.8330147077994321,0.1105973551863891
img_001044.jpg,0.023876,-0.022625,0.862266,65.64997826139488,3.122723875543793,167.03071746638105,0.038447062025818,0.5409925927796861,0.8329758629521122,0.1095447384326582
img_001045.jpg,0.023851,-0.022693,0.862612,65.68882743684955,3.059071195798156,167.13281596719708,0.0384664016110232,0.5412648341665932,0.832935918048751,0.1084918046029014
img_001046.jpg,0.023827,-0.022761,0.862958,65.72753967347604,2.9953404959973504,167.23486633651052,0.0384857364110113,0.5415362757040906,0.8328950931204427,0.1074386990117356
img_001047.jpg,0.023802,-0.022829,0.863304,65.76617288712067,2.931555651803373,167.33685462044173,0.038505015229388,0.5418073496975345,0.8328530843394023,0.1063856170836203
img_001048.jpg,0.023777,-0.022898,0.863651,65.80465755576115,2.867687435583389,167.43881455665965,0.0385242295519107,0.5420775415405358,0.8328102725000239,0.1053322016917723
img_001049.jpg,0.023753,-0.022966,0.863997,65.84302590716953,2.803788746214368,167.5407068560441,0.0385432122865105,0.5423471079039085,0.8327664319684525,0.1042789773704946
img_001050.jpg,0.023728,-0.023034,0.864343,65.88129961524419,2.739769767081061,167.64256489210132,0.0385624827710519,0.542616155917473,0.83272155308767,0.1032252744396234
img_001051.jpg,0.023704,-0.023102,0.864689,65.91944385828072,2.675714839304232,167.7443630779181,0.0385815181438085,0.5428844806796002,0.8326757191320039,0.10217168816732
img_001052.jpg,0.023679,-0.023171,0.865035,65.95746677198045,2.611585654182452,167.84611418983016,0.0386005475154194,0.5431521191926685,0.8326289295929367,0.1011179447622603
img_001053.jpg,0.023654,-0.023239,0.865381,65.99537103939622,2.54737605181462,167.94782564095766,0.0386195857805331,0.5434190889724471,0.8325811821247731,0.1000639620753195
img_001054.jpg,0.02363,-0.023307,0.865728,66.03316355903453,2.4831246082626586,168.04947739859966,0.0386384555242117,0.5436854584947266,0.8325324009791534,0.0990100666395518
img_001055.jpg,0.023605,-0.023376,0.866074,66.07083631226175,2.418793998115742,168.15109019371292,0.0386573261739453,0.5439511512552178,0.8324826668975289,0.0979559365040338
img_001056.jpg,0.023581,-0.023444,0.86642,66.10838936822213,2.35438466333576,168.25264534917227,0.0386762859741211,0.544216161421168,0.8324319629603307,0.0969017109924695
img_001057.jpg,0.023556,-0.023512,0.866766,66.1458333411509,2.2899267646961543,168.3541619796606,0.038695036148319,0.5444805917344597,0.8323802357785025,0.0958473916562019
img_001058.jpg,0.023531,-0.02358,0.867112,66.18318564585627,2.225399383511145,168.45564062422005,0.0387137433878108,0.5447445547236667,0.8323274161272957,0.0947928717503401
img_001059.jpg,0.023507,-0.023649,0.867458,66.22040281154811,2.160796118769416,168.55706167123972,0.0387325139745211,0.5450077234801849,0.8322736981334212,0.0937382798192857
img_001060.jpg,0.023482,-0.023717,0.867804,66.25749585109281,2.0961382272173816,168.65843132080263,0.0387511758478586,0.5452701932528963,0.8322190217506875,0.0926836693095729
img_001061.jpg,0.023458,-0.023785,0.868151,66.29447010012728,2.031404974105371,168.75977910851356,0.038769746591003,0.5455319991023819,0.83216339801003,0.0916287275750818
img_001062.jpg,0.023433,-0.023853,0.868497,66.33134924602996,1.9666202074006236,168.86106219599486,0.0387882779994535,0.5457933131602585,0.8321066653069692,0.0905738723424172
img_001063.jpg,0.023409,-0.023922,0.868843,66.36808985175419,1.9017758946107133,168.96230402408335,0.0388066851970895,0.5460538222934841,0.8320490543003237,0.0895189118601589
img_001064.jpg,0.023384,-0.02399,0.869189,66.40473098480214,1.8368353300176528,169.06350218493074,0.0388252801853156,0.5463137861050619,0.8319903980235452,0.0884636780080222
img_001065.jpg,0.023341,-0.024115,0.869558,66.44122856411592,1.771858941926597,169.16464465148235,0.0388436492917627,0.5465729175723356,0.8319308625586735,0.0874085614144543
img_001066.jpg,0.023316,-0.024183,0.869904,66.47765652618546,1.70678753983916,169.26574715361178,0.0388622072970564,0.5468317218022319,0.831870140988125,0.0863531435861134
img_001067.jpg,0.023291,-0.024252,0.870251,66.51393961717467,1.6416904900256837,169.3668066560446,0.0388804095673864,0.5470896934949795,0.8318085511495112,0.085297803359714
img_001068.jpg,0.023267,-0.02432,0.870597,66.55010700506597,1.5764986540784478,169.4678259091654,0.0388987707141282,0.5473470026824335,0.8317459941100707,0.0842421840489437
img_001069.jpg,0.023242,-0.024388,0.870943,66.58616166333726,1.5112745071587634,169.56879094587435,0.0389169080672664,0.5476037035992869,0.8316824114516983,0.0831866849484725
img_001070.jpg,0.023218,-0.024457,0.871289,66.62208230193927,1.4459735101714966,169.66971536736156,0.0389350678633546,0.5478596189776682,0.8316179390174373,0.0821310044289622
img_001071.jpg,0.023193,-0.024525,0.871635,66.65791431545126,1.3805943308475177,169.77060753875045,0.038953255040517,0.5481150800215858,0.8315523659703565,0.0810750616637532
img_001072.jpg,0.023169,-0.024593,0.871981,66.69362229675251,1.3151630425923246,169.8714397017001,0.0389713901037258,0.5483698354022538,0.8314858282755506,0.0800191961419875
img_001073.jpg,0.023144,-0.024661,0.872328,66.7291977762685,1.2496479188223146,169.9722463654942,0.0389895355758462,0.548623816291062,0.8314184068473008,0.0789630107664779
img_001074.jpg,0.023119,-0.02473,0.872674,66.76468909305838,1.1841104873821513,170.07299265321782,0.0390074474615264,0.5488773970922254,0.8313498153535803,0.0779070376498012
img_001075.jpg,0.023095,-0.024798,0.87302,66.80004647601658,1.1184903996678934,170.1737021741183,0.0390254196183377,0.54913018899132,0.8312803384829188,0.0768508361287863
img_001076.jpg,0.02307,-0.024866,0.873366,66.83528394009825,1.052805018244204,170.27438023101146,0.0390433129351385,0.5493823052375101,0.8312099037635498,0.0757944476354207
img_001077.jpg,0.023046,-0.024935,0.873712,66.87041417509487,0.9870539018168566,170.375007191472,0.039061235813058,0.5496338305371612,0.8311384373610124,0.0747380099206416
img_001078.jpg,0.023021,-0.025003,0.874059,66.9054041774141,0.9212603274362864,170.47557536265418,0.0390790375155373,0.5498845356701701,0.8310660821278806,0.0736817032530824
img_001079.jpg,0.022996,-0.025071,0.874405,66.94031916624992,0.8554033217172925,170.57612118811568,0.039096740215243,0.550134893623705,0.8309925585651233,0.072625142557981
img_001080.jpg,0.022972,-0.025139,0.874751,66.97508563343399,0.7894587466482986,170.67661609171302,0.0391146118780722,0.5503843476677076,0.8309182116712416,0.0715684462112007
img_001081.jpg,0.022947,-0.025208,0.875097,67.0097432566968,0.7234667250582102,170.77708235192273,0.0391322823657971,0.5506332152732604,0.8308428469305971,0.0705116332170461
img_001082.jpg,0.022922,-0.025276,0.875443,67.04427701678398,0.6574189228320415,170.8774863660269,0.0391499670759316,0.5508813708944567,0.8307665196446753,0.0694549142744462
img_001083.jpg,0.022898,-0.025344,0.87579,67.07873759912607,0.5913022163979023,170.97787453891715,0.0391675713733664,0.5511291901612729,0.8306890199556551,0.0683978744553134
img_001084.jpg,0.022873,-0.025412,0.876136,67.11301194447978,0.5251388599241943,171.0782002083251,0.0391850933196939,0.5513758493044968,0.8306108541696463,0.0673409994048368
img_001085.jpg,0.022849,-0.025481,0.876482,67.14722559744386,0.4589157051655561,171.1785057793296,0.0392025016120469,0.5516222652121581,0.8305314491143907,0.0662838775383207
img_001086.jpg,0.022824,-0.025549,0.876828,67.18130373222598,0.3926165084056372,171.27875564697985,0.0392200439726231,0.5518678741942767,0.8304511503262897,0.0652267161891329
img_001087.jpg,0.0228,-0.025617,0.877174,67.21525747411133,0.3262804474916551,171.37896614903994,0.0392373672649296,0.5521127831235328,0.8303698984652605,0.0641695834838957
img_001088.jpg,0.022775,-0.025686,0.87752,67.24910535115966,0.259871559618706,171.4791417035693,0.0392547240817599,0.552357108095046,0.8302876207487355,0.0631122698494236
img_001089.jpg,0.02275,-0.025754,0.877866,67.28281739245956,0.1933953766095081,171.57926468196376,0.0392721455090675,0.5526006285531287,0.8302044495916857,0.0620549416885386
img_001090.jpg,0.022726,-0.025822,0.878213,67.316434964352,0.1268772541980819,171.67936845450907,0.0392893122236927,0.5528436685477193,0.8301201943653391,0.0609974671485663
img_001091.jpg,0.022701,-0.02589,0.878559,67.34993123760503,0.0603019602334684,171.77941241557508,0.039306518601799,0.5530860112949895,0.8300349683866411,0.0599400780829752
img_001092.jpg,0.022676,-0.025959,0.878905,67.38330631302239,-0.0063447371367989,171.87943794987436,0.0393236709715097,0.5533276639884951,0.8299487979471685,0.0588824078346817
img_001093.jpg,0.022652,-0.026027,0.879251,67.41660278956999,-0.0730394704651315,171.97941244011923,0.0393407819042067,0.5535689356234361,0.82986145213559,0.0578247927044399
img_001094.jpg,0.022627,-0.026095,0.879597,67.44973699480194,-0.1398271830281303,172.07934126178847,0.0393581112062805,0.5538091987671436,0.8297733529955538,0.0567670071580701
img_001095.jpg,0.022603,-0.026163,0.879944,67.48277127898382,-0.2066250770876386,172.179252826215,0.0393749563955495,0.5540489564009323,0.8296841862073054,0.0557092261426024
img_001096.jpg,0.022578,-0.026232,0.88029,67.51568691222514,-0.2734988894919348,172.27910750016184,0.039391978397594,0.5542880255008269,0.8295940442946338,0.0546514272017794
img_001097.jpg,0.022553,-0.0263,0.880636,67.54847859092092,-0.3404183111724584,172.37893868793202,0.0394087966271533,0.5545263940138976,0.8295029595075657,0.0535935188108911
img_001098.jpg,0.022529,-0.026368,0.880982,67.58115048061424,-0.407421380430604,172.47872574775218,0.0394257910912638,0.5547640657513404,0.829410913292239,0.0525354666830356
img_001099.jpg,0.022504,-0.026437,0.881328,67.61371532740446,-0.4744847098453577,172.57847708365213,0.0394427604302533,0.5550011471994634,0.829317840586786,0.0514773206508619
img_001100.jpg,0.02248,-0.026505,0.881674,67.64617100389928,-0.5415838867652772,172.67818711464753,0.0394595566561248,0.5552376325331063,0.8292237423235698,0.05041924210485
img_001101.jpg,0.022455,-0.026573,0.882021,67.67851474585653,-0.6087113353711127,172.77784725034658,0.0394761681016304,0.5554735018259566,0.8291286267697693,0.0493613329651615
img_001102.jpg,0.022431,-0.026641,0.882367,67.71071256213436,-0.6759498427582359,172.8774997743658,0.0394929768580345,0.5557084834093183,0.8290326990978264,0.0483028992129754
img_001103.jpg,0.022406,-0.02671,0.882713,67.74283115356222,-0.7432223554305322,172.97709817959912,0.0395096821895774,0.5559430806625744,0.8289355952063786,0.0472446301343528
img_001104.jpg,0.022381,-0.026778,0.883059,67.77479320867984,-0.8105372411412076,173.07667585655398,0.0395261532952609,0.5561767412588872,0.8288377066379227,0.0461862722409295
img_001105.jpg,0.022357,-0.026846,0.883405,67.80667984682434,-0.8779087370323092,173.17620517624732,0.0395426630216484,0.5564100352631406,0.828738632123808,0.0451279302116408
img_001106.jpg,0.022332,-0.026915,0.883751,67.83843012946863,-0.9453650693098312,173.27570248065516,0.0395593142453442,0.5566425140710257,0.8286386804170868,0.0440693714699359
img_001107.jpg,0.022307,-0.026983,0.884098,67.87005606276708,-1.0128539700352193,173.37515226180574,0.0395758123922875,0.5568742832466503,0.8285377752651201,0.0430109601234988
img_001108.jpg,0.022283,-0.027051,0.884444,67.90157482261726,-1.0804046584089055,173.4745698633782,0.0395923033960087,0.5571054583080111,0.8284358458497312,0.041952439100245
img_001109.jpg,0.022258,-0.027119,0.88479,67.93296932625847,-1.148009598326272,173.5739627002628,0.039608693150048,0.5573359214505981,0.8283329760823026,0.0408937993147317
img_001110.jpg,0.022234,-0.027188,0.885136,67.9642549599309,-1.2156522562938123,173.67331720830768,0.0396249365418919,0.5575657863145868,0.8282290829823737,0.0398352160484155
img_001111.jpg,0.022209,-0.027256,0.885482,67.99543322671659,-1.2833548830624093,173.7726327373556,0.0396412005712823,0.5577950530350735,0.8281241635922902,0.0387765870266674
img_001112.jpg,0.022166,-0.027381,0.885852,68.02647424478,-1.3511318329026418,173.87192465421188,0.039657506750065,0.5580235043199183,0.8280183709413873,0.0377177434168302
img_001113.jpg,0.022141,-0.027449,0.886198,68.05742207872851,-1.418953641106133,173.97117842885706,0.0396737305034037,0.5582514664120806,0.8279114801088602,0.0366589206150638
img_001114.jpg,0.022117,-0.027518,0.886544,68.08822840454253,-1.4868097797398745,174.07040349738762,0.0396897370490704,0.5584785975936011,0.8278037280755434,0.0356001206050189
img_001115.jpg,0.022092,-0.027586,0.88689,68.11892865700479,-1.5547393917034291,174.16958515422218,0.0397058947563693,0.5587051312707,0.8276949440376521,0.0345412482098451
img_001116.jpg,0.022068,-0.027654,0.887236,68.1495193792385,-1.6227110583998012,174.26872989012213,0.039721946764396,0.5589310580898073,0.827585142000206,0.033482413120227
img_001117.jpg,0.022043,-0.027722,0.887582,68.17995655009734,-1.6907391456829843,174.36785307711946,0.039737911907355,0.5591560589006108,0.8274745433863522,0.0324234513821055
img_001118.jpg,0.022018,-0.027791,0.887928,68.21034643507721,-1.7588309562828826,174.46693308971155,0.0397539812560425,0.5593808901749928,0.8273626242760049,0.0313644485436798
img_001119.jpg,0.021994,-0.027859,0.888275,68.2405817350242,-1.826971032541281,174.5659933905626,0.0397699012825388,0.5596047915274915,0.827249912671317,0.0303053499690759
img_001120.jpg,0.021969,-0.027927,0.888621,68.27067838861169,-1.8951647008746972,174.66501836464778,0.0397857945436108,0.5598278701166299,0.827136327281096,0.0292462388205875
img_001121.jpg,0.021944,-0.027995,0.888967,68.30069529198096,-1.9633983987308417,174.76400245941355,0.0398016083147757,0.5600505544455316,0.8270215777235231,0.0281872031337697
img_001122.jpg,0.02192,-0.028064,0.889313,68.33057207939365,-2.0316845137132744,174.86296005469865,0.0398173491683049,0.5602724082721875,0.8269059640289261,0.0271281014353204
img_001123.jpg,0.021895,-0.028132,0.889659,68.3603408125402,-2.100024438339481,174.96189055650953,0.0398330407660666,0.5604936619202899,0.8267893293417126,0.0260689220566153
img_001124.jpg,0.021871,-0.0282,0.890006,68.39000070232657,-2.16841654124765,175.06078237336396,0.0398487304372639,0.5607143060151226,0.8266716746524486,0.0250097588919546
img_001125.jpg,0.021846,-0.028269,0.890352,68.41952076220579,-2.2368672394775024,175.15964790460492,0.0398643998785119,0.5609341184704947,0.8265531548105476,0.0239505037689419
img_001126.jpg,0.021822,-0.028337,0.890698,68.44893130857717,-2.305354991569979,175.25848163059197,0.0398799303969675,0.5611533244078485,0.8264336188292896,0.0228912936785485
img_001127.jpg,0.021797,-0.028405,0.891044,68.47823047928334,-2.3738851984787472,175.35729095454488,0.0398953269394917,0.5613719103927178,0.8263130778584347,0.0218320514506077
img_001128.jpg,0.021772,-0.028473,0.89139,68.50740755147223,-2.4424961142839683,175.45606915698696,0.0399108986435746,0.5615897814473798,0.8261915848211263,0.0207726434067062
img_001129.jpg,0.021748,-0.028542,0.891737,68.53649117496472,-2.5111481971594616,175.554794765534,0.0399264738605778,0.5618071519567205,0.8260689935714579,0.0197134105415021
img_001130.jpg,0.021723,-0.02861,0.892083,68.56543119620547,-2.579834064496163,175.6535262786857,0.0399417066970212,0.5620236831912637,0.8259455601718798,0.0186539869897771
img_001131.jpg,0.021698,-0.028678,0.892429,68.59427993377885,-2.648590811612326,175.75220593097265,0.0399571590481587,0.5622397175879879,0.8258210192223525,0.017594590587297
img_001132.jpg,0.021674,-0.028747,0.892775,68.62298533613459,-2.7173650644377547,175.8508563456768,0.039972330391795,0.5624549079566421,0.825695629041597,0.0165353409440519
img_001133.jpg,0.021649,-0.028815,0.893121,68.65158199021111,-2.786216113442247,175.9494917553277,0.0399875858347133,0.562669485757231,0.8255692226242777,0.01547583381762
img_001134.jpg,0.021625,-0.028883,0.893467,68.68005450925538,-2.8551223265047767,176.0480846225273,0.0400029054978154,0.5628833385383711,0.8254418711787611,0.0144163813953424
img_001135.jpg,0.0216,-0.028951,0.893814,68.70841553580969,-2.924065219545994,176.1466554564313,0.0400180601899032,0.563096571121994,0.8253135155897795,0.0133569245760132
img_001136.jpg,0.021576,-0.02902,0.894159,68.73668020301831,-2.993054198525612,176.24521265934692,0.0400330805690847,0.5633092915911874,0.8251840822312495,0.0122973533475307
img_001137.jpg,0.021551,-0.029088,0.894506,68.76479045558676,-3.0620875286035147,176.34371560459172,0.040048150441959,0.5635210680281294,0.8250538522357802,0.0112379911689795
img_001138.jpg,0.021526,-0.029156,0.894852,68.79282050398486,-3.131187705851997,176.4422046948755,0.0400632434274445,0.5637324405508293,0.8249224641866091,0.0101784123011192
img_001139.jpg,0.021502,-0.029225,0.895198,68.8207083049158,-3.200301149033527,176.54065449983392,0.0400780962021434,0.5639429725170004,0.8247902231421571,0.0091190878168889
img_001140.jpg,0.021477,-0.029293,0.895544,68.84848737702096,-3.2695101940952163,176.63909020563264,0.0400931826948396,0.5641528844990986,0.8246569622286929,0.0080594206050639
img_001141.jpg,0.021452,-0.029361,0.89589,68.87618273913661,-3.3387163584517645,176.7374945430829,0.0401078840546975,0.564362384979516,0.8245225623703049,0.0070000142281655
img_001142.jpg,0.021428,-0.029429,0.896237,68.90369313519773,-3.408008915259776,176.83587365155802,0.0401228084106061,0.5645707159859944,0.8243875170634676,0.0059404213855743
img_001143.jpg,0.021403,-0.029498,0.896583,68.93112248017276,-3.477335351813045,176.93422713381125,0.0401375894340499,0.5647786431769904,0.8242513180061464,0.0048808698724806
img_001144.jpg,0.021379,-0.029566,0.896929,68.95842456148901,-3.546695075899987,177.03255742452038,0.0401522112079277,0.564985834768148,0.8241141933178777,0.0038213634316244
img_001145.jpg,0.021354,-0.029634,0.897275,68.98563126541318,-3.616124436084181,177.13086283457858,0.040166947068613,0.5651925069175471,0.8239759822711453,0.0027617255017871
img_001146.jpg,0.021329,-0.029703,0.897621,69.01269563405981,-3.6856008504685462,177.22913785763913,0.0401816634732723,0.5653983275228569,0.82383691828099,0.0017021257762066
img_001147.jpg,0.021305,-0.029771,0.897968,69.0396626625128,-3.755093779234657,177.32739003463536,0.0401961077301554,0.5656036325965084,0.8236967832408194,0.0006426474198594
img_001148.jpg,0.02128,-0.029839,0.898314,69.06650399175297,-3.824661560746102,177.42561961989873,0.0402106999070416,0.5658081988003935,0.82355571026151,-0.000416987889369
img_001149.jpg,0.021256,-0.029907,0.89866,69.09321735130726,-3.894259606644314,177.52381315312414,0.0402251894252854,0.5660120195988221,0.8234137161059292,-0.0014764599509616
img_001150.jpg,0.021231,-0.029976,0.899006,69.11980349303472,-3.96391735560796,177.621992030392,0.0402396850969414,0.5662150981599183,0.8232707930725958,-0.0025360663777457
img_001151.jpg,0.021206,-0.030044,0.899352,69.14630793603061,-4.033604198713619,177.72014274531816,0.0402540356301473,0.5664177663814788,0.8231267207432981,-0.0035955724562589
img_001152.jpg,0.021182,-0.030112,0.899698,69.17268552401362,-4.103356531306685,177.81827265001598,0.0402684695877374,0.5666196906220057,0.8229817165234816,-0.0046551932878921
img_001153.jpg,0.021157,-0.030181,0.900045,69.19893366303619,-4.1731217753920005,177.91637430740573,0.0402826497281317,0.5668208660155071,0.8228358020836213,-0.0057146119478533
img_001154.jpg,0.021133,-0.030249,0.900391,69.22507078445757,-4.242959318803088,178.01445702060417,0.0402969582360137,0.5670214094305758,0.8226888760045463,-0.0067741938756253
img_001155.jpg,0.021108,-0.030317,0.900737,69.25109395265305,-4.312845578484948,178.1125192918214,0.0403112361618135,0.5672213064972228,0.822540956513259,-0.0078338083294825
img_001156.jpg,0.021084,-0.030385,0.901083,69.27698941002643,-4.382749962607787,178.21055662377495,0.0403252902123194,0.5674204659672931,0.822392117921987,-0.0088932643354834
img_001157.jpg,0.021059,-0.030454,0.901429,69.30275586349494,-4.452709868052685,178.30857438088907,0.0403393652962322,0.5676188689005345,0.8222423592719885,-0.0099527832493805
img_001158.jpg,0.021016,-0.030579,0.901799,69.32845657360302,-4.522724659620814,178.40655395345723,0.0403535461263356,0.567816962743409,0.822091368715701,-0.0110122485907847
img_001159.jpg,0.020991,-0.030647,0.902145,69.35398131075844,-4.592756816227887,178.50452194796637,0.0403674449719098,0.5680139769081701,0.8219396981014245,-0.0120716240971739
img_001160.jpg,0.020967,-0.030715,0.902491,69.37942335895656,-4.66286472118686,178.6024796924711,0.0403814674821496,0.5682105637716852,0.8217868719103718,-0.0131312397745951
img_001161.jpg,0.020942,-0.030783,0.902837,69.40473678666454,-4.733009737603951,178.700399625028,0.0403954809488699,0.5684063953453539,0.8216331293391347,-0.014190687854763
img_001162.jpg,0.020917,-0.030852,0.903183,69.42993588121253,-4.803178327723734,178.798310309636,0.0404092480268523,0.5686015877832353,0.8214783997321679,-0.0152501087787814
img_001163.jpg,0.020893,-0.03092,0.903529,69.45500509982544,-4.873389864111333,178.89619810979733,0.0404229801695913,0.568796019100943,0.8213227573593966,-0.0163094933301552
img_001164.jpg,0.020868,-0.030988,0.903875,69.47997670897934,-4.9436687490936,178.99406343817571,0.0404368484355918,0.5689899137979169,0.8211660355811646,-0.0173689750057276
img_001165.jpg,0.020844,-0.031057,0.904222,69.504803328032,-5.013976387348702,179.09190078566962,0.0404506136688945,0.5691829410458082,0.8210084805288467,-0.0184283036649689
img_001166.jpg,0.020819,-0.031125,0.904568,69.52953026664493,-5.084318209222398,179.18972966531388,0.0404642138060208,0.5693754306714808,0.8208498629226563,-0.0194876599052504
img_001167.jpg,0.020794,-0.031193,0.904914,69.55414261097465,-5.154701599624935,179.28753747012811,0.0404777693964957,0.5695672691482768,0.8206902567977039,-0.0205469826733044
img_001168.jpg,0.02077,-0.031261,0.90526,69.57864054816868,-5.225133950105177,179.3853105884102,0.0404914037918124,0.5697584508944655,0.8205296616075851,-0.0216062091873878
img_001169.jpg,0.020745,-0.03133,0.905606,69.60299267478011,-5.295615701793668,179.48308462344644,0.0405049521190019,0.5699487634757496,0.8203682265895251,-0.0226655833513943
img_001170.jpg,0.020721,-0.031398,0.905953,69.62724484967299,-5.366129227751794,179.58082490044927,0.0405184548006234,0.5701385275171186,0.8202057357291502,-0.0237247832062845
img_001171.jpg,0.020696,-0.031466,0.906299,69.65136716269815,-5.436704949860468,179.67855294650187,0.0405320313205842,0.5703275285018621,0.8200423238955457,-0.0247841015568036
img_001172.jpg,0.020671,-0.031535,0.906645,69.67541811353897,-5.50729727089835,179.77626924989605,0.0405453429785866,0.5705161968386302,0.8198777143132085,-0.0258433333779297
img_001173.jpg,0.020647,-0.031603,0.906991,69.69927736166892,-5.577936590312606,179.8739672216554,0.0405586699227866,0.5707036612177449,0.8197124976544687,-0.0269025380926918
img_001174.jpg,0.020622,-0.031671,0.907337,69.72308375326058,-5.648612311849977,179.971626223971,0.0405720102228957,0.5708909102378996,0.8195459911616454,-0.0279615622791664
img_001175.jpg,0.020598,-0.031739,0.907683,69.74674198334218,-5.719325845596927,-179.93071108048156,0.0405851866851658,0.571077276763698,0.8193786588578598,-0.0290206821798518
img_001176.jpg,0.020573,-0.031808,0.908029,69.77028385343858,-5.790098591307546,-179.83306532321856,0.0405984504472016,0.571262975683052,0.8192103393518615,-0.0300798659245517
img_001177.jpg,0.020548,-0.031876,0.908376,69.79369406713724,-5.86086895668169,-179.73544309545755,0.040611401017518,0.5714479101026243,0.8190411334501742,-0.0311387517956555
img_001178.jpg,0.020524,-0.031944,0.908722,69.81700344937877,-5.931713344327987,-179.63783686926408,0.0406245417129017,0.5716322845498821,0.818870857113548,-0.0321977831693848
img_001179.jpg,0.020499,-0.032012,0.909068,69.84018242228852,-6.002577169570161,-179.5402592765333,0.0406375563630085,0.5718158960802696,0.8186996821530287,-0.0332565849914168
img_001180.jpg,0.020475,-0.032081,0.909414,69.86325838179508,-6.073513822002998,-179.44269070317873,0.0406507237140734,0.5719989348612904,0.8185274453271605,-0.0343155711778727
img_001181.jpg,0.02045,-0.032149,0.90976,69.88621701888934,-6.144483709656992,-179.34513674141007,0.0406637955801818,0.5721813058650101,0.8183542349777208,-0.0353744970516103
img_001182.jpg,0.020425,-0.032217,0.910106,69.909072826652,-6.215471217090974,-179.247582863487,0.040676586127903,0.5723631211060735,0.8181799807710973,-0.0364333913340579
img_001183.jpg,0.020401,-0.032286,0.910453,69.93176504144583,-6.286514779444285,-179.1500557052967,0.0406895253099851,0.5725439285515087,0.8180049785694977,-0.0374922317869815
img_001184.jpg,0.020376,-0.032354,0.910799,69.95435585317077,-6.357566790107255,-179.05254280186017,0.0407021940824769,0.5727241871651129,0.8178289342743484,-0.0385508896994208
img_001185.jpg,0.020351,-0.032422,0.911145,69.97684371154796,-6.428695638777475,-178.95504154516144,0.0407150708005555,0.5729038716847086,0.8176518248750517,-0.039609722251924
img_001186.jpg,0.020327,-0.03249,0.911491,69.99918358533209,-6.499832756785405,-178.85756064848874,0.0407277278251603,0.5730826725616732,0.8174739087089281,-0.0406683067746438
img_001187.jpg,0.020302,-0.032559,0.911838,70.02143424580382,-6.571030519066893,-178.76009046794482,0.040740473231848,0.5732610012477597,0.8172948650335133,-0.0417269922126231
img_001188.jpg,0.020278,-0.032627,0.912184,70.0435680086527,-6.642257353593676,-178.66263864977012,0.0407531322906825,0.5734386641687295,0.817114849324222,-0.0427855543231054
img_001189.jpg,0.020253,-0.032695,0.91253,70.06558289517454,-6.71351264634382,-178.56519767701184,0.0407656666621914,0.5736156499013132,0.8169338692365546,-0.0438440406905325
img_001190.jpg,0.020228,-0.032764,0.912876,70.08743414733063,-6.784804839938487,-178.4677811473721,0.0407782251500653,0.5737916327924758,0.816752150231029,-0.044902378377384
img_001191.jpg,0.020204,-0.032832,0.913222,70.10919428105476,-6.856131250156783,-178.37036039305283,0.0407906201418832,0.5739671405071283,0.8165693194437841,-0.0459607818648286
img_001192.jpg,0.020179,-0.0329,0.913568,70.13086630392726,-6.927500339462244,-178.2729560503303,0.0408030162473295,0.5741421853025485,0.8163853654424762,-0.0470191451696917
img_001193.jpg,0.020155,-0.032968,0.913915,70.15237372175609,-6.998919507303864,-178.17556760488168,0.0408154978281641,0.5743162209804648,0.8162006673743815,-0.0480774794823037
img_001194.jpg,0.02013,-0.033037,0.914261,70.17379033022398,-7.070364111237273,-178.07818055935013,0.0408277889904407,0.5744897832144326,0.8160148619202171,-0.0491357889294057
img_001195.jpg,0.020106,-0.033105,0.914607,70.19507377104998,-7.141848655318019,-177.98082157904028,0.0408401475619478,0.5746625579938637,0.8158281653011642,-0.0501939387616049
img_001196.jpg,0.020081,-0.033173,0.914953,70.2162377366218,-7.213358501498162,-177.8834771468937,0.0408523986323988,0.5748346503911691,0.8156405111164551,-0.051251954707406
img_001197.jpg,0.020056,-0.033242,0.915299,70.23729303040655,-7.284907911498608,-177.78611949462973,0.0408645025825102,0.5750061445221706,0.8154518249827786,-0.0523101072708601
img_001198.jpg,0.020032,-0.03331,0.915645,70.25823074508504,-7.356487516206597,-177.68879555815133,0.0408766348917535,0.575176961946561,0.8152621778678938,-0.0533680101179471
img_001199.jpg,0.020007,-0.033378,0.915991,70.27904661158269,-7.428113535368103,-177.5914704857184,0.0408887411989451,0.5753470818446588,0.8150715661972561,-0.0544259885785577
img_001200.jpg,0.019982,-0.033446,0.916337,70.2997104924557,-7.499777444917197,-177.49415794130536,0.0409008469050613,0.5755162866341035,0.8148801522411191,-0.0554838897774066
img_001201.jpg,0.019958,-0.033515,0.916684,70.32028374902862,-7.571462656397613,-177.39685652255253,0.0409128003463854,0.5756850160999641,0.8146876368596055,-0.0565416603391882
img_001202.jpg,0.019933,-0.033583,0.91703,70.34073485009525,-7.643184480395524,-177.29955354312366,0.0409246648739221,0.5758530478702478,0.8144941632825747,-0.0575994534880468
img_001203.jpg,0.019909,-0.033651,0.917376,70.36109621366234,-7.714941484552378,-177.20227575739233,0.0409365511397464,0.5760206030618786,0.8142995827435339,-0.0586570811813803
img_001204.jpg,0.019884,-0.033719,0.917722,70.38130419195028,-7.786741919167759,-177.10500041437732,0.0409484388570751,0.5761872361859391,0.8141041986504823,-0.0597147213945886
img_001205.jpg,0.019841,-0.033845,0.918091,70.40139126394939,-7.858553275758287,-177.00773531559855,0.0409601223830674,0.5763531806080558,0.8139078716285,-0.0607721653267953
img_001206.jpg,0.019816,-0.033913,0.918438,70.42135429598595,-7.930429932394128,-176.910486642954,0.0409720247225439,0.5765184032483655,0.8137105872469146,-0.061829637782955
img_001207.jpg,0.019792,-0.033981,0.918784,70.44120916815321,-8.002332129385252,-176.81322590696928,0.0409837137600732,0.576683033471127,0.8135122746743683,-0.0628871454838462
img_001208.jpg,0.019767,-0.034049,0.91913,70.4609593429414,-8.074243605073178,-176.71599414711704,0.0409952809726555,0.5768470835622755,0.8133129494576355,-0.0639443145884893
img_001209.jpg,0.019742,-0.034118,0.919476,70.4805861177494,-8.146210534301206,-176.61877030000468,0.0410069622208055,0.5770104213138413,0.813112664740051,-0.0650015167821381
img_001210.jpg,0.019718,-0.034186,0.919822,70.50008763567412,-8.218193206507603,-176.5215339812733,0.0410183763167336,0.5771730468874358,0.8129114438693896,-0.0660586949401585
img_001211.jpg,0.019693,-0.034254,0.920169,70.51943450775767,-8.290238211082695,-176.42431761728736,0.0410300383939536,0.5773347335867373,0.8127094225183176,-0.0671158393649707
img_001212.jpg,0.019669,-0.034323,0.920515,70.53870303306987,-8.362304843563267,-176.32710084819456,0.0410415147713899,0.5774960358890203,0.8125062314579521,-0.0681729157344319
img_001213.jpg,0.019644,-0.034391,0.920861,70.55784789497493,-8.434394560242461,-176.2298902357027,0.0410528780702519,0.5776566297928055,0.8123021019784983,-0.0692298662419616
img_001214.jpg,0.019619,-0.034459,0.921207,70.57684092475066,-8.506520928151424,-176.1327053663357,0.0410643439070596,0.5778163068744097,0.8120971788915384,-0.0702866075856956
img_001215.jpg,0.019595,-0.034527,0.921553,70.59573783471976,-8.57865300938058,-176.03550459393458,0.0410754514452742,0.5779754811555481,0.8118911776514496,-0.0713432976762474
img_001216.jpg,0.01957,-0.034596,0.921899,70.61453987383348,-8.650858389653092,-175.93832209624526,0.041086855160769,0.5781341403141076,0.8116840651828956,-0.0724000308317246
img_001217.jpg,0.019546,-0.034664,0.922246,70.63318697557831,-8.72306043136459,-175.84113693241562,0.041097945238786,0.5782918764554925,0.8114761857898959,-0.0734565478267115
img_001218.jpg,0.019521,-0.034732,0.922592,70.65170745811932,-8.795320442498213,-175.7439549983981,0.0411091728184459,0.5784488804295735,0.8112673562633266,-0.0745131216730902
img_001219.jpg,0.019497,-0.034801,0.922938,70.6701361717892,-8.867583117352487,-175.64678956413684,0.0411201918993146,0.5786054011730403,0.8110574496255808,-0.0755693916767706
img_001220.jpg,0.019472,-0.034869,0.923284,70.68840566093,-8.93990146893749,-175.5496192544616,0.0411313186739265,0.5787609625480239,0.8108467534542241,-0.0766257480705646
img_001221.jpg,0.019447,-0.034937,0.92363,70.70661012862038,-9.012245140786437,-175.45245807749146,0.0411423482874535,0.5789162299740397,0.8106348235827026,-0.077681971171434
img_001222.jpg,0.019423,-0.035005,0.923976,70.72464242371676,-9.084621405331324,-175.35529732604115,0.0411533635081102,0.5790704477503278,0.8104221899461972,-0.0787381181957904
img_001223.jpg,0.019398,-0.035074,0.924323,70.74257866352794,-9.15702868123795,-175.25813852196097,0.0411643121744425,0.5792241541381999,0.8102084701124663,-0.0797941954286676
img_001224.jpg,0.019373,-0.035142,0.924669,70.76038619512337,-9.229465240867764,-175.16097204611657,0.0411751587084471,0.5793771219935776,0.8099938235526325,-0.0808502481280063
img_001225.jpg,0.019349,-0.03521,0.925015,70.77808665450841,-9.301919011880427,-175.06383402296746,0.0411859877615635,0.579529492685053,0.8097781759635396,-0.081905965921122
img_001226.jpg,0.019324,-0.035278,0.925361,70.79567115000353,-9.37440773112811,-174.9666801143135,0.0411967101671405,0.5796812175160461,0.8095615269515063,-0.0829617454641865
img_001227.jpg,0.019299,-0.035347,0.925707,70.81309670127305,-9.446933990818858,-174.8695259588726,0.0412074577349553,0.5798319872348842,0.809344102660656,-0.0840174713656899
img_001228.jpg,0.019275,-0.035415,0.926054,70.83041386646944,-9.519466577257932,-174.77238974997496,0.0412180674232316,0.5799821557427011,0.8091256861175835,-0.0850728746586881
img_001229.jpg,0.01925,-0.035483,0.9264,70.847628251503,-9.592056189566351,-174.67523774062457,0.0412287268126164,0.5801317699465334,0.8089061825508927,-0.0861284471882247
img_001230.jpg,0.019226,-0.035551,0.926746,70.86473322495665,-9.66467297248113,-174.5781114328433,0.041239441554784,0.5802807711312881,0.8086856807781095,-0.087183741718124
img_001231.jpg,0.019201,-0.03562,0.927092,70.88167529807845,-9.737300484784372,-174.4809527447039,0.0412498447313432,0.5804288043843272,0.8084644215397755,-0.0882390642231457
img_001232.jpg,0.019177,-0.035688,0.927438,70.89852266145947,-9.809963024414696,-174.38382467347307,0.041260378852389,0.5805763262246888,0.8082420873524603,-0.089294114008365
img_001233.jpg,0.019152,-0.035756,0.927784,70.91526935347078,-9.882657337961662,-174.28668614473304,0.0412708197383725,0.5807233097740515,0.8080186793623054,-0.0903491600668751
img_001234.jpg,0.019127,-0.035825,0.928131,70.93185675418066,-9.95537704144958,-174.18954890981163,0.0412812308019123,0.5808693382002647,0.807794509141514,-0.0914040640403161
img_001235.jpg,0.019103,-0.035893,0.928477,70.94832947880242,-10.028112466321732,-174.0924065182304,0.0412914788150297,0.5810147294143592,0.8075693539884929,-0.0924588366757615
img_001236.jpg,0.019078,-0.035961,0.928823,70.96468239789976,-10.100908748542256,-173.9952575976412,0.0413018839372084,0.5811594444960977,0.8073431987831822,-0.0935137093412717
img_001237.jpg,0.019054,-0.036029,0.929169,70.98092546200466,-10.1736909217335,-173.89811620772346,0.0413119805173222,0.5813035543399503,0.807116070863797,-0.0945682088804867
img_001238.jpg,0.019029,-0.036098,0.929515,70.9970360849914,-10.24652589243774,-173.80097445570422,0.0413222245638972,0.5814468979539386,0.8068880188301747,-0.0956227153198887
img_001239.jpg,0.019004,-0.036166,0.929861,71.01302608353006,-10.319396855387229,-173.70381786916607,0.0413324167514758,0.581589565370429,0.8066589852253232,-0.0966772482695365
img_001240.jpg,0.01898,-0.036234,0.930207,71.02890849027487,-10.392267091946207,-173.6066812099409,0.041342465052495,0.5817316384283763,0.8064289668019312,-0.0977313815393494
img_001241.jpg,0.018955,-0.036303,0.930553,71.04462530575077,-10.465179316630191,-173.5095417278972,0.0413526094625638,0.5818727146142513,0.8061981998421042,-0.0987854657802933
img_001242.jpg,0.018931,-0.036371,0.9309,71.06026590157535,-10.5381273901181,-173.41237253348064,0.0413625962060211,0.5820134332268118,0.8059662124652749,-0.0998396892173473
img_001243.jpg,0.018906,-0.036439,0.931246,71.07578035974704,-10.611070818715456,-173.315215656048,0.0413723974371608,0.5821534304381495,0.8057333325209058,-0.100893533113633
img_001244.jpg,0.018881,-0.036507,0.931592,71.09116245730668,-10.684056645665988,-173.21806750838567,0.0413823370340147,0.5822926613404172,0.8054995445246549,-0.1019472535249024
img_001245.jpg,0.018857,-0.036576,0.931938,71.10641038977495,-10.75706797267826,-173.12090958453717,0.0413922061431869,0.5824311212629459,0.8052648572415471,-0.1030008929414611
img_001246.jpg,0.018832,-0.036644,0.932284,71.12153959803439,-10.830104267176624,-173.02374541243367,0.0414020082302962,0.58256891779024,0.8050291957151128,-0.1040544270345365
img_001247.jpg,0.018808,-0.036712,0.932631,71.1365651285492,-10.90316382345232,-172.92657040188416,0.0414116969839763,0.5827061585972118,0.8047924807795634,-0.1051078825134641
img_001248.jpg,0.018783,-0.03678,0.932977,71.15145262914369,-10.976278901881743,-172.82938932034463,0.0414215594245811,0.5828425995576549,0.8045548592674444,-0.1061613723764617
img_001249.jpg,0.018758,-0.036849,0.933323,71.16621628489764,-11.049355937126398,-172.7322171425276,0.0414309993003403,0.5829783392199773,0.804316365955457,-0.1072143262512035
img_001250.jpg,0.018734,-0.036917,0.933669,71.18086605960495,-11.12252277399071,-172.63502875621336,0.0414407878334094,0.5831134516005364,0.8040767991356605,-0.1082675609682145
img_001251.jpg,0.018691,-0.037042,0.934039,71.1954021320597,-11.195675008125171,-172.53784149541846,0.0414502765540755,0.5832479361037919,0.8038362787920862,-0.1093204303959205
img_001252.jpg,0.018666,-0.03711,0.934385,71.2097884545801,-11.268854655401965,-172.44065273090035,0.0414597871050657,0.5833815394888745,0.8035949438088787,-0.110373147647416
img_001253.jpg,0.018642,-0.037179,0.934731,71.2240979031063,-11.34206375721764,-172.34344959851825,0.0414692013453925,0.5835147777750735,0.8033524085314442,-0.1114258370603937
img_001254.jpg,0.018617,-0.037247,0.935077,71.23822328694058,-11.41530775781132,-172.24623647025655,0.0414786870059926,0.5836468980779788,0.8031092169151943,-0.1124784539104076
img_001255.jpg,0.018592,-0.037315,0.935423,71.25225987241917,-11.4885703664312,-172.14902036049838,0.0414880748409059,0.5837785665399644,0.8028649075178914,-0.1135308996301333
img_001256.jpg,0.018568,-0.037384,0.935769,71.26619599701111,-11.561837329696813,-172.0518092869569,0.0414973186385742,0.5839096989687762,0.802619562988106,-0.1145830402144385
img_001257.jpg,0.018543,-0.037452,0.936115,71.27995929861359,-11.635137955057528,-171.95457326737625,0.0415065484407431,0.5840397990346351,0.802373491148026,-0.1156352034764843
img_001258.jpg,0.018519,-0.03752,0.936462,71.29361938520377,-11.708455541490752,-171.85733977858925,0.0415157196234669,0.5841693450721572,0.8021263825171341,-0.1166871362751224
img_001259.jpg,0.018494,-0.037588,0.936808,71.30715577289799,-11.78179798049772,-171.76009371924118,0.0415248345830945,0.5842981992889699,0.8018783177295747,-0.1177389739028714
img_001260.jpg,0.018469,-0.037657,0.937154,71.32057043068771,-11.855172048421537,-171.66285065432731,0.0415340216136459,0.5844263701317598,0.8016292951874594,-0.1187906395322017
img_001261.jpg,0.018445,-0.037725,0.9375,71.33387501597838,-11.928569474641286,-171.56558571935545,0.0415430862147699,0.584553948646122,0.8013792385713624,-0.1198422675718486
img_001262.jpg,0.01842,-0.037793,0.937846,71.34704035982854,-12.001995858971746,-171.4683083723736,0.0415521496384032,0.584680727749841,0.8011282999333188,-0.1208938067243076
img_001263.jpg,0.018396,-0.037861,0.938192,71.36008653922946,-12.075408180470967,-171.3710235077026,0.0415609148093778,0.5848068466843374,0.8008764300929138,-0.1219450128252888
img_001264.jpg,0.018371,-0.03793,0.938539,71.3730060885399,-12.148879309718817,-171.27373843269297,0.0415699451592017,0.5849322506554794,0.8006235933402679,-0.1229961933943228
img_001265.jpg,0.018346,-0.037998,0.938885,71.38578757844866,-12.222362826294358,-171.17644383211515,0.0415788804757912,0.5850568638464125,0.8003698901655452,-0.1240471752236759
img_001266.jpg,0.018322,-0.038066,0.939231,71.39844717439335,-12.29585327281251,-171.07914239564545,0.0415876817444511,0.5851807985627709,0.8001152474506555,-0.1250979157201919
img_001267.jpg,0.018297,-0.038135,0.939577,71.41099263285606,-12.36937715006105,-170.98181625251954,0.0415964394536631,0.5853041159041518,0.7998595755712046,-0.1261486721986771
img_001268.jpg,0.018272,-0.038203,0.939923,71.42343086000422,-12.442911814362745,-170.88448709952655,0.0416050995004872,0.5854268564243704,0.7996028889509876,-0.1271991802405534
img_001269.jpg,0.018248,-0.038271,0.940269,71.43572595240519,-12.516481091471558,-170.78714633884087,0.0416138291000879,0.5855487733193502,0.7993453337437981,-0.1282496031722867
img_001270.jpg,0.018223,-0.038339,0.940616,71.44788268730467,-12.590052585545646,-170.68978941313134,0.0416223742705566,0.5856699017544915,0.7990869183936188,-0.1292998104838356
img_001271.jpg,0.018199,-0.038408,0.940962,71.45995707893337,-12.66365665698038,-170.59242590891083,0.0416309382194834,0.5857906296468819,0.7988273315232196,-0.1303499045353218
img_001272.jpg,0.018174,-0.038476,0.941308,71.4718529133441,-12.737306770079265,-170.49503521141784,0.0416396228563559,0.5859102945142505,0.798567024853219,-0.1314000586289179
img_001273.jpg,0.018149,-0.038544,0.941654,71.48366500398681,-12.810927676978602,-170.39765650175764,0.0416479920313451,0.5860295419785237,0.7983056489384671,-0.1324496567044683
img_001274.jpg,0.018125,-0.038613,0.942,71.49535895196063,-12.884586611214742,-170.3002538156821,0.041656378725104,0.5861481470285183,0.7980432575431189,-0.1334992694231411
img_001275.jpg,0.0181,-0.038681,0.942347,71.50687497758304,-12.95827490869492,-170.20282377189105,0.0416647774715448,0.5862656950395048,0.797780162291667,-0.1345488528080949
img_001276.jpg,0.018076,-0.038749,0.942693,71.51831552070146,-13.03197870020629,-170.10540738522946,0.0416731834867674,0.5863828845431027,0.7975159041072482,-0.1355980869665465
img_001277.jpg,0.018051,-0.038817,0.943039,71.52961222805811,-13.105678748901097,-170.0079555512046,0.0416812929749098,0.5864992573181269,0.7972507988557761,-0.1366471906226103
img_001278.jpg,0.018026,-0.038886,0.943385,71.5407885278242,-13.179437481910464,-169.9104918108372,0.0416896424805779,0.5866149703984807,0.7969846765143972,-0.1376963166372756
img_001279.jpg,0.018002,-0.038954,0.943731,71.55184042404096,-13.25319428181872,-169.81302010454095,0.0416978320936373,0.5867299930372636,0.7967176378310542,-0.1387451319437502
img_001280.jpg,0.017977,-0.039022,0.944077,71.56275159801108,-13.326954448729577,-169.71553964145636,0.0417059181943093,0.5868442126517597,0.7964497592890425,-0.1397936600605758
img_001281.jpg,0.017953,-0.03909,0.944423,71.57355835492868,-13.400740089724026,-169.61802727406635,0.0417138971321437,0.5869578913685356,0.7961807986660812,-0.1408421825366682
img_001282.jpg,0.017928,-0.039159,0.94477,71.58422019837165,-13.47455956225081,-169.5205097785245,0.041722017632186,0.5870707389742224,0.7959109849996433,-0.1418905375345999
img_001283.jpg,0.017903,-0.039227,0.945116,71.59479665158835,-13.54838799014109,-169.4229721948111,0.0417299569195018,0.5871831737805707,0.7956400267575775,-0.1429387244439865
img_001284.jpg,0.017879,-0.039295,0.945462,71.60517881896413,-13.622240549648888,-169.32541528666312,0.0417379647743094,0.5872944406231735,0.7953684630607065,-0.1439867711911812
img_001285.jpg,0.017854,-0.039364,0.945808,71.61548256122241,-13.696093691215442,-169.22785496622078,0.0417458149785679,0.5874053374230431,0.7950957509699379,-0.1450344899954721
img_001286.jpg,0.01783,-0.039432,0.946154,71.62563795202551,-13.769962692172154,-169.1302713902991,0.0417536045399968,0.5875153873190371,0.7948222040262469,-0.1460820665178948
img_001287.jpg,0.017805,-0.0395,0.946501,71.6356870858114,-13.843869669713838,-169.0326670013616,0.041761451584737,0.5876248832905464,0.7945475798354588,-0.1471296063915166
img_001288.jpg,0.01778,-0.039568,0.946847,71.6455896381509,-13.917774563154293,-168.93503997623517,0.0417691189475916,0.5877335446242452,0.7942721358179212,-0.1481769060582651
img_001289.jpg,0.017756,-0.039637,0.947193,71.65537472649916,-13.991699496926651,-168.83739276236096,0.0417767409249169,0.5878415741571967,0.7939956962107615,-0.1492240664533354
img_001290.jpg,0.017731,-0.039705,0.947539,71.66504055365314,-14.065646172823657,-168.73973289496382,0.0417843733754364,0.5879489573396924,0.7937182775165639,-0.1502710405930885
img_001291.jpg,0.017707,-0.039773,0.947885,71.67459459171822,-14.139605722374146,-168.64207257825316,0.0417920094617658,0.5880557414116859,0.7934398695230188,-0.1513177001847275
img_001292.jpg,0.017682,-0.039842,0.948232,71.68397932360918,-14.21356756830034,-168.54436733795947,0.0417994255988211,0.5881615441737561,0.7931607233072877,-0.152364277235222
img_001293.jpg,0.017657,-0.03991,0.948578,71.69325870580302,-14.287571305560178,-168.4466568434948,0.0418070230730336,0.588266797417883,0.7928805084374104,-0.1534107141548845
img_001294.jpg,0.017633,-0.039978,0.948924,71.70244425183763,-14.361600176389556,-168.34891236314874,0.0418145232652139,0.5883715906189803,0.7925991499636806,-0.1544571282700952
img_001295.jpg,0.017608,-0.040046,0.94927,71.71144343640957,-14.435600739909788,-168.25115779842537,0.0418218000945176,0.5884752715082349,0.7923172296053347,-0.1555030531233737
img_001296.jpg,0.017584,-0.040115,0.949616,71.72033217551424,-14.509633339651996,-168.15337485976713,0.0418290858857681,0.5885783771301498,0.7920342487139344,-0.1565489393542919
img_001297.jpg,0.017559,-0.040183,0.949962,71.72911892789406,-14.58369688558781,-168.05559292885516,0.0418365148686717,0.5886809557377582,0.7917502049654825,-0.1575945789436914
img_001298.jpg,0.017516,-0.040308,0.950332,71.73776512705511,-14.65776106316338,-167.95776853255862,0.0418437059899807,0.5887827547513941,0.7914652796440956,-0.1586401055669004
img_001299.jpg,0.017491,-0.040376,0.950678,71.74626232428079,-14.731831341018882,-167.8599245416671,0.0418508305231501,0.5888837086014866,0.7911795398692663,-0.1596853826138701
img_001300.jpg,0.017467,-0.040445,0.951024,71.7546548525727,-14.805916435590872,-167.7620701904643,0.0418579388635839,0.5889841214338636,0.7908927583207296,-0.1607304031249226
img_001301.jpg,0.017442,-0.040513,0.95137,71.76291820210697,-14.880029954698871,-167.6641781439123,0.0418650234370806,0.5890838359004303,0.7906050027164137,-0.1617754115223544
img_001302.jpg,0.017417,-0.040581,0.951716,71.77103539642029,-14.95414051207001,-167.56627754134328,0.0418720402930627,0.5891827219917695,0.7903164467668907,-0.1628200427398966
img_001303.jpg,0.017393,-0.040649,0.952062,71.77905362237733,-15.028286381053247,-167.46834475872882,0.0418790736236134,0.5892811181547236,0.7900267584115106,-0.1638646635872032
img_001304.jpg,0.017368,-0.040718,0.952409,71.78691658087405,-15.102435646462814,-167.37038101112395,0.0418859882958346,0.5893786332894719,0.7897362752106876,-0.1649090847184123
img_001305.jpg,0.017344,-0.040786,0.952755,71.7946795637416,-15.17658954237767,-167.27241879514736,0.0418928839640908,0.589475637367705,0.7894447579444971,-0.165953105957869
img_001306.jpg,0.017319,-0.040854,0.953101,71.8022522639996,-15.25075977969544,-167.1744162797644,0.0418997618822589,0.5895715254286215,0.7891525934331659,-0.1669970378051266
img_001307.jpg,0.017294,-0.040922,0.953447,71.80977565015465,-15.324939694227623,-167.0763877395723,0.0419064466641736,0.5896672631503141,0.7888590867408308,-0.168040797912957
img_001308.jpg,0.01727,-0.040991,0.953793,71.81712582767202,-15.399143249996818,-166.97833162839933,0.0419132124057684,0.5897620001555625,0.788564851756229,-0.1690844178894549
img_001309.jpg,0.017245,-0.041059,0.954139,71.82436982264478,-15.473349097552118,-166.88026110510714,0.0419198814391037,0.58985619136698,0.7882695951550885,-0.1701277237848231
img_001310.jpg,0.017221,-0.041127,0.954486,71.8314403603132,-15.547568396872627,-166.7821602509018,0.0419265533921575,0.5899493817772143,0.7879736227511063,-0.1711708529798074
img_001311.jpg,0.017196,-0.041196,0.954832,71.83842773425145,-15.621810469365906,-166.68403193348644,0.0419331772582058,0.5900421931951643,0.7876764593465718,-0.1722138620602895
img_001312.jpg,0.017171,-0.041264,0.955178,71.8452803967864,-15.696037290861325,-166.58588737063505,0.0419396231357794,0.5901342630857681,0.7873784457470651,-0.1732564651503148
img_001313.jpg,0.017147,-0.041332,0.955524,71.85197827242796,-15.770305942818664,-166.48769606143497,0.0419461693382119,0.5902254724757254,0.7870795507877776,-0.1742991429995195
img_001314.jpg,0.017122,-0.0414,0.95587,71.85855460274551,-15.844572764389786,-166.38948835944635,0.0419526180332796,0.5903160340553304,0.7867797167039647,-0.1753414815740099
img_001315.jpg,0.017098,-0.041469,0.956216,71.86500043350287,-15.918859017863516,-166.2912548591495,0.0419590870616891,0.5904058931819278,0.7864789420855562,-0.1763836442672164
img_001316.jpg,0.017073,-0.041537,0.956563,71.87132030960596,-15.993141302073145,-166.19299025543646,0.04196538066274,0.5904950806769831,0.7861772320705576,-0.1774255514180283
img_001317.jpg,0.017048,-0.041605,0.956909,71.87752084222778,-16.067448992749945,-166.09469076270432,0.0419716786568756,0.5905836478884928,0.7858744999902292,-0.1784673732158118
img_001318.jpg,0.017024,-0.041674,0.957255,71.88360287668135,-16.141746397817833,-165.9963864039165,0.0419778863662295,0.5906715854562506,0.7855708449718497,-0.1795087260303441
img_001319.jpg,0.016999,-0.041742,0.957601,71.88951724669181,-16.216058267201827,-165.89803300941895,0.0419840304846666,0.5907585766612907,0.7852664120030665,-0.1805500137502589
img_001320.jpg,0.016975,-0.04181,0.957947,71.8953201190166,-16.290380055357396,-165.79965943577798,0.0419901429751736,0.5908449961407175,0.7849609638366567,-0.1815910341427327
img_001321.jpg,0.01695,-0.041878,0.958294,71.90097162569124,-16.36471676340556,-165.70124791313745,0.0419962335708478,0.5909305787876802,0.784654669639896,-0.1826319162463825
img_001322.jpg,0.016925,-0.041947,0.95864,71.90652581845599,-16.439053829240443,-165.6028082371039,0.0420021675232004,0.5910156898140324,0.7843472897001617,-0.1836725386578161
img_001323.jpg,0.016901,-0.042015,0.958986,71.91191295869932,-16.51342827804644,-165.5043494527328,0.0420083663927123,0.5910998548432088,0.7840391374312907,-0.1847129928655556
img_001324.jpg,0.016876,-0.042083,0.959332,71.91718883495409,-16.587778486426924,-165.4058483813906,0.0420141912717513,0.5911834557275901,0.7837299889026594,-0.185753153137174
img_001325.jpg,0.016852,-0.042151,0.959678,71.92232778783259,-16.66215649429734,-165.30732020247615,0.0420201306470074,0.5912663200613528,0.7834199150278984,-0.1867931586520089
img_001326.jpg,0.016827,-0.04222,0.960024,71.92738303697938,-16.736539542159253,-165.2087680728592,0.0420259569842716,0.5913488077712079,0.7831086838538821,-0.1878328931783985
img_001327.jpg,0.016802,-0.042288,0.960371,71.93222571985848,-16.81092688422838,-165.11017670205652,0.0420318004347641,0.5914300444782293,0.7827969365397164,-0.1888724076849957
img_001328.jpg,0.016778,-0.042356,0.960717,71.93699501648129,-16.885324993289036,-165.01155010176254,0.0420375019020868,0.5915109816405109,0.7824839502670191,-0.189911754788987
img_001329.jpg,0.016753,-0.042425,0.961063,71.9416115480798,-16.95972596612241,-164.9128819119359,0.0420431069086997,0.5915910788431732,0.7821701372097142,-0.1909509074395069
img_001330.jpg,0.016729,-0.042493,0.961409,71.94608477628053,-17.03413713127749,-164.8142001929298,0.0420487997149156,0.5916703925869483,0.7818554827730776,-0.1919897107561215
img_001331.jpg,0.016704,-0.042561,0.961755,71.95043244386063,-17.108565915215046,-164.71548263624692,0.0420544909311032,0.5917490543301067,0.7815398453244854,-0.1930283571450831
img_001332.jpg,0.016679,-0.04263,0.962101,71.95465059502295,-17.182979654423246,-164.61672917600026,0.0420599605376358,0.5918270322922082,0.7812233009673919,-0.19406668336781
img_001333.jpg,0.016655,-0.042698,0.962447,71.95875293676765,-17.25742355295608,-164.5179300128314,0.0420654551596431,0.5919044322200312,0.7809056842263082,-0.1951049792894477
img_001334.jpg,0.01663,-0.042766,0.962794,71.96270697341515,-17.33187495679186,-164.419113649935,0.0420710212966478,0.5919810191283598,0.7805872500753747,-0.1961429253849604
img_001335.jpg,0.016606,-0.042834,0.96314,71.96652597486316,-17.40631026386673,-164.3202467619608,0.0420763018973644,0.5920568923088556,0.7802679142068827,-0.1971806358328904
img_001336.jpg,0.016581,-0.042903,0.963486,71.97019472262767,-17.48075119991351,-164.22135409185162,0.0420816069404393,0.5921319438837169,0.779947759833451,-0.1982180398464843
img_001337.jpg,0.016556,-0.042971,0.963832,71.97373937250296,-17.55520631388892,-164.12242889859084,0.0420869198226673,0.5922063569450683,0.779626625073766,-0.1992552319257399
img_001338.jpg,0.016532,-0.043039,0.964178,71.97717339294601,-17.62967283973291,-164.0234685825338,0.042092187115546,0.5922802244208121,0.7793044403492627,-0.2002922185103177
img_001339.jpg,0.016507,-0.043107,0.964525,71.98046875494059,-17.704142940611998,-163.92446785256723,0.0420973783067092,0.5923533569745961,0.7789813548819647,-0.2013289844182577
img_001340.jpg,0.016483,-0.043176,0.964871,71.98362675164348,-17.778601355158905,-163.82542528849933,0.0421023800248124,0.5924257618745165,0.7786573866030152,-0.2023654628443491
img_001341.jpg,0.016458,-0.043244,0.965217,71.98663182127295,-17.853115081657382,-163.72635077649963,0.0421077445142206,0.5924973439900592,0.7783325129328224,-0.2034019039446993
img_001342.jpg,0.016433,-0.043312,0.965563,71.98954003117555,-17.927585054493253,-163.62723597286234,0.0421126371371609,0.5925684685402106,0.778006607072417,-0.2044379006860739
img_001343.jpg,0.016409,-0.043381,0.965909,71.99227363231282,-18.002071979742755,-163.52808500449683,0.0421176468859742,0.5926386190448518,0.7776799690207998,-0.20547368887818
img_001344.jpg,0.016366,-0.043506,0.966278,71.99489421080722,-18.076567138502657,-163.4288937188775,0.0421225844393646,0.5927082144116461,0.7773522882885967,-0.2065092742265807
img_001345.jpg,0.016341,-0.043574,0.966625,71.99739108973395,-18.151054798014464,-163.32966607440463,0.0421273818898478,0.5927771783019076,0.7770236557720678,-0.2075445469053488
img_001346.jpg,0.016317,-0.043642,0.966971,71.99974523372539,-18.225557754363347,-163.23040439050217,0.0421322487658774,0.5928453864864521,0.7766941322655626,-0.208579592098326
img_001347.jpg,0.016292,-0.04371,0.967317,72.0019608898176,-18.30007191135325,-163.13108079567192,0.0421370078072363,0.5929128782531731,0.7763636520576845,-0.2096145775900266
img_001348.jpg,0.016267,-0.043779,0.967663,72.00401722034961,-18.37457232586956,-163.03174676398515,0.042141792028987,0.592979489204674,0.7760324630440227,-0.2106490233753216
img_001349.jpg,0.016243,-0.043847,0.968009,72.00598325181896,-18.449090511239586,-162.93236240383425,0.0421464924646681,0.5930457093035644,0.7757000764308589,-0.2116833750550988
img_001350.jpg,0.016218,-0.043915,0.968355,72.00778777620945,-18.52361400600084,-162.83293560821707,0.0421511967566368,0.5931110517806994,0.775366897917844,-0.2127174898329598
img_001351.jpg,0.016193,-0.043984,0.968702,72.0094494387832,-18.598132575501467,-162.73346668086657,0.0421558038830085,0.5931756415807948,0.7750328506037194,-0.2137513202748987
img_001352.jpg,0.016169,-0.044052,0.969048,72.01099195609216,-18.67265354095387,-162.63394774599257,0.0421602834158735,0.593239644642421,0.7746977830328051,-0.214784961044493
img_001353.jpg,0.016144,-0.04412,0.969394,72.01239779860066,-18.7471710830753,-162.534405185355,0.0421647669575143,0.5933029323417006,0.7743618462685466,-0.2158181965120773
img_001354.jpg,0.01612,-0.044188,0.96974,72.0136431874815,-18.821683708675813,-162.43481932794296,0.0421691905002044,0.593365351950339,0.7740251294990417,-0.2168511410654768
img_001355.jpg,0.016095,-0.044257,0.970086,72.01479946445869,-18.896231130892524,-162.33516916017905,0.042173591906053,0.5934274035021622,0.7736871469575329,-0.2178841516750049
img_001356.jpg,0.016071,-0.044325,0.970433,72.0157772014146,-18.970759047347457,-162.23549696356167,0.0421779822601823,0.593488455798724,0.7733485456949226,-0.2189166451361208
img_001357.jpg,0.016046,-0.044393,0.970779,72.016625846128,-19.045262987801756,-162.1357727813501,0.0421820846229168,0.5935488536121232,0.7730090217152153,-0.2199488178178853
img_001358.jpg,0.016021,-0.044462,0.971125,72.01732538675286,-19.11981795538049,-162.03600237761285,0.0421864962222168,0.5936084790757323,0.7726685438902137,-0.2209809819610408
img_001359.jpg,0.015997,-0.04453,0.971471,72.01793535306743,-19.19434280895352,-161.9361982833568,0.0421906015063173,0.5936677102786138,0.7723269852857887,-0.2220126814315981
img_001360.jpg,0.015972,-0.044598,0.971817,72.0183619455,-19.268880540198623,-161.83635384187585,0.0421948518981218,0.593725928945289,0.7719847352475444,-0.2230441308712875
img_001361.jpg,0.015947,-0.044666,0.972163,72.01866123621302,-19.343421098301786,-161.736442750146,0.0421989355430791,0.5937835214074914,0.7716414712713472,-0.2240754769227122
img_001362.jpg,0.015923,-0.044735,0.97251,72.0188215948971,-19.417943951687143,-161.63650498479063,0.0422029415675133,0.5938403904386682,0.7712973719668957,-0.2251063446543855
img_001363.jpg,0.015898,-0.044803,0.972856,72.0188483938762,-19.492490816389527,-161.53650396704623,0.0422069654507387,0.5938965974310888,0.7709522549975358,-0.2261371799183629
img_001364.jpg,0.015874,-0.044871,0.973202,72.0187650730064,-19.56702066627832,-161.43647573431008,0.0422108632005627,0.5939522772886257,0.7706061510073281,-0.2271675490935935
img_001365.jpg,0.015849,-0.04494,0.973548,72.01849372410211,-19.641566034518085,-161.33639749586297,0.0422149023285942,0.5940069240625369,0.7702593538093003,-0.2281977301737026
img_001366.jpg,0.015825,-0.045008,0.973894,72.01813794803618,-19.71607476620115,-161.23626298592137,0.0422184823711761,0.5940612239209828,0.7699114182844842,-0.2292275506455374
img_001367.jpg,0.0158,-0.045076,0.97424,72.01759235144073,-19.79061459239802,-161.13609207178607,0.0422223944208936,0.5941144803898702,0.7695627939841161,-0.2302571599664203
img_001368.jpg,0.015775,-0.045144,0.974586,72.0169386449655,-19.8651537582533,-161.03587175001527,0.0422261883688132,0.5941672399845134,0.7692130948659973,-0.2312865206442033
img_001369.jpg,0.015751,-0.045213,0.974933,72.01612707340735,-19.93968343227967,-160.93558839641753,0.0422298350578198,0.5942191723418021,0.7688625690115696,-0.2323156607406018
img_001370.jpg,0.015726,-0.045281,0.975279,72.01521460710559,-20.014206315282102,-160.83527194704294,0.0422333964477919,0.5942706505306586,0.7685109759844813,-0.2333444105474381
img_001371.jpg,0.015701,-0.045349,0.975625,72.01412323359735,-20.088741341636503,-160.73489991659324,0.0422370503804708,0.5943211659870759,0.768158635667018,-0.2343729798528529
img_001372.jpg,0.015677,-0.045417,0.975971,72.01289062279224,-20.16327150162967,-160.63447148371603,0.0422406004521771,0.5943709682580611,0.7678053854233216,-0.2354013039053923
img_001373.jpg,0.015652,-0.045486,0.976317,72.01153402520438,-20.237807941717413,-160.5340058547252,0.0422441921027132,0.5944201701762333,0.7674511518903893,-0.2364293107534709
img_001374.jpg,0.015628,-0.045554,0.976664,72.01002676542687,-20.312317643291063,-160.43348721212328,0.042247570268243,0.5944685905766024,0.7670961093598694,-0.2374569363679425
img_001375.jpg,0.015603,-0.045622,0.97701,72.00840551597501,-20.38683802458069,-160.33292167377294,0.042250955975051,0.5945164846207934,0.7667400022793311,-0.238484328914961
img_001376.jpg,0.015578,-0.045691,0.977356,72.00661045557241,-20.461343806117696,-160.2322945563664,0.0422542237048732,0.5945634512719817,0.766383162945609,-0.2395114413637316
img_001377.jpg,0.015554,-0.045759,0.977702,72.0046996558585,-20.535867139206545,-160.13162438673822,0.0422575769920085,0.5946098829136557,0.7660252608642876,-0.2405383213668319
img_001378.jpg,0.015529,-0.045827,0.978048,72.002644059068,-20.61038192803317,-160.03089768975022,0.0422608271425499,0.5946555836931765,0.7656664731184825,-0.2415649213235636
img_001379.jpg,0.015505,-0.045895,0.978394,72.00042230144618,-20.684876411960293,-159.93012496800824,0.0422639950125871,0.5947004047280497,0.7653069575819998,-0.2425911045740408
img_001380.jpg,0.01548,-0.045964,0.978741,71.99807332251964,-20.759399304050923,-159.82929544362435,0.0422672868657888,0.5947446261964257,0.7649463855531297,-0.2436171859715187
img_001381.jpg,0.015455,-0.046032,0.979087,71.99558793157988,-20.833898645192484,-159.72841869666215,0.042270411322755,0.5947881685859084,0.7645849353917356,-0.2446428486770905
img_001382.jpg,0.015431,-0.0461,0.979433,71.99299495718023,-20.908367112708174,-159.6274863721767,0.0422732152012277,0.5948312260107185,0.7642224556849225,-0.2456681217945113
img_001383.jpg,0.015406,-0.046169,0.979779,71.99020550762543,-20.982866687482417,-159.5264802044028,0.0422762312399722,0.5948732328991,0.763859234916889,-0.2466933851656798
img_001384.jpg,0.015382,-0.046237,0.980125,71.98730678380342,-21.057358298055604,-159.42543618234805,0.042279189121368,0.5949147466729104,0.7634949812974328,-0.2477182429535201
img_001385.jpg,0.015357,-0.046305,0.980471,71.9842646417698,-21.131830730951457,-159.32433782820334,0.0422820014404815,0.5949555433873117,0.7631298609725563,-0.2487427366555706
img_001386.jpg,0.015332,-0.046373,0.980818,71.98104473938457,-21.206307245915927,-159.22319283255763,0.0422849491249045,0.5949954003218662,0.7627640182501436,-0.2497669096101825
img_001387.jpg,0.015308,-0.046442,0.981164,71.97770712712651,-21.280777379818343,-159.1219910460863,0.0422877791452827,0.5950347190633641,0.7623971418145157,-0.2507907992674383
img_001388.jpg,0.015283,-0.04651,0.98151,71.97423793764465,-21.35525422977573,-159.02071338964117,0.0422905172125409,0.5950734198163773,0.7620292325718159,-0.2518145863288035
img_001389.jpg,0.015259,-0.046578,0.981856,71.97059949109375,-21.429703825828515,-158.91938900988788,0.0422931632195133,0.5951112314254186,0.7616606245247816,-0.2528378998977981
img_001390.jpg,0.015234,-0.046646,0.982202,71.96684078982925,-21.50416209202284,-158.81802034760693,0.042295876678121,0.5951484919688059,0.7612909893413381,-0.2538609085128547
img_001391.jpg,0.015191,-0.046772,0.982571,71.96294413301833,-21.57861111081008,-158.71658428274932,0.0422984542910536,0.5951850876386785,0.7609204071251993,-0.2548836719712486
img_001392.jpg,0.015166,-0.04684,0.982918,71.95887059463713,-21.65303718348947,-158.61508967855127,0.0423009364266195,0.5952207534166931,0.7605491300219847,-0.2559060497571279
img_001393.jpg,0.015142,-0.046908,0.983264,71.95469950912873,-21.727475999052057,-158.513537744089,0.0423034053746976,0.595256028945606,0.7601766685980436,-0.2569282281431767
img_001394.jpg,0.015117,-0.046976,0.98361,71.95034299845433,-21.801903842134315,-158.41191931146227,0.0423058475819148,0.5952903278017965,0.7598035113887257,-0.2579501210842278
img_001395.jpg,0.015093,-0.047045,0.983956,71.94585366314335,-21.876321550500805,-158.31025188948885,0.0423082454729696,0.5953239941582242,0.7594294224231045,-0.2589716330075701
img_001396.jpg,0.015068,-0.047113,0.984302,71.94122603756917,-21.950735931356487,-158.20852699454156,0.0423106180582815,0.5953569985876626,0.759054395414759,-0.2599928472742103
img_001397.jpg,0.015043,-0.047181,0.984649,71.93642517012485,-22.025145387434502,-158.10673744712827,0.0423129996901464,0.5953891131373374,0.7586785988889081,-0.2610137881467558
img_001398.jpg,0.015019,-0.04725,0.984995,71.93152116234472,-22.09953555910395,-158.0048934300779,0.0423151867124469,0.5954207945036339,0.7583017242600147,-0.262034343990326
img_001399.jpg,0.014994,-0.047318,0.985341,71.92644931877047,-22.17393162567988,-157.90296919053924,0.0423173721567134,0.5954516342813724,0.7579239908517124,-0.2630547763048725
img_001400.jpg,0.014969,-0.047386,0.985687,71.92122118188188,-22.24830279639776,-157.80100604988377,0.0423195328434076,0.5954816840740829,0.7575455037192688,-0.2640746691126003
img_001401.jpg,0.014945,-0.047454,0.986033,71.91586490629165,-22.3226919659358,-157.6989631843253,0.0423216950883299,0.5955111621221997,0.7571659235647576,-0.2650945003296852
img_001402.jpg,0.01492,-0.047523,0.986379,71.91036498087952,-22.3970200705244,-157.59688144706243,0.0423235573965435,0.5955399231448805,0.7567856079853394,-0.2661136223047428
img_001403.jpg,0.014896,-0.047591,0.986726,71.90471601742989,-22.471379523243783,-157.4947224522191,0.0423255822478443,0.595567981175467,0.7564042817390184,-0.2671327150553433
img_001404.jpg,0.014871,-0.047659,0.987072,71.89890725028411,-22.545737840542905,-157.3925016785795,0.0423276516500809,0.5955952491011137,0.7560221112453978,-0.2681515177320894
img_001405.jpg,0.014847,-0.047727,0.987418,71.89298427043366,-22.620051077458864,-157.29022036534133,0.0423293615435574,0.5956220121172257,0.7556389651090579,-0.2691698315964365
img_001406.jpg,0.014822,-0.047796,0.987764,71.88687753954723,-22.694382274206024,-157.18787984562394,0.0423313260187188,0.5956478363177171,0.7552550600431144,-0.2701879127695964
img_001407.jpg,0.014797,-0.047864,0.98811,71.88063443051863,-22.768699624492413,-157.08545507395266,0.0423330848377826,0.5956730328792114,0.7548701648316599,-0.2712057928504138
img_001408.jpg,0.014773,-0.047932,0.988456,71.87426172773215,-22.84299413166014,-156.9829907057031,0.0423347942671158,0.5956976278291163,0.7544843708588593,-0.2722231355392774
img_001409.jpg,0.014748,-0.048001,0.988803,71.86771583950905,-22.917287808078907,-156.88044233764333,0.042336484220767,0.5957213605142841,0.754097747090742,-0.2732403165045423
img_001410.jpg,0.014724,-0.048069,0.989149,71.86104929421005,-22.99156509240416,-156.7778481442905,0.0423381227813042,0.5957445580497364,0.7537101479197126,-0.2742570287819885
img_001411.jpg,0.014699,-0.048137,0.989495,71.85420273228907,-23.065853086656315,-156.67516702069145,0.0423398309407945,0.595766857340149,0.7533217185417135,-0.275273643461024
img_001412.jpg,0.014674,-0.048205,0.989841,71.8472268425572,-23.14010010674776,-156.57243504679735,0.0423413171736683,0.5957885594770918,0.7529324053414842,-0.2762896998494473
img_001413.jpg,0.01465,-0.048274,0.990187,71.84009633624309,-23.214338092751333,-156.46962451404914,0.0423427247448062,0.5958095225634208,0.7525421964384801,-0.2773055157465897
img_001414.jpg,0.014625,-0.048342,0.990533,71.83283441235216,-23.28857638281952,-156.36676252287324,0.0423442070515139,0.595829894273707,0.7521510136880327,-0.2783209618893742
img_001415.jpg,0.0146,-0.04841,0.99088,71.82539309957019,-23.36281670542737,-156.26381019721123,0.0423456939344458,0.5958493764521645,0.751759007322527,-0.2793362806658418
img_001416.jpg,0.014576,-0.048479,0.991226,71.81782038409123,-23.43701369022282,-156.1608061575439,0.0423469560698565,0.5958682527582507,0.7513661317057059,-0.2803510242393472
img_001417.jpg,0.014551,-0.048547,0.991572,71.8100841082551,-23.511219700605103,-156.0577218001948,0.0423482924912726,0.595886345862451,0.7509723564969536,-0.2813656068448688
img_001418.jpg,0.014527,-0.048615,0.991918,71.80222086410782,-23.585401875485932,-155.95457908228232,0.04234950144643,0.5959038754938462,0.7505776250387464,-0.2823797437668798
img_001419.jpg,0.014502,-0.048683,0.992264,71.79416616353669,-23.659577361906805,-155.85135379268095,0.0423507391503441,0.5959204368949621,0.7501821707515988,-0.2833936457840156
img_001420.jpg,0.014477,-0.048752,0.99261,71.78603218867454,-23.73372724809679,-155.74807197794206,0.042351735071974,0.5959367485063825,0.7497855208005219,-0.2844070939936701
img_001421.jpg,0.014453,-0.04882,0.992957,71.77768423534854,-23.80787366916576,-155.6447283481397,0.0423529534150653,0.5959519415796074,0.7493883079103573,-0.2854201720827892
img_001422.jpg,0.014428,-0.048888,0.993303,71.7692114981852,-23.88201577602703,-155.5412876175395,0.0423539869210401,0.5959666141426746,0.7489899817522377,-0.2864331367945953
img_001423.jpg,0.014404,-0.048956,0.993649,71.76057455805213,-23.956109636775665,-155.43778879843077,0.0423548332931667,0.5959804766271976,0.7485909536416182,-0.2874455143185564
img_001424.jpg,0.014379,-0.049025,0.993995,71.75180242449868,-24.030226091398312,-155.33422551860988,0.0423558849576602,0.5959937532080932,0.7481908799481322,-0.2884576785402388
img_001425.jpg,0.014354,-0.049093,0.994341,71.742860835337,-24.104309082593296,-155.23057590170467,0.0423567262085046,0.5960062055126314,0.7477900234806459,-0.2894695001518258
img_001426.jpg,0.01433,-0.049161,0.994687,71.7337640536143,-24.17839305617893,-155.12686867510388,0.0423577148149345,0.5960179328757492,0.7473882957007312,-0.2904809514163229
img_001427.jpg,0.014305,-0.049229,0.995034,71.72456036265365,-24.25243705971528,-155.02307680438523,0.0423583049204651,0.5960292435759834,0.7469854800009735,-0.2914920367252275
img_001428.jpg,0.014281,-0.049298,0.99538,71.7151636779535,-24.32648400837859,-154.91921266811866,0.0423590826193437,0.5960395924332913,0.7465819466797372,-0.2925028363341072
img_001429.jpg,0.014256,-0.049366,0.995726,71.70560180220633,-24.400500010367427,-154.8152790752882,0.0423597591990536,0.596049146365845,0.7461776438852682,-0.2935131848537227
img_001430.jpg,0.014232,-0.049434,0.996072,71.69593284509278,-24.47452513734626,-154.711272102876,0.0423604485251556,0.5960583049505876,0.7457721569665298,-0.2945233087442649
img_001431.jpg,0.014207,-0.049503,0.996418,71.68605579197757,-24.548519468940228,-154.60717128803302,0.0423610282058565,0.5960664017933782,0.7453660599886183,-0.2955331192260538
img_001432.jpg,0.014182,-0.049571,0.996764,71.67607451954197,-24.62249717768424,-154.50301181251993,0.0423615163346776,0.5960741078833034,0.7449588666888547,-0.2965424873211395
img_001433.jpg,0.014158,-0.049639,0.997111,71.66591362682941,-24.696460199877063,-154.39877097019672,0.0423620063043328,0.5960809437771108,0.7445509053847528,-0.2975515386927203
img_001434.jpg,0.014133,-0.049708,0.997457,71.65557981795783,-24.770410559019,-154.2944630165089,0.042362573109949,0.5960869506951411,0.744142172528926,-0.2985601893662362
img_001435.jpg,0.014108,-0.049776,0.997803,71.64511512744492,-24.844336081562652,-154.1900705613039,0.0423629354183298,0.5960924040949644,0.7437324353755191,-0.2995685097827002
img_001436.jpg,0.014084,-0.049844,0.998149,71.63452198558994,-24.91824113436269,-154.08560513401713,0.0423631802076203,0.5960973189573836,0.7433216997373562,-0.3005764428462144
img_001437.jpg,0.014041,-0.049969,0.998518,71.62372129190487,-24.99214686204863,-153.98104742066914,0.0423635656100476,0.5961012011550594,0.7429102707787795,-0.3015841770744931
img_001438.jpg,0.014016,-0.050037,0.998865,71.61279016295923,-25.066018726711643,-153.87643126151306,0.0423638278316797,0.5961045236970322,0.7424979260425231,-0.3025913626360377
img_001439.jpg,0.013991,-0.050106,0.999211,71.60170979522988,-25.13986396832235,-153.77172813900032,0.0423639217562138,0.5961071802010927,0.7420846692594909,-0.3035982073335872
img_001440.jpg,0.013967,-0.050174,0.999557,71.59045623231994,-25.21371313657359,-153.6669491342939,0.0423641853028923,0.5961090280593471,0.7416705734788114,-0.3046047650733218
img_001441.jpg,0.013942,-0.050242,0.999903,71.57906547106504,-25.28753253594292,-153.56207277055634,0.0423641795349342,0.5961102936678488,0.7412554824924991,-0.3056110334238204
img_001442.jpg,0.013918,-0.050311,1.000249,71.56750303956879,-25.36133560078076,-153.45713784825702,0.0423642953351231,0.5961107479400927,0.7408396431718204,-0.3066168060888238
img_001443.jpg,0.013893,-0.050379,1.000595,71.55577778393445,-25.435139410403732,-153.35211438567734,0.0423644761226748,0.5961104696174615,0.7404228836145694,-0.3076223538613318
img_001444.jpg,0.013868,-0.050447,1.000942,71.54392757255188,-25.508864896273412,-153.24701230761426,0.0423641234134873,0.5961096619532844,0.7400052437002342,-0.3086272691605598
img_001445.jpg,0.013844,-0.050515,1.001288,71.53190107414247,-25.582618141238186,-153.1418221809146,0.0423640698887625,0.5961080516082035,0.7395866817653791,-0.309632066403994
img_001446.jpg,0.013819,-0.050584,1.001634,71.51970046554433,-25.65634280778977,-153.03655987942932,0.0423640030902924,0.5961056206011488,0.7391673792061706,-0.3106363884791451
img_001447.jpg,0.013795,-0.050652,1.00198,71.50737413127527,-25.730043889610336,-152.93120614228948,0.0423637300736904,0.5961026924556123,0.738747018530893,-0.3116403969852587
img_001448.jpg,0.01377,-0.05072,1.002327,71.49487836046703,-25.80372039640145,-152.82576357060964,0.0423633794282048,0.5960989855126655,0.7383258363244202,-0.3126440515507029
img_001449.jpg,0.013746,-0.050789,1.002673,71.48221861919838,-25.877374212370206,-152.72024887073303,0.0423630401007654,0.5960945316984223,0.7379038442888076,-0.3136472520148372
img_001450.jpg,0.013721,-0.050857,1.003019,71.46938637233697,-25.951045961328045,-152.6146485054022,0.0423629522660095,0.5960893041925678,0.7374809390324495,-0.3146502602356219
img_001451.jpg,0.013696,-0.050925,1.003365,71.456421139371,-26.024641464172124,-152.50896116503796,0.0423623470350805,0.5960835105861685,0.7370571669710612,-0.3156526771271576
img_001452.jpg,0.013671,-0.050993,1.003711,71.44328583473629,-26.09822884250956,-152.40320289617077,0.0423618885667062,0.5960769436011527,0.7366325797388186,-0.3166546860090706
img_001453.jpg,0.013647,-0.051062,1.004058,71.4300131985117,-26.171818111347047,-152.29732998706115,0.0423613324415715,0.596069837206294,0.7362068579647157,-0.3176566211687671
img_001454.jpg,0.013623,-0.05113,1.004403,71.41654285807519,-26.24536368398661,-152.1913907891958,0.0423607829876092,0.596061763337481,0.7357805738900757,-0.3186579442563459
img_001455.jpg,0.013598,-0.051198,1.00475,71.40293123281745,-26.318880092645504,-152.08536339959792,0.0423600748505055,0.5960531020764724,0.7353533334070058,-0.3196588785109507
img_001456.jpg,0.013573,-0.051266,1.005096,71.3891714604464,-26.39239033810567,-151.9792533133695,0.0423594193630083,0.5960438214862203,0.7349251235564483,-0.3206594848509412
img_001457.jpg,0.013549,-0.051335,1.005442,71.37519779154708,-26.46588315773526,-151.87304514439316,0.0423588457352623,0.5960335016150419,0.7344962736905092,-0.3216597846720115
img_001458.jpg,0.013524,-0.051403,1.005788,71.36113003647216,-26.539336938705727,-151.76677112690166,0.0423580384808736,0.5960228887420584,0.7340663107462535,-0.32265951729185
img_001459.jpg,0.0135,-0.051471,1.006134,71.34685972722339,-26.61277068336045,-151.66039181701117,0.0423572332010381,0.5960113145375392,0.733635634911292,-0.3236589762807342
img_001460.jpg,0.013475,-0.051539,1.006481,71.33243366638074,-26.68618270569189,-151.55390650804364,0.0423562865328439,0.5959990802255094,0.7332040044931132,-0.32465817278602
img_001461.jpg,0.01345,-0.051608,1.006827,71.31785562892195,-26.75958395105149,-151.4473594620889,0.0423554977458049,0.5959862016182955,0.7327714939333623,-0.3256568699873689
img_001462.jpg,0.013426,-0.051676,1.007173,71.30308250984962,-26.832961348467563,-151.34069318253333,0.0423546028347428,0.5959724191053162,0.7323382003028039,-0.3266553591504645
img_001463.jpg,0.013401,-0.051744,1.007519,71.28819026264189,-26.906290304909557,-151.23396762648184,0.0423535293826414,0.5959581840386551,0.7319039682931266,-0.3276531742909809
img_001464.jpg,0.013376,-0.051813,1.007865,71.27310767506475,-26.97959473221164,-151.12712893162845,0.0423523707621137,0.5959430766334759,0.7314689469306624,-0.32865073524884
img_001465.jpg,0.013352,-0.051881,1.008211,71.2578803341719,-27.05288235141473,-151.02021425475328,0.0423512472493484,0.5959273807104581,0.7310329830156705,-0.329647852289694
img_001466.jpg,0.013327,-0.051949,1.008557,71.24250744155081,-27.1261632852612,-150.91320452673463,0.0423501357024769,0.5959111059462321,0.7305959965571972,-0.3306446878909686
img_001467.jpg,0.013303,-0.052017,1.008904,71.22693503051401,-27.19939325952337,-150.8060996201498,0.0423488860112289,0.5958938847713795,0.7301583934065301,-0.3316410265387509
img_001468.jpg,0.013278,-0.052086,1.00925,71.21119702573695,-27.272602851320464,-150.6989094422481,0.042347669025492,0.5958759495929296,0.7297199382944562,-0.3326369481587503
img_001469.jpg,0.013253,-0.052154,1.009596,71.19529394194386,-27.34580129349201,-150.59161155819817,0.0423464346316168,0.5958573195071113,0.729280536265877,-0.3336326328277038
img_001470.jpg,0.013229,-0.052222,1.009942,71.17927547810406,-27.41894456071592,-150.4842350951213,0.0423448857809057,0.5958382759728935,0.7288401396786086,-0.3346277190059401
img_001471.jpg,0.013204,-0.052291,1.010288,71.163013834633,-27.492093044983605,-150.37673794715403,0.0423436013393282,0.595818059336574,0.7283991157274894,-0.3356226866608193
img_001472.jpg,0.01318,-0.052359,1.010635,71.1466452419611,-27.56518980936201,-150.26918118210023,0.0423421072682329,0.595797481610543,0.7279570985941709,-0.3366169476793714
img_001473.jpg,0.013155,-0.052427,1.010981,71.13010284134337,-27.63826823686772,-150.16149898512495,0.0423404932586415,0.5957761638875162,0.7275141459826867,-0.3376110373923996
img_001474.jpg,0.01313,-0.052495,1.011327,71.1133709897884,-27.711318989989238,-150.05374082442492,0.0423390014711421,0.5957539852222886,0.7270705111235215,-0.3386045922617837
img_001475.jpg,0.013106,-0.052564,1.011672,71.0964790657871,-27.784348876190304,-149.94588246521005,0.0423374705594301,0.5957311473566792,0.7266259495782463,-0.3395978033722182
img_001476.jpg,0.013081,-0.052632,1.012019,71.07943367447763,-27.857354863547712,-149.8379095625534,0.0423357886627011,0.5957076976687394,0.7261803925034813,-0.3405907477897872
img_001477.jpg,0.013057,-0.0527,1.012365,71.06221361036663,-27.930312019784918,-149.72986730480264,0.042334083376901,0.595683471737525,0.725734157070372,-0.3415830208671437
img_001478.jpg,0.013032,-0.052769,1.012712,71.04483983823955,-28.00324435669429,-149.62171083924022,0.0423322301396,0.5956586357134187,0.7252869301542835,-0.3425750150533636
img_001479.jpg,0.013008,-0.052837,1.013058,71.02727486105577,-28.07615367554296,-149.51345363975844,0.0423304272822482,0.5956329505490485,0.7248389407244893,-0.3435666356847495
img_001480.jpg,0.012983,-0.052905,1.013404,71.00954212483417,-28.149028257869784,-149.40510290557145,0.0423285642990546,0.5956065568829662,0.7243901225662246,-0.3445577924977014
img_001481.jpg,0.012958,-0.052973,1.01375,70.9916494793655,-28.221880269309693,-149.29665716820762,0.0423266983611101,0.5955795146078767,0.7239403940677931,-0.3455485468385911
img_001482.jpg,0.012934,-0.053042,1.014096,70.97359815433065,-28.29470248709807,-149.18811163693908,0.0423247539432387,0.5955518307694839,0.7234897553137106,-0.3465388954026187
img_001483.jpg,0.012909,-0.05311,1.014442,70.95537620494454,-28.36749523438941,-149.07944729660937,0.0423226741187539,0.5955234392523985,0.7230382092443666,-0.3475289520732512
img_001484.jpg,0.012866,-0.053235,1.014812,70.93697523524182,-28.44022547181684,-148.97070086017231,0.0423204486179915,0.5954942544427306,0.7225860091031071,-0.348518338115676
img_001485.jpg,0.012841,-0.053303,1.015158,70.9183986503383,-28.512979611555227,-148.86184895430216,0.0423185519131141,0.5954643643400209,0.722132807124875,-0.3495075676420467
img_001486.jpg,0.012817,-0.053372,1.015504,70.8996687742505,-28.58566656605449,-148.75290354866502,0.0423163467748705,0.5954338485975095,0.7216787962680622,-0.3504961822289481
img_001487.jpg,0.012792,-0.05344,1.01585,70.8807705629418,-28.658343818917285,-148.64383742205266,0.0423141418780459,0.5954026618374844,0.7212237982321027,-0.3514845893316266
img_001488.jpg,0.012768,-0.053508,1.016196,70.86168007180152,-28.730959901482343,-148.5346723789411,0.0423117690408071,0.5953706138581186,0.7207681587782276,-0.3524724211144584
img_001489.jpg,0.012743,-0.053576,1.016543,70.84244666725863,-28.803559890662843,-148.42542311526375,0.0423094708107073,0.5953380415605025,0.7203115302242223,-0.3534597917396866
img_001490.jpg,0.012718,-0.053645,1.016889,70.82302349201579,-28.876118379885263,-148.3160469888818,0.042306996455758,0.5953046514278793,0.7198541010226903,-0.3544468412611939
img_001491.jpg,0.012694,-0.053713,1.017235,70.8034154621186,-28.94866358349737,-148.2065724516101,0.0423046793870522,0.5952704850765,0.7193958468979781,-0.355433508781443
img_001492.jpg,0.012669,-0.053781,1.017581,70.78366997067234,-29.02116759888468,-148.09700423597374,0.0423022063303426,0.5952358218613631,0.7189366208912731,-0.3564196611496769
img_001493.jpg,0.012644,-0.05385,1.017927,70.76370255112755,-29.09364790289999,-147.98729804966845,0.0422997352953052,0.5952001621159585,0.7184766699828864,-0.3574056156545196
img_001494.jpg,0.01262,-0.053918,1.018273,70.74361682109767,-29.16607018055425,-147.87751839549313,0.0422970430810271,0.5951641107891354,0.7180157615946272,-0.3583908585286
img_001495.jpg,0.012595,-0.053986,1.01862,70.72332495108232,-29.238465485362045,-147.76762337682652,0.0422944062668673,0.5951271559984983,0.7175541256954929,-0.3593757477752903
img_001496.jpg,0.012571,-0.054054,1.018966,70.70284782703064,-29.31085628313183,-147.6576156972393,0.0422919343637601,0.5950894456977318,0.7170915919460314,-0.3603603650059814
img_001497.jpg,0.012546,-0.054123,1.019312,70.68222506383582,-29.383181816878384,-147.54751205198292,0.0422891697412664,0.5950511820032873,0.7166281941040309,-0.3613443625328616
img_001498.jpg,0.012521,-0.054191,1.019658,70.66141760620208,-29.45547406071648,-147.43729869826953,0.0422863903654542,0.5950121498056277,0.7161639927189262,-0.3623279430383913
img_001499.jpg,0.012497,-0.054259,1.020004,70.64042730416251,-29.527743712974424,-147.3269656608898,0.0422836171396853,0.5949723742800821,0.7156989126193911,-0.3633112110030845
img_001500.jpg,0.012472,-0.054327,1.02035,70.61926488800822,-29.599968522821896,-147.21651125267053,0.0422806560881968,0.5949319098286967,0.7152329610540976,-0.3642940847860677
img_001501.jpg,0.012448,-0.054396,1.020696,70.59794410319138,-29.672174887851007,-147.10597887911484,0.0422778763735255,0.5948908470846324,0.7147661217865172,-0.3652764054391346
img_001502.jpg,0.012423,-0.054464,1.021042,70.57647123299498,-29.74429276030674,-146.99532431300298,0.042274543468317,0.5948491937538412,0.7142984404592989,-0.3662581570728004
img_001503.jpg,0.012398,-0.054532,1.021389,70.55476304389968,-29.816437217655608,-146.88455687536958,0.0422717775817828,0.594806512032811,0.7138300174833037,-0.3672397257966847
img_001504.jpg,0.012374,-0.054601,1.021735,70.53290070348335,-29.888509098232035,-146.77365154204358,0.042268502284297,0.594763248548167,0.7133606616318259,-0.3682208825247111
img_001505.jpg,0.012349,-0.054669,1.022081,70.51086860750257,-29.960564539968072,-146.6626806410548,0.0422655376333948,0.594719321981134,0.7128905091319102,-0.369201400837681
img_001506.jpg,0.012325,-0.054737,1.022427,70.48865441040427,-30.0325674127838,-146.5515703634829,0.0422622922452327,0.5946746588821292,0.7124195002375007,-0.3701815830358821
img_001507.jpg,0.0123,-0.054805,1.022774,70.46627640348422,-30.104546790459764,-146.44034965130393,0.0422590635700659,0.5946293858153947,0.7119475405370369,-0.371161372713072
img_001508.jpg,0.012275,-0.054874,1.02312,70.44369752131098,-30.176479320968923,-146.3290127568061,0.0422557828566567,0.5945832598549974,0.7114748772189491,-0.3721406924829064
img_001509.jpg,0.012251,-0.054942,1.023466,70.42093457254242,-30.248395494469182,-146.2175673047301,0.0422526517461911,0.5945364076911892,0.7110013501394898,-0.37311962351221
img_001510.jpg,0.012226,-0.05501,1.023812,70.39801653094355,-30.320235424471,-146.10600604198152,0.0422491246793429,0.5944889695755582,0.710526975946366,-0.374097972420772
img_001511.jpg,0.012202,-0.055079,1.024158,70.3749276045551,-30.39204710766068,-145.99432362041432,0.0422455632044679,0.5944408873360137,0.710051665436813,-0.3750759606574618
img_001512.jpg,0.012177,-0.055147,1.024505,70.35162380944944,-30.46383113952948,-145.88254538434788,0.0422422508556655,0.594391882137871,0.7095757270503826,-0.376053414121142
img_001513.jpg,0.012152,-0.055215,1.02485,70.32817652210983,-30.53557399224397,-145.7706300037047,0.0422386488449787,0.5943424035919914,0.709098697808206,-0.3770305565905123
img_001514.jpg,0.012128,-0.055283,1.025197,70.30453924274995,-30.60726538696461,-145.65861591256223,0.0422350411718048,0.5942921440477706,0.7086209778216018,-0.3780070880439633
img_001515.jpg,0.012103,-0.055352,1.025543,70.2807196080269,-30.67893029420966,-145.54646714351102,0.0422313940559885,0.5942411855408612,0.7081423278243709,-0.3789833324917613
img_001516.jpg,0.012079,-0.05542,1.025889,70.25671551778187,-30.750546683445343,-145.4342072700419,0.0422276870850534,0.5941894919928417,0.7076629070212147,-0.3799590505238941
img_001517.jpg,0.012054,-0.055488,1.026235,70.23252266509216,-30.822131972708856,-145.321821678304,0.0422239840390616,0.5941370581199713,0.7071826322670592,-0.3809343984995946
img_001518.jpg,0.012029,-0.055557,1.026581,70.20815672297762,-30.89368443395005,-145.2093121267098,0.0422202337682129,0.5940839812331652,0.7067014327926917,-0.3819093609633919
img_001519.jpg,0.012005,-0.055625,1.026928,70.1835931683153,-30.96517013702526,-145.096705029728,0.0422164223757819,0.5940300762344679,0.7062196339785297,-0.3828836256539227
img_001520.jpg,0.01198,-0.055693,1.027274,70.15888007729033,-31.036628362020725,-144.9839666247193,0.0422124916320825,0.5939756850190998,0.7057367453718723,-0.3838575743530661
img_001521.jpg,0.011955,-0.055761,1.02762,70.13398195740571,-31.10802710990591,-144.87111148359247,0.0422084163467041,0.5939205605750968,0.705253103772389,-0.3848309719020522
img_001522.jpg,0.011931,-0.05583,1.027966,70.10886642082357,-31.179403436164662,-144.75812006103763,0.0422044662740755,0.5938645427877488,0.7047686891595815,-0.3858040728482576
img_001523.jpg,0.011906,-0.055898,1.028312,70.08358378781588,-31.25073127932328,-144.6450256925819,0.0422004674929377,0.5938079108783647,0.7042834377702425,-0.3867765825436934
img_001524.jpg,0.011882,-0.055966,1.028659,70.05810590086479,-31.322021501289857,-144.53179621705556,0.0421964276863839,0.5937505147275247,0.7037973507903484,-0.3877487289106109
img_001525.jpg,0.011857,-0.056035,1.029004,70.03245697396699,-31.3932782145662,-144.41844587759024,0.0421923712945395,0.5936925037511774,0.7033103363802818,-0.3887204465099009
img_001526.jpg,0.011833,-0.056103,1.029351,70.00663109673008,-31.464478420665785,-144.30497333467957,0.0421881547826469,0.5936338258684496,0.702822496231138,-0.3896916462695278
img_001527.jpg,0.011808,-0.056171,1.029697,69.98061290912347,-31.535614798057217,-144.19139434482315,0.0421838647878906,0.5935743773618037,0.7023339877188031,-0.3906621939554784
img_001528.jpg,0.011784,-0.056239,1.030043,69.95442116918126,-31.606735115027835,-144.077662591844,0.042179534029909,0.5935143319522447,0.7018443962718031,-0.3916325677189895
img_001529.jpg,0.011759,-0.056308,1.030389,69.92802705712386,-31.677810811896958,-143.96382565416104,0.0421753123181216,0.5934534747742369,0.7013541277063433,-0.3926023482590584
img_001530.jpg,0.011716,-0.056433,1.030759,69.90144843311072,-31.74883413954224,-143.8498605391983,0.0421709695198939,0.5933919198031258,0.7008630363978617,-0.3935716491990783
img_001531.jpg,0.011691,-0.056501,1.031105,69.87469090176053,-31.819809500487214,-143.73575631858722,0.0421664642374287,0.5933297114255572,0.7003710403917192,-0.3945405538268526
img_001532.jpg,0.011667,-0.056569,1.031451,69.84772031551296,-31.890743390715965,-143.62153384979516,0.0421620712437504,0.5932666412974066,0.6998783657134888,-0.3955089446249572
img_001533.jpg,0.011642,-0.056637,1.031797,69.82056723854117,-31.96162537942923,-143.50718769135068,0.0421575884878707,0.5932028920625048,0.6993848699624797,-0.3964768218309019
img_001534.jpg,0.011617,-0.056706,1.032143,69.7932825397642,-32.032449560987374,-143.39272050782682,0.0421528159441703,0.5931387703700554,0.698890318651138,-0.3974441617228594
img_001535.jpg,0.011593,-0.056774,1.032489,69.76574668672346,-32.103254910235506,-143.27810006455513,0.0421482762369802,0.5930735946676639,0.6983950861415344,-0.3984112671242937
img_001536.jpg,0.011568,-0.056842,1.032835,69.73806058902692,-32.17400029499656,-143.16335417437347,0.0421434806660379,0.5930079376170345,0.6978988848888329,-0.3993778404361791
img_001537.jpg,0.011543,-0.056911,1.033182,69.71016019196828,-32.24469178155044,-143.04850158182205,0.0421387951631762,0.5929414096538108,0.697402090980561,-0.4003437649769115
img_001538.jpg,0.011519,-0.056979,1.033528,69.68207090434711,-32.31535580688505,-142.93349520992393,0.042134075762627,0.5928742084799516,0.6969043179289623,-0.4013094370069906
img_001539.jpg,0.011494,-0.057047,1.033874,69.65380138804267,-32.3859578781576,-142.8183601775091,0.0421291857216807,0.5928063501620843,0.6964057253527945,-0.4022745686888304
img_001540.jpg,0.01147,-0.057115,1.03422,69.62533228382374,-32.4565157185356,-142.7031083420541,0.0421243815644294,0.5927377306678829,0.6959063941161555,-0.4032391470935734
img_001541.jpg,0.011445,-0.057184,1.034566,69.59665931580655,-32.52704539964207,-142.58770096611923,0.0421195940391072,0.5926683553116194,0.6954061541079906,-0.4042034651495884
img_001542.jpg,0.011421,-0.057252,1.034912,69.56784714323128,-32.59749147469941,-142.47218796756127,0.0421144708635821,0.592598551593225,0.6949050365411658,-0.4051670250442563
img_001543.jpg,0.011396,-0.05732,1.035259,69.53879333987553,-32.6679117467111,-142.35653327419865,0.0421095935715437,0.5925277652627186,0.6944032447163868,-0.4061302294207636
img_001544.jpg,0.011371,-0.057389,1.035605,69.50953880725444,-32.73827711384759,-142.2407316506051,0.042104592342071,0.5924562233768477,0.6939006476613373,-0.4070930088578374
img_001545.jpg,0.011347,-0.057457,1.035951,69.48014080319527,-32.80858547706673,-142.12481752012812,0.0420994307848249,0.5923842605473468,0.6933970783321259,-0.4080551648292646
img_001546.jpg,0.011322,-0.057525,1.036297,69.45054378328015,-32.87883640482283,-142.00875617261167,0.0420941273902603,0.5923115551886576,0.692892701565576,-0.4090168824711323
img_001547.jpg,0.011297,-0.057593,1.036644,69.42074544552352,-32.94905038708624,-141.89256162309948,0.042088909593504,0.5922381096067919,0.6923875072892608,-0.4099781518183224
img_001548.jpg,0.011273,-0.057662,1.03699,69.3907538897846,-33.01921220029908,-141.77623100576457,0.0420836316718518,0.592163962751532,0.6918814955006284,-0.4109389314089433
img_001549.jpg,0.011248,-0.05773,1.037336,69.36053945209035,-33.08933176240378,-141.65975643585767,0.042078432484516,0.5920889503576998,0.6913747558332634,-0.4118992927651839
img_001550.jpg,0.011224,-0.057798,1.037682,69.3301298051655,-33.15938764296197,-141.5431565526082,0.0420731641024594,0.5920132157268838,0.6908672863737252,-0.4128590484484103
img_001551.jpg,0.011199,-0.057866,1.038028,69.29956165277459,-33.22938457008887,-141.4264040675444,0.042067589874598,0.5919369969413942,0.6903587822704745,-0.4138183916601267
img_001552.jpg,0.011174,-0.057935,1.038374,69.26880443334802,-33.299330678849216,-141.30952454810603,0.0420620121741086,0.5918601103760395,0.6898494644871564,-0.4147771850334961
img_001553.jpg,0.01115,-0.058003,1.038721,69.23781460851323,-33.369247103164035,-141.19249749046708,0.0420566339606316,0.5917823242208666,0.6893394086108555,-0.4157356131193074
img_001554.jpg,0.011125,-0.058071,1.039067,69.20665689799944,-33.43909730305581,-141.0753406433781,0.0420510620609707,0.591703989916462,0.6888284724870879,-0.4166934508575686
img_001555.jpg,0.011101,-0.05814,1.039413,69.17529887620972,-33.508870276241055,-140.958062503704,0.0420453851724809,0.591624901242584,0.6883168933053374,-0.4176505910517659
img_001556.jpg,0.011076,-0.058208,1.039759,69.1437192241233,-33.57862868861342,-140.84060427440147,0.0420398178906988,0.591545014253601,0.6878043445096316,-0.4186076128035656
img_001557.jpg,0.011052,-0.058276,1.040105,69.11196726071891,-33.64830814588704,-140.723021372654,0.0420340220900731,0.5914645460765746,0.6872910005508419,-0.4195639549379634
img_001558.jpg,0.011027,-0.058344,1.040451,69.08000327441133,-33.71796025470571,-140.60530013662876,0.0420284355255269,0.5913833156985395,0.6867768328862349,-0.4205198762620273
img_001559.jpg,0.011002,-0.058413,1.040797,69.04785565763105,-33.787526021839504,-140.48743564555355,0.0420225220669924,0.5913014409236872,0.686261886044014,-0.4214751918725622
img_001560.jpg,0.010978,-0.058481,1.041144,69.01551265615333,-33.857044525662054,-140.36942081986965,0.0420165641431873,0.5912188943026648,0.6857460549204631,-0.4224300835856237
img_001561.jpg,0.010953,-0.058549,1.04149,68.9829607905601,-33.926500336780784,-140.25128655923973,0.0420106674783998,0.5911355715765046,0.6852295774026386,-0.4233843007098161
img_001562.jpg,0.010929,-0.058618,1.041836,68.95018707300119,-33.995929368644134,-140.1329833309748,0.0420048788161644,0.5910514515748444,0.6847122082384244,-0.4243382655808562
img_001563.jpg,0.010904,-0.058686,1.042182,68.9172656908089,-34.0652753445543,-140.0145451149564,0.0419987109758012,0.5909669124312149,0.6841938912345122,-0.4252915892482055
img_001564.jpg,0.010879,-0.058754,1.042528,68.88410382552281,-34.13457479559947,-139.89596046738802,0.0419927071240533,0.5908814426968146,0.6836749310696284,-0.4262444390861459
img_001565.jpg,0.010855,-0.058822,1.042875,68.85073747540552,-34.203812069675685,-139.77722334566263,0.0419865979718323,0.5907952469820033,0.683155175057011,-0.4271968030393603
img_001566.jpg,0.01083,-0.058891,1.043221,68.81718864525303,-34.27299974886071,-139.65833295589135,0.041980388881251,0.5907084721183542,0.6826344605141551,-0.4281487372812477
img_001567.jpg,0.010805,-0.058959,1.043567,68.78344764830439,-34.34212384797679,-139.53932533976766,0.0419742081157178,0.5906210357343746,0.6821130219855405,-0.4290999688171351
img_001568.jpg,0.010781,-0.059027,1.043913,68.74949624071061,-34.411189608976315,-139.42014085836368,0.0419678569859069,0.5905328590931861,0.6815907108010365,-0.4300508624116169
img_001569.jpg,0.010756,-0.059096,1.044259,68.71531730200333,-34.48018846337304,-139.30083139712082,0.04196161189294,0.5904438155876384,0.6810678400238299,-0.4310010684985969
img_001570.jpg,0.010732,-0.059164,1.044605,68.68098565262889,-34.54913767850278,-139.1813677359207,0.0419551650083596,0.590354381076209,0.6805438510813617,-0.4319508486258561
img_001571.jpg,0.010707,-0.059232,1.044951,68.64639481528711,-34.61805449835165,-139.06172565631888,0.0419489165951821,0.5902639526827336,0.6800191370327563,-0.4329003670927887
img_001572.jpg,0.010682,-0.0593,1.045298,68.61166798195653,-34.686856456531714,-138.94198002007977,0.0419422174594379,0.5901731517635924,0.6794936464088431,-0.4338489205034708
img_001573.jpg,0.010658,-0.059369,1.045644,68.57667511345903,-34.75564210161422,-138.82205928977808,0.041935880584495,0.5900813380452123,0.6789674178839936,-0.434797242243229
img_001574.jpg,0.010633,-0.059437,1.04599,68.54150739417898,-34.82433368865363,-138.70198294777572,0.041929124219513,0.5899889669735382,0.6784403391920104,-0.4357449638822138
img_001575.jpg,0.010609,-0.059505,1.046336,68.50611025155528,-34.89300502451664,-138.5817547693681,0.0419226926000874,0.5898957941558413,0.6779124339763898,-0.4366923078583075
img_001576.jpg,0.010584,-0.059574,1.046682,68.47054900375096,-34.961578721338434,-138.46140156371794,0.0419159404696266,0.5898021176178238,0.6773837520926328,-0.437638856123384
img_001577.jpg,0.010541,-0.059698,1.047052,68.43471679645099,-35.03011279288384,-138.34085036777518,0.0419093078939809,0.5897073964795959,0.6768543506743004,-0.4385852077104007
img_001578.jpg,0.010516,-0.059767,1.047398,68.3987527227877,-35.09857262846322,-138.22019226920543,0.0419024950163169,0.5896123853807442,0.6763239890203264,-0.4395307472665247
img_001579.jpg,0.010491,-0.059835,1.047744,68.36257459445224,-35.166960978311955,-138.09936646801333,0.0418955262031397,0.5895166264650369,0.6757928468876548,-0.4404758110281686
img_001580.jpg,0.010467,-0.059903,1.04809,68.3261472891803,-35.23530386699598,-137.97836580170497,0.0418886852183844,0.5894199463964966,0.6752609797480367,-0.4414205184065956
img_001581.jpg,0.010443,-0.059972,1.048436,68.28953957746094,-35.30358939481569,-137.85722916177806,0.0418818289543553,0.5893227266875414,0.6747282266279132,-0.4423646192956109
img_001582.jpg,0.010418,-0.06004,1.048782,68.25271559497976,-35.371790982010126,-137.73593193817314,0.0418747880610931,0.5892247388588534,0.6741947755078548,-0.4433081478153405
img_001583.jpg,0.010393,-0.060108,1.049129,68.21568806918934,-35.43993819876207,-137.61447287076777,0.041867716692104,0.589126093377553,0.6736604451328906,-0.4442512184159408
img_001584.jpg,0.010369,-0.060176,1.049475,68.1784282960208,-35.50802355384664,-137.49286760954735,0.0418607586579315,0.5890266106272657,0.673125470803086,-0.4451936987578122
img_001585.jpg,0.010344,-0.060245,1.049821,68.1409902114074,-35.5760487805809,-137.3710896936905,0.0418535846531248,0.5889266220491813,0.6725894651945787,-0.4461357670067432
img_001586.jpg,0.010319,-0.060313,1.050167,68.10330440495453,-35.64399066002137,-137.24915131448202,0.0418463699863062,0.5888256927500856,0.6720529185988106,-0.4470772410659835
img_001587.jpg,0.010295,-0.060381,1.050514,68.06547388235957,-35.711878428559615,-137.1270846740933,0.0418390857422842,0.5887244505344553,0.6715153171462271,-0.4480180700431125
img_001588.jpg,0.01027,-0.06045,1.050859,68.02734382241194,-35.77973472007071,-137.00481402569116,0.0418321091936954,0.5886220442317276,0.6709770739300696,-0.4489587174174381
img_001589.jpg,0.010246,-0.060518,1.051206,67.98905630963579,-35.84748843685127,-136.88240205952553,0.0418247164073403,0.5885192064498799,0.6704379710615037,-0.44989861490783
img_001590.jpg,0.010221,-0.060586,1.051552,67.95057388934895,-35.91516366486037,-136.75984101930405,0.041817185154437,0.5884157500516325,0.6698980797898771,-0.4508378764154245
img_001591.jpg,0.010197,-0.060654,1.051898,67.91185395541645,-35.98280037923996,-136.63712460550315,0.0418099327065554,0.5883114767136635,0.6693574422880432,-0.4517766598084395
img_001592.jpg,0.010172,-0.060723,1.052244,67.87290927864737,-36.05038822177191,-136.51422547061435,0.0418027008964337,0.5882064628303404,0.6688159230007473,-0.4527150896789738
img_001593.jpg,0.010147,-0.060791,1.05259,67.83375984887967,-36.117858691796485,-136.39115656080048,0.0417950051808967,0.5881007445172749,0.6682737294474016,-0.4536528566763546
img_001594.jpg,0.010123,-0.060859,1.052937,67.79442162899217,-36.185275932433065,-136.26796276942326,0.0417874625396512,0.587994474913966,0.6677307134434713,-0.4545899248437206
img_001595.jpg,0.010098,-0.060928,1.053283,67.75483234129459,-36.25264384027103,-136.14455419019265,0.0417798897771986,0.5878873316253189,0.6671868221266536,-0.4555268054738433
img_001596.jpg,0.010073,-0.060996,1.053629,67.7150878216205,-36.319920827975565,-136.0210338386219,0.0417721495725961,0.5877797896567559,0.6666421307632457,-0.4564627869636079
img_001597.jpg,0.010049,-0.061064,1.053975,67.67503896430472,-36.38715382142284,-135.8973126075224,0.0417647088863773,0.5876710718483511,0.6660968696816084,-0.4573984921319798
img_001598.jpg,0.010024,-0.061132,1.054321,67.63486416652285,-36.45428425368366,-135.7734519338935,0.0417567684523544,0.587562127242538,0.6655505921908131,-0.4583334246518554
img_001599.jpg,0.01,-0.061201,1.054667,67.59439723593829,-36.52135785357262,-135.64939588764162,0.0417490274030233,0.5874520673451361,0.665003751067854,-0.4592680027484068
img_001600.jpg,0.009975,-0.061269,1.055013,67.55377091810874,-36.58836747777906,-135.5251865666456,0.0417411248253984,0.587341642303204,0.6644558604827241,-0.4602020025869601
img_001601.jpg,0.00995,-0.061337,1.05536,67.5129094282681,-36.65528966652771,-135.40081054956642,0.0417331365519438,0.5872303920122174,0.6639073448333658,-0.4611353917094464
img_001602.jpg,0.009926,-0.061405,1.055706,67.47186665336459,-36.72215154317875,-135.27629261491344,0.0417251653801233,0.587118655143175,0.6633579226058741,-0.4620681355307785
img_001603.jpg,0.009901,-0.061474,1.056052,67.43057819299491,-36.78892883929348,-135.1515793806417,0.041717032576699,0.5870060518418925,0.662807801648458,-0.4630004345223948
img_001604.jpg,0.009876,-0.061542,1.056398,67.38905656360063,-36.85564343107285,-135.0267167463828,0.0417090795148022,0.5868926676106619,0.6622570175592966,-0.4639320985708302
img_001605.jpg,0.009852,-0.06161,1.056744,67.34731555227715,-36.922307860562185,-134.9016424285039,0.0417010229536813,0.5867786235119719,0.6617051977856803,-0.4648635314771699
img_001606.jpg,0.009827,-0.061679,1.057091,67.30538092025901,-36.988875475321706,-134.7764393292045,0.0416928626909169,0.5866639839329919,0.6611527266283416,-0.4657941039004422
img_001607.jpg,0.009803,-0.061747,1.057437,67.26319003439444,-37.05537119390759,-134.6510372720492,0.0416846712254273,0.5865484464245729,0.6605995424762617,-0.4667242790576698
img_001608.jpg,0.009778,-0.061815,1.057783,67.22086954231264,-37.12178117019806,-134.52550082728587,0.0416761710838537,0.5864327033303836,0.6600453131057256,-0.467653681558878
img_001609.jpg,0.009754,-0.061883,1.058129,67.17822302226402,-37.188143406940384,-134.3997534408078,0.0416680396994877,0.5863157010911748,0.6594905824634861,-0.4685828045965171
img_001610.jpg,0.009729,-0.061952,1.058475,67.13539040764502,-37.25441991479556,-134.2738416292898,0.0416596845797387,0.5861981847415854,0.6589349714694707,-0.4695113015262944
img_001611.jpg,0.009704,-0.06202,1.058821,67.09236427748434,-37.32062060673836,-134.1477811951281,0.0416512892065224,0.586080120746936,0.6583785437471901,-0.4704391090311484
img_001612.jpg,0.00968,-0.062088,1.059168,67.04909665146238,-37.386737805214366,-134.02152904768252,0.041642780699953,0.5859612422075644,0.657821397417729,-0.4713664291668742
img_001613.jpg,0.009655,-0.062157,1.059514,67.00559983771453,-37.45279315480411,-133.89509739319473,0.0416343258300217,0.585841646067039,0.6572634334874266,-0.4722932644517187
img_001614.jpg,0.009631,-0.062225,1.05986,66.96189899662626,-37.518771226299286,-133.76848615563088,0.0416257174909881,0.5857214601703833,0.6567045826023569,-0.4732195705254579
img_001615.jpg,0.009606,-0.062293,1.060206,66.91795488626676,-37.5846698596203,-133.64171771224414,0.0416172211670652,0.5856004516647586,0.6561451455391744,-0.4741451949537587
img_001616.jpg,0.009581,-0.062362,1.060552,66.8738004424147,-37.6504753608442,-133.51476850809416,0.0416084894868128,0.585478803102926,0.6555849101112008,-0.475070237285267
img_001617.jpg,0.009557,-0.06243,1.060899,66.8294309402063,-37.716227066106434,-133.3876257512549,0.041599753852495,0.5853565458378045,0.655023690866407,-0.4759948940146267
img_001618.jpg,0.009532,-0.062498,1.061245,66.78479288629187,-37.781891807997496,-133.26031003233626,0.0415911157317616,0.5852333269014038,0.6544619766168508,-0.4769189169438199
img_001619.jpg,0.009508,-0.062566,1.061591,66.73997783411954,-37.8474781315686,-133.1328413256072,0.0415823599570244,0.5851096762412022,0.6538993484930283,-0.4778422502769226
img_001620.jpg,0.009483,-0.062634,1.061937,66.69492965204127,-37.91297801616443,-133.00517157089445,0.0415734229837365,0.5849852830372045,0.6533359240725944,-0.4787651192886819
img_001621.jpg,0.009458,-0.062703,1.062283,66.64967190358308,-37.9784099832758,-132.87733804550766,0.0415645295309913,0.5848602955861925,0.6527716640007903,-0.4796873765374049
img_001622.jpg,0.009434,-0.062771,1.062629,66.60412662979428,-38.04376040599308,-132.74931229632844,0.0415557705304065,0.58473426538512,0.6522069005068316,-0.4806091091015859
img_001623.jpg,0.009391,-0.062896,1.062998,66.55838402433541,-38.10902631891489,-132.6210903293332,0.0415467317608982,0.5846077067466047,0.6516411671901948,-0.4815303599104261
img_001624.jpg,0.009366,-0.062964,1.063345,66.51244362059519,-38.17421261295509,-132.49270897442295,0.0415376405772679,0.5844806127964608,0.6510746008225834,-0.4824509320584439
img_001625.jpg,0.009341,-0.063033,1.063691,66.46625675837349,-38.239325652862455,-132.36415181008746,0.0415286661379394,0.5843527245193785,0.650507354461926,-0.4833709186810155
img_001626.jpg,0.009317,-0.063101,1.064037,66.41984956676329,-38.30434143946231,-132.23539924439902,0.0415194362037982,0.5842241681159885,0.6499393075802424,-0.4842903615276839
img_001627.jpg,0.009292,-0.063169,1.064383,66.37320847534326,-38.3692812175718,-132.10646489704854,0.0415102292436538,0.5840948934003805,0.649370500637837,-0.4852092427737776
img_001628.jpg,0.009267,-0.063238,1.064729,66.3263495500515,-38.43413670853131,-131.97736034976688,0.0415009830308899,0.5839649790592079,0.6488009332736788,-0.486127473635313
img_001629.jpg,0.009243,-0.063306,1.065076,66.27926556170779,-38.49890349680332,-131.84807688684114,0.0414916571842989,0.5838343841455041,0.6482306226028075,-0.4870450843541252
img_001630.jpg,0.009219,-0.063374,1.065422,66.23190515901271,-38.56361253598318,-131.71856008510898,0.0414824121031779,0.5837028838961547,0.6476594726568792,-0.4879624578748118
img_001631.jpg,0.009194,-0.063442,1.065768,66.18431413573458,-38.62823204504375,-131.58888918869667,0.0414732409543138,0.5835706682734473,0.647087714294127,-0.4888790601214474
img_001632.jpg,0.009169,-0.063511,1.066114,66.13655891388554,-38.692732555998205,-131.4590658102036,0.0414636677459222,0.5834380732167864,0.6465151356781131,-0.4897948124646183
img_001633.jpg,0.009144,-0.063579,1.06646,66.08854421758149,-38.757189269698365,-131.32900433279883,0.0414541890245681,0.5833046996879979,0.6459415505090538,-0.4907103940820587
img_001634.jpg,0.00912,-0.063647,1.066807,66.04032262718687,-38.82153013905595,-131.19879501875468,0.0414445437938945,0.5831707137774819,0.6453673685064247,-0.4916250889133619
img_001635.jpg,0.009095,-0.063715,1.067153,65.99180177856914,-38.88581366637988,-131.06837774839695,0.0414352326024327,0.5830357025879545,0.6447925635781159,-0.4925393801122039
img_001636.jpg,0.009071,-0.063784,1.067499,65.94311284235674,-38.94998526391221,-130.9377898764565,0.0414255078787448,0.5829003169009839,0.6442168498937911,-0.4934529340946726
img_001637.jpg,0.009046,-0.063852,1.067845,65.89417207294181,-39.014076730896925,-130.80698097706565,0.0414156977542632,0.5827641516880886,0.643640306093456,-0.4943660990184423
img_001638.jpg,0.009022,-0.06392,1.068191,65.84497666061756,-39.07810481854515,-130.6760048327803,0.0414062088474137,0.5826271993454808,0.6430631085131624,-0.4952786194871675
img_001639.jpg,0.008997,-0.063989,1.068537,65.79557236219851,-39.14201189610208,-130.5448421820112,0.0413963501267698,0.5824896439544935,0.6424851764150891,-0.4961904422384827
img_001640.jpg,0.008972,-0.064057,1.068884,65.74594237153953,-39.20582955273214,-130.41349338277715,0.0413864191141334,0.5823514391501388,0.6419064669907464,-0.4971016528519385
img_001641.jpg,0.008948,-0.064125,1.06923,65.69603376025847,-39.269581687801626,-130.2819189938626,0.0413766152412448,0.582212340762445,0.6413269787748072,-0.4980125222026759
img_001642.jpg,0.008923,-0.064194,1.069576,65.64593922244688,-39.33323475074179,-130.15019275743902,0.0413666823201425,0.5820727954919233,0.6407466977517657,-0.4989225667999492
img_001643.jpg,0.008899,-0.064262,1.069922,65.59561525677672,-39.39680603917194,-130.0182654749514,0.0413566831775426,0.581932605698845,0.6401655593357364,-0.4998320956295912
img_001644.jpg,0.008874,-0.06433,1.070268,65.5450438687113,-39.46027394419514,-129.88615143576263,0.0413466233799532,0.5817916369472795,0.6395838052636621,-0.5007409549435069
img_001645.jpg,0.008849,-0.064398,1.070614,65.49418771899857,-39.52366199280967,-129.75381087407882,0.0413366322092761,0.5816497333384605,0.6390013531554599,-0.5016494206219958
img_001646.jpg,0.008825,-0.064467,1.070961,65.44314148771156,-39.58695594879959,-129.62129983333028,0.0413264857308071,0.5815073849025076,0.6384180251716534,-0.5025571689041104
img_001647.jpg,0.0088,-0.064535,1.071307,65.39186957562625,-39.65016448756516,-129.48860296197552,0.0413163257192667,0.5813644143563316,0.6378338983721702,-0.5034642956918983
img_001648.jpg,0.008776,-0.064603,1.071653,65.34033176114988,-39.71327672720692,-129.35570296743248,0.0413061700952296,0.5812205908712361,0.6372491450295927,-0.5043708479069822
img_001649.jpg,0.008751,-0.064671,1.071999,65.2885811765834,-39.77629891368564,-129.22261132573357,0.0412958910864238,0.5810762183931768,0.6366635192044704,-0.5052767965298252
img_001650.jpg,0.008726,-0.06474,1.072345,65.23657558317383,-39.839221960391406,-129.08930887379856,0.0412855188783565,0.5809310582646077,0.6360771874122364,-0.5061822034882761
img_001651.jpg,0.008702,-0.064808,1.072691,65.18432372213279,-39.902054616587655,-128.9558111423937,0.0412751589109643,0.580785169944656,0.6354901363707983,-0.5070870085149648
img_001652.jpg,0.008677,-0.064876,1.073038,65.13186257633132,-39.96478261150713,-128.82214435173492,0.0412646857394319,0.580638730205052,0.6349023534947932,-0.5079910355739197
img_001653.jpg,0.008652,-0.064945,1.073384,65.0791336384077,-40.02742318938311,-128.68826036456247,0.0412542383259986,0.5804914615303378,0.6343138493511239,-0.5088945779155774
img_001654.jpg,0.008628,-0.065013,1.07373,65.02620984055066,-40.0899671057151,-128.55419525456384,0.0412436159442015,0.5803437435699601,0.6337244521196918,-0.5097974325441903
img_001655.jpg,0.008603,-0.065081,1.074076,64.97301225534923,-40.15243124780945,-128.41989554114747,0.0412330197302324,0.5801951881459587,0.6331342519765648,-0.5106999125810358
img_001656.jpg,0.008579,-0.065149,1.074422,64.91954627135966,-40.21479294398255,-128.28542865165497,0.0412226151873992,0.5800457691357828,0.6325436156276459,-0.5116015793891713
img_001657.jpg,0.008554,-0.065218,1.074768,64.8658609001436,-40.277046359013205,-128.1507330840332,0.0412118363679282,0.5798957731120222,0.6319520443167363,-0.512502771264596
img_001658.jpg,0.00853,-0.065286,1.075114,64.81198627514598,-40.339212218498496,-128.0158659305406,0.041200984569422,0.579745380792136,0.6313595528396896,-0.5134032405027833
img_001659.jpg,0.008505,-0.065354,1.075461,64.75778166912421,-40.401290143301495,-127.8807762213714,0.0411904339593665,0.5795938377176985,0.630766625599345,-0.5143032135422889
img_001660.jpg,0.00848,-0.065423,1.075807,64.70340578020745,-40.46325968432787,-127.7455047250602,0.0411795421387713,0.5794419739428881,0.63017272771456,-0.5152024625205138
img_001661.jpg,0.008456,-0.065491,1.076153,64.64873481140877,-40.52512210618508,-127.61000361079056,0.0411686362573741,0.5792891302350454,0.6295782642133712,-0.5161012073327393
img_001662.jpg,0.008431,-0.065559,1.076499,64.59384041173978,-40.58690395055884,-127.4743135556932,0.0411577880336763,0.579135731674338,0.6289829425816245,-0.5169993217825004
img_001663.jpg,0.008407,-0.065627,1.076845,64.53869013075844,-40.64858733643861,-127.33840579293016,0.0411468788652003,0.5789815848421762,0.628386871628685,-0.5178968993322985
img_001664.jpg,0.008382,-0.065696,1.077191,64.48335539712438,-40.710143963969934,-127.20233456134642,0.0411356682681422,0.5788270188094982,0.6277900547424682,-0.5187935873338171
img_001665.jpg,0.008357,-0.065764,1.077538,64.42770024928583,-40.7716329402747,-127.06601540452652,0.041124758121438,0.5786714178031451,0.6271925451891162,-0.519689961175266
img_001666.jpg,0.008333,-0.065832,1.077884,64.37186585979276,-40.83300816029292,-126.92952821220022,0.0411135977642704,0.5785154543694742,0.6265941863622875,-0.5205855037854411
img_001667.jpg,0.008308,-0.0659,1.07823,64.31572632150333,-40.89429536515265,-126.79281005087527,0.0411026232943233,0.5783585074337148,0.6259952181334304,-0.5214805826792109
img_001668.jpg,0.008284,-0.065969,1.078576,64.25939808754086,-40.955461540693335,-126.65590929358264,0.0410913254905919,0.5782011447672393,0.6253954120895542,-0.5223748823370215
img_001669.jpg,0.008259,-0.066037,1.078923,64.20280953504326,-41.01651761174016,-126.51879207481012,0.0410799391294923,0.5780430078675051,0.6247949283713956,-0.5232685898637404
img_001670.jpg,0.008216,-0.066162,1.079292,64.14592479513475,-41.07750568567956,-126.38144739763042,0.0410688687292978,0.5778839787582857,0.624193716502948,-0.5241618637348832
img_001671.jpg,0.008191,-0.06623,1.079638,64.08884484121162,-41.13836694878032,-126.24390873638173,0.0410574193914728,0.5777245007206145,0.6235916701703638,-0.5250543957288287
img_001672.jpg,0.008167,-0.066299,1.079984,64.0315068862729,-41.199121389446034,-126.10615586026924,0.0410459186837689,0.5775642750355139,0.6229889272813909,-0.5259463254428999
img_001673.jpg,0.008142,-0.066367,1.08033,63.9738846965622,-41.25979424351939,-125.96817774008989,0.0410346107398231,0.577403209052997,0.6223854599603367,-0.5268377683183815
img_001674.jpg,0.008117,-0.066435,1.080676,63.91606271225482,-41.32035194917073,-125.83001992118854,0.0410231094751233,0.5772416915808711,0.6217811948086281,-0.5277284147856747
img_001675.jpg,0.008093,-0.066503,1.081022,63.85794324689192,-41.38079675077623,-125.69163458004272,0.0410116433857933,0.5770792160316865,0.6211763935658774,-0.5286184934407241
img_001676.jpg,0.008068,-0.066572,1.081369,63.79965616412331,-41.44112863160142,-125.55307228137808,0.0409998725066785,0.5769164711401803,0.6205706346428095,-0.5295077744477587
img_001677.jpg,0.008044,-0.06664,1.081715,63.741072113621634,-41.50138259267276,-125.4142842204275,0.0409883940808016,0.5767528365324129,0.6199641925779978,-0.5303965658105301
img_001678.jpg,0.008019,-0.066708,1.082061,63.682248186748055,-41.56151032676661,-125.2752715310251,0.0409766210109353,0.5765885409697151,0.6193569917751032,-0.5312847519854453
img_001679.jpg,0.007995,-0.066777,1.082407,63.62311759028047,-41.62154097097742,-125.13602854224848,0.0409650404854067,0.5764232789557746,0.6187492150471847,-0.5321724136164849
img_001680.jpg,0.00797,-0.066845,1.082753,63.56382595604853,-41.68146688245117,-124.99661424326229,0.0409532247266686,0.5762578057149542,0.6181404356533913,-0.5330592617592427
img_001681.jpg,0.007945,-0.066913,1.083099,63.50423062735138,-41.741262694558,-124.8569686408912,0.0409413639028718,0.5760913309106632,0.6175312013380408,-0.5339455014749627
img_001682.jpg,0.007921,-0.066981,1.083446,63.444399386401685,-41.8009646121907,-124.71711557139584,0.0409295171729248,0.5759242781886933,0.6169211244012113,-0.5348311197792899
img_001683.jpg,0.007896,-0.06705,1.083792,63.38433124329128,-41.86054107032762,-124.57703591142682,0.0409173792568221,0.5757565960877545,0.616310256346092,-0.5357161357088379
img_001684.jpg,0.007872,-0.067118,1.084138,63.32396350292001,-41.920030063921104,-124.4367341497208,0.0409055326848664,0.5755880162133051,0.615698767017622,-0.5366005975400878
img_001685.jpg,0.007847,-0.067186,1.084484,63.26336278426965,-41.979408578135576,-124.29624569110592,0.0408936895026429,0.5754188465307906,0.6150865863016997,-0.5374842775074986
img_001686.jpg,0.007822,-0.067254,1.084831,63.20254321975695,-42.03866604414923,-124.15553363075266,0.0408815290296798,0.5752491595947103,0.6144735155943958,-0.5383673500527673
img_001687.jpg,0.007798,-0.067323,1.085176,63.14141931680596,-42.09781584472397,-124.01456847124886,0.0408694016016985,0.5750785342679908,0.6138597858623076,-0.5392499742586736
img_001688.jpg,0.007773,-0.067391,1.085523,63.08008252523633,-42.15684876861599,-123.87342867580048,0.0408572120993298,0.5749074190671912,0.613245346153316,-0.5401317368404405
img_001689.jpg,0.007748,-0.067459,1.085869,63.01850424683537,-42.21577275833812,-123.73207701808036,0.0408449669604582,0.5747356910061475,0.6126301296182984,-0.5410128449875771
img_001690.jpg,0.007724,-0.067528,1.086215,62.95663331798627,-42.274592929504536,-123.59049669391118,0.0408328633007569,0.574563094983022,0.6120142900220092,-0.5418933806267138
img_001691.jpg,0.007699,-0.067596,1.086561,62.89452465587436,-42.33329071895245,-123.44868579730068,0.0408205088765511,0.5743898942490256,0.6113976227268351,-0.5427733250295443
img_001692.jpg,0.007675,-0.067664,1.086907,62.832171701870514,-42.39186728863702,-123.30666575724896,0.0408080543749976,0.5742160507523679,0.6107802560240135,-0.543652562403344
img_001693.jpg,0.00765,-0.067733,1.087253,62.76950998650095,-42.450350556623206,-123.16440531588012,0.0407958461657568,0.5740412867366602,0.6101622411279257,-0.5445313026439216
img_001694.jpg,0.007625,-0.067801,1.0876,62.7066699039144,-42.50869441294702,-123.02195701445156,0.0407832148186353,0.5738661953189105,0.6095433755596942,-0.545409197365197
img_001695.jpg,0.007601,-0.067869,1.087946,62.64349727555491,-42.56693892853112,-122.87925661558717,0.0407708524270016,0.5736900561943854,0.6089239490998067,-0.5462866291872378
img_001696.jpg,0.007576,-0.067937,1.088292,62.5801241799548,-42.62506736096922,-122.73637267372584,0.0407583624747001,0.5735135190820644,0.6083036993652534,-0.5471632376695597
img_001697.jpg,0.007552,-0.068005,1.088638,62.51650891600391,-42.68306960579946,-122.59324672410828,0.0407455853542311,0.5733363664654999,0.6076825999440628,-0.5480392922843245
img_001698.jpg,0.007527,-0.068074,1.088984,62.45259610456022,-42.740956631258136,-122.44989039210188,0.0407329243110365,0.5731583240267174,0.6070609337634976,-0.5489147357961399
img_001699.jpg,0.007502,-0.068142,1.089331,62.38843113780506,-42.79873190399923,-122.30633030331752,0.0407203240335149,0.5729796326793843,0.6064385847805641,-0.5497894493663459
img_001700.jpg,0.007478,-0.06821,1.089677,62.32403047449938,-42.856383256458685,-122.16254825252956,0.0407075349786194,0.5728003654674317,0.6058154362945452,-0.5506635043868361
img_001701.jpg,0.007453,-0.068279,1.090023,62.259339072552514,-42.91393529353228,-122.01853181800996,0.0406949333386792,0.5726202858019533,0.605191593780599,-0.5515370028438238
img_001702.jpg,0.007428,-0.068347,1.090369,62.1944289535651,-42.97134332180483,-121.8743108900136,0.0406820190107869,0.5724396804141123,0.6045670377439297,-0.5524097052823427
img_001703.jpg,0.007404,-0.068415,1.090715,62.12919851710715,-43.02863775196497,-121.72983391271168,0.0406692378944457,0.572258092732595,0.6039418916404851,-0.553281917211154
img_001704.jpg,0.007379,-0.068483,1.091061,62.063756489703,-43.085810022290296,-121.58515418026842,0.0406562774490064,0.5720760635140778,0.603315906179108,-0.5541533740847455
img_001705.jpg,0.007355,-0.068552,1.091408,61.99806996373661,-43.14286300911349,-121.4402551488767,0.0406432376345521,0.571893433143462,0.6026891523096705,-0.5550241562762982
img_001706.jpg,0.00733,-0.06862,1.091754,61.93210145415743,-43.19980299777255,-121.29511878305172,0.0406302576931456,0.5717100260103309,0.6020617006595088,-0.5558943576958084
img_001707.jpg,0.007306,-0.068688,1.0921,61.865905919132,-43.25661025289419,-121.14978578415032,0.0406171430349466,0.5715260804253794,0.6014335611194391,-0.5567637368260178
img_001708.jpg,0.007281,-0.068757,1.092446,61.79941561781162,-43.31330104358747,-121.00418729210234,0.0406039954770649,0.5713412998760814,0.6008046636830878,-0.5576326664605116
img_001709.jpg,0.007256,-0.068825,1.092792,61.732684623143655,-43.36985725482763,-120.85838892025156,0.0405907595607064,0.5711559116107027,0.6001751371520264,-0.5585007785267433
img_001710.jpg,0.007232,-0.068893,1.093138,61.665657314761845,-43.42630579438261,-120.71235457155088,0.0405777157853261,0.5709696934481667,0.5995449620394283,-0.5593683014244663
img_001711.jpg,0.007207,-0.068962,1.093485,61.59840120000401,-43.48261354012227,-120.56608620811748,0.0405643217610891,0.5707829345258353,0.5989139579803943,-0.5602351723967333
img_001712.jpg,0.007183,-0.06903,1.093831,61.53088690998853,-43.53880724654014,-120.41959588276116,0.0405509689431871,0.5705955330778428,0.5982822096302054,-0.5611013760358996
img_001713.jpg,0.007158,-0.069098,1.094177,61.46310479819553,-43.59487091022655,-120.2728817854564,0.040537590194781,0.5704074098301092,0.5976498266479804,-0.5619668809634114
img_001714.jpg,0.007133,-0.069166,1.094523,61.395062494771246,-43.6508212164919,-120.12594233374332,0.0405242593898474,0.5702186417923693,0.5970166874969094,-0.5628317331170902
img_001715.jpg,0.007109,-0.069235,1.094869,61.3267079914932,-43.70663252524966,-119.97874644406264,0.0405109062770351,0.5700289196810947,0.5963830117658574,-0.5636960177940789
img_001716.jpg,0.007066,-0.06936,1.095239,61.25817954873762,-43.76232325239395,-119.83135636753522,0.0404972914879544,0.5698389813378988,0.5957483340555068,-0.5645594983702017
img_001717.jpg,0.007041,-0.069428,1.095585,61.18932039976167,-43.817872689559486,-119.68370489380392,0.0404837147879533,0.5696479948758136,0.5951131950931682,-0.5654224224391297
img_001718.jpg,0.007017,-0.069496,1.095931,61.1202230322538,-43.87329722742296,-119.53585156533585,0.0404701337548857,0.5694564564815282,0.5944773537357549,-0.5662845471498379
img_001719.jpg,0.006992,-0.069565,1.096277,61.05090907654435,-43.928601511354486,-119.38777779836713,0.0404563847380054,0.5692644967888817,0.5938405891927612,-0.5671459849605094
img_001720.jpg,0.006967,-0.069633,1.096623,60.98127191122861,-43.98377218428092,-119.23944907505567,0.0404427367272643,0.5690715500850172,0.5932033192278753,-0.5680068467781675
img_001721.jpg,0.006943,-0.069701,1.096969,60.91134200522298,-44.038814400072056,-119.09086725732432,0.0404290891142602,0.5688777875604096,0.5925653766113991,-0.5688671426749443
img_001722.jpg,0.006918,-0.069769,1.097316,60.84122573290821,-44.09373281281253,-118.94209992743482,0.0404152856630432,0.5686837477739168,0.5919265466004525,-0.5697265687435062
img_001723.jpg,0.006893,-0.069838,1.097662,60.77084281857045,-44.14850987471864,-118.7931067469233,0.0404014083838094,0.5684889949074793,0.5912871060261004,-0.5705852671748262
img_001724.jpg,0.006869,-0.069906,1.098008,60.700144598121945,-44.203163133735565,-118.6438409214509,0.0403875927316461,0.5682933343326464,0.5906469825901965,-0.5714434971749366
img_001725.jpg,0.006844,-0.069974,1.098354,60.62922384059651,-44.2576631719318,-118.49435453529551,0.0403734381494623,0.5680971658880059,0.5900061071751798,-0.5723009602455665
img_001726.jpg,0.00682,-0.070042,1.0987,60.55801004409519,-44.31205821762423,-118.34463403823742,0.0403595639093205,0.5679002367226937,0.5893645425122123,-0.5731577991798844
img_001727.jpg,0.006795,-0.070111,1.099046,60.4865431943173,-44.36631425161229,-118.1946836619738,0.0403455630337382,0.5677026809884647,0.5887222642151597,-0.5740139346386773
img_001728.jpg,0.00677,-0.070179,1.099393,60.41481895811365,-44.42041472333788,-118.04450632941044,0.0403313628942961,0.5675044415951183,0.5880793824845099,-0.574869315439204
img_001729.jpg,0.006746,-0.070247,1.099739,60.3427799087746,-44.47441233241592,-117.89407223054512,0.0403174693647382,0.5673053512413008,0.5874357918122131,-0.5757241792863714
img_001730.jpg,0.006721,-0.070316,1.100085,60.270540440611605,-44.52824569455628,-117.74344164082594,0.0403031911708031,0.5671058442489232,0.5867915059337219,-0.5765781324020194
img_001731.jpg,0.006697,-0.070384,1.100431,60.1979887337604,-44.581950143751776,-117.59254441576398,0.040288989413982,0.5669054515150596,0.5861465641915343,-0.5774315644827237
img_001732.jpg,0.006672,-0.070452,1.100777,60.12523982473114,-44.635509079048624,-117.44144469674288,0.0402744931456851,0.5667047049629367,0.5855007946631089,-0.5782841533568053
img_001733.jpg,0.006647,-0.07052,1.101123,60.05217282363736,-44.68896410533928,-117.29008256792676,0.0402603043466891,0.5665031019059186,0.5848543026460079,-0.5791362431253428
img_001734.jpg,0.006623,-0.070589,1.10147,59.97883097242825,-44.74226181766512,-117.13848393021809,0.0402459731909237,0.5663007388883121,0.5842072464958243,-0.579987610142005
img_001735.jpg,0.006598,-0.070657,1.101816,59.9052812056343,-44.79542312506923,-116.986687846316,0.040231501102103,0.566097991765391,0.5835593970763656,-0.5808381186889608
img_001736.jpg,0.006574,-0.070725,1.102162,59.83139234758669,-44.84845345344056,-116.83459735724584,0.0402171153141776,0.5658942408825354,0.5829108851376154,-0.5816882255640619
img_001737.jpg,0.006549,-0.070794,1.102508,59.757288808112,-44.901325485905154,-116.6823046125214,0.0402024584163073,0.5656900281366036,0.5822616867599043,-0.5825374516162929
img_001738.jpg,0.006524,-0.070862,1.102854,59.68289075009972,-44.95407029489507,-116.52978040400944,0.0401880081377824,0.5654850298578191,0.5816119051496755,-0.583385975831425
img_001739.jpg,0.0065,-0.07093,1.1032,59.60822796392599,-45.00666924223904,-116.37700331515754,0.0401733850191238,0.565279365259707,0.5809613680188708,-0.5842338805797982
img_001740.jpg,0.006475,-0.070998,1.103547,59.53330633375721,-45.059137451277934,-116.22400703841612,0.0401588330156792,0.565073088960456,0.5803101475904754,-0.5850810241898365
img_001741.jpg,0.00645,-0.071067,1.103892,59.45813565576327,-45.111447182086415,-116.07076412309756,0.0401439819835233,0.5648661988209707,0.5796581813926611,-0.5859274962694676
img_001742.jpg,0.006426,-0.071135,1.104239,59.38266470563086,-45.1636248742783,-115.91727789889585,0.0401292952192643,0.5646584972290807,0.5790056164532311,-0.5867733099654542
img_001743.jpg,0.006401,-0.071203,1.104585,59.30695536660597,-45.215659109119706,-115.76355706364627,0.0401144258336988,0.5644502700705829,0.5783522432695101,-0.5876184205438119
img_001744.jpg,0.006377,-0.071271,1.104931,59.23097590632453,-45.26755172237499,-115.60960064794278,0.0400995485445244,0.5642413636347927,0.5776982036441666,-0.5884628240393593
img_001745.jpg,0.006352,-0.07134,1.105278,59.15468626867171,-45.31929976100843,-115.4553845683034,0.0400847354287161,0.5640315799849802,0.5770435831970473,-0.5893066212561751
img_001746.jpg,0.006328,-0.071408,1.105624,59.078147357204855,-45.37090328601174,-115.30094720115396,0.0400698678272318,0.5638212150182839,0.5763882776410821,-0.5901496391471924
img_001747.jpg,0.006303,-0.071476,1.10597,59.001427016815086,-45.42235409861135,-115.14630175484552,0.040054609221392,0.5636105874645493,0.5757320583194432,-0.5909918197413941
img_001748.jpg,0.006278,-0.071544,1.106316,58.924300652404106,-45.47365958948664,-114.99135238532386,0.0400397013055974,0.5633986215635871,0.575075500367336,-0.591833578311392
img_001749.jpg,0.006254,-0.071613,1.106662,58.84696706930101,-45.52483907488626,-114.83619468688964,0.0400247251124699,0.5631863308247022,0.5744180286405185,-0.5926745367607931
img_001750.jpg,0.006229,-0.071681,1.107008,58.76941429059612,-45.57584677974064,-114.68082535184467,0.0400094183638659,0.5629735488051797,0.573759895393978,-0.5935146267998612
img_001751.jpg,0.006205,-0.07175,1.107355,58.69151927620615,-45.62671093530994,-114.52519044765324,0.0399943498507696,0.5627597470805689,0.5731012947131737,-0.5943541242760182
img_001752.jpg,0.00618,-0.071818,1.1077,58.6134203327197,-45.67743177245067,-114.36932673725764,0.039978989716816,0.5625456076820321,0.5724417351765001,-0.5951928926717736
img_001753.jpg,0.006155,-0.071886,1.108047,58.53503682372309,-45.72800192278044,-114.21322736090352,0.0399636769082045,0.5623307138557985,0.571781610077016,-0.5960309246676214
img_001754.jpg,0.006131,-0.071954,1.108393,58.45633557519268,-45.77842275549031,-114.0568517672988,0.0399483996716799,0.5621149199050008,0.5711208632918614,-0.5968684123796678
img_001755.jpg,0.006106,-0.072023,1.108739,58.377385547166725,-45.82870157678924,-113.90024550734157,0.039933077274406,0.5618985738424334,0.5704593580784584,-0.5977051638006392
img_001756.jpg,0.006082,-0.072091,1.109085,58.29818189892122,-45.87883307982452,-113.74340233218528,0.0399176725765248,0.5616816426040825,0.5697971089966686,-0.5985411985458409
img_001757.jpg,0.006057,-0.072159,1.109431,58.218713757056825,-45.92879733282067,-113.58634223786665,0.0399022096513138,0.5614640179495095,0.5691343649827347,-0.5993763799221944
img_001758.jpg,0.006032,-0.072227,1.109778,58.13895703774261,-45.97859799289829,-113.42900758756798,0.0398865617874014,0.5612456108001631,0.5684709244823217,-0.6002109917058719
img_001759.jpg,0.006008,-0.072296,1.110124,58.0589783428714,-46.02826606336999,-113.27146405520656,0.0398709167381342,0.5610268070051703,0.5678066600697136,-0.6010447808612274
img_001760.jpg,0.005983,-0.072364,1.11047,57.978674784560994,-46.07778491879402,-113.11365686781588,0.0398554376566905,0.5608070766391822,0.5671418641362899,-0.6018779550910816
img_001761.jpg,0.005958,-0.072432,1.110816,57.89811633866236,-46.127146257883695,-112.95561498524803,0.0398398480557923,0.5605867376817302,0.5664763829809571,-0.6027103811674879
img_001762.jpg,0.005934,-0.0725,1.111163,57.81736534805079,-46.176344387023896,-112.7973734094708,0.039823956672821,0.5603660729085362,0.5658101214017442,-0.6035418985682186
img_001763.jpg,0.005891,-0.072626,1.111532,57.73623110325504,-46.2253928550277,-112.638804545765,0.0398082402543527,0.5601442204196577,0.5651432757628669,-0.6043730918880504
img_001764.jpg,0.005866,-0.072694,1.111878,57.65489745878355,-46.27429705501725,-112.48004772414714,0.0397924528054384,0.5599220550042421,0.5644756545384175,-0.6052033447139719
img_001765.jpg,0.005842,-0.072762,1.112224,57.5732738851958,-46.32301985702521,-112.32105267846372,0.0397765794387223,0.5596990551394332,0.5638076068139072,-0.6060328158630979
img_001766.jpg,0.005817,-0.07283,1.11257,57.49140759537841,-46.37160839688457,-112.16179671074956,0.0397605832986909,0.5594755823195082,0.5631385613048229,-0.6068617054778866
img_001767.jpg,0.005792,-0.072899,1.112916,57.409243427389846,-46.42003105740454,-112.0023113227768,0.0397447012315814,0.5592512756853546,0.5624690996232264,-0.6076897903843315
img_001768.jpg,0.005768,-0.072967,1.113262,57.32680618744501,-46.4683067225423,-111.84257208616242,0.039728815297414,0.5590263158098414,0.5617988818286347,-0.6085172272362017
img_001769.jpg,0.005743,-0.073035,1.113609,57.24411158655518,-46.5164064201229,-111.6825926241974,0.0397127177012387,0.5588007020126942,0.5611280369638009,-0.6093439107893449
img_001770.jpg,0.005719,-0.073104,1.113955,57.1611466358499,-46.56435211420608,-111.52237007618572,0.0396966165741626,0.5585744295954697,0.5604565095152003,-0.6101698830462691
img_001771.jpg,0.005694,-0.073172,1.114301,57.07791229092536,-46.61214442486368,-111.3619034539662,0.0396805110155066,0.5583475069247984,0.5597842851636247,-0.6109951494408612
img_001772.jpg,0.00567,-0.07324,1.114647,56.9944025100129,-46.65977161464507,-111.20118214737242,0.0396643072763244,0.5581198792029246,0.5591113899231196,-0.611819742101413
img_001773.jpg,0.005645,-0.073308,1.114993,56.910653892511206,-46.70722831397692,-111.04025905026452,0.0396480361106547,0.5578916938249384,0.5584379517323383,-0.6126434079125475
img_001774.jpg,0.00562,-0.073377,1.115339,56.82658779100784,-46.75453406443869,-110.87905024565818,0.0396318458610226,0.5576626492384125,0.5577638124684718,-0.6134665564956894
img_001775.jpg,0.005596,-0.073445,1.115685,56.74227512317276,-46.80168975176592,-110.71761316197708,0.0396156477627334,0.5574330753380996,0.5570889281072239,-0.6142889329556508
img_001776.jpg,0.005571,-0.073513,1.116032,56.65775334640487,-46.84866977200608,-110.55596732712868,0.0395991675614975,0.557203080534967,0.5564133399019181,-0.6151104194776511
img_001777.jpg,0.005546,-0.073582,1.116378,56.57291478593228,-46.89547126796256,-110.39404878377204,0.0395826574192036,0.5569721570197763,0.5557372404710708,-0.6159312860132782
img_001778.jpg,0.005522,-0.07365,1.116724,56.48779276705777,-46.94212733642343,-110.23188222359246,0.0395662867461185,0.5567405482131096,0.5550604436216628,-0.6167514692767363
img_001779.jpg,0.005497,-0.073718,1.117071,56.40241132419009,-46.988608383946016,-110.06946318203656,0.0395497104705277,0.5565082943975996,0.5543829452514538,-0.6175709584191081
img_001780.jpg,0.005472,-0.073786,1.117416,56.31675659602051,-47.03494780376575,-109.90681599636584,0.0395333507648527,0.5562754113533451,0.5537047860325018,-0.6183896755490597
img_001781.jpg,0.005448,-0.073855,1.117763,56.23088301651537,-47.08110154277861,-109.74394355494248,0.0395166363343749,0.556042043256579,0.5530259223982353,-0.6192075667653347
img_001782.jpg,0.005424,-0.073923,1.118109,56.14474008937053,-47.127074186736,-109.5808304805103,0.0394998005202725,0.5558079642382491,0.5523464938365824,-0.6200246957941482
img_001783.jpg,0.005399,-0.073991,1.118455,56.058294815903615,-47.172900480123154,-109.41746013431556,0.0394831796354206,0.5555731170953652,0.551666405911318,-0.6208411766915155
img_001784.jpg,0.005374,-0.074059,1.118801,55.9715594301021,-47.21855368511824,-109.25383339723432,0.0394665377968736,0.5553374893013758,0.550985727302936,-0.6216569742866453
img_001785.jpg,0.00535,-0.074128,1.119148,55.88462186736533,-47.26402273191826,-109.08997886107176,0.0394494671566212,0.5551014641086236,0.5503042373120249,-0.62247196762742
img_001786.jpg,0.005325,-0.074196,1.119494,55.797387737263776,-47.30933929864466,-108.92587848565545,0.0394326096305139,0.5548646822698247,0.5496221454634855,-0.6232862511586864
img_001787.jpg,0.0053,-0.074264,1.11984,55.70988286372582,-47.35450918298349,-108.76155332158037,0.0394159707106844,0.5546272785684416,0.5489394123041602,-0.6240997394165951
img_001788.jpg,0.005276,-0.074333,1.120186,55.622054582583104,-47.3994694427137,-108.59694163674492,0.0393991222596704,0.5543888482241796,0.5482562501564536,-0.6249126325289155
img_001789.jpg,0.005251,-0.074401,1.120532,55.53401428263493,-47.44428157146905,-108.43210146274416,0.0393821549425952,0.5541500768519786,0.5475721457327669,-0.6257247665025231
img_001790.jpg,0.005227,-0.074469,1.120878,55.44569825279826,-47.48891668938694,-108.2670318025419,0.0393652226175437,0.5539105801491366,0.5468875361622882,-0.6265360893336152
img_001791.jpg,0.005202,-0.074537,1.121225,55.357166170990205,-47.53337770941892,-108.1017320581069,0.0393480202794634,0.5536706519744874,0.5462021147685006,-0.6273466284795438
img_001792.jpg,0.005177,-0.074606,1.121571,55.268367984085614,-47.57765013217732,-107.93619396820492,0.0393306893732938,0.5534300156673256,0.5455161451229452,-0.6281563897964318
img_001793.jpg,0.005153,-0.074674,1.121917,55.17923601729315,-47.62178050438403,-107.77038691665912,0.0393137694967542,0.5531884931089084,0.5448295655398718,-0.6289655500371112
img_001794.jpg,0.005128,-0.074742,1.122263,55.089882844315774,-47.66570642766576,-107.60434617925011,0.0392964019714051,0.5529464312191679,0.5441423173907957,-0.6297739081755153
img_001795.jpg,0.005104,-0.074811,1.122609,55.00027949297604,-47.7094819278542,-107.43808647993764,0.0392791819646936,0.5527038418991737,0.5434543662092635,-0.630581446652346
img_001796.jpg,0.005079,-0.074879,1.122955,54.91036276640603,-47.75307373602689,-107.2715469177711,0.0392619465235103,0.5524603520178427,0.5427658365022102,-0.6313883953079614
img_001797.jpg,0.005054,-0.074947,1.123301,54.82022489045484,-47.79647692638017,-107.10480002062876,0.0392445098779737,0.552216360073545,0.5420767044005643,-0.6321944373828241
img_001798.jpg,0.00503,-0.075015,1.123648,54.72978963280671,-47.83971354754944,-106.93780010005104,0.0392272239183961,0.5519715852436973,0.5413869802948528,-0.6329997879576554
img_001799.jpg,0.005005,-0.075084,1.123994,54.63910486282098,-47.88277430577709,-106.77055861095532,0.0392098228373466,0.5517262239697405,0.5406965386545336,-0.6338043993726789
img_001800.jpg,0.004981,-0.075152,1.12434,54.54817619929351,-47.92566302659352,-106.60307901910026,0.0391923223495687,0.551480313223286,0.5400053520057455,-0.6346082616868021
img_001801.jpg,0.004956,-0.07522,1.124686,54.45696918732211,-47.9683628041064,-106.43536593843533,0.0391748278030886,0.5512336399604653,0.5393136897847396,-0.6354113243036389
img_001802.jpg,0.004931,-0.075288,1.125032,54.36550532241981,-48.01088437429541,-106.267388882006,0.039157150031679,0.5509863478910593,0.538621227165428,-0.6362137499974969
img_001803.jpg,0.004907,-0.075357,1.125379,54.27376878920686,-48.05322458809282,-106.09918170893256,0.0391395238139927,0.5507383423356358,0.5379282410479596,-0.6370153714315365
img_001804.jpg,0.004882,-0.075425,1.125725,54.18181637428171,-48.09538944253498,-105.93076506264204,0.0391217772647357,0.5504899010118958,0.5372345436950641,-0.6378161180844507
img_001805.jpg,0.004858,-0.075493,1.126071,54.08953445168256,-48.13737186431547,-105.7620598392558,0.0391041206695831,0.5502404975740535,0.5365402724043196,-0.6386163156891744
img_001806.jpg,0.004833,-0.075562,1.126417,53.99702834894335,-48.1791782288861,-105.59316057564357,0.0390864691273246,0.5499906130711858,0.5358454158964246,-0.6394155641893055
img_001807.jpg,0.004808,-0.07563,1.126763,53.904284748509646,-48.22078100109667,-105.42401376965084,0.0390684617949858,0.5497401204703871,0.5351498684136727,-0.6402140841741977
img_001808.jpg,0.004784,-0.075698,1.127109,53.81121011028394,-48.26223612843908,-105.25459293093388,0.0390508703650467,0.5494887611243168,0.5344536647296291,-0.6410120210876432
img_001809.jpg,0.004741,-0.075823,1.127479,53.7179434960382,-48.303478850280975,-105.0849554760634,0.0390327688207003,0.5492369692318764,0.533756762311795,-0.6418090941032254
img_001810.jpg,0.004716,-0.075891,1.127825,53.62438834084522,-48.34454654593197,-104.91508155291092,0.0390148547258844,0.5489844144667791,0.5330593353127249,-0.642605398996337
img_001811.jpg,0.004691,-0.07596,1.128171,53.53061609202469,-48.38543467016924,-104.7449881958703,0.038996784007708,0.548731410162387,0.5323611567272581,-0.643400877483292
img_001812.jpg,0.004667,-0.076028,1.128517,53.436512422470095,-48.42613582578554,-104.57463231301207,0.0389789482684772,0.5484774174537387,0.5316625652751849,-0.6441956851921398
img_001813.jpg,0.004642,-0.076096,1.128863,53.34218465762952,-48.4666440138407,-104.40404636271512,0.0389608658767258,0.5482229055406476,0.5309632556855577,-0.6449897037027018
img_001814.jpg,0.004618,-0.076165,1.129209,53.247581618640055,-48.50696748549672,-104.23321518688648,0.0389428116566091,0.547967667615542,0.5302633468973933,-0.6457829942058211
img_001815.jpg,0.004593,-0.076233,1.129555,53.15279672371171,-48.54711098576683,-104.06217662879376,0.0389244761865329,0.547712137816077,0.5295625814143649,-0.6465754183452235
img_001816.jpg,0.004568,-0.076301,1.129902,53.05770303058929,-48.58705678686536,-103.8908851367622,0.0389062453914239,0.5474556893472491,0.5288613912852641,-0.6473671300573463
img_001817.jpg,0.004544,-0.07637,1.130248,52.962355969827904,-48.62682141491379,-103.71936376493478,0.0388880311407923,0.5471986223356373,0.5281595616821486,-0.6481580564582177
img_001818.jpg,0.004519,-0.076438,1.130594,52.86672664498319,-48.66640172639195,-103.54757557778692,0.0388698050316792,0.5469408066332531,0.5274570344673752,-0.6489483562557561
img_001819.jpg,0.004495,-0.076506,1.13094,52.77091951897148,-48.7057821461089,-103.37562160981405,0.0388513601211913,0.5466826395776562,0.5267539549560945,-0.6497375888304853
img_001820.jpg,0.00447,-0.076574,1.131286,52.67480144743273,-48.74497502687546,-103.20337635850122,0.0388329382369843,0.5464235898417885,0.526050187344224,-0.6505262975217854
img_001821.jpg,0.004445,-0.076642,1.131633,52.5784128104488,-48.78397123338825,-103.03089048268312,0.0388144979505301,0.5461637973032036,0.5253458667775042,-0.6513142571170896
img_001822.jpg,0.004421,-0.076711,1.131979,52.48182358320695,-48.8227939914148,-102.85821264407387,0.0387960310128957,0.5459036400626036,0.5246408250466351,-0.6521012869473819
img_001823.jpg,0.004396,-0.076779,1.132325,52.38492127398006,-48.86141562315076,-102.68527040535946,0.0387776553490804,0.5456425389965665,0.5239353150229403,-0.6528876616653287
img_001824.jpg,0.004372,-0.076847,1.132671,52.28786183656531,-48.89983086069914,-102.51213593217015,0.0387587969936714,0.5453811653603899,0.5232290280102697,-0.6536731020725687
img_001825.jpg,0.004347,-0.076916,1.133017,52.19047429793753,-48.93807044983199,-102.33872955241712,0.0387402580301341,0.5451188634042108,0.5225221767532235,-0.6544579375099158
img_001826.jpg,0.004322,-0.076984,1.133363,52.092842570464775,-48.97609503906492,-102.16510692657356,0.0387215723639321,0.5448558704291256,0.5218148629703749,-0.6552419164520793
img_001827.jpg,0.004298,-0.077052,1.13371,51.994956759371895,-49.01395548142578,-101.99123331236092,0.0387029695780521,0.5445923176551871,0.5211066932105728,-0.6560252296885646
img_001828.jpg,0.004273,-0.077121,1.134056,51.8968482314191,-49.051597468705005,-101.81715826159864,0.0386841550753631,0.5443281539548617,0.5203980563827718,-0.6568076277504936
img_001829.jpg,0.004249,-0.077189,1.134402,51.79848505429488,-49.0890476649732,-101.64283640245884,0.038665275716415,0.5440633356020099,0.5196887167054411,-0.6575893255189291
img_001830.jpg,0.004224,-0.077257,1.134748,51.69983087989403,-49.12630833458004,-101.46828701065432,0.0386466519839945,0.5437976987237852,0.518978944368501,-0.6583702259787418
img_001831.jpg,0.004199,-0.077325,1.135094,51.60099844083,-49.16337266841747,-101.29352319443323,0.038627659135925,0.5435317267813621,0.5182683099345667,-0.6591503052030829
img_001832.jpg,0.004175,-0.077394,1.13544,51.501918311179736,-49.20023842754587,-101.1185260607844,0.0386085965191023,0.5432651033362723,0.517557043073349,-0.6599296257458259
img_001833.jpg,0.00415,-0.077462,1.135787,51.40258078198159,-49.236894760655005,-100.94330860339458,0.0385895162589851,0.542997743435814,0.5168453137616228,-0.660708121261697
img_001834.jpg,0.004126,-0.07753,1.136133,51.30289739867108,-49.27336570726163,-100.76780410297378,0.0385707750953602,0.5427293507337585,0.5161330404579598,-0.6614860782422243
img_001835.jpg,0.004101,-0.077598,1.136479,51.20305756743085,-49.309626845690005,-100.59213311268007,0.0385516976571276,0.5424606562513576,0.5154201344654635,-0.6622630051684173
img_001836.jpg,0.004076,-0.077667,1.136825,51.102962059090125,-49.34568750448877,-100.41620495429196,0.0385324928936975,0.5421912735056803,0.5147064964050885,-0.6630392842691032
img_001837.jpg,0.004052,-0.077735,1.137171,51.002700469216826,-49.381555913645656,-100.2401150739934,0.0385131523708244,0.5419215995761867,0.5139922138978226,-0.663814523085827
img_001838.jpg,0.004027,-0.077803,1.137517,50.90207535851303,-49.41722672231957,-100.06373073319986,0.0384941621213275,0.5416507746196457,0.5132774753607686,-0.6645892499309558
img_001839.jpg,0.004003,-0.077872,1.137864,50.8012617136953,-49.45268434339879,-99.88713638091646,0.0384748121134446,0.5413795013756637,0.5125620135194278,-0.665363138909861
img_001840.jpg,0.003978,-0.07794,1.13821,50.70023502243404,-49.48794785744113,-99.71034036141036,0.0384554122189528,0.541107730551694,0.5118459012723773,-0.6661361561714942
img_001841.jpg,0.003953,-0.078008,1.138556,50.59893951143207,-49.523016141290086,-99.53332063675816,0.0384361801896379,0.5408352157915542,0.5111292774331151,-0.6669083828854113
img_001842.jpg,0.003929,-0.078076,1.138902,50.49743960474231,-49.55786080868653,-99.3560873097865,0.03841661032495,0.540562142669546,0.5104120283067404,-0.6676797850193231
img_001843.jpg,0.003904,-0.078145,1.139248,50.39563804949117,-49.59250698927958,-99.17858995363576,0.0383971995589498,0.5402881800455419,0.5096941981869136,-0.6684505680330486
img_001844.jpg,0.00388,-0.078213,1.139595,50.29364601956362,-49.62695309838057,-99.00090344602177,0.0383776480555348,0.5400137914690306,0.5089757044693439,-0.6692204370854964
img_001845.jpg,0.003855,-0.078281,1.139941,50.191372111040224,-49.66120658196627,-98.82295527417077,0.0383582008433978,0.53973861997704,0.508256517501722,-0.6699896886895795
img_001846.jpg,0.00383,-0.07835,1.140287,50.08890984708957,-49.69523053339224,-98.6448602360877,0.0383386191112963,0.5394629124344754,0.5075370393071931,-0.6707578326964517
img_001847.jpg,0.003806,-0.078418,1.140633,49.986195361292175,-49.72905845543274,-98.4665008336136,0.0383189444947484,0.5391865403720311,0.5068167237907089,-0.6715253842264647
img_001848.jpg,0.003781,-0.078486,1.140979,49.883249988904005,-49.76268344485374,-98.28792734484854,0.0382992496562211,0.5389095563657795,0.5060957948435668,-0.6722921269619834
img_001849.jpg,0.003757,-0.078554,1.141325,49.78010285163854,-49.79608214377124,-98.1091709363661,0.038279364882939,0.5386319946442771,0.5053744063373369,-0.6730579276621518
img_001850.jpg,0.003732,-0.078623,1.141672,49.67666228795847,-49.82929954645002,-97.93015178538889,0.0382597483145971,0.538353635335513,0.5046523066994111,-0.673823125399318
img_001851.jpg,0.003707,-0.078691,1.142018,49.57301903036351,-49.862290517282176,-97.75094705391108,0.038239944583109,0.5380746916833279,0.5039297326669976,-0.674587397853192
img_001852.jpg,0.003683,-0.078759,1.142364,49.46914505632812,-49.89507890364092,-97.571488811274,0.0382199580142224,0.5377951459721505,0.5032063018890222,-0.6753510446555618
img_001853.jpg,0.003658,-0.078827,1.14271,49.36504374239447,-49.92765524462865,-97.39184886703124,0.0382000503865181,0.5375149539220082,0.5024824636241003,-0.6761137509405822
img_001854.jpg,0.003634,-0.078896,1.143056,49.26071522847443,-49.96003139115249,-97.2119919961298,0.0381801368337405,0.5372341689873229,0.5017579519031989,-0.6768756773040117
img_001855.jpg,0.003609,-0.078964,1.143402,49.15615581814076,-49.99217371133816,-97.03194646696588,0.0381601615113274,0.5369526428473617,0.5010331066852627,-0.6776366927919246
img_001856.jpg,0.003566,-0.079089,1.143772,49.0513911228633,-50.02411745149011,-96.85166361194034,0.0381399760741718,0.5366706290302083,0.5003073526401661,-0.6783970305474297
img_001857.jpg,0.003541,-0.079157,1.144118,48.94640754280192,-50.05584664022071,-96.67117751808776,0.0381197235351781,0.536387997224315,0.4995810277171205,-0.679156535606038
img_001858.jpg,0.003516,-0.079226,1.144464,48.84112633233866,-50.08736960225004,-96.49045185866308,0.0380997596158566,0.5361044452544748,0.4988542436228039,-0.6799153445210119
img_001859.jpg,0.003492,-0.079294,1.14481,48.7356886689333,-50.11867932475761,-96.3095571047334,0.0380795374723913,0.5358205376075713,0.4981267882283493,-0.6806731984977309
img_001860.jpg,0.003467,-0.079362,1.145156,48.63000702304977,-50.14976787193573,-96.12843625587576,0.0380592644270393,0.5355358810727442,0.4973987677276553,-0.6814303180354704
img_001861.jpg,0.003443,-0.07943,1.145502,48.52409942626689,-50.180640627706346,-95.94712761375465,0.03803905246447,0.5352505593012928,0.4966702977839907,-0.6821865467410072
img_001862.jpg,0.003418,-0.079499,1.145849,48.41798175739948,-50.211304647344775,-95.7655943833405,0.038018685495764,0.5349646775878535,0.4959410499268941,-0.6829420533866017
img_001863.jpg,0.003394,-0.079567,1.146195,48.31158477693409,-50.24176007601259,-95.58381761898865,0.0379984944361893,0.5346779416965313,0.4952112308628434,-0.6836968991527249
img_001864.jpg,0.003369,-0.079635,1.146541,48.20508677563328,-50.27198950930016,-95.4019221153028,0.0379778925846692,0.534391014118099,0.4944808323111019,-0.6844506046323409
img_001865.jpg,0.003344,-0.079704,1.146887,48.09830940208392,-50.3020110413062,-95.21978199880304,0.0379574772429751,0.5341032313115467,0.4937498484415098,-0.6852036597887519
img_001866.jpg,0.00332,-0.079772,1.147233,47.99129834167383,-50.33180464989829,-95.03742941417654,0.0379370045847032,0.533814703410002,0.4930183486852508,-0.6859559417091597
img_001867.jpg,0.003295,-0.07984,1.14758,47.88409549191205,-50.361378672314,-94.8548849400276,0.0379163782648052,0.5335256329067922,0.4922862195244357,-0.6867073797164451
img_001868.jpg,0.003271,-0.079908,1.147926,47.77668459750984,-50.39072705022129,-94.6721470893725,0.03789565554643,0.5332359250111829,0.4915535538244154,-0.6874579778362908
img_001869.jpg,0.003246,-0.079977,1.148272,47.66905375895681,-50.41987462355802,-94.48921825785114,0.0378750815643956,0.5329456198093401,0.4908203031495001,-0.6882077262998152
img_001870.jpg,0.003221,-0.080045,1.148618,47.56118275753043,-50.44880264671317,-94.3060581599248,0.0378544774779343,0.5326545713287005,0.4900864043756593,-0.6889567928568878
img_001871.jpg,0.003197,-0.080113,1.148964,47.45310336141678,-50.477502567113454,-94.1227016038651,0.0378337661593052,0.5323628693040016,0.4893519558831308,-0.6897050418823744
img_001872.jpg,0.003172,-0.080182,1.14931,47.344853483442805,-50.505981995210256,-93.93918839802429,0.0378129576233838,0.5320706888395155,0.4886169835174903,-0.6904523196658001
img_001873.jpg,0.003148,-0.08025,1.149657,47.23637436765046,-50.53424815217024,-93.75546174211284,0.0377921926447999,0.5317778232871881,0.4878813822743802,-0.6911988524766794
img_001874.jpg,0.003123,-0.080318,1.150003,47.12771372937435,-50.56228485247736,-93.57155682394256,0.0377712504313538,0.5314843996485068,0.4871452155730127,-0.6919445097082866
img_001875.jpg,0.003098,-0.080386,1.150349,47.01884951507046,-50.590107971327626,-93.38745577057205,0.0377502863115113,0.5311903885874275,0.486408401711331,-0.6926893630628127
img_001876.jpg,0.003074,-0.080455,1.150695,46.909718803612975,-50.617706043604194,-93.20312001761532,0.0377294357769632,0.5308954893259283,0.4856710495271968,-0.69343355899501
img_001877.jpg,0.003049,-0.080523,1.151041,46.800379215870656,-50.645077105018416,-93.01860644079504,0.0377086079633769,0.5305999178905274,0.48493324195351,-0.6941768786616911
img_001878.jpg,0.003025,-0.080591,1.151387,46.69093016842872,-50.67223643794926,-92.833932222525,0.0376873809161893,0.5303041460315698,0.4841945497981205,-0.694919284497992
img_001879.jpg,0.003,-0.08066,1.151734,46.58119573675428,-50.699152833315615,-92.64907672747216,0.0376665351817191,0.5300073116602624,0.4834558049087563,-0.6956608127630105
img_001880.jpg,0.002975,-0.080728,1.15208,46.47130632698182,-50.72584382750267,-92.4640231605912,0.0376453178155261,0.529710037099549,0.4827162178506522,-0.6964015793107623
img_001881.jpg,0.002951,-0.080796,1.152426,46.36121661121108,-50.752319223474856,-92.27877076289292,0.0376240671460174,0.5294121671987793,0.4819759455242707,-0.6971415743801748
img_001882.jpg,0.002926,-0.080864,1.152772,46.25094459444093,-50.77856966115574,-92.09335635231136,0.0376027906849875,0.5291137259874286,0.4812351694903709,-0.6978806536578981
img_001883.jpg,0.002902,-0.080932,1.153118,46.1404424265833,-50.804594190526274,-91.90774276584204,0.0375816078808877,0.5288145182156945,0.4804938862834848,-0.6986189614643907
img_001884.jpg,0.002877,-0.081001,1.153464,46.02974111664927,-50.83039159009156,-91.72192838769918,0.037560320839812,0.5285146672102077,0.4797519454152446,-0.6993565183169326
img_001885.jpg,0.002852,-0.081069,1.153811,45.91885958183126,-50.855964754635096,-91.5359512050182,0.0375390129782815,0.5282142484359539,0.4790094753089477,-0.7000931743833125
img_001886.jpg,0.002828,-0.081137,1.154157,45.80777603555218,-50.88130604015146,-91.34979335956376,0.0375176929749716,0.5279131429991442,0.4782665001522559,-0.7008290026780521
img_001887.jpg,0.002803,-0.081206,1.154503,45.69652709503951,-50.90642205434081,-91.16347098918384,0.0374962579004706,0.5276115220048393,0.4775229168264328,-0.7015639503258232
img_001888.jpg,0.002779,-0.081274,1.154849,45.58510653510873,-50.93132302813621,-90.97696696169471,0.0374747355000243,0.5273094033005132,0.4767785996106447,-0.7022980879536641
img_001889.jpg,0.002754,-0.081342,1.155195,45.47343915732496,-50.95597581812373,-90.79027986679723,0.0374533805061086,0.5270063372768299,0.4760340356980556,-0.7030314086978953
img_001890.jpg,0.002729,-0.081411,1.155541,45.36164022716465,-50.9804040987524,-90.60342891605067,0.0374317270065522,0.5267028896996011,0.4752887008163579,-0.7037638685466134
img_001891.jpg,0.002705,-0.081479,1.155888,45.24963197569701,-51.00458907440407,-90.41637530275575,0.0374099631757378,0.5263986702195136,0.4745427979373993,-0.7044956121737467
img_001892.jpg,0.00268,-0.081547,1.156234,45.13748376609652,-51.02857115625576,-90.22919728741832,0.0373882774720684,0.5260941029454482,0.4737963009781342,-0.705226330147374
img_001893.jpg,0.002656,-0.081615,1.15658,45.02509518106145,-51.052294666937605,-90.04181504065215,0.0373665829657753,0.5257885668832143,0.4730494331330548,-0.7059563408772904
img_001894.jpg,0.002631,-0.081684,1.156926,44.9125408656413,-51.075804289586586,-89.85425097791212,0.0373448048809622,0.5254825440004837,0.4723017812414015,-0.7066855658179116
img_001895.jpg,0.002606,-0.081752,1.157272,44.79978818900646,-51.09909681826443,-89.66650217862413,0.0373231167110713,0.5251758847949852,0.4715534887589285,-0.7074140104832948
img_001896.jpg,0.002582,-0.08182,1.157619,44.68693716726708,-51.12212659634451,-89.47864597804605,0.0373009800809,0.5248687825149636,0.4708047813224357,-0.7081414095434596
img_001897.jpg,0.002557,-0.081889,1.157965,44.573798624207285,-51.14492187803269,-89.29056938965938,0.037279225763085,0.5245606098263929,0.4700556953196648,-0.7088681606918272
img_001898.jpg,0.002533,-0.081957,1.158311,44.46056003738053,-51.16751654388549,-89.10238300561133,0.0372574147160033,0.5242522392724193,0.4693058982281561,-0.7095938616947002
img_001899.jpg,0.002508,-0.082025,1.158657,44.34711955704734,-51.18986553249823,-88.91399475399395,0.0372354846835585,0.5239430912479932,0.4685554898643672,-0.7103188782031915
img_001900.jpg,0.002483,-0.082093,1.159003,44.23352011486447,-51.211966457003584,-88.72546088830705,0.0372134186113407,0.5236333092227505,0.4678046299727261,-0.7110429994900234
img_001901.jpg,0.002459,-0.082162,1.159349,44.1197470878819,-51.23383835680392,-88.53678074327136,0.0371914262260979,0.5233229100482459,0.467053291754703,-0.7117662202542352
img_001902.jpg,0.002416,-0.082287,1.159719,44.00579292441876,-51.25548186283466,-88.34793676869725,0.037169483819002,0.5230118680824069,0.4663013950565906,-0.7124886134429501
img_001903.jpg,0.002391,-0.082355,1.160065,43.89167899897065,-51.276882329087904,-88.15890859323262,0.0371472821360659,0.522700211252359,0.4655487791515084,-0.7132102795229348
img_001904.jpg,0.002366,-0.082423,1.160411,43.77743342923224,-51.298059121510754,-87.96975368355018,0.0371250317971711,0.522388113618516,0.4647955823817425,-0.7139309892157395
img_001905.jpg,0.002342,-0.082491,1.160757,43.66301019964002,-51.31898324117882,-87.78043547240088,0.0371026816395654,0.5220752724677875,0.4640419160114121,-0.7146508945473279
img_001906.jpg,0.002317,-0.08256,1.161104,43.54838883594785,-51.33967420316407,-87.59097270969036,0.0370805697536021,0.5217616787387906,0.4632878983256817,-0.7153699079576944
img_001907.jpg,0.002293,-0.082628,1.161449,43.43363379174067,-51.36013523969814,-87.40134384161665,0.0370582211904398,0.521447610568149,0.4625330836068839,-0.7160881399967993
img_001908.jpg,0.002268,-0.082696,1.161795,43.31870505983044,-51.38035430191983,-87.21155251396023,0.0370358351161786,0.5211328493077039,0.4617777281792854,-0.7168055733929941
img_001909.jpg,0.002243,-0.082765,1.162142,43.20361870348732,-51.4003377378484,-87.02163467879741,0.0370135190070204,0.5208174717551735,0.4610219520096085,-0.7175220695494433
img_001910.jpg,0.002219,-0.082833,1.162488,43.0884067432,-51.42008567697483,-86.83159050529787,0.0369910792948287,0.5205016032202028,0.4602656075374175,-0.7182376428564673
img_001911.jpg,0.002194,-0.082901,1.162834,42.97305460290825,-51.4395875682774,-86.64138493039611,0.0369683896719514,0.5201851460155803,0.4595085861875372,-0.7189524401862356
img_001912.jpg,0.00217,-0.082969,1.16318,42.85749843768855,-51.45886711098683,-86.45101396379945,0.036945981546812,0.5198679451452384,0.4587510423641951,-0.7196664471738102
img_001913.jpg,0.002145,-0.083038,1.163527,42.74179131463502,-51.47789516486984,-86.2605191785702,0.0369235411682868,0.5195500687995668,0.4579931243800377,-0.7203795361742105
img_001914.jpg,0.00212,-0.083106,1.163872,42.62602120725514,-51.49666902966162,-86.06992297215879,0.0369006061852132,0.5192318443075138,0.4572345837916419,-0.721091653331992
img_001915.jpg,0.002096,-0.083174,1.164219,42.51000029569352,-51.51521418612189,-85.87912229527288,0.0368780500576965,0.5189126630167367,0.4564755056667307,-0.7218031381970594
img_001916.jpg,0.002071,-0.083243,1.164565,42.39383694340301,-51.533533777836354,-85.6881785259442,0.0368554941712145,0.5185929484164178,0.4557157674680172,-0.7225137823482665
img_001917.jpg,0.002047,-0.083311,1.164911,42.27757434499668,-51.55161221602401,-85.49714867544348,0.0368328360021589,0.5182727805978371,0.4549556005794619,-0.7232233877473857
img_001918.jpg,0.002022,-0.083379,1.165257,42.16120264480569,-51.569430291101455,-85.30597932156054,0.0368097862318532,0.517952046726958,0.4541947962581143,-0.7239321818934219
img_001919.jpg,0.001997,-0.083447,1.165604,42.04462354045069,-51.58701062203583,-85.11464937015944,0.0367870118523635,0.5176304602155953,0.4534335607317592,-0.7246402061837883
img_001920.jpg,0.001973,-0.083516,1.16595,41.92791486342728,-51.604346607691305,-84.92319708940659,0.0367641608822319,0.5173082837266103,0.4526718101986315,-0.7253473432183705
img_001921.jpg,0.001948,-0.083584,1.166296,41.811116564931474,-51.62145269970374,-84.73164056274278,0.0367411533972179,0.5169857295357907,0.4519094115380421,-0.7260535289265722
img_001922.jpg,0.001924,-0.083652,1.166642,41.69413053634787,-51.63830090388667,-84.53992678524308,0.0367182108484615,0.5166622969506047,0.4511465936127486,-0.7267589662146773
img_001923.jpg,0.001899,-0.08372,1.166988,41.57704987995838,-51.65491290109529,-84.34809153761354,0.0366950394636377,0.5163384347492577,0.4503830631157068,-0.7274635326516112
img_001924.jpg,0.001874,-0.083789,1.167335,41.45983923741718,-51.6712872961888,-84.15615458737308,0.0366719496248802,0.5160139865531874,0.4496191084166184,-0.728167145055888
img_001925.jpg,0.00185,-0.083857,1.167681,41.34242268262423,-51.68742331247768,-83.96405626335849,0.0366491566461149,0.5156886662009401,0.448854692431243,-0.728870018557135
img_001926.jpg,0.001825,-0.083925,1.168027,41.224946570925184,-51.70329021892223,-83.77186522350792,0.0366258635120299,0.5153628805237157,0.4480897259136437,-0.7295719601457636
img_001927.jpg,0.001801,-0.083994,1.168373,41.1073454101185,-51.71894081417596,-83.57954847553084,0.0366026556540512,0.5150366198525931,0.4473240565027996,-0.7302730409126209
img_001928.jpg,0.001776,-0.084062,1.168719,40.98961484515755,-51.734325733393455,-83.38711895092933,0.0365793334863831,0.5147096322374838,0.4465580018200508,-0.73097325385689
img_001929.jpg,0.001751,-0.08413,1.169065,40.8717892062349,-51.74947637432692,-83.19458790997619,0.0365559194272583,0.5143821872434629,0.4457913373514043,-0.7316725454353916
img_001930.jpg,0.001727,-0.084198,1.169412,40.75375203614836,-51.76438753517817,-83.00190023266452,0.0365328849551709,0.5140538212680144,0.4450242536283535,-0.7323711018596595
img_001931.jpg,0.001702,-0.084267,1.169757,40.635683525608535,-51.77902978182977,-82.80914002382097,0.03650928963255,0.5137250666043328,0.4442566059027072,-0.7330686842477363
img_001932.jpg,0.001678,-0.084335,1.170104,40.5174375268312,-51.79345218224325,-82.61625913894811,0.0364861453464817,0.5133955941893831,0.44348852246693,-0.733765395412447
img_001933.jpg,0.001653,-0.084403,1.17045,40.39915797081521,-51.80761599958987,-82.4232655737316,0.0364623454080655,0.513065773940353,0.4427195769091678,-0.7344612891090293
img_001934.jpg,0.001628,-0.084472,1.170796,40.28069248802416,-51.82152521078371,-82.2301590126658,0.0364388939068688,0.5127350299443056,0.4419504286460353,-0.7351563199064819
img_001935.jpg,0.001604,-0.08454,1.171142,40.16214248765602,-51.83519387068004,-82.03695693148528,0.0364153071661241,0.5124038094063978,0.4411806706382669,-0.7358504449716515
img_001936.jpg,0.001579,-0.084608,1.171489,40.04348063549338,-51.84861440450441,-81.84366338989655,0.0363917401200301,0.5120719650606418,0.4404104815085727,-0.7365436522212081
img_001937.jpg,0.001555,-0.084676,1.171835,39.92469875674536,-51.861801857980254,-81.65023150796853,0.0363681292693784,0.5117395466460655,0.4396395272354081,-0.7372361098482305
img_001938.jpg,0.00153,-0.084745,1.172181,39.80583637719592,-51.87472386751344,-81.45673416648125,0.0363443637208342,0.5114065247218971,0.4388682382191793,-0.7379275866777127
img_001939.jpg,0.001506,-0.084813,1.172527,39.68683882237925,-51.88740047523574,-81.26312433854426,0.0363207078335059,0.5110727942721787,0.4380964649846481,-0.7386182319068868
img_001940.jpg,0.001481,-0.084881,1.172873,39.56773651019152,-51.89984162568582,-81.06940067021749,0.0362970233516962,0.5107385149336756,0.4373240160972016,-0.7393080551460024
img_001941.jpg,0.001456,-0.08495,1.173219,39.44856890209056,-51.91202542650088,-80.87560880875313,0.0362731381721627,0.5104037133069845,0.4365511022935588,-0.73999692159891
img_001942.jpg,0.001431,-0.085018,1.173566,39.3292774490985,-51.9239525564652,-80.68171273479837,0.0362492796234637,0.5100681752081716,0.4357777456747059,-0.7406849551200951
img_001943.jpg,0.001407,-0.085086,1.173912,39.20990539413069,-51.93563157684023,-80.48774718057487,0.0362253783930319,0.5097320900447344,0.4350039375280924,-0.7413720339168209
img_001944.jpg,0.001383,-0.085154,1.174258,39.0904090099539,-51.94707978822055,-80.29364885773884,0.0362015411100869,0.5093953901623913,0.4342293846783658,-0.7420583712784375
img_001945.jpg,0.001358,-0.085223,1.174604,38.970842483545525,-51.95826174710498,-80.0994901231829,0.0361775410582316,0.5090580822349621,0.4334544645085579,-0.7427437523344386
img_001946.jpg,0.001333,-0.085291,1.17495,38.85122703004493,-51.96919815799867,-79.90528579230079,0.0361534306698304,0.5087203358196404,0.4326790865637965,-0.743428111806833
img_001947.jpg,0.001308,-0.085359,1.175296,38.73142904465125,-51.97988455475195,-79.71091519557605,0.0361295213548459,0.5083816577222833,0.4319030770046523,-0.7441118732100208
img_001948.jpg,0.001284,-0.085428,1.175642,38.6115787613303,-51.990308145649394,-79.51648581883848,0.0361053785325239,0.5080424381426861,0.4311266063592293,-0.74479469115739
img_001949.jpg,0.001241,-0.085553,1.176012,38.49170420955155,-52.00050806918458,-79.32202486693164,0.0360811688275471,0.5077029588453456,0.4303495563516195,-0.7454764343583798
img_001950.jpg,0.001216,-0.085621,1.176358,38.37167112708895,-52.01043341812664,-79.12745048343635,0.0360571181765049,0.5073624868675118,0.42957220527789,-0.7461574308422517
img_001951.jpg,0.001191,-0.085689,1.176704,38.25159014753112,-52.02011719380176,-78.93279187701384,0.0360328304289591,0.5070215846123787,0.4287941074612756,-0.7468375735559359
img_001952.jpg,0.001167,-0.085757,1.17705,38.13145285722031,-52.029541310265,-78.73809856116692,0.0360084820285765,0.5066801100729994,0.4280156973185339,-0.747516700901953
img_001953.jpg,0.001142,-0.085826,1.177397,38.01120447690995,-52.03875018261748,-78.54329030551061,0.0359843328798319,0.5063380978496919,0.4272365007671498,-0.748195048677409
img_001954.jpg,0.001118,-0.085894,1.177742,37.890910399809805,-52.04767167179174,-78.34845946493633,0.0359599617946723,0.5059954008387111,0.4264571362495626,-0.7488723832667487
img_001955.jpg,0.001093,-0.085962,1.178089,37.77055765436364,-52.05635121768588,-78.15352779644431,0.0359353706260525,0.5056522140407821,0.4256769528064331,-0.7495489439810138
img_001956.jpg,0.001068,-0.08603,1.178435,37.650008499403405,-52.06476127919152,-77.958486445255,0.0359112727489678,0.5053078865455103,0.4248966131308922,-0.7502247586119483
img_001957.jpg,0.001044,-0.086099,1.178781,37.52955792610806,-52.07294870090541,-77.76346121113713,0.0358865617791451,0.5049637014813667,0.4241154372889839,-0.7508994012003757
img_001958.jpg,0.001019,-0.086167,1.179127,37.40894721771187,-52.08088048096252,-77.56832198452447,0.0358621778464286,0.5046185703664974,0.4233338510151237,-0.751573318596455
img_001959.jpg,0.000995,-0.086235,1.179474,37.28824573866696,-52.0885241028938,-77.37310487304623,0.0358376505374953,0.5042725701218205,0.4225519182117211,-0.7522464451509764
img_001960.jpg,0.00097,-0.086304,1.179819,37.16754945517078,-52.09595437664615,-77.17788081695203,0.0358130870384432,0.5039264027470807,0.4217693625891329,-0.7529184605203411
img_001961.jpg,0.000945,-0.086372,1.180166,37.04679172587373,-52.10311788776036,-76.98259293299434,0.035788380655583,0.5035795654288306,0.4209863267705153,-0.7535896268957198
img_001962.jpg,0.000921,-0.08644,1.180512,36.92595640197347,-52.11002247119183,-76.7872387012047,0.0357636766577304,0.5032320332112669,0.4202028282295791,-0.7542599441371909
img_001963.jpg,0.000897,-0.086508,1.180858,36.80510318920865,-52.1166936417083,-76.59184897401936,0.0357388654742454,0.5028841392121872,0.4194186971361122,-0.7549292897457862
img_001964.jpg,0.000872,-0.086577,1.181204,36.68412644632916,-52.12307680215765,-76.39636568157103,0.0357140904986766,0.5025352313077914,0.4186342401907731,-0.7555979208376443
img_001965.jpg,0.000847,-0.086645,1.181551,36.563167697884175,-52.129252519718285,-76.200878258613,0.0356892645014863,0.5021862039982579,0.4178490848655736,-0.7562654528604132
img_001966.jpg,0.000823,-0.086713,1.181897,36.4420950560116,-52.13512929937065,-76.00530660355174,0.0356644048217955,0.5018361275630197,0.4170636605104473,-0.7569322653863331
img_001967.jpg,0.000798,-0.086782,1.182243,36.3209661703572,-52.140777418371485,-75.80967908292891,0.0356396510493644,0.5014855575879684,0.4162776038032258,-0.7575981833238571
img_001968.jpg,0.000773,-0.08685,1.182589,36.19983160832437,-52.14616083552679,-75.61403602707128,0.0356146517577501,0.5011344743587287,0.4154911071695805,-0.7582631304846433
img_001969.jpg,0.000749,-0.086918,1.182935,36.07865541865758,-52.15130475270083,-75.4183447248496,0.0355896459216067,0.5007828810570699,0.4147040035610837,-0.758927185291029
img_001970.jpg,0.000724,-0.086986,1.183281,35.95744994420223,-52.15619544821042,-75.22263562676974,0.035564614845594,0.5004307363018701,0.413916494505915,-0.759590265808605
img_001971.jpg,0.000699,-0.087055,1.183627,35.836197791340254,-52.16081503036597,-75.02689772806292,0.0355395333183492,0.50007788165525,0.4131286538966363,-0.7602524377996199
img_001972.jpg,0.000675,-0.087123,1.183974,35.71490778695502,-52.16519491997059,-74.83109418692146,0.0355143602798991,0.4997245175013499,0.4123400650796606,-0.7609137977143363
img_001973.jpg,0.000651,-0.087191,1.18432,35.59355644234282,-52.16930892078041,-74.63526148663436,0.0354892735558899,0.4993704059135478,0.4115511771192556,-0.7615742496775799
img_001974.jpg,0.000626,-0.08726,1.184666,35.472208858296625,-52.1731774188536,-74.43941030999515,0.0354640042784963,0.4990158777675019,0.4107616898000359,-0.7622337517645643
img_001975.jpg,0.000601,-0.087328,1.185012,35.35077370484573,-52.17677165063506,-74.24349565895517,0.0354388131037126,0.4986604627532685,0.4099718163042603,-0.762892484724212
img_001976.jpg,0.000577,-0.087396,1.185358,35.22936589590853,-52.18013295331116,-74.0475996250071,0.0354135233194841,0.4983047577374518,0.4091814295044679,-0.7635501349164966
img_001977.jpg,0.000552,-0.087464,1.185704,35.10789190888973,-52.18323485734263,-73.85163529759669,0.0353882413736174,0.4979483102042123,0.40839046273413,-0.7642070286807464
img_001978.jpg,0.000527,-0.087533,1.186051,34.98641894381554,-52.18607444622426,-73.65566604118801,0.0353627851535958,0.4975913186826438,0.4075990543046211,-0.7648629706867937
img_001979.jpg,0.000503,-0.087601,1.186397,34.86492738211929,-52.18867242111149,-73.45968355032933,0.035337366761134,0.4972338189515493,0.4068071464387235,-0.7655179589060142
img_001980.jpg,0.000478,-0.087669,1.186743,34.743401470334135,-52.19100868934088,-73.26367881143787,0.0353119495201848,0.4968756454164306,0.4060148258268879,-0.7661720566699437
img_001981.jpg,0.000454,-0.087737,1.187089,34.62184447393031,-52.19308946575232,-73.06762812254317,0.0352864485375126,0.4965168439023918,0.4052218906599614,-0.7668253449128972
img_001982.jpg,0.000429,-0.087806,1.187435,34.50027587354471,-52.19491630980536,-72.87159694415793,0.0352610314162361,0.4961574653908028,0.4044286845818384,-0.7674776011636049
img_001983.jpg,0.000404,-0.087874,1.187781,34.37868543457753,-52.19649613698298,-72.67553688167465,0.0352355997028377,0.4957975195332288,0.4036348967147211,-0.7681289880562869
img_001984.jpg,0.00038,-0.087942,1.188128,34.25711970840129,-52.19781324916318,-72.47948494911665,0.0352099230817357,0.4954370685214233,0.4028406337563035,-0.7687794197598532
img_001985.jpg,0.000355,-0.088011,1.188474,34.135532234339074,-52.19887474298345,-72.28341241712312,0.0351842324007888,0.4950759890867771,0.4020458719819507,-0.7694289776466635
img_001986.jpg,0.000331,-0.088079,1.18882,34.0139677327462,-52.199683035128686,-72.08736340407167,0.0351584365172314,0.4947144312900107,0.4012507013059047,-0.7700775224070526
img_001987.jpg,0.000306,-0.088147,1.189166,33.892338697523925,-52.20022961122911,-71.89123904776386,0.0351326571631774,0.4943520667397775,0.4004548657813794,-0.7707253927196005
img_001988.jpg,0.000281,-0.088215,1.189512,33.77067174997063,-52.20052145246375,-71.6951190921443,0.035107103474626,0.4939889963509833,0.3996587541494055,-0.7713723115341353
img_001989.jpg,0.000257,-0.088284,1.189859,33.649108068635336,-52.20057285297643,-71.49904129296743,0.0350810686969948,0.4936257721400228,0.3988619519558005,-0.7720181727007802
img_001990.jpg,0.000232,-0.088352,1.190205,33.52751628421465,-52.20036851003668,-71.30297447641084,0.0350552267664297,0.4932618559732734,0.3980648740197848,-0.7726630757256158
img_001991.jpg,0.000208,-0.08842,1.190551,33.40592644429858,-52.19990006252155,-71.10690293540222,0.0350292694477993,0.4928973053699473,0.3972673147169651,-0.773307104130416
img_001992.jpg,0.000183,-0.088488,1.190897,33.28427310638724,-52.19915681100113,-70.91079091219746,0.035003434926288,0.4925318395174144,0.3964693523842795,-0.7739503855060368
img_001993.jpg,0.000158,-0.088557,1.191243,33.16267398283179,-52.19817117913253,-70.714706766991,0.0349773989254375,0.4921660163052812,0.3956708099763443,-0.7745926697892669
img_001994.jpg,0.000134,-0.088625,1.191589,33.04107150287636,-52.19694620422106,-70.51860448600166,0.0349513735555414,0.491799661254623,0.3948716089929986,-0.7752340982488447
img_001995.jpg,9.1e-05,-0.08875,1.191959,32.91951057513679,-52.1954602508651,-70.32256835722822,0.0349253089223589,0.4914327781989662,0.3940722090859528,-0.7758744365774919
img_001996.jpg,6.6e-05,-0.088818,1.192305,32.797978288784165,-52.19372036677284,-70.12655119956521,0.034899131806983,0.4910653689398527,0.3932723158192641,-0.7765138373765391
img_001997.jpg,4.1e-05,-0.088887,1.192651,32.67642637196081,-52.19171425358287,-69.93051685324438,0.0348729561210047,0.4906972042712221,0.3924719356986936,-0.7771524370036482
img_001998.jpg,1.7e-05,-0.088955,1.192997,32.554859105672136,-52.18945943106292,-69.73447707758436,0.0348469008179629,0.4903283864500936,0.3916710571458274,-0.777790170893732
img_001999.jpg,-8e-06,-0.089023,1.193344,32.43335937852786,-52.18695074898165,-69.53848292054603,0.0348206006004658,0.4899591484810437,0.3908696886741363,-0.7784269041273799
img_002000.jpg,-3.2e-05,-0.089092,1.193689,32.31188674587604,-52.18418720610793,-69.3425147349266,0.0347942458103494,0.4895893456628948,0.390067870935272,-0.7790626991044375
img_002001.jpg,-5.7e-05,-0.08916,1.194036,32.190435139811406,-52.18117941574663,-69.14656285655252,0.0347678965500907,0.4892190131351281,0.3892655196201903,-0.7796975732881286
img_002002.jpg,-8.2e-05,-0.089228,1.194382,32.06900793661948,-52.17790335943742,-68.95065072660708,0.0347415117243244,0.4888480144887312,0.3884628697255338,-0.7803314968256355
img_002003.jpg,-0.000106,-0.089296,1.194728,31.94755811756842,-52.17436545365992,-68.75472896355164,0.0347152400467844,0.4884762347215241,0.3876597568268501,-0.7809646170971667
img_002004.jpg,-0.000131,-0.089365,1.195074,31.826194519229947,-52.17058909895438,-68.5588713014008,0.0346887798915572,0.4881041450766635,0.3868561253963911,-0.7815966801054789
img_002005.jpg,-0.000155,-0.089433,1.195421,31.704872891781672,-52.16656007518897,-68.36304455624555,0.0346622231849321,0.4877315191555506,0.3860519901393817,-0.7822278161862563
img_002006.jpg,-0.00018,-0.089501,1.195767,31.58355153247734,-52.16226974767227,-68.16723497356686,0.0346357576297629,0.4873581653750299,0.3852474643646731,-0.7828580804566606
img_002007.jpg,-0.000205,-0.089569,1.196113,31.46228176609378,-52.15771888266807,-67.97144511461775,0.0346090535111009,0.4869842534094811,0.3844423404094923,-0.7834874837843602
img_002008.jpg,-0.000229,-0.089638,1.196459,31.341076682240253,-52.15293518259672,-67.77571977105902,0.0345823574367223,0.4866099640072493,0.3836367598429093,-0.7841158332671367
img_002009.jpg,-0.000254,-0.089706,1.196805,31.219881891916543,-52.14787387765708,-67.5800304649283,0.034555698647774,0.4862348626044809,0.3828309268794859,-0.7847432978392103
img_002010.jpg,-0.000278,-0.089774,1.197151,31.098659078025985,-52.14256773734731,-67.3843283791932,0.0345293048582286,0.4858590165599478,0.3820245406311279,-0.785369972362697
img_002011.jpg,-0.000303,-0.089843,1.197497,30.977556840180743,-52.137003469903696,-67.18871905709071,0.0345025438272519,0.4854828075922314,0.3812177412120308,-0.7859955800047543
img_002012.jpg,-0.000327,-0.089911,1.197844,30.85652508507981,-52.13118672089384,-66.9931768789972,0.0344756831155234,0.4851061012150615,0.3804105416418492,-0.7866201863958207
img_002013.jpg,-0.000352,-0.089979,1.19819,30.735537002266742,-52.12512182719769,-66.79765248945758,0.034448724574977,0.4847288413859436,0.3796026972733628,-0.7872439443568847
img_002014.jpg,-0.000377,-0.090048,1.198536,30.614591170124505,-52.11878877803289,-66.60218821510065,0.0344217624100884,0.484350889066818,0.3787945767418519,-0.7878667572399076
img_002015.jpg,-0.000401,-0.090116,1.198882,30.493673331734804,-52.11222187546319,-66.40675682299933,0.034394956599444,0.4839723966088306,0.3779859206628504,-0.7884886492917224
img_002016.jpg,-0.000426,-0.090184,1.199228,30.372811915290345,-52.10540370075309,-66.2113739204818,0.0343680958106983,0.4835933467261726,0.3771767784916792,-0.7891096164406851
img_002017.jpg,-0.00045,-0.090252,1.199574,30.25202470667915,-52.09831390023668,-66.01605993134422,0.0343410478486506,0.4832136670648819,0.3763672887050079,-0.7897296425911893
img_002018.jpg,-0.000475,-0.090321,1.19992,30.13129488007476,-52.0909870643297,-65.8207850850609,0.0343139800547222,0.4828335048755502,0.3755571848069879,-0.7903487573737596
img_002019.jpg,-0.0005,-0.090389,1.200267,30.010632168178617,-52.08340205991193,-65.62559697920473,0.0342869261830916,0.482452748615528,0.3747468297710358,-0.7909668549457656
img_002020.jpg,-0.000524,-0.090457,1.200613,29.89003581318248,-52.07554685239978,-65.43045767722802,0.0342596776501029,0.4820713299526334,0.3739360064534917,-0.7915840892808701
img_002021.jpg,-0.000549,-0.090525,1.200959,29.769467117039877,-52.06746988544084,-65.2353731929221,0.0342327712113855,0.4816893972545659,0.3731247364154389,-0.7922003364191605
img_002022.jpg,-0.000574,-0.090594,1.201305,29.64897277466238,-52.059113564892606,-65.0403279533374,0.0342055408649778,0.4813067644198324,0.372312925106912,-0.7928157826987181
img_002023.jpg,-0.000598,-0.090662,1.201651,29.528605876482445,-52.05052092186613,-64.84540192585814,0.0341781713124439,0.4809238248307249,0.3715007411295772,-0.7934301019346935
img_002024.jpg,-0.000623,-0.09073,1.201997,29.40826723458321,-52.041679746035655,-64.65051291946733,0.0341509487545599,0.4805402029737118,0.3706880744040888,-0.7940435614748952
img_002025.jpg,-0.000647,-0.090799,1.202343,29.288009758937623,-52.03258626665245,-64.45571366437676,0.0341237148935558,0.4801560260668464,0.3698750787390686,-0.7946560191940442
img_002026.jpg,-0.000672,-0.090867,1.20269,29.167819277440007,-52.02323295084268,-64.26096775626834,0.0340963839192138,0.4797712079411337,0.3690615855554778,-0.7952676094885394
img_002027.jpg,-0.000697,-0.090935,1.203036,29.04771972032265,-52.01362301756496,-64.06629613789795,0.0340688985363585,0.479385831579338,0.3682476248098415,-0.7958782705008449
img_002028.jpg,-0.000721,-0.091003,1.203382,28.927707830712684,-52.00378605618398,-63.87172035179783,0.0340415193385718,0.4790000487784759,0.3674332496131221,-0.7964878751808344
img_002029.jpg,-0.000746,-0.091072,1.203729,28.80775593672252,-51.99366463536267,-63.67717912957932,0.0340139101423701,0.4786134414565383,0.3666183549056581,-0.7970967378055343
img_002030.jpg,-0.00077,-0.09114,1.204075,28.68787979932736,-51.983317504065866,-63.48273610064247,0.0339865160253687,0.4782263840106039,0.3658031013181195,-0.7977045401842998
img_002031.jpg,-0.000795,-0.091208,1.204421,28.568131120835066,-51.97272397552586,-63.28838868226523,0.0339588709172599,0.4778389127127735,0.3649873275508352,-0.7983113548677601
img_002032.jpg,-0.00082,-0.091277,1.204767,28.4484205466549,-51.96185361437973,-63.09412233987642,0.0339313957853187,0.4774505582520083,0.3641714113805873,-0.7989172722741551
img_002033.jpg,-0.000844,-0.091345,1.205113,28.328860504888077,-51.95076660359009,-62.89995045401933,0.0339036555185335,0.4770620277753155,0.3633547588750748,-0.7995221591677248
img_002034.jpg,-0.000869,-0.091413,1.205459,28.209303513148555,-51.93940378422423,-62.70581412210424,0.0338761562449373,0.4766725096457604,0.3625377817714067,-0.8001262908906
img_002035.jpg,-0.000893,-0.091481,1.205805,28.089885712605938,-51.92780339973236,-62.51179638939198,0.0338484809521101,0.4762826337832072,0.3617203532908451,-0.8007293669579705
img_002036.jpg,-0.000918,-0.09155,1.206152,27.970630478904944,-51.91596180849875,-62.31793101335181,0.0338205925467575,0.4758924347052249,0.3609026237266167,-0.8013313012090342
img_002037.jpg,-0.000943,-0.091618,1.206498,27.85141480277412,-51.90385377586583,-62.12407114450446,0.0337926263411842,0.4755014087866862,0.3600841639499666,-0.8019325804076647
img_002038.jpg,-0.000967,-0.091686,1.206844,27.73225376645792,-51.89149818829053,-61.93032400740541,0.0337650173987589,0.4751096801195095,0.3592655905396499,-0.8025328347868365
img_002039.jpg,-0.000992,-0.091754,1.20719,27.6132665779117,-51.87890171657208,-61.73670746118198,0.0337370407803593,0.4747176512387712,0.3584465084509419,-0.8031320341395042
img_002040.jpg,-0.001017,-0.091823,1.207536,27.49433902512104,-51.866053453049,-61.54316324725052,0.0337092083582534,0.4743249085755311,0.3576270187012151,-0.8037303564452163
img_002041.jpg,-0.001041,-0.091891,1.207883,27.375528727555608,-51.852954899209806,-61.34971476231185,0.0336812252924021,0.4739316279859776,0.3568070382255924,-0.8043277469601828
img_002042.jpg,-0.001084,-0.092016,1.208251,27.25684203079304,-51.83961776073984,-61.15637739917737,0.0336531697569617,0.4735378892162865,0.3559866054381222,-0.8049241382829415
img_002043.jpg,-0.001109,-0.092084,1.208598,27.13823698085688,-51.82602406644558,-60.96312038088324,0.0336251301657439,0.4731434546108853,0.3551657374012149,-0.8055196589509563
img_002044.jpg,-0.001133,-0.092153,1.208944,27.019733811905184,-51.81218724560868,-60.76998544553307,0.0335972042060015,0.4727484505023671,0.3543445941811638,-0.806114160024334
img_002045.jpg,-0.001158,-0.092221,1.20929,26.901389098990805,-51.79810395980421,-60.57697530843804,0.0335689938286419,0.4723530238562132,0.3535229707964738,-0.806707662431974
img_002046.jpg,-0.001183,-0.092289,1.209636,26.783115078741588,-51.783785403833946,-60.38402868809111,0.0335409201712981,0.471956983850979,0.3527007566080974,-0.807300308656218
img_002047.jpg,-0.001207,-0.092357,1.209983,26.66502728182732,-51.76920236336167,-60.19125915148432,0.0335125072474864,0.4715604665196483,0.3518783734831472,-0.8078918544883429
img_002048.jpg,-0.001232,-0.092426,1.210329,26.54701914339551,-51.75439298546976,-59.998571976169245,0.033484295562935,0.4711634001649651,0.3510554595758219,-0.8084824776070607
img_002049.jpg,-0.001257,-0.092494,1.210675,26.42908250242025,-51.73931030159651,-59.80594851307229,0.0334560563778088,0.4707654693417702,0.3502320737868737,-0.8090723451323828
img_002050.jpg,-0.001281,-0.092562,1.211021,26.311284049827407,-51.72400596351166,-59.61345804374817,0.0334278448457173,0.4703671711106264,0.3494082518733286,-0.8096611495268758
img_002051.jpg,-0.001306,-0.092631,1.211367,26.19363872686682,-51.7084328315803,-59.42113244747758,0.0333994751890826,0.4699682425264027,0.3485843160690742,-0.8102489127819883
img_002052.jpg,-0.00133,-0.092699,1.211713,26.076112883227005,-51.69263587565654,-59.2288956805004,0.0333710818942074,0.4695688756676036,0.3477597123028805,-0.8108357567328235
img_002053.jpg,-0.001355,-0.092767,1.21206,25.958702168198474,-51.67660087513561,-59.03676511809145,0.0333427067338364,0.4691689578526171,0.3469346268629587,-0.8114216644745261
img_002054.jpg,-0.001379,-0.092835,1.212405,25.841443276938897,-51.6603098867752,-58.84479260100738,0.0333142254624342,0.4687684665979739,0.346109334481231,-0.8120065367287271
img_002055.jpg,-0.001404,-0.092904,1.212752,25.724308034432628,-51.64376524013777,-58.65292429760812,0.0332856324018464,0.4683673398033013,0.3452835587539244,-0.8125905277170127
img_002056.jpg,-0.001429,-0.092972,1.213098,25.60729464370399,-51.62698253498996,-58.46116874382999,0.0332570500144653,0.4679656607149384,0.3444573125384856,-0.813173578551794
img_002057.jpg,-0.001453,-0.09304,1.213444,25.49042517987777,-51.60997252954149,-58.269568264151296,0.033228546638923,0.4675635447482432,0.3436307680917639,-0.8137555471585967
img_002058.jpg,-0.001478,-0.093109,1.21379,25.37368735308716,-51.592716400457775,-58.07807056401639,0.0331999158817785,0.467160845590177,0.3428036648005365,-0.8143366363686674
img_002059.jpg,-0.001502,-0.093177,1.214137,25.257100742129204,-51.57521381534308,-57.88672893445031,0.033171238817848,0.4667575975863316,0.3419763000866775,-0.8149166976996802
img_002060.jpg,-0.001527,-0.093245,1.214483,25.14062446369708,-51.557459115135714,-57.69550051419868,0.0331426108247019,0.4663536487352715,0.3411485519742453,-0.8154958658049083
img_002061.jpg,-0.001552,-0.093313,1.214829,25.02433538718977,-51.53947144459078,-57.504415413295,0.0331136965697151,0.4659493336019271,0.3403202564224398,-0.816074031374589
img_002062.jpg,-0.001576,-0.093382,1.215175,24.908140519055948,-51.52123994442952,-57.3134388115281,0.033084972579491,0.4655443106757534,0.3394915771664158,-0.8166513016091455
img_002063.jpg,-0.001601,-0.09345,1.215521,24.79212308861753,-51.50277913357901,-57.12263162955128,0.0330561614830114,0.4651388950695809,0.3386625603681962,-0.8172274889443676
img_002064.jpg,-0.001626,-0.093518,1.215867,24.676241346069308,-51.48407534891652,-56.93193613013201,0.0330272701403627,0.4647328866077099,0.3378330065909462,-0.8178027899133523
img_002065.jpg,-0.00165,-0.093587,1.216213,24.56049539383473,-51.4651049555337,-56.7413843798513,0.032998329328209,0.464326119327751,0.3370032179988204,-0.8183771723539325
img_002066.jpg,-0.001674,-0.093655,1.21656,24.44489494825675,-51.44592398545537,-56.55098568177681,0.032969555993023,0.4639189698602625,0.3361730382506874,-0.8189504784385424
img_002067.jpg,-0.001699,-0.093723,1.216906,24.329504075217507,-51.42650248164319,-56.36075409073191,0.0329404217974949,0.4635114246101695,0.3353424038008246,-0.8195227636135186
img_002068.jpg,-0.001724,-0.093791,1.217252,24.21418527794409,-51.406821012593625,-56.17061051130413,0.0329115100496913,0.4631029726548233,0.3345113652330629,-0.8200942724799555
img_002069.jpg,-0.001748,-0.09386,1.217598,24.09908481164519,-51.38693403592692,-55.980673705092535,0.0328824939619473,0.4626943500257864,0.3336800045441151,-0.820664568878477
img_002070.jpg,-0.001773,-0.093928,1.217945,23.9841115693702,-51.36678182565536,-55.79083661328735,0.0328533391229085,0.4622849320076644,0.3328481123100237,-0.8212340920095792
img_002071.jpg,-0.001798,-0.093996,1.21829,23.869314738624837,-51.34640783945331,-55.601179143452775,0.0328242067597062,0.4618751114919417,0.3320159219053151,-0.8218025191226089
img_002072.jpg,-0.001822,-0.094064,1.218637,23.75465584850197,-51.325787861139766,-55.41165370768136,0.032795080583398,0.4614646283928084,0.3311833222943007,-0.8223700422960001
img_002073.jpg,-0.001847,-0.094133,1.218983,23.640187359329776,-51.30492930894186,-55.22230713790847,0.032765808499088,0.4610536622980256,0.3303504126780378,-0.8229365267858934
img_002074.jpg,-0.001872,-0.094201,1.219329,23.525839339792288,-51.28384720811032,-55.03306708526936,0.0327366690650139,0.4606421230305507,0.3295169059456736,-0.8235021273101999
img_002075.jpg,-0.001896,-0.094269,1.219676,23.41170420030486,-51.26250492570549,-54.84401397820667,0.0327071702207306,0.4602300100470577,0.3286831210074359,-0.8240667356671111
img_002076.jpg,-0.00192,-0.094338,1.220022,23.29769672142636,-51.2409522304731,-54.65510640545449,0.0326779724143667,0.4598174065089689,0.3278489454606336,-0.8246303242972587
img_002077.jpg,-0.001945,-0.094406,1.220368,23.183858070097543,-51.219159129219925,-54.46633609707903,0.0326486233726124,0.4594042323807095,0.3270142460485152,-0.8251930086615407
img_002078.jpg,-0.00197,-0.094474,1.220714,23.070210332800738,-51.19713136137344,-54.27778095869336,0.0326193040658563,0.4589905592273031,0.3261794757344599,-0.8257545622956374
img_002079.jpg,-0.001994,-0.094542,1.22106,22.95672845822875,-51.17485295990729,-54.08935131893535,0.0325897722904426,0.4585762304348136,0.3253441365452038,-0.8263152790780948
img_002080.jpg,-0.002019,-0.094611,1.221406,22.84338774573605,-51.15235585707182,-53.901062007795176,0.0325604031378948,0.4581613739184702,0.3245083335923376,-0.8268750310813368
img_002081.jpg,-0.002044,-0.094679,1.221752,22.7302604479392,-51.12961843623484,-53.71294556407936,0.0325307188071519,0.4577460377890769,0.3236720773456386,-0.8274338061555438
img_002082.jpg,-0.002068,-0.094747,1.222099,22.61728478591989,-51.10666159239418,-53.52503175713038,0.0325013739903786,0.4573301692862767,0.3228357646064329,-0.827991452878774
img_002083.jpg,-0.002093,-0.094816,1.222445,22.50450328441926,-51.083453040832055,-53.33725629973679,0.0324716746498809,0.4569136886774599,0.321998857915219,-0.8285482526358282
img_002084.jpg,-0.002117,-0.094884,1.222791,22.391888196121528,-51.06000935189661,-53.14965346625164,0.0324420304073027,0.4564966102963752,0.3211616633237959,-0.8291040619018
img_002085.jpg,-0.002142,-0.094952,1.223137,22.27947279702713,-51.036364550479725,-52.9622326800584,0.0324123808256533,0.4560792427308244,0.320324012596657,-0.8296587785790417
img_002086.jpg,-0.002167,-0.09502,1.223483,22.167220179843973,-51.01247974661698,-52.77496801975909,0.0323827331669461,0.4556612279269292,0.3194859810975159,-0.8302125702727701
img_002087.jpg,-0.002191,-0.095089,1.22383,22.055160123307378,-50.98834714665031,-52.587876011440734,0.0323529095754634,0.455242586385941,0.318647591388728,-0.8307654237417463
img_002088.jpg,-0.002234,-0.095214,1.224199,21.94327154318576,-50.96398772556351,-52.40095151918813,0.0323231315032384,0.4548233930625748,0.3178088256270365,-0.8313172960106358
img_002089.jpg,-0.002259,-0.095282,1.224545,21.831596791199978,-50.939412043420425,-52.21421515860408,0.0322932192915762,0.454403823544175,0.3169696327296664,-0.8318681175904271
img_002090.jpg,-0.002283,-0.09535,1.224891,21.72008116923954,-50.91460448587399,-52.02765912560839,0.0322634785626868,0.45398361901719,0.3161302183465394,-0.8324179398975369
img_002091.jpg,-0.002308,-0.095419,1.225237,21.608745841791208,-50.8895543988319,-51.84124822540766,0.0322335770112696,0.4535627710913887,0.315290272498741,-0.8329668980581574
img_002092.jpg,-0.002333,-0.095487,1.225583,21.49765873158738,-50.86429996153605,-51.65507054598992,0.0322035258780196,0.45314168943974,0.3144500532365893,-0.8335146706760642
img_002093.jpg,-0.002357,-0.095555,1.225929,21.38671967818148,-50.83879854312995,-51.46901661759277,0.0321734523458601,0.4527198394823647,0.3136092847476794,-0.8340616478553965
img_002094.jpg,-0.002382,-0.095623,1.226276,21.27594932300476,-50.81307560164471,-51.28316971047795,0.0321436410252413,0.4522974185931488,0.3127684149276665,-0.8346075425607232
img_002095.jpg,-0.002406,-0.095692,1.226622,21.1653676151476,-50.78711384340227,-51.0974695624682,0.0321136432146499,0.4518743767969791,0.3119269750364563,-0.8351525751372798
img_002096.jpg,-0.002431,-0.09576,1.226968,21.05501811725154,-50.76093686635216,-50.91196912207048,0.032083446941038,0.4514509693992751,0.3110851094511045,-0.8356965533844392
img_002097.jpg,-0.002456,-0.095828,1.227314,20.944868138417306,-50.73453613780033,-50.72668717742329,0.0320533329382208,0.4510270387979695,0.3102431083189473,-0.8362394440955797
img_002098.jpg,-0.00248,-0.095897,1.22766,20.834917503756216,-50.70792467861845,-50.54157256016412,0.0320231547611394,0.450602680355588,0.3094005609406892,-0.8367813543005669
img_002099.jpg,-0.002505,-0.095965,1.228006,20.725118662265185,-50.68105148166425,-50.35662277140636,0.0319930531569767,0.4501774175238617,0.3085577802638863,-0.8373224191073978
img_002100.jpg,-0.00253,-0.096033,1.228353,20.615586457426637,-50.65397421507679,-50.171896471639045,0.0319626485326447,0.4497519252180771,0.3077145777925564,-0.8378623595050445
img_002101.jpg,-0.002554,-0.096101,1.228699,20.5062359534692,-50.62668712541048,-49.987343133718326,0.0319323425237357,0.4493259443548208,0.3068709340717807,-0.8384013066858305
img_002102.jpg,-0.002579,-0.09617,1.229045,20.397051471618965,-50.599156261979246,-49.80296216791191,0.0319021189439792,0.4488991983924677,0.3060270007545307,-0.8389393537668086
img_002103.jpg,-0.002603,-0.096238,1.229391,20.28811243132564,-50.57139587485421,-49.61879501538365,0.0318716173840112,0.4484719780732268,0.3051827283933269,-0.8394763767842541
img_002104.jpg,-0.002628,-0.096306,1.229738,20.1793320672198,-50.54344774273321,-49.43480049327731,0.0318414754943751,0.4480443408009575,0.3043380374480068,-0.8400123499549706
img_002105.jpg,-0.002653,-0.096374,1.230084,20.070789748413706,-50.51524608217352,-49.25100097073019,0.0318109487903678,0.44761603969029,0.3034929642460442,-0.8405474199604605
img_002106.jpg,-0.002677,-0.096443,1.23043,19.962419961094493,-50.48683480858145,-49.06739027912865,0.0317806650382244,0.4471871946718202,0.3026475961322898,-0.841081467401715
img_002107.jpg,-0.002702,-0.096511,1.230776,19.8543267321058,-50.45819774333057,-48.883993295669576,0.0317498983877077,0.4467579577871262,0.3018017539534938,-0.8416145034496739
img_002108.jpg,-0.002726,-0.096579,1.231122,19.74641357916268,-50.42935915605168,-48.70080498551213,0.0317194318350397,0.446328235104859,0.3009557099993132,-0.8421464509282536
img_002109.jpg,-0.002751,-0.096648,1.231468,19.638686819694865,-50.40026863530113,-48.51779061500586,0.0316888955487072,0.4458977036375376,0.3001093217407153,-0.8426775461551123
img_002110.jpg,-0.002775,-0.096716,1.231814,19.531186576273985,-50.37098525852296,-48.33497436710764,0.0316583148899197,0.4454668594645109,0.2992624480240463,-0.8432075755232582
img_002111.jpg,-0.0028,-0.096784,1.232161,19.423919662082167,-50.34149836437727,-48.1523758258888,0.0316276769991262,0.4450356364553203,0.2984152358781947,-0.8437365224572232
img_002112.jpg,-0.002825,-0.096852,1.232507,19.31686890639726,-50.31176085481062,-47.96998847367888,0.0315969085587913,0.4446036628152917,0.2975678313262155,-0.8442645344562133
img_002113.jpg,-0.002849,-0.096921,1.232853,19.210023846482525,-50.28183021118884,-47.78777331170207,0.0315661529543926,0.4441713103814032,0.2967198314898994,-0.8447915521726842
img_002114.jpg,-0.002874,-0.096989,1.233199,19.103368820446807,-50.251666290357775,-47.605774750822206,0.0315355507101267,0.4437382453731365,0.2958717317639014,-0.8453175716720959
img_002115.jpg,-0.002899,-0.097057,1.233545,18.99696246860347,-50.22128375621506,-47.42397053302682,0.0315046402111174,0.4433047202732498,0.2950231007725782,-0.8458426287668155
img_002116.jpg,-0.002923,-0.097126,1.233891,18.89077356450149,-50.190693083070165,-47.242371557062896,0.031473734802643,0.4428707176658273,0.2941741116054839,-0.8463666602087137
img_002117.jpg,-0.002948,-0.097194,1.234238,18.78478178233199,-50.15988587224796,-47.06096810476752,0.0314429183191976,0.4424361246624346,0.2933247929160389,-0.8468897120298616
img_002118.jpg,-0.002972,-0.097262,1.234584,18.679050402752072,-50.1288696958868,-46.87981354734768,0.0314119589938467,0.4420011352573495,0.2924752745679868,-0.8474116467395074
img_002119.jpg,-0.002997,-0.09733,1.23493,18.573479377768457,-50.09762804326544,-46.69880721517927,0.0313811500327996,0.4415654016350498,0.2916252412403188,-0.8479327438971925
img_002120.jpg,-0.003022,-0.097399,1.235276,18.46818747851533,-50.06618349161832,-46.518043616100464,0.0313500618177984,0.4411293512308218,0.2907748744287352,-0.8484527338088126
img_002121.jpg,-0.003046,-0.097467,1.235622,18.36307434976604,-50.03451558050629,-46.337461900666575,0.0313191304117057,0.4406925980551344,0.2899241635216704,-0.8489718048886724
img_002122.jpg,-0.003071,-0.097535,1.235968,18.25826724814078,-50.00264763874299,-46.1571582945028,0.0312878694906493,0.4402555941320327,0.2890732712204444,-0.8494896850015887
img_002123.jpg,-0.003095,-0.097603,1.236315,18.15359974064669,-49.97055995775292,-45.97700170409952,0.0312569394117164,0.4398178123043965,0.288221916631742,-0.8500067190860977
img_002124.jpg,-0.00312,-0.097672,1.236661,18.049173376521377,-49.93824331145523,-45.79704798964659,0.0312257718744649,0.4393794237123172,0.2873701462978216,-0.8505228228600598
img_002125.jpg,-0.003145,-0.09774,1.237007,17.945000396392583,-49.90576172978512,-45.617342852393406,0.0311946814665229,0.4389408871334281,0.2865180889409702,-0.8510377043118217
img_002126.jpg,-0.003169,-0.097808,1.237353,17.841052097229078,-49.8730337546818,-45.43784717586527,0.0311634422907807,0.4385015673156911,0.2856657725294192,-0.8515516905810484
img_002127.jpg,-0.003194,-0.097877,1.2377,17.73737369230042,-49.84011303794052,-45.25859157400817,0.0311320281139484,0.4380619373861238,0.2848131150168416,-0.8520645664228923
img_002128.jpg,-0.003218,-0.097945,1.238045,17.633851228458347,-49.806958871536665,-45.07949124963768,0.0311008200067356,0.4376214466986451,0.2839600243318539,-0.8525766317262904
img_002129.jpg,-0.003243,-0.098013,1.238392,17.530600529190615,-49.7736290132796,-44.90063573917198,0.0310695042139168,0.4371807578486232,0.2831065782087985,-0.8530875314114669
img_002130.jpg,-0.003268,-0.098081,1.238738,17.427566278266465,-49.74007193189725,-44.72199613339826,0.0310382022454502,0.4367393748231657,0.2822529024447487,-0.8535974739547652
img_002131.jpg,-0.003292,-0.09815,1.239084,17.324777920508346,-49.70629542986802,-44.54356159323956,0.0310066832275389,0.4362974220852472,0.2813987840289908,-0.8541064742899448
img_002132.jpg,-0.003317,-0.098218,1.23943,17.222217530228825,-49.67233006891945,-44.365370621060194,0.0309753353278265,0.4358550545003736,0.2805445025990472,-0.8546143470181495
img_002133.jpg,-0.003341,-0.098286,1.239776,17.119921144859386,-49.6381570845739,-44.18740038896137,0.0309437388401734,0.4354122290120196,0.2796897979800091,-0.855121215243358
img_002134.jpg,-0.003366,-0.098354,1.240123,17.017832580022592,-49.60380202576013,-44.00963497624161,0.0309123419433246,0.4349689874544046,0.2788347026440393,-0.855627030703144
img_002135.jpg,-0.003409,-0.09848,1.240492,16.915965794608525,-49.569198074909565,-43.83207057880871,0.0308807982978313,0.4345248881299003,0.2779792982425646,-0.8561320036307237
img_002136.jpg,-0.003434,-0.098548,1.240838,16.81436574922686,-49.53441259144105,-43.65475011491424,0.0308491678571413,0.4340804987498614,0.2771235705991467,-0.8566358479925837
img_002137.jpg,-0.003458,-0.098616,1.241184,16.71298797717463,-49.49942803915075,-43.4776431991016,0.0308176086008605,0.4336355905543559,0.2762675046792797,-0.8571386792479868
img_002138.jpg,-0.003483,-0.098684,1.24153,16.611858743425742,-49.464231812476974,-43.3007748029368,0.0307859772831515,0.4331901256050992,0.2754112185171946,-0.8576404837668483
img_002139.jpg,-0.003508,-0.098753,1.241876,16.51096998327014,-49.42884283030838,-43.12411187674631,0.030754274716938,0.4327442220551172,0.274554450344524,-0.858141285955036
img_002140.jpg,-0.003532,-0.098821,1.242223,16.41031678632341,-49.39323178240839,-42.94768003855452,0.0307225371457767,0.4322976477179221,0.2736974807605035,-0.858641111591002
img_002141.jpg,-0.003557,-0.098889,1.242569,16.30990516662582,-49.35742034847595,-42.77147572015891,0.0306907806705623,0.4318505665140298,0.2728402089253643,-0.8591399097800697
img_002142.jpg,-0.003581,-0.098958,1.242915,16.209749788272433,-49.32144590343762,-42.59548933069934,0.0306589848853504,0.4314032769599926,0.2719824203821604,-0.8596375993853698
img_002143.jpg,-0.003606,-0.099026,1.243261,16.10983901012442,-49.28523340409132,-42.41974423290023,0.0306270758079426,0.4309552049926688,0.2711245117452955,-0.8601343456972617
img_002144.jpg,-0.003631,-0.099094,1.243607,16.010147825934716,-49.24883555378874,-42.24419692063773,0.030595254463317,0.4305066735843464,0.2702661269954136,-0.8606300918528034
img_002145.jpg,-0.003655,-0.099162,1.243953,15.91071584335712,-49.212232233940455,-42.06889964019253,0.0305633543944657,0.430057613597644,0.2694075571498157,-0.8611247868372078
img_002146.jpg,-0.00368,-0.099231,1.2443,15.811535984625412,-49.17542517724189,-41.89381249379437,0.0305312858978129,0.4296080257590499,0.2685485256450413,-0.8616185200880446
img_002147.jpg,-0.003704,-0.099299,1.244646,15.712589107720506,-49.1384361178029,-41.71896271562606,0.0304993673741566,0.4291580084010261,0.2676892595618876,-0.862111160309533
img_002148.jpg,-0.003729,-0.099367,1.244992,15.613907114420762,-49.10124169800841,-41.54436930211395,0.0304673543788434,0.4287074585538249,0.2668298370774949,-0.8626027436442989
img_002149.jpg,-0.003754,-0.099436,1.245338,15.515454766882415,-49.063844540688685,-41.369955045272505,0.0304352331053046,0.4282563279920953,0.265969803445013,-0.863093435136645
img_002150.jpg,-0.003778,-0.099504,1.245684,15.41724322273942,-49.02625670692387,-41.19580662427841,0.03040328404265,0.4278047013230004,0.2651097427148483,-0.8635830024745897
img_002151.jpg,-0.003803,-0.099572,1.24603,15.31931613611938,-48.988502843321086,-41.02187264333563,0.0303710659031036,0.4273528655013243,0.2642490505195995,-0.8640715051448036
img_002152.jpg,-0.003827,-0.09964,1.246377,15.22162301406378,-48.950524991031976,-40.84817250320219,0.0303388462039562,0.4269002761493148,0.2633881930431103,-0.8645590600995035
img_002153.jpg,-0.003852,-0.099708,1.246723,15.124154755046987,-48.91234239693336,-40.67470467128644,0.030306751472903,0.4264470462618753,0.2625271495138898,-0.8650456134319123
img_002154.jpg,-0.003877,-0.099777,1.247069,15.026928615064724,-48.87398330075805,-40.501443535321854,0.0302746472897728,0.4259934212730528,0.2616656001040275,-0.8655311458785052
img_002155.jpg,-0.003901,-0.099845,1.247415,14.929977222378216,-48.83542663174709,-40.32844157846902,0.0302424160590556,0.4255393046286339,0.260803867816592,-0.866015611302126
img_002156.jpg,-0.003926,-0.099913,1.247761,14.833304490544103,-48.79666867949111,-40.15567253987917,0.0302099195112272,0.4250846795501264,0.2599417491537241,-0.8664990842590626
img_002157.jpg,-0.00395,-0.099982,1.248108,14.73687223832536,-48.75773860659073,-39.98314913297472,0.0301775856999353,0.424629661904037,0.2590794192892784,-0.8669814404318678
img_002158.jpg,-0.003975,-0.10005,1.248454,14.640674515545616,-48.71861627701749,-39.81084018187623,0.0301452815092832,0.4241740960227065,0.2582167096586401,-0.8674628113752839
img_002159.jpg,-0.004,-0.100118,1.2488,14.54473262952043,-48.67928507038198,-39.63875242036396,0.0301128201255373,0.4237179025659288,0.2573536289303231,-0.8679432393800938
img_002160.jpg,-0.004024,-0.100186,1.249146,14.449038897546824,-48.63976919416572,-39.466907874982304,0.0300804174674547,0.4232612291084277,0.256490320864233,-0.8684226020328867
img_002161.jpg,-0.004049,-0.100255,1.249492,14.35362657692114,-48.60007886043628,-39.29532378712484,0.0300479168090427,0.4228042149263851,0.255626773094423,-0.8689008409555444
img_002162.jpg,-0.004073,-0.100323,1.249838,14.258459685942675,-48.56018154190767,-39.12396527618338,0.0300153623590401,0.4223465468495935,0.2547629250061597,-0.8693781251152951
img_002163.jpg,-0.004098,-0.100391,1.250185,14.163532490285071,-48.52009981694096,-38.95281879968803,0.0299828182004507,0.4218883752682635,0.2538986476364178,-0.8698544166437634
img_002164.jpg,-0.004122,-0.10046,1.250531,14.06889997073547,-48.479849317980864,-38.78192762972164,0.0299500742518746,0.4214299199189187,0.2530340355378279,-0.8703295884369796
img_002165.jpg,-0.004147,-0.100528,1.250877,13.974471325530471,-48.43938009625876,-38.61125768638028,0.0299175434383947,0.4209706193189706,0.2521692702797553,-0.8708038455308922
img_002166.jpg,-0.004172,-0.100596,1.251223,13.880328728885615,-48.398761648124776,-38.44084263331576,0.0298849362424661,0.4205111490635122,0.251304161361845,-0.8712769264598301
img_002167.jpg,-0.004196,-0.100665,1.251569,13.786433437697792,-48.35794029707364,-38.27065768476048,0.0298522941446553,0.4200510329730682,0.25043877635157,-0.8717490404537809
img_002168.jpg,-0.004221,-0.100733,1.251915,13.692811852986916,-48.31693146616847,-38.10070700235877,0.0298194787701378,0.4195904355178763,0.2495730191946791,-0.8722201403303231
img_002169.jpg,-0.004246,-0.100801,1.252262,13.599432381385869,-48.27573902298578,-37.93098086278991,0.0297867069923645,0.4191293137578085,0.2487069250189873,-0.8726902290521301
img_002170.jpg,-0.00427,-0.100869,1.252607,13.506327836477723,-48.23436018531456,-37.76153316395329,0.0297539181770315,0.4186676997395434,0.2478407914388307,-0.8731592086480496
img_002171.jpg,-0.004295,-0.100938,1.252954,13.413475553270931,-48.19280568124876,-37.59230096381156,0.0297210867431582,0.4182056346212284,0.2469742017577947,-0.8736271789727935
img_002172.jpg,-0.00432,-0.101006,1.2533,13.320880461307896,-48.15105263643762,-37.42330002141881,0.0296881658952892,0.4177429519601142,0.2461073056292279,-0.8740941785696467
img_002173.jpg,-0.004344,-0.101074,1.253646,13.228543519642358,-48.10913667230842,-37.25452537998406,0.0296552351918833,0.4172799125207811,0.2452399914789183,-0.8745601112626754
img_002174.jpg,-0.004369,-0.101142,1.253993,13.136483972756984,-48.0670522360137,-37.08603644449813,0.0296223473106555,0.4168164966718516,0.2443726560486178,-0.8750248737137449
img_002175.jpg,-0.004393,-0.101211,1.254339,13.044653273795062,-48.02475759311347,-36.917735191448735,0.0295893953150345,0.4163523135224276,0.2435048121475791,-0.8754887921443569
img_002176.jpg,-0.004418,-0.101279,1.254685,12.953107691162488,-47.98229109035072,-36.74969586138241,0.0295563312209413,0.4158877418026764,0.2426367474052057,-0.8759516072886964
img_002177.jpg,-0.004442,-0.101347,1.255031,12.861850525368652,-47.93966624755282,-36.58192488503674,0.029523191088311,0.4154228817569175,0.2417684751882567,-0.8764132671895642
img_002178.jpg,-0.004467,-0.101416,1.255377,12.770802400993624,-47.89682855354238,-36.41435757150598,0.0294901912788168,0.4149571745897791,0.2408998969281789,-0.8768740568261779
img_002179.jpg,-0.004492,-0.101484,1.255723,12.680020625074452,-47.85381981513324,-36.24701389540438,0.0294570864386748,0.414491040856055,0.2400308770935708,-0.8773338219573548
img_002180.jpg,-0.004516,-0.101552,1.256069,12.589513502346708,-47.81064039525802,-36.079938843397706,0.0294239764518483,0.4140244843760325,0.2391617315021245,-0.8777924709929034
img_002181.jpg,-0.004559,-0.101677,1.256439,12.49927838940194,-47.76728813281831,-35.913095617050864,0.0293907419719382,0.4135574882525848,0.2382921943622291,-0.8782500887005851
img_002182.jpg,-0.004584,-0.101746,1.256785,12.409291507687652,-47.72375871175827,-35.74650504730016,0.0293576281951051,0.4130899610004705,0.2374225213519891,-0.8787066405474878
img_002183.jpg,-0.004608,-0.101814,1.257131,12.31959633416603,-47.680072700456535,-35.580153628871734,0.0293243102563068,0.4126221445549379,0.2365524153447133,-0.8791621041909495
img_002184.jpg,-0.004633,-0.101882,1.257477,12.230154268062888,-47.63618215761536,-35.41404463627974,0.0292909622266828,0.4121535967482169,0.2356821331572583,-0.8796166121270036
img_002185.jpg,-0.004658,-0.10195,1.257823,12.140980620062878,-47.59212185539745,-35.24817419472672,0.0292575497155886,0.4116846041731942,0.2348115260729502,-0.8800700709004325
img_002186.jpg,-0.004682,-0.102019,1.258169,12.05203573253097,-47.547881690534574,-35.082526798397154,0.0292242937531989,0.411215009829182,0.2339406381816202,-0.8805225347218484
img_002187.jpg,-0.004707,-0.102087,1.258516,11.963395289679292,-47.50349849511475,-34.91713966240816,0.0291908472722873,0.410745229323874,0.2330694176271499,-0.8809738347931484
img_002188.jpg,-0.004732,-0.102155,1.258862,11.87499823709799,-47.45890167102169,-34.75198943250026,0.0291574022222599,0.4102746123159563,0.232198036477101,-0.8814242226310893
img_002189.jpg,-0.004756,-0.102223,1.259208,11.786856840068362,-47.41415337632647,-34.587082462834275,0.0291240568950883,0.4098036420927401,0.2313263870274973,-0.8818734982424076
img_002190.jpg,-0.004781,-0.102292,1.259554,11.699019370857922,-47.36924985398002,-34.42243284117971,0.0290904788748145,0.409332380110701,0.2304544148361139,-0.8823216586451263
img_002191.jpg,-0.004805,-0.10236,1.2599,11.611418422801805,-47.3241574929346,-34.25800284418489,0.0290569612138312,0.4088604439010503,0.2295821336274427,-0.8827688680153628
img_002192.jpg,-0.00483,-0.102428,1.260247,11.524086943339832,-47.27888430712228,-34.093820716432546,0.0290233730472045,0.4083879479560894,0.2287096303380358,-0.8832150546564613
img_002193.jpg,-0.004855,-0.102497,1.260593,11.437038224901723,-47.233477612315376,-33.92989034906325,0.028989751320828,0.4079152681839756,0.227836805572193,-0.8836600694426621
img_002194.jpg,-0.004879,-0.102565,1.260939,11.350261135490715,-47.18787612202062,-33.76620693528547,0.0289560008782651,0.4074419190546969,0.2269637738302867,-0.8841041103732513
img_002195.jpg,-0.004904,-0.102633,1.261285,11.263698218183707,-47.142110995709714,-33.602726604772194,0.0289224918632022,0.4069680275364107,0.2260903474062412,-0.8845471546714009
img_002196.jpg,-0.004928,-0.102701,1.261631,11.177449526376751,-47.09617125510371,-33.439535345915075,0.0288887283956249,0.4064936827509958,0.2252168559917266,-0.884989093171446
img_002197.jpg,-0.004953,-0.10277,1.261977,11.091452970052282,-47.05006397233689,-33.276568482370145,0.0288549782011084,0.4060188270867425,0.2243430108420676,-0.8854300174324539
img_002198.jpg,-0.004978,-0.102838,1.262324,11.00573372942026,-47.00380321133125,-33.11383004360077,0.0288210972693286,0.4055436105686568,0.2234687317470962,-0.8858698833409305
img_002199.jpg,-0.005002,-0.102906,1.26267,10.920242093729522,-46.95736545138548,-32.951354460416326,0.0287875302649169,0.4050677460646648,0.2225945038044978,-0.8863086855466149
img_002200.jpg,-0.005027,-0.102974,1.263016,10.835068236928496,-46.91075922133948,-32.789109338777266,0.0287534870191321,0.4045914769108891,0.2217197452759504,-0.8867464848253271
img_002201.jpg,-0.005051,-0.103043,1.263362,10.750143161680358,-46.86401508347242,-32.62710815655653,0.0287196263918261,0.4041148921803099,0.2208447550347112,-0.8871831440867599
img_002202.jpg,-0.005076,-0.103111,1.263708,10.665474410153944,-46.81708532363698,-32.465355842700184,0.0286857848217125,0.4036376406854471,0.2199696279839313,-0.8876188053075821
img_002203.jpg,-0.0051,-0.103179,1.264054,10.58109867122221,-46.76999686857464,-32.30386483289772,0.0286517900408331,0.4031599888566111,0.219094288247924,-0.8880533718024659
img_002204.jpg,-0.005125,-0.103248,1.264401,10.49697298637887,-46.722751596980885,-32.14258380977974,0.028617798210065,0.4026818771241619,0.2182184890241393,-0.8884869264707225
img_002205.jpg,-0.00515,-0.103316,1.264747,10.413128542400242,-46.67533478016992,-31.981566119567965,0.0285837175760044,0.4022032357860195,0.2173425611279425,-0.8889194222960468
img_002206.jpg,-0.005174,-0.103384,1.265093,10.329518468080003,-46.6277641240113,-31.820758403006916,0.0285497681771304,0.4017241192204275,0.2164662284934947,-0.8893508951451087
img_002207.jpg,-0.005199,-0.103452,1.265439,10.246204105071094,-46.58002424606664,-31.66021344397114,0.0285156202843813,0.4012445094298705,0.2155897133073232,-0.8897813094059942
img_002208.jpg,-0.005224,-0.103521,1.265785,10.16315225155918,-46.53213362135544,-31.49992140181598,0.0284815419354913,0.4007644820599007,0.2147130283814819,-0.890210619534214
img_002209.jpg,-0.005248,-0.103589,1.266132,10.080365677061604,-46.484079493479605,-31.339880785634232,0.0284474739973992,0.4002839416311697,0.2138361759815582,-0.8906388702145027
img_002210.jpg,-0.005273,-0.103657,1.266478,9.997852969218368,-46.43585940654438,-31.180049335848263,0.0284131955808549,0.3998028916314858,0.2129588041243271,-0.8910661512513665
img_002211.jpg,-0.005297,-0.103726,1.266824,9.915595782840814,-46.38747524129559,-31.020478040505303,0.0283790314849204,0.39932129529115,0.2120813726744572,-0.8914923583876051
img_002212.jpg,-0.005322,-0.103794,1.26717,9.833639887933144,-46.33894779493583,-30.861148816884388,0.0283446119839786,0.3988393960423586,0.211203551515056,-0.891917473179818
img_002213.jpg,-0.005346,-0.103862,1.267516,9.751890128648792,-46.29026665705938,-30.702055530784765,0.0283106300392775,0.3983569365785106,0.2103256436270213,-0.8923415169874384
img_002214.jpg,-0.005371,-0.10393,1.267862,9.670473425024884,-46.241425258544446,-30.543213483444543,0.028276134081317,0.3978740922151189,0.2094473398330577,-0.8927645147642608
img_002215.jpg,-0.005396,-0.103999,1.268208,9.58929324474513,-46.19244694102904,-30.384609180923555,0.0282418835476059,0.397390863287698,0.2085688374100574,-0.8931863959166411
img_002216.jpg,-0.00542,-0.104067,1.268554,9.508406616852298,-46.14328022917312,-30.22625867148577,0.0282073666181561,0.3969069522943723,0.2076901458285332,-0.8936073069388948
img_002217.jpg,-0.005445,-0.104135,1.268901,9.427748844590958,-46.09396803265787,-30.06812291627531,0.0281730536134315,0.396422575294589,0.2068111214167521,-0.8940271701157891
img_002218.jpg,-0.00547,-0.104204,1.269247,9.347390613530008,-46.04449691028651,-29.910255241383165,0.0281385451537204,0.3959377401420806,0.2059319589174917,-0.8944459494593392
img_002219.jpg,-0.005494,-0.104272,1.269593,9.267280571039432,-45.9948836260518,-29.752597457066027,0.0281040789100793,0.3954524928550563,0.2050523595045793,-0.8948636859907448
img_002220.jpg,-0.005519,-0.10434,1.26994,9.187436758186845,-45.94510261731927,-29.595192555823928,0.0280696022903166,0.3949666554108661,0.2041726377094978,-0.8952803876728026
img_002221.jpg,-0.005543,-0.104408,1.270286,9.107889109728692,-45.89518156649475,-29.438054111967773,0.0280349910431299,0.394480485877498,0.2032927583095992,-0.8956959528533887
img_002222.jpg,-0.005568,-0.104477,1.270631,9.028620230988771,-45.845129104688006,-29.28115170076681,0.0280002941831648,0.393994022795397,0.2024125345765626,-0.8961104057946476
img_002223.jpg,-0.005593,-0.104545,1.270978,8.949569510694275,-45.79487565272304,-29.124465807031672,0.0279657589810592,0.3935066252586324,0.2015321272116843,-0.8965239840091892
img_002224.jpg,-0.005617,-0.104613,1.271324,8.87080409787477,-45.74452091143149,-28.968031081505774,0.0279312055638413,0.3930191659331033,0.2006514334328185,-0.8969363328722687
img_002225.jpg,-0.005642,-0.104681,1.27167,8.79232178793278,-45.69398716858801,-28.81184667245317,0.027896470438421,0.3925310390665306,0.1997705708159285,-0.8973476970173302
img_002226.jpg,-0.005667,-0.10475,1.272016,8.714094027188201,-45.64331638688695,-28.655881448153103,0.0278617642304707,0.3920425212259706,0.1988893358062347,-0.8977579939757178
img_002227.jpg,-0.005691,-0.104818,1.272363,8.63614951374411,-45.59248447531032,-28.50017153346492,0.0278269307442434,0.3915534638972023,0.1980079507794244,-0.8981672440384308
img_002228.jpg,-0.005734,-0.104943,1.272732,8.558466573305495,-45.541513931645966,-28.34469000172092,0.0277920966959375,0.3910640054158066,0.1971262500803088,-0.8985754195161723
img_002229.jpg,-0.005759,-0.105011,1.273078,8.48103074967346,-45.49039904475109,-28.189461625358398,0.0277574460707424,0.3905740672103264,0.1962444886076312,-0.8989824931006957
img_002230.jpg,-0.005783,-0.10508,1.273424,8.403896806799372,-45.439133624379735,-28.03446051579288,0.0277224461314525,0.3900836976241918,0.1953622885489324,-0.8993885428674588
img_002231.jpg,-0.005808,-0.105148,1.27377,8.327031329083143,-45.387724929520495,-27.879720007013898,0.0276874870713879,0.3895928832079522,0.1944800187325423,-0.8997934822653343
img_002232.jpg,-0.005833,-0.105216,1.274116,8.250385089765528,-45.33615637924166,-27.725184476878702,0.0276527293004355,0.389101421978019,0.1935974356311577,-0.9001974466159967
img_002233.jpg,-0.005857,-0.105284,1.274462,8.174062454005004,-45.28447220839088,-27.570931065509644,0.0276177093764405,0.3886098103779062,0.1927147334985055,-0.900600193703869
img_002234.jpg,-0.005882,-0.105353,1.274809,8.09797569384519,-45.23263052297104,-27.416884779129163,0.0275827701385115,0.3881175901835209,0.1918316816066098,-0.901001960549256
img_002235.jpg,-0.005906,-0.105421,1.275155,8.02214803668641,-45.18063734332349,-27.26308420070424,0.0275478720892371,0.3876248340888314,0.1909484990756936,-0.9014026699770202
img_002236.jpg,-0.005931,-0.105489,1.275501,7.946636713633248,-45.1285193611192,-27.109551045016897,0.0275126934678563,0.3871318351269222,0.190065131187311,-0.901802217693079
img_002237.jpg,-0.005956,-0.105558,1.275847,7.871344110115696,-45.07623480419437,-26.95620838556623,0.0274776527340488,0.386638121465249,0.1891813615086924,-0.9022008391083262
img_002238.jpg,-0.00598,-0.105626,1.276193,7.796311209078386,-45.02381791538472,-26.80311500346907,0.0274426972039169,0.3861440093024896,0.1882974718181575,-0.9025983406570516
img_002239.jpg,-0.006005,-0.105694,1.27654,7.721605057151341,-44.97126809198144,-26.650269338163067,0.0274072902333808,0.3856496004386631,0.1874132287323731,-0.9029947440709
img_002240.jpg,-0.00603,-0.105762,1.276886,7.647125888260749,-44.918575076445926,-26.4976560689938,0.0273721432442473,0.3851546512114696,0.1865288645986135,-0.903390083571842
img_002241.jpg,-0.006054,-0.105831,1.277232,7.572884883937034,-44.8657268343969,-26.34526671985472,0.0273371140937938,0.3846590850807838,0.1856442932517478,-0.9037844139178858
img_002242.jpg,-0.006078,-0.105899,1.277578,7.498946122085901,-44.81275910688853,-26.193147714981365,0.0273019251675815,0.3841632693724572,0.1847596235073892,-0.9041775649000678
img_002243.jpg,-0.006103,-0.105967,1.277924,7.425273664610814,-44.75964456158082,-26.041226250702195,0.0272665580901448,0.3836669463206439,0.1838744402747697,-0.9045697315987028
img_002244.jpg,-0.006128,-0.106036,1.27827,7.351864870623573,-44.70636979668701,-25.889564946190436,0.0272312154674005,0.3831699883020714,0.1829892665443869,-0.9049608551193282
img_002245.jpg,-0.006152,-0.106104,1.278617,7.278716564901621,-44.65300039046378,-25.738142078655013,0.0271959799887731,0.3826729033452314,0.1821038633728271,-0.9053507666437756
img_002246.jpg,-0.006177,-0.106172,1.278963,7.205857943429412,-44.59947951652544,-25.58695150176577,0.027160484400764,0.3821752921436127,0.1812181593471087,-0.905739660655812
img_002247.jpg,-0.006202,-0.10624,1.279309,7.133223134248597,-44.545805164908366,-25.4359972476202,0.0271252578435318,0.381677029823274,0.1803324116894042,-0.906127522254174
img_002248.jpg,-0.006226,-0.106309,1.279655,7.06089258107559,-44.492015206564886,-25.28525903351371,0.0270896702990956,0.3811785403270256,0.1794461492687888,-0.906514285419622
img_002249.jpg,-0.006251,-0.106377,1.280001,6.988795162349738,-44.43805965539007,-25.13475688446509,0.0270542512032293,0.3806793125092435,0.1785598312707124,-0.9069000579864888
img_002250.jpg,-0.006275,-0.106445,1.280347,6.916989305552132,-44.38397909941044,-24.984518797094417,0.0270187093585607,0.3801797447919302,0.177673439721352,-0.9072846850973092
img_002251.jpg,-0.0063,-0.106514,1.280693,6.845413462670647,-44.32979081331716,-24.83447042793052,0.026983316638816,0.3796798909264104,0.176786573980603,-0.9076682148833236
img_002252.jpg,-0.006325,-0.106582,1.28104,6.774157819086297,-44.27547369089199,-24.68470679388161,0.0269476307567865,0.3791796989406224,0.1758997168237759,-0.9080505881993636
img_002253.jpg,-0.006349,-0.10665,1.281386,6.703140105300819,-44.22100210827972,-24.535152144336724,0.0269120018163896,0.378678855052901,0.1750125744172807,-0.9084319829739012
img_002254.jpg,-0.006374,-0.106718,1.281732,6.632393306752531,-44.166386435950834,-24.38582635150989,0.0268762531250949,0.3781774827322098,0.1741251861533073,-0.9088123448321778
img_002255.jpg,-0.006398,-0.106787,1.282078,6.561866607554721,-44.111647066215376,-24.236705235125303,0.0268407452353101,0.3776756670035498,0.173237507931389,-0.9091916359021122
img_002256.jpg,-0.006423,-0.106855,1.282424,6.4916355746811725,-44.056773733380126,-24.08785180148713,0.0268050653980993,0.3771734235335459,0.1723498059289032,-0.90956981119937
img_002257.jpg,-0.006448,-0.106923,1.282771,6.421680216701159,-44.0017705540495,-23.93923892633632,0.0267692884698705,0.3766707567169075,0.1714619303825115,-0.9099468955156844
img_002258.jpg,-0.006472,-0.106991,1.283117,6.351967249214334,-43.94664896622691,-23.790828199114024,0.0267335718898577,0.3761677120706833,0.170573676831295,-0.91032290386531
img_002259.jpg,-0.006497,-0.10706,1.283463,6.2825521403993525,-43.89139302106824,-23.642691593837604,0.0266976800517024,0.3756642263641213,0.1696854566363069,-0.9106977921990538
img_002260.jpg,-0.006522,-0.107128,1.283809,6.213371840046754,-43.83601077067719,-23.49473275991821,0.026661810986554,0.375160288118095,0.1687967060079334,-0.9110716646317876
img_002261.jpg,-0.006546,-0.107196,1.284155,6.1444410724561385,-43.78050093508277,-23.347021128548587,0.0266260714120366,0.3746558897076797,0.167907933526114,-0.911444426439428
img_002262.jpg,-0.006571,-0.107265,1.284502,6.075793267959709,-43.72485357480727,-23.19954711021192,0.0265901442932128,0.3741510004078349,0.1670189683323105,-0.9118161313211632
img_002263.jpg,-0.006595,-0.107333,1.284848,6.00737756198507,-43.66910323577477,-23.052289111803344,0.0265544239970674,0.3736458199311553,0.1661297716601266,-0.912186692943014
img_002264.jpg,-0.00662,-0.107401,1.285194,5.939270408755148,-43.61319466435946,-22.90529988592181,0.0265183734156047,0.3731400074161476,0.1652405770098392,-0.9125562242658384
img_002265.jpg,-0.006645,-0.107469,1.28554,5.871385862069635,-43.55715019166011,-22.75847817830736,0.0264823856417522,0.3726336343932754,0.1643508379503631,-0.9129247832294806
img_002266.jpg,-0.006669,-0.107538,1.285887,5.803787562579659,-43.50102693921348,-22.61191755484903,0.0264463568605995,0.3721272187984208,0.1634610369894846,-0.9132920741058012
img_002267.jpg,-0.006694,-0.107606,1.286232,5.736453676016116,-43.444754314585815,-22.46559729096548,0.0264102672732952,0.3716201725512245,0.1625711580967735,-0.9136583407875316
img_002268.jpg,-0.006718,-0.107674,1.286579,5.669363918113596,-43.38835135685354,-22.31950239662014,0.0263742617876567,0.3711126172368681,0.1616811315416564,-0.9140235420087206
img_002269.jpg,-0.006743,-0.107743,1.286924,5.602536520810224,-43.33182449172751,-22.17360576149349,0.026338116799309,0.3706046323310781,0.1607906791884885,-0.9143877009148346
img_002270.jpg,-0.006767,-0.107811,1.287271,5.535962549062814,-43.27518238909101,-22.027942511614206,0.0263020303368225,0.3700962624061481,0.1599001054419814,-0.914750739837254
img_002271.jpg,-0.006792,-0.107879,1.287617,5.469652676685876,-43.2184120926272,-21.882512255750804,0.0262658918445408,0.3695874164088652,0.1590093898370319,-0.9151127026227348
img_002272.jpg,-0.006817,-0.107947,1.287963,5.403605231381835,-43.16151282228997,-21.737313628533997,0.0262297071615529,0.3690780824952945,0.158118531671999,-0.9154735940624976
img_002273.jpg,-0.006841,-0.108016,1.288309,5.337804488067976,-43.104493103896566,-21.59231325941577,0.0261935070767638,0.3685683107438252,0.1572273105504306,-0.9158334309903416
img_002274.jpg,-0.006884,-0.108141,1.288679,5.272300394122058,-43.04737172240512,-21.44758223369038,0.0261571501692983,0.3680582990376384,0.1563361200483206,-0.9161920702411576
img_002275.jpg,-0.006909,-0.108209,1.289025,5.207030123709241,-42.99010087072042,-21.303043717269738,0.0261208104680737,0.3675475957951116,0.1554445982623095,-0.9165497503991769
img_002276.jpg,-0.006934,-0.108277,1.289371,5.141997693420688,-42.93270707886376,-21.15873481956672,0.0260846176994039,0.3670364055968045,0.1545530069461634,-0.916906340762214
img_002277.jpg,-0.006958,-0.108346,1.289717,5.077244007873084,-42.875219493797765,-21.01465920844705,0.0260483016378296,0.3665250112689879,0.1536612212367894,-0.9172617571795256
img_002278.jpg,-0.006983,-0.108414,1.290063,5.012754899885572,-42.8175964306865,-20.870805033213035,0.0260118677264261,0.3660130613270897,0.1527692353167539,-0.9176161411048136
img_002279.jpg,-0.007008,-0.108482,1.290409,4.948508559879594,-42.759872122412894,-20.727159431238952,0.0259755028556061,0.3655007985264015,0.1518769881416063,-0.917969400362014
img_002280.jpg,-0.007032,-0.10855,1.290756,4.884524336953291,-42.702011674550334,-20.58374284239359,0.0259390595631925,0.3649879629052179,0.1509846179015832,-0.9183216197391793
img_002281.jpg,-0.007057,-0.108618,1.291102,4.820806697428246,-42.64403210299009,-20.440554541771423,0.0259025250200097,0.3644746923425097,0.1500920931385248,-0.9186727499042938
img_002282.jpg,-0.007081,-0.108687,1.291448,4.757325841249136,-42.58595481504872,-20.29756990970344,0.0258660913458734,0.36396112064626,0.149199296372399,-0.9190227515890924
img_002283.jpg,-0.007106,-0.108755,1.291794,4.69413091974916,-42.5277439937183,-20.1548148709013,0.0258293886955605,0.363447017134096,0.1483063155943589,-0.9193717121876048
img_002284.jpg,-0.00713,-0.108824,1.29214,4.631160969754209,-42.46943242682558,-20.012289611489024,0.02579295558679,0.3629325607646453,0.1474133210555059,-0.9197195184154252
img_002285.jpg,-0.007155,-0.108892,1.292487,4.568438709609851,-42.41099393988696,-19.86997309487947,0.0257565007549567,0.3624175738326707,0.1465200989403066,-0.9200662831843276
img_002286.jpg,-0.00718,-0.10896,1.292833,4.506023119004523,-42.352469734370416,-19.72789038716459,0.0257196906606617,0.3619024515207869,0.1456266328618381,-0.9204118626445924
img_002287.jpg,-0.007204,-0.109028,1.293179,4.4438390456292405,-42.293804634704045,-19.58602086298243,0.0256829774758937,0.3613866582800338,0.1447330466626042,-0.9207564352688083
img_002288.jpg,-0.007229,-0.109097,1.293525,4.381872916492082,-42.23501788292461,-19.444339320881696,0.0256464188220856,0.3608703334819417,0.1438391676425019,-0.9210999714830884
img_002289.jpg,-0.007254,-0.109165,1.293871,4.32020213790148,-42.176132074252976,-19.302903341128857,0.025609605769677,0.360353739009179,0.1429452000142549,-0.9214423479889076
img_002290.jpg,-0.007278,-0.109233,1.294217,4.25876073864674,-42.11712430422892,-19.16167258797592,0.0255729054074128,0.3598366146277731,0.1420510507587929,-0.9217836710750358
img_002291.jpg,-0.007303,-0.109301,1.294564,4.197596647738135,-42.05801892886283,-19.020684104782223,0.0255360823612031,0.3593192033294007,0.14115685157997,-0.9221238321767836
img_002292.jpg,-0.007327,-0.10937,1.29491,4.136666435936836,-41.998821774781455,-18.879909406399253,0.0254994023629116,0.3588015013088261,0.140262509758071,-0.9224628401697456
img_002293.jpg,-0.007352,-0.109438,1.295256,4.076005798236455,-41.93946283369517,-18.739325939002235,0.0254624044200859,0.3582829931236149,0.1393677922464223,-0.9228009434780016
img_002294.jpg,-0.007376,-0.109506,1.295602,4.015569462980219,-41.88004223883089,-18.5989647346392,0.0254256925481555,0.357764416023336,0.1384730148092364,-0.9231377908825794
img_002295.jpg,-0.007401,-0.109574,1.295948,3.9554196557360632,-41.82049894935329,-18.45883907325612,0.0253887168576071,0.3572453498990467,0.1375781432245572,-0.9234735662371256
img_002296.jpg,-0.007426,-0.109643,1.296294,3.895482229389491,-41.760814092600185,-18.31888192548024,0.0253518377434363,0.3567255654237413,0.1366828871681228,-0.9238083911999982
img_002297.jpg,-0.00745,-0.109711,1.296641,3.8358353301243344,-41.70106580015609,-18.179179964914923,0.025314802981481,0.3562057608449545,0.1357876460027717,-0.9241419435800442
img_002298.jpg,-0.007475,-0.109779,1.296987,3.77641969766168,-41.641156207265055,-18.03969231342537,0.0252778242685905,0.3556850854021254,0.1348923539006588,-0.9244745558866768
img_002299.jpg,-0.007499,-0.109848,1.297333,3.7172557342171126,-41.58119330026759,-17.900402782609504,0.0252408343052352,0.3551644312745674,0.1339967395783043,-0.9248059260317122
img_002300.jpg,-0.007524,-0.109916,1.297679,3.6583271798632087,-41.5210742056473,-17.76129988932247,0.0252037854985128,0.3546429520310744,0.1331008419375106,-0.9251363746209292
img_002301.jpg,-0.007549,-0.109984,1.298025,3.59967730108351,-41.46088022555567,-17.622453601171184,0.0251666540158733,0.3541213329808989,0.1322050361053337,-0.925465585249859
img_002302.jpg,-0.007573,-0.110053,1.298372,3.541277967160903,-41.40057366742629,-17.483812478526715,0.0251294540389132,0.3535992462388649,0.1313090264119585,-0.9257937260436344
img_002303.jpg,-0.007598,-0.110121,1.298717,3.4830897219737813,-41.34014616020981,-17.345346041118358,0.0250923976003875,0.3530765828499901,0.130412698314046,-0.9261208486715368
img_002304.jpg,-0.007622,-0.110189,1.299064,3.4251800116307263,-41.27966390226521,-17.207120386843886,0.0250552288019719,0.3525539354650489,0.1295163355536512,-0.926446694053436
img_002305.jpg,-0.007647,-0.110257,1.29941,3.367497970790638,-41.21902756033387,-17.069095033540503,0.0250181009229936,0.3520304518006038,0.1286198422507154,-0.9267715963551488
img_002306.jpg,-0.007672,-0.110326,1.299756,3.3100660015371552,-41.15828458162791,-16.931264359127614,0.0249808764611769,0.3515065374513191,0.1277230746368347,-0.9270954245090036
img_002307.jpg,-0.007696,-0.110394,1.300102,3.252896050657137,-41.09746070499637,-16.793661222550558,0.0249435903794749,0.3509824028824334,0.1268262490113021,-0.9274180679324602
img_002308.jpg,-0.007721,-0.110462,1.300448,3.1959715249967093,-41.03652942658547,-16.656269323682363,0.0249062902553982,0.3504578162340169,0.1259293073193426,-0.9277396215017812
img_002309.jpg,-0.007745,-0.110531,1.300795,3.139273042287546,-40.975463344259325,-16.519071133080093,0.0248690430295792,0.3499325357387529,0.1250321893114918,-0.928060182728585
img_002310.jpg,-0.00777,-0.110599,1.301141,3.082838986017932,-40.91433853312228,-16.38207584851767,0.0248316597866895,0.3494072125319382,0.1241348062249341,-0.9283795228172566
img_002311.jpg,-0.007795,-0.110667,1.301487,3.0266471142967664,-40.85309252963656,-16.24529464496705,0.0247942739665031,0.3488813123464294,0.1232373624003628,-0.9286978121986228
img_002312.jpg,-0.007819,-0.110735,1.301833,2.970710819555952,-40.79174187118021,-16.108729373901923,0.0247568012371102,0.3483549795525278,0.1223398257241303,-0.9290150031378684
img_002313.jpg,-0.007844,-0.110804,1.302179,2.915008313013786,-40.7302899482148,-15.972362367489367,0.0247193664835905,0.3478282189118715,0.1214421216331103,-0.929331100384838
img_002314.jpg,-0.007868,-0.110872,1.302526,2.859542572698877,-40.66876527979487,-15.836208955355296,0.0246820242911914,0.3473012581690902,0.1205443521443612,-0.9296460040881972
img_002315.jpg,-0.007893,-0.11094,1.302872,2.804318992579756,-40.60709920716085,-15.700232576923876,0.0246445353194383,0.346773552381066,0.1196462514525776,-0.929959958687067
img_002316.jpg,-0.007917,-0.111008,1.303218,2.7493629332629763,-40.545375666846525,-15.564479350295017,0.0246069316313728,0.3462457941978029,0.1187480699842253,-0.930272672280038
img_002317.jpg,-0.007942,-0.111077,1.303564,2.694647400255032,-40.48352229940254,-15.428932158878522,0.0245692921695178,0.3457173700759091,0.1178497993916706,-0.9305843726892412
img_002318.jpg,-0.007967,-0.111145,1.30391,2.640144923039893,-40.42157133957546,-15.293587019887596,0.0245318642148592,0.3451885107840108,0.1169514749746785,-0.9308949630125344
img_002319.jpg,-0.007992,-0.111213,1.304256,2.585914679478368,-40.35952580976336,-15.158427609169667,0.0244941192496096,0.3446593018930268,0.1160527885544233,-0.9312044641267242
img_002320.jpg,-0.008016,-0.111281,1.304603,2.5319124260240247,-40.29739566683974,-15.023489802856568,0.0244565336445824,0.3441297683095897,0.1151541639221146,-0.931512801338059
img_002321.jpg,-0.008059,-0.111407,1.304971,2.478141237310909,-40.23515844840868,-14.888739447717615,0.0244189519008258,0.3435997355227176,0.1142553317171858,-0.9318200768984212
img_002322.jpg,-0.008084,-0.111475,1.305318,2.424630652347791,-40.17285607401765,-14.754196910061738,0.0243812398282023,0.3430695658199871,0.113356349981851,-0.9321261535174932
img_002323.jpg,-0.008108,-0.111543,1.305664,2.371344501952113,-40.1104153698994,-14.619842192314469,0.0243435476613273,0.3425386305087542,0.112457209986905,-0.932431259781872
img_002324.jpg,-0.008133,-0.111611,1.30601,2.3183038669295417,-40.04789802052785,-14.485689333886146,0.0243058125966431,0.3420074452267872,0.1115579330537085,-0.9327352048980714
img_002325.jpg,-0.008158,-0.11168,1.306357,2.2655283693377504,-39.98528738156725,-14.351750800113356,0.0242678910725204,0.3414758880475659,0.1106585762769696,-0.9330380307583248
img_002326.jpg,-0.008182,-0.111748,1.306703,2.2129536930320386,-39.92255761461848,-14.21799360790543,0.024230178398532,0.3409436906860679,0.1097590811396056,-0.9333398321852162
img_002327.jpg,-0.008207,-0.111816,1.307049,2.1606513144667403,-39.85978202401722,-14.084450801553364,0.0241922672685965,0.340411507973128,0.1088594699964192,-0.9336403778950249
img_002328.jpg,-0.008231,-0.111885,1.307395,2.1085522915563804,-39.79685793785076,-13.95109050542464,0.0241545128771179,0.33987844293516,0.107959746335711,-0.9339399856022704
img_002329.jpg,-0.008256,-0.111953,1.307741,2.0567196486784893,-39.73387679668064,-13.817928196980091,0.0241165423230867,0.3393452928437132,0.1070598065454435,-0.9342383862985107
img_002330.jpg,-0.00828,-0.112021,1.308087,2.00511671905447,-39.67080785894301,-13.684961668924688,0.0240786128292717,0.338811770557592,0.1061597621851023,-0.934535665145344
img_002331.jpg,-0.008305,-0.112089,1.308434,1.953744770270888,-39.6076246201061,-13.552178030135972,0.0240406466636574,0.3382776613030331,0.1052595219723145,-0.9348319122738072
img_002332.jpg,-0.00833,-0.112158,1.308779,1.9026107001827253,-39.54435343820391,-13.419605270986786,0.024002695283967,0.3377431772681835,0.1043592853545283,-0.9351270268729216
img_002333.jpg,-0.008354,-0.112226,1.309126,1.8517231162627428,-39.48098294774523,-13.287237475424384,0.0239646570767941,0.3372082318839063,0.1034589890182832,-0.9354210501973088
img_002334.jpg,-0.008379,-0.112294,1.309472,1.8010579732371994,-39.417559939228326,-13.155047314407254,0.0239266920463562,0.3366731876728155,0.1025584634372265,-0.9357138663541004
img_002335.jpg,-0.008403,-0.112362,1.309818,1.7506518052246889,-39.35403734878932,-13.023070413060568,0.0238885571878159,0.336137683379584,0.101657919251867,-0.9360055887125204
img_002336.jpg,-0.008428,-0.112431,1.310164,1.700461869695647,-39.2903919701169,-12.891246585681476,0.023850400639248,0.3356015010196018,0.1007570053376462,-0.9362963295763403
img_002337.jpg,-0.008453,-0.112499,1.310511,1.6504849255115417,-39.22667934554183,-12.759628491731675,0.0238124554062727,0.3350650774623991,0.0998561403977205,-0.9365858807698904
img_002338.jpg,-0.008477,-0.112567,1.310857,1.6007622448619163,-39.16287174471867,-12.628204674816509,0.0237743214268513,0.3345282220644372,0.098955127393973,-0.9368743421855154
img_002339.jpg,-0.008502,-0.112636,1.311203,1.5512884755530616,-39.09898125907294,-12.49699977014634,0.0237361233109357,0.3339910204993043,0.0980541831335906,-0.937161657264106
img_002340.jpg,-0.008527,-0.112704,1.311549,1.5020168433398966,-39.03498974791115,-12.365922357375236,0.0236979579782565,0.3334533005841646,0.0971527087723889,-0.9374479475124872
img_002341.jpg,-0.008551,-0.112772,1.311895,1.4530135846607437,-38.97092980729655,-12.235092998141956,0.0236596626938938,0.3329153572210354,0.0962514885358757,-0.937733030367508
img_002342.jpg,-0.008576,-0.112841,1.312241,1.4042207934860491,-38.90678152837252,-12.104426546303054,0.0236214425681467,0.3323769934629463,0.0953500076044236,-0.9380170242151092
img_002343.jpg,-0.0086,-0.112909,1.312587,1.355674853254783,-38.84251084299731,-11.973951267233137,0.0235830494407681,0.3318379523758423,0.0944484099011282,-0.9383000111953697
img_002344.jpg,-0.008625,-0.112977,1.312934,1.30737171322595,-38.77822433273042,-11.843684352895078,0.0235446589155907,0.3312990958539483,0.0935468103667601,-0.938581670603635
img_002345.jpg,-0.00865,-0.113045,1.31328,1.2592615718669864,-38.71379222336045,-11.713569143487431,0.0235063975244161,0.3307593303285893,0.0926449451033319,-0.9388624120832656
img_002346.jpg,-0.008674,-0.113113,1.313626,1.2114039020805214,-38.64931741454429,-11.58363880442848,0.0234679624424608,0.3302195368234586,0.091742878332852,-0.9391419256502732
img_002347.jpg,-0.008699,-0.113182,1.313972,1.163773128456633,-38.58472144666101,-11.45392970499068,0.0234295974817624,0.3296790418676987,0.0908410168767333,-0.9394204026780768
img_002348.jpg,-0.008724,-0.11325,1.314318,1.1163783536518308,-38.520055249229465,-11.324398866064827,0.0233911457551176,0.3291382757197599,0.0899389678333947,-0.9396977342856316
img_002349.jpg,-0.008748,-0.113318,1.314665,1.0691872627256944,-38.45530570990847,-11.195035471294952,0.0233528277877318,0.3285971051197219,0.0890367449452836,-0.939973960272732
img_002350.jpg,-0.008772,-0.113387,1.315011,1.0222604452803254,-38.3905007982106,-11.065867357654849,0.0233142472093622,0.3280557981351981,0.0881343976944538,-0.9402489920919752
img_002351.jpg,-0.008798,-0.113455,1.315357,0.9755381256491108,-38.32558129924522,-10.93687660142439,0.0232757919168836,0.3275138237534787,0.0872319760806311,-0.9405230008405352
img_002352.jpg,-0.008822,-0.113523,1.315703,0.9290628356560378,-38.26056580194278,-10.808053706882722,0.0232370994643833,0.3269713659763048,0.086329278295438,-0.9407959495815554
img_002353.jpg,-0.008846,-0.113591,1.316049,0.8827911058476385,-38.19551141426941,-10.679435777873367,0.023198675840046,0.3264288502742319,0.0854267187785629,-0.941067639899832
img_002354.jpg,-0.008871,-0.11366,1.316396,0.8367715825776643,-38.130331266339866,-10.55099090267429,0.0231599592594174,0.3258856038397785,0.0845239305375194,-0.9413383529122638
img_002355.jpg,-0.008895,-0.113728,1.316742,0.790975159435947,-38.06511518559577,-10.422747972155836,0.0231213390208761,0.3253423336700402,0.0836212094901213,-0.9416078073844882
img_002356.jpg,-0.00892,-0.113796,1.317088,0.7453730542849669,-37.99979196512466,-10.294643232787356,0.0230828130572646,0.324798444469655,0.0827181409951332,-0.941876246309336
img_002357.jpg,-0.008945,-0.113865,1.317434,0.7000451115687818,-37.934387001237866,-10.166758656425838,0.0230439752434132,0.3242541832222105,0.0818151689388267,-0.9421435548786552
img_002358.jpg,-0.008969,-0.113933,1.31778,0.6549068576825986,-37.868907253063306,-10.039024046021588,0.0230053240106972,0.323709557711101,0.0809119583546883,-0.942409747566766
img_002359.jpg,-0.008994,-0.114001,1.318127,0.6100140225845101,-37.803348128545046,-9.911490078382112,0.0229665387308446,0.3231645570239254,0.0800087744991818,-0.9426748130640776
img_002360.jpg,-0.009019,-0.11407,1.318472,0.5653137297972985,-37.73768394789328,-9.784116704336226,0.0229279206032529,0.322618938211194,0.0791054491814618,-0.9429388416403748
img_002361.jpg,-0.009043,-0.114138,1.318818,0.5208808996652631,-37.672003911483785,-9.656942847039206,0.0228890245153682,0.3220734764414438,0.0782020714413586,-0.9432015714320764
img_002362.jpg,-0.009068,-0.114206,1.319164,0.4766240695823933,-37.60619816774517,-9.529908512461722,0.0228503537423896,0.3215272144885061,0.0772984402508862,-0.943463334111024
img_002363.jpg,-0.009092,-0.114274,1.319511,0.432636308752131,-37.54033132819781,-9.403098692444924,0.0228114243671468,0.3209807274832306,0.0763949809359349,-0.943723910044922
img_002364.jpg,-0.009117,-0.114343,1.319857,0.3888494914194664,-37.4743936895147,-9.276433744437606,0.0227725645616713,0.3204339028188447,0.0754912365400562,-0.9439833671380132
img_002365.jpg,-0.009142,-0.114411,1.320204,0.345291573942405,-37.40835296953379,-9.149953084420313,0.0227336305872675,0.3198864827259436,0.0745874662646959,-0.944241775228018
img_002366.jpg,-0.009166,-0.114479,1.320549,0.3019395242398316,-37.34225856463388,-9.023634081212382,0.0226947800688228,0.3193388609133702,0.0736835403137512,-0.9444990072811144
img_002367.jpg,-0.009209,-0.114604,1.320918,0.2588177019499401,-37.276076611620645,-8.897499447217774,0.0226558507896757,0.3187907670385835,0.0727795911035469,-0.9447551483822396
img_002368.jpg,-0.009234,-0.114673,1.321265,0.215938591287036,-37.20982553308036,-8.771540352545294,0.0226167249164606,0.318242359611543,0.071875511752506,-0.9450101560899998
img_002369.jpg,-0.009259,-0.114741,1.321611,0.1732498923915249,-37.14350583737931,-8.645747063553836,0.0225778045939234,0.3176936091986604,0.0709713721515394,-0.9452640254177532
img_002370.jpg,-0.009283,-0.114809,1.321957,0.1307924831512697,-37.07708049576993,-8.520132063453488,0.0225387620705704,0.317144230897541,0.070067174645742,-0.9455168597385752
img_002371.jpg,-0.009308,-0.114877,1.322303,0.0885604925750068,-37.01061877562687,-8.394685939941498,0.0224996604238871,0.3165947915304457,0.0691628477452741,-0.9457684725916632
img_002372.jpg,-0.009333,-0.114946,1.322649,0.046538059585406,-36.944067948071655,-8.269418131525592,0.022460621737215,0.3160448419617389,0.0682585294523515,-0.946019001657768
img_002373.jpg,-0.009357,-0.115014,1.322996,0.0047280401040351,-36.8774444382954,-8.144304446265057,0.0224215636580458,0.3154945217075856,0.0673540133804583,-0.9462684170663076
img_002374.jpg,-0.009382,-0.115082,1.323342,-0.0368516021716827,-36.81076476511775,-8.019362044804323,0.0223823925442521,0.3149439717648848,0.0664493934393004,-0.9465166671879072
img_002375.jpg,-0.009406,-0.11515,1.323688,-0.078214090152954,-36.74398932760353,-7.894613361972177,0.0223432538664285,0.31439285018533,0.0655449039020116,-0.9467638461260977
img_002376.jpg,-0.009431,-0.115219,1.324034,-0.1193503403497878,-36.67715869709231,-7.770015369936343,0.0223039754777169,0.3138415030176045,0.0646401616716365,-0.9470098696215392
img_002377.jpg,-0.009455,-0.115287,1.32438,-0.1603019155261923,-36.61025996725868,-7.645578326253254,0.0222649193917961,0.3132897957123676,0.0637353725743146,-0.9472547595814934
img_002378.jpg,-0.00948,-0.115355,1.324726,-0.2010031509876647,-36.54326125078357,-7.521329413058805,0.022225597647061,0.3127374934777361,0.0628305918348075,-0.9474986014301984
img_002379.jpg,-0.009505,-0.115423,1.325073,-0.2414982690216622,-36.47623241280045,-7.397233356149393,0.022186314952719,0.3121851535328753,0.0619256420506164,-0.9477412158385288
img_002380.jpg,-0.009529,-0.115492,1.325419,-0.2817829979500029,-36.40907552749951,-7.27330477638937,0.0221470217466397,0.3116319630127684,0.0610206528898177,-0.947982863229849
img_002381.jpg,-0.009554,-0.11556,1.325765,-0.3218659147744566,-36.3418995624093,-7.149519510693193,0.0221077784000716,0.3110788210077787,0.0601154354703355,-0.9482232583483888
img_002382.jpg,-0.009578,-0.115628,1.326111,-0.3617056234335154,-36.27464725563165,-7.025947137821265,0.0220683989240784,0.3105252595278954,0.0592104670190182,-0.9484625293386402
img_002383.jpg,-0.009603,-0.115697,1.326457,-0.4013375539759725,-36.20732542924061,-6.902502767035555,0.0220289474712475,0.3099713300912343,0.0583051451072654,-0.9487006957143022
img_002384.jpg,-0.009627,-0.115765,1.326804,-0.440771175670323,-36.13991495697556,-6.779236079265057,0.0219896257941924,0.3094168575412097,0.0573999137076471,-0.948937782224477
img_002385.jpg,-0.009652,-0.115833,1.32715,-0.4799717581747952,-36.072426659036985,-6.656128556959696,0.0219500996681005,0.3088619498623175,0.0564945288769658,-0.949173776112034
img_002386.jpg,-0.009677,-0.115901,1.327496,-0.5189864890715595,-36.004907031528944,-6.533183233122091,0.021910787643783,0.3083069657742932,0.0555891422632556,-0.94940854193667
img_002387.jpg,-0.009702,-0.11597,1.327842,-0.557772824613988,-35.93730973381054,-6.410403917774649,0.02187132339524,0.3077515390602148,0.054683681423158,-0.9496422117855864
img_002388.jpg,-0.009726,-0.116038,1.328189,-0.5963386158908142,-35.86964536731799,-6.2877745280392725,0.0218317315120874,0.3071957539980909,0.0537780379300382,-0.949874763777375
img_002389.jpg,-0.009751,-0.116106,1.328534,-0.6347029809990753,-35.80188875854295,-6.165333014165449,0.0217922591157073,0.3066393830251324,0.0528725849995939,-0.9501062445727112
img_002390.jpg,-0.009775,-0.116175,1.328881,-0.6728497389666488,-35.73410472380925,-6.043018060322886,0.0217526338113151,0.3060829803299061,0.0519667693496951,-0.9503365124828091
img_002391.jpg,-0.0098,-0.116243,1.329227,-0.7107984643900022,-35.66623193726855,-5.920872207748961,0.0217131032495247,0.3055260178254315,0.0510610068196143,-0.9505657090183598
img_002392.jpg,-0.009825,-0.116311,1.329573,-0.7485226086229415,-35.59830095119874,-5.798899345181612,0.0216734682250941,0.3049687575876946,0.0501552608974017,-0.9507937565396752
img_002393.jpg,-0.009849,-0.116379,1.329919,-0.7860257016660275,-35.53030551885114,-5.677079609730337,0.0216337001367683,0.3044111471894126,0.0492493818749979,-0.951020680569118
img_002394.jpg,-0.009873,-0.116448,1.330266,-0.8233482479684724,-35.46223149158107,-5.555411153026182,0.0215941227096948,0.3038530496274999,0.048343467806351,-0.9512465123283884
img_002395.jpg,-0.009898,-0.116516,1.330611,-0.8604502475747853,-35.394110499582126,-5.433895321404987,0.0215544177127721,0.3032947419788864,0.0474374261688945,-0.951471175161652
img_002396.jpg,-0.009923,-0.116584,1.330958,-0.897348004481355,-35.32593318644146,-5.312557554574743,0.0215147816872788,0.3027361324404924,0.046531517169161,-0.9516946811839696
img_002397.jpg,-0.009947,-0.116653,1.331304,-0.9340447613048134,-35.25765811656392,-5.191358658973645,0.0214751208366453,0.3021768804464681,0.0456254309931217,-0.9519171561409028
img_002398.jpg,-0.009972,-0.116721,1.33165,-0.9705191837849466,-35.189330121877184,-5.07031793329502,0.0214353232988224,0.3016173607634016,0.0447192738491268,-0.95213847792619
img_002399.jpg,-0.009996,-0.116789,1.331996,-1.0067855003454385,-35.12094895797122,-4.9494356608125,0.0213955054184173,0.3010575630937719,0.0438130907603304,-0.9523586452224588
img_002400.jpg,-0.010021,-0.116857,1.332342,-1.0428545522274617,-35.05250954533677,-4.828708171822653,0.0213557435560391,0.3004974393840163,0.0429068848962722,-0.9525776715676868
img_002401.jpg,-0.010046,-0.116926,1.332689,-1.0787032022327252,-34.98399696246008,-4.708127611034578,0.0213158178256334,0.2999368732521546,0.0420005356251838,-0.9527956039893044
img_002402.jpg,-0.01007,-0.116994,1.333035,-1.1143511910142958,-34.91544095434297,-4.58771926865901,0.0212759658254174,0.2993760974877537,0.0410943089900715,-0.9530123521234272
img_002403.jpg,-0.010095,-0.117062,1.33338,-1.1498092191520508,-34.84679875513656,-4.467445669089864,0.0212361631872223,0.2988147572335746,0.0401879271424713,-0.9532280402634602
img_002404.jpg,-0.01012,-0.11713,1.333727,-1.1850396789070552,-34.778139839391564,-4.347311004334894,0.0211961269068922,0.2982534405532835,0.039281330312274,-0.9534424924929524
img_002405.jpg,-0.010144,-0.117199,1.334073,-1.2200948287523787,-34.709372115529135,-4.22734118851814,0.0211563301673879,0.2976913558158288,0.0383748764547077,-0.95365593125795
img_002406.jpg,-0.010169,-0.117267,1.334419,-1.2549094485784087,-34.64056470341116,-4.107524386839928,0.0211162172609433,0.2971291000228563,0.0374683015297847,-0.9538681930270392
img_002407.jpg,-0.010194,-0.117335,1.334766,-1.2895345607057769,-34.571703190589915,-3.987866246991264,0.0210762209284353,0.2965665326446811,0.0365617903042372,-0.954079304940756
img_002408.jpg,-0.010218,-0.117404,1.335112,-1.3239728458079756,-34.50275925081511,-3.868339053255267,0.0210362824650914,0.2960034199294649,0.0356551234343306,-0.9542893494024716
img_002409.jpg,-0.010243,-0.117472,1.335458,-1.3581887711401666,-34.4337702147672,-3.748986253099948,0.0209962258563386,0.2954400735349013,0.0347485758868919,-0.9544982231116592
img_002410.jpg,-0.010267,-0.11754,1.335804,-1.3922235924705058,-34.36470846223079,-3.6297559720535055,0.0209562519331663,0.2948762578140866,0.0338418266095612,-0.9547060065036788
img_002411.jpg,-0.010292,-0.117608,1.33615,-1.426039061120744,-34.29561866134483,-3.5106820677207797,0.0209161376956723,0.2943123478860915,0.0329350648015536,-0.9549125816388584
img_002412.jpg,-0.010316,-0.117677,1.336496,-1.4596437060940972,-34.22646291442933,-3.3917535421303566,0.0208759147724318,0.2937480247713771,0.0320282251566004,-0.9551180486822802
img_002413.jpg,-0.010341,-0.117745,1.336843,-1.4930733192894174,-34.15722877574393,-3.272977577315752,0.0208358954957558,0.2931831709965931,0.0311214635389528,-0.9553224315436468
img_002414.jpg,-0.010384,-0.11787,1.337212,-1.526288026754924,-34.087961387636554,-3.154338183960261,0.0207957139258307,0.2926181746041703,0.0302145508108527,-0.9555256266018912
img_002415.jpg,-0.010409,-0.117938,1.337558,-1.559294726846556,-34.01859992192234,-3.035858822511079,0.0207554733823264,0.2920525195316232,0.0293077028185394,-0.955727782747476
img_002416.jpg,-0.010433,-0.118007,1.337904,-1.5921031749607,-33.94923071902854,-2.9175140104368893,0.0207152044219551,0.2914869256360036,0.0284007406745845,-0.9559286847972304
img_002417.jpg,-0.010458,-0.118075,1.33825,-1.624729711180613,-33.879785163153265,-2.799319757397609,0.020675069259895,0.2909208113709481,0.027493841114741,-0.9561285016791022
img_002418.jpg,-0.010483,-0.118143,1.338597,-1.6571504261108811,-33.810279218025734,-2.6812661757960177,0.0206348443400367,0.2903543152649763,0.0265868663285519,-0.956327199939904
img_002419.jpg,-0.010507,-0.118211,1.338942,-1.689380971675855,-33.74071362917645,-2.5633524889393464,0.0205946565459354,0.2897874376204144,0.0256798543259938,-0.9565247755290738
img_002420.jpg,-0.010532,-0.11828,1.339289,-1.721371235018098,-33.671103984458924,-2.4455855535697606,0.0205541051411984,0.289220316024203,0.0247727416274593,-0.9567211970229172
img_002421.jpg,-0.010556,-0.118348,1.339635,-1.753215669647865,-33.60145114051173,-2.327959709287051,0.020513962108962,0.2886529356778965,0.0238657246141208,-0.9569164473828252
img_002422.jpg,-0.010581,-0.118416,1.339981,-1.7848433802541528,-33.531726932879344,-2.2104697692658366,0.0204736167588462,0.2880850753698792,0.0229585836732746,-0.9571106121037736
img_002423.jpg,-0.010606,-0.118485,1.340328,-1.8162577715782984,-33.46195977104105,-2.0931336709228425,0.0204331441664393,0.2875169657295164,0.0220514845014661,-0.9573036159278036
img_002424.jpg,-0.01063,-0.118553,1.340673,-1.847493624589354,-33.39212297150335,-1.9759175686332964,0.0203927448305582,0.2869483807060281,0.0211442342593839,-0.9574955269483236
img_002425.jpg,-0.010655,-0.118621,1.34102,-1.8785272427921007,-33.32224474100164,-1.8588524875291017,0.0203522997257001,0.286379552743052,0.0202370399659633,-0.9576862732022322
img_002426.jpg,-0.010679,-0.11869,1.341365,-1.9093697827168663,-33.252296955384246,-1.7419309977958923,0.0203118786389018,0.2858102437464157,0.019329869648445,-0.9578759253134758
img_002427.jpg,-0.010704,-0.118758,1.341712,-1.939994583216636,-33.18231925973674,-1.6251602523686155,0.0202712779013641,0.2852407859601336,0.0184227254994513,-0.9580643884949815
img_002428.jpg,-0.010729,-0.118826,1.342058,-1.970476722302259,-33.112288046041776,-1.508488766742009,0.0202309929406306,0.2846709768253697,0.0175153664331574,-0.9582517173564774
img_002429.jpg,-0.010753,-0.118894,1.342404,-2.00072323604225,-33.04218929841094,-1.3919740722927076,0.0201903869018029,0.2841007013199449,0.0166080453744358,-0.9584379544942446
img_002430.jpg,-0.010778,-0.118963,1.342751,-2.030800706642362,-32.97204688836061,-1.2756073817639937,0.0201499941619608,0.2835301482552603,0.0157008617461451,-0.958623031074286
img_002431.jpg,-0.010802,-0.119031,1.343096,-2.06066288946368,-32.901845819502704,-1.1593626248641655,0.020109360563162,0.2829592010302762,0.0147934859581107,-0.9588069967116718
img_002432.jpg,-0.010827,-0.119099,1.343443,-2.0903104465256845,-32.831602576365235,-1.0432642533113097,0.0200685507513571,0.2823879903958372,0.0138861313892988,-0.958989807821741
img_002433.jpg,-0.010851,-0.119167,1.343789,-2.119807189297912,-32.761317046586534,-0.9272947591333848,0.0200280533236699,0.2818165085002671,0.0129788137228009,-0.9591714565243964
img_002434.jpg,-0.010876,-0.119236,1.344135,-2.14908956432876,-32.69097589368617,-0.8114615258215203,0.0199873522665948,0.2812446478372472,0.0120714412036082,-0.9593519865615238
img_002435.jpg,-0.010901,-0.119304,1.344481,-2.178199164865492,-32.620571893174144,-0.6957565973988866,0.0199467744024752,0.2806723424219102,0.0111640531192385,-0.9595314097559732
img_002436.jpg,-0.010925,-0.119372,1.344828,-2.2070948079145305,-32.55015072888964,-0.5801854739826502,0.0199059866239084,0.2800999757350028,0.0102566059886124,-0.9597096213560504
img_002437.jpg,-0.01095,-0.119441,1.345174,-2.235826317221472,-32.47964509456644,-0.4647575607753677,0.019865427220663,0.2795269756048403,0.0093492953903555,-0.9598867773785904
img_002438.jpg,-0.010975,-0.119509,1.34552,-2.2643305881690243,-32.40909377323523,-0.3494616724571192,0.0198245383666646,0.2789536717979002,0.0084418840890168,-0.9600627954785278
img_002439.jpg,-0.010999,-0.119577,1.345866,-2.292660862141044,-32.33850551591843,-0.2342828318758597,0.0197837273649643,0.2783801336266457,0.0075343827390783,-0.9602376468407708
img_002440.jpg,-0.011024,-0.119645,1.346213,-2.320802476737825,-32.267849977970585,-0.1192509548121948,0.0197429431377676,0.2778061006341756,0.0066270060943168,-0.9604114063446556
img_002441.jpg,-0.011049,-0.119714,1.346558,-2.3487643897806194,-32.19717392607088,-0.0043345730306735,0.0197021806976729,0.2772319675398612,0.0057195246617876,-0.9605839616022
img_002442.jpg,-0.011073,-0.119782,1.346904,-2.376528348805114,-32.12643206009882,0.1104446707023734,0.0196613395284084,0.2766573496946024,0.0048120727953025,-0.96075542493567
img_002443.jpg,-0.011097,-0.11985,1.347251,-2.4041316361564826,-32.05567109400965,0.2251017748831148,0.0196206914343209,0.2760826376062907,0.0039046276972747,-0.9609256784801508
img_002444.jpg,-0.011122,-0.119918,1.347597,-2.431499629501944,-31.984845767715004,0.3396221082099966,0.0195796467472488,0.2755074496886529,0.0029971290002497,-0.9610948443400698
img_002445.jpg,-0.011147,-0.119987,1.347943,-2.458714085328783,-31.913979785670573,0.454015938300506,0.0195388628925534,0.2749319816411578,0.0020896965136027,-0.9612628524374658
img_002446.jpg,-0.011171,-0.120055,1.348289,-2.4857272664903447,-31.843058869748106,0.5682816112944088,0.0194979427839457,0.2743561125138284,0.0011822313853301,-0.9614297457861624
img_002447.jpg,-0.011196,-0.120123,1.348636,-2.512556587325492,-31.772098728464865,0.6824211571446215,0.0194570243811967,0.2737799718490444,0.0002747661749092,-0.961595484452852
img_002448.jpg,-0.01122,-0.120192,1.348981,-2.539195859791302,-31.701070067284107,0.7964362885472185,0.0194160529020767,0.2732033119582087,-0.0006327293707228,-0.9617601399924582
img_002449.jpg,-0.011245,-0.12026,1.349328,-2.5656319807957133,-31.630025662042712,0.91031762814532,0.0193749330931421,0.2726265716864756,-0.0015401922741001,-0.9619235895776098
img_002450.jpg,-0.01127,-0.120328,1.349674,-2.591906432756765,-31.55893710553036,1.024083355293263,0.0193339709039362,0.2720495140473824,-0.0024476772441509,-0.9620858944770876
img_002451.jpg,-0.011295,-0.120396,1.35002,-2.617987067568115,-31.4877963627387,1.1377024494779566,0.0192929693541317,0.2714720637971954,-0.0033549973196637,-0.96224708048618
img_002452.jpg,-0.011319,-0.120465,1.350366,-2.6438756320026515,-31.416589746241197,1.251222382953069,0.0192518308819561,0.2708941116548966,-0.0042625451942831,-0.962407178894081
img_002453.jpg,-0.011344,-0.120533,1.350713,-2.669581304469001,-31.34534121510511,1.3646136816751724,0.0192106974816322,0.2703158518691147,-0.0051700417865611,-0.962566132792168
img_002454.jpg,-0.011368,-0.120601,1.351059,-2.695117409844952,-31.274080503935732,1.477875244622877,0.0191696768746436,0.2697375326194728,-0.0060774349278268,-0.9627238709877194
img_002455.jpg,-0.011393,-0.12067,1.351405,-2.7204601031759585,-31.202772213926767,1.591017877086365,0.0191285467356818,0.269158855177808,-0.0069848746879778,-0.9628804811111012
img_002456.jpg,-0.011417,-0.120738,1.351751,-2.7456336621877035,-31.131429848206334,1.7040565698678358,0.0190874718284785,0.2685799347691306,-0.0078924221357255,-0.9630359270200868
img_002457.jpg,-0.011442,-0.120806,1.352097,-2.77058093902603,-31.060009737930045,1.816944527088476,0.019046087822762,0.2680003904533536,-0.0087998235167716,-0.963190324059358
img_002458.jpg,-0.011467,-0.120874,1.352443,-2.795374171991826,-30.988566180222453,1.929713871530423,0.0190049147637478,0.2674206867684013,-0.0097071619455048,-0.963343531929344
img_002459.jpg,-0.011491,-0.120943,1.35279,-2.8199878651397503,-30.917084709584188,2.042375591151193,0.0189637135513188,0.2668407001806778,-0.0106145882497501,-0.9634955883716942
img_002460.jpg,-0.011534,-0.121068,1.353158,-2.844426437003286,-30.84555715141181,2.1549209115311867,0.018922541803767,0.2662603588922559,-0.011522015747575,-0.9636465129119518
img_002461.jpg,-0.011559,-0.121136,1.353505,-2.868679571909715,-30.77398549708552,2.267333136583876,0.0188813494329674,0.2656796737909916,-0.0124293228582474,-0.9637963049893832
img_002462.jpg,-0.011584,-0.121204,1.353851,-2.8927514208123606,-30.702370136884973,2.379631648550015,0.0188401244965958,0.2650986496181215,-0.0133366581126884,-0.9639449617223934
img_002463.jpg,-0.011609,-0.121273,1.354197,-2.916630863392337,-30.63072660543793,2.4918245400375816,0.0187987493785753,0.2645174148410608,-0.0142441064858174,-0.964092448729905
img_002464.jpg,-0.011633,-0.121341,1.354543,-2.94030508796441,-30.55904138653377,2.603871541827094,0.0187572104680909,0.263935845118143,-0.0151513572660268,-0.9642388050116136
img_002465.jpg,-0.011657,-0.121409,1.35489,-2.9638463562742183,-30.48732921351786,2.71582260795485,0.0187159950458049,0.2633540800159125,-0.0160586555913188,-0.9643839793614456
img_002466.jpg,-0.011682,-0.121477,1.355236,-2.987185443759808,-30.415537287829856,2.8276537375986446,0.0186745880103039,0.2627716601558666,-0.0169659686837778,-0.9645281075677352
img_002467.jpg,-0.011706,-0.121546,1.355582,-3.0103432083102213,-30.343728285895256,2.939365103364437,0.0186331464127249,0.2621891134952565,-0.0178732281355014,-0.9646710435870612
img_002468.jpg,-0.011731,-0.121614,1.355928,-3.0333315820696263,-30.271879905322283,3.0509579781903837,0.0185917717818696,0.2616062524293993,-0.0187804187383807,-0.964812837074563
img_002469.jpg,-0.011756,-0.121682,1.356274,-3.056133303811148,-30.200014389923417,3.162451171347561,0.0185502676705014,0.2610232624157483,-0.0196877272438061,-0.964953437966395
img_002470.jpg,-0.01178,-0.121751,1.35662,-3.0787748626873723,-30.12808891445403,3.2738255155429075,0.0185089115755438,0.2604397823724376,-0.0205949394736359,-0.9650929428910788
img_002471.jpg,-0.011805,-0.121819,1.356966,-3.1012302393991003,-30.056116919982298,3.3850913812575905,0.0184674554795584,0.2598559205434115,-0.0215021936265025,-0.965231324251288
img_002472.jpg,-0.01183,-0.121887,1.357313,-3.123487134287936,-29.984124857008016,3.496219197581018,0.0184258528038213,0.2592718901967679,-0.0224092558099236,-0.9653685307468296
img_002473.jpg,-0.011854,-0.121955,1.357659,-3.145587095023993,-29.912087442453696,3.6072481182389335,0.0183843708870069,0.2586874906579421,-0.0233163644689787,-0.9655046060129054
img_002474.jpg,-0.011879,-0.122024,1.358005,-3.167507942184901,-29.84002328920541,3.7181795006399976,0.0183428123158954,0.2581028726049835,-0.0242235710656083,-0.9656395119268
img_002475.jpg,-0.011903,-0.122092,1.358351,-3.18922910578828,-29.767893293925614,3.828972222039941,0.0183011078572814,0.2575176934637321,-0.0251305825640147,-0.965773348578386
img_002476.jpg,-0.011928,-0.12216,1.358698,-3.2108165625094887,-29.695766609584943,3.9396780566985226,0.0182596717395053,0.2569325564116287,-0.0260376609831931,-0.9659059405833856
img_002477.jpg,-0.011953,-0.122228,1.359043,-3.2321972308594384,-29.6235774496036,4.050247945330373,0.0182180191912706,0.2563468812117444,-0.0269445726835734,-0.9660374580070163
img_002478.jpg,-0.011977,-0.122297,1.35939,-3.25339895334924,-29.551369007310544,4.160730362648386,0.0181762593231417,0.2557610434700615,-0.0278516454502388,-0.96616778982009
img_002479.jpg,-0.012002,-0.122365,1.359736,-3.274453790807922,-29.47912165739345,4.271103351471259,0.0181347170531287,0.2551748802611079,-0.0287586242641482,-0.9662969802558454
img_002480.jpg,-0.012026,-0.122433,1.360082,-3.2953117980615096,-29.40681297272188,4.38134136756003,0.0180930351020342,0.2545881842127726,-0.0296654077974234,-0.9664250939003254
img_002481.jpg,-0.012051,-0.122502,1.360428,-3.315997263574901,-29.334517615752656,4.491503487493923,0.0180512564694235,0.2540015978946132,-0.0305724110078164,-0.9665519479531494
img_002482.jpg,-0.012076,-0.12257,1.360774,-3.33652361248584,-29.26214033198428,4.601532278354516,0.0180096574539564,0.253414311027733,-0.0314791465093827,-0.9666777656177736
img_002483.jpg,-0.0121,-0.122638,1.36112,-3.3568677382210206,-29.189764459002408,4.711464289311605,0.0179679274049636,0.2528270237121288,-0.0323859414990874,-0.9668023585298364
img_002484.jpg,-0.012125,-0.122706,1.361467,-3.3770200957544594,-29.117336194066425,4.821287464077938,0.0179260325141656,0.2522392754634253,-0.033292728484075,-0.9669258500537016
img_002485.jpg,-0.012149,-0.122775,1.361813,-3.397029585244955,-29.044871489411552,4.931021532533359,0.017884334052688,0.2516512159905411,-0.0341995563365938,-0.967048192404264
img_002486.jpg,-0.012174,-0.122843,1.362159,-3.4168375065809427,-28.9723655832058,5.040624584075497,0.0178424293047516,0.2510627793038748,-0.0351061974912464,-0.9671694181798888
img_002487.jpg,-0.012199,-0.122911,1.362505,-3.436487271783422,-28.899839807613592,5.150132701968679,0.0178005944745646,0.250474161914342,-0.0360128490706821,-0.967289464302942
img_002488.jpg,-0.012223,-0.12298,1.362852,-3.455965383328934,-28.827295776862112,5.259521540462659,0.0177587662495277,0.2498853676820978,-0.0369193298876729,-0.9674083379423204
img_002489.jpg,-0.012248,-0.123048,1.363198,-3.4752610221967006,-28.754680513518515,5.368837084037147,0.0177167755100381,0.2492959512393713,-0.0378260658627132,-0.967526140888469
img_002490.jpg,-0.012272,-0.123116,1.363544,-3.494406462942249,-28.682071818296944,5.478021174625168,0.0176749843048506,0.2487065686248091,-0.0387324634582088,-0.9676427201850664
img_002491.jpg,-0.012297,-0.123184,1.36389,-3.513382126375087,-28.60942241759022,5.587125734510737,0.0176331345509028,0.2481168207704883,-0.039639016012637,-0.9677581641227342
img_002492.jpg,-0.012322,-0.123253,1.364236,-3.5321589880006314,-28.536736159591594,5.696098026271107,0.0175910921669404,0.2475267197896394,-0.0405453349285718,-0.9678724876150192
img_002493.jpg,-0.012346,-0.123321,1.364582,-3.5507923977619,-28.46402637207976,5.804994175473253,0.0175491952025151,0.2469364041702792,-0.0414517650144587,-0.9679856348212936
img_002494.jpg,-0.012371,-0.123389,1.364929,-3.5692466708417965,-28.39128608265676,5.913782576959374,0.0175072123702657,0.2463457956954658,-0.0423581143869772,-0.9680976379496904
img_002495.jpg,-0.012396,-0.123457,1.365275,-3.587516084544267,-28.31848016308649,6.022461926686807,0.017465114387806,0.2457545932722667,-0.04326439275788,-0.968208573595739
img_002496.jpg,-0.01242,-0.123526,1.365621,-3.605640308686762,-28.245699379811384,6.131047155366189,0.0174231565582546,0.2451635784060113,-0.0441706024232473,-0.9683182386593124
img_002497.jpg,-0.012445,-0.123594,1.365967,-3.623593659430533,-28.17285995722093,6.239531897794175,0.0173811768671962,0.2445720313872052,-0.0450767717501839,-0.968426817473798
img_002498.jpg,-0.012469,-0.123662,1.366313,-3.641375704573545,-28.099985688736677,6.347912491097221,0.0173391658847159,0.243980150350284,-0.0459828571574464,-0.9685342618664108
img_002499.jpg,-0.012494,-0.12373,1.36666,-3.658991296889063,-28.02708586768773,6.45619697046254,0.0172971410407502,0.2433880149637248,-0.0468889080459743,-0.9686405491130806
img_002500.jpg,-0.012519,-0.123799,1.367006,-3.6764156690662,-27.95416047180038,6.564379208324325,0.0172549043958,0.2427956118955382,-0.0477949205131343,-0.9687456862828892
img_002501.jpg,-0.012543,-0.123867,1.367352,-3.693705290978776,-27.881208130863037,6.672481333411843,0.0172128856773527,0.2422029544198023,-0.0487009578518614,-0.9688496592048164
img_002502.jpg,-0.012568,-0.123935,1.367698,-3.7107898261771286,-27.80821876794447,6.780458060901062,0.0171705901759288,0.2416099190086513,-0.0496067854181067,-0.9689525193269922
img_002503.jpg,-0.012592,-0.124004,1.368044,-3.7277349272438287,-27.735205481161515,6.888341473304554,0.0171284962444588,0.2410166472451614,-0.0505125260260124,-0.9690542167915976
img_002504.jpg,-0.012617,-0.124072,1.36839,-3.744509053266442,-27.66215283057069,6.996154994926795,0.0170862955537209,0.2404229967516459,-0.0514184460213996,-0.9691547784260022
img_002505.jpg,-0.012641,-0.12414,1.368736,-3.7611099421459344,-27.589079475311824,7.103838266009527,0.0170440834422981,0.2398291131108265,-0.0523240275458795,-0.969254193628
img_002506.jpg,-0.012666,-0.124209,1.369082,-3.77755879891271,-27.51599838629635,7.211462911981558,0.0170018797717097,0.2392351243882253,-0.0532298220953672,-0.969352401030128
img_002507.jpg,-0.012709,-0.124334,1.369451,-3.7938147060834657,-27.44286723490484,7.318955637128638,0.0169595154771712,0.2386406410980687,-0.0541353078270825,-0.9694495281847062
img_002508.jpg,-0.012734,-0.124402,1.369798,-3.809951647421422,-27.369721088887093,7.426382649986374,0.0169174558072951,0.238046002385679,-0.055040871806894,-0.96954546199131
img_002509.jpg,-0.012758,-0.12447,1.370144,-3.82588605180762,-27.296550127894267,7.53369769028996,0.0168750944411223,0.2374510768224518,-0.0559462960137035,-0.9696402576552856
img_002510.jpg,-0.012783,-0.124538,1.37049,-3.841659681050933,-27.22333554016821,7.640930572583535,0.0168327332311649,0.2368557277245672,-0.0568517491554157,-0.9697339335890048
img_002511.jpg,-0.012808,-0.124606,1.370837,-3.857287516421045,-27.15009629344772,7.74807420310521,0.0167905006057937,0.2362601201133236,-0.0577571279723062,-0.9698264529810656
img_002512.jpg,-0.012832,-0.124675,1.371183,-3.8727430236163376,-27.07686276955064,7.855095363157892,0.0167482192046577,0.2356644909727863,-0.0586621886796445,-0.9699177761374024
img_002513.jpg,-0.012857,-0.124743,1.371529,-3.8880060185486927,-27.0035504733967,7.962041667121248,0.0167056734109265,0.2350681203376017,-0.0595674069580659,-0.9700080532166352
img_002514.jpg,-0.012881,-0.124812,1.371875,-3.9031513853664026,-26.93026650551141,8.06891232797217,0.0166634275617712,0.2344719505697409,-0.0604725722315951,-0.9700970583326232
img_002515.jpg,-0.012906,-0.12488,1.372221,-3.918100435345581,-26.856929076429267,8.175688659837075,0.0166209063560766,0.2338752444500625,-0.0613777181830252,-0.9701849778346248
img_002516.jpg,-0.012931,-0.124948,1.372567,-3.93292388871262,-26.78358489952416,8.282365699379076,0.0165786860221826,0.2332784320593234,-0.0622826336129526,-0.970271711355101
img_002517.jpg,-0.012955,-0.125016,1.372913,-3.9475326774022697,-26.710196963157,8.388942522932224,0.0165360378794127,0.2326811501750176,-0.063187503712552,-0.9703573471557052
img_002518.jpg,-0.01298,-0.125085,1.37326,-3.9620143566660766,-26.636785896986385,8.495451565514182,0.0164936221367835,0.2320836238127328,-0.064092411531061,-0.9704418142119042
img_002519.jpg,-0.013004,-0.125153,1.373606,-3.976325363446631,-26.563339833189424,8.601853313420952,0.016451157068317,0.2314857211557214,-0.064997111766362,-0.9705251649463604
img_002520.jpg,-0.013029,-0.125221,1.373952,-3.990483776563295,-26.489911810173314,8.708169260368605,0.0164087132373402,0.2308879023050208,-0.0659017217667586,-0.9706072809160554
img_002521.jpg,-0.013054,-0.12529,1.374298,-4.004465195073323,-26.41641161417299,8.814407732766526,0.0163661300551509,0.2302893894390111,-0.0668063969552188,-0.97068833938844
img_002522.jpg,-0.013078,-0.125358,1.374644,-4.018308547802517,-26.34294509072682,8.920553975481651,0.0163236895906116,0.2296910966791057,-0.067710882156787,-0.9707681359119944
img_002523.jpg,-0.013103,-0.125426,1.37499,-4.031965132381598,-26.2694081593673,9.02660059504928,0.0162810680881648,0.2290921119669126,-0.0686152547958312,-0.9708468869321007
img_002524.jpg,-0.013127,-0.125494,1.375337,-4.045469744285136,-26.195868580711725,9.13257026005405,0.0162384641909051,0.2284930304869371,-0.0695196020653204,-0.9709244420799674
img_002525.jpg,-0.013152,-0.125563,1.375683,-4.058819899270553,-26.12228803854558,9.238467271313311,0.0161958755532721,0.227893525468488,-0.070423978458941,-0.971000874316095
img_002526.jpg,-0.013176,-0.125631,1.376029,-4.072018228518482,-26.048715483624093,9.344266000682708,0.0161533373772127,0.2272940074650869,-0.0713281347806589,-0.9710761046646916
img_002527.jpg,-0.013201,-0.125699,1.376375,-4.085033917787713,-25.97509203511725,9.44995234962033,0.016110659525418,0.2266939551707067,-0.0722320352174801,-0.9711502615080008
img_002528.jpg,-0.013226,-0.125767,1.376722,-4.0979052030952,-25.90147970409565,9.55560445308064,0.0160679626119406,0.2260939264217678,-0.0731362330023321,-0.9712231712819244
img_002529.jpg,-0.01325,-0.125836,1.377067,-4.110600847724977,-25.827802835767923,9.66114649939804,0.0160251892394083,0.225493248595332,-0.0740401780702395,-0.9712950325102524
img_002530.jpg,-0.013275,-0.125904,1.377414,-4.123150846208862,-25.754141987850414,9.766600230204611,0.0159824863905647,0.2248926240125347,-0.0749439534923914,-0.9713656734867988
img_002531.jpg,-0.0133,-0.125972,1.37776,-4.1355612215855455,-25.68043018686624,9.871984115270442,0.0159399204448994,0.224291490839818,-0.0758477312029671,-0.9714352102659366
img_002532.jpg,-0.013324,-0.12604,1.378106,-4.147786110855392,-25.60671504246385,9.977263780074905,0.0158971308497157,0.2236902152304671,-0.0767512827727565,-0.9715035817914572
img_002533.jpg,-0.013349,-0.126109,1.378452,-4.159865723818805,-25.53297915747182,10.082486231175206,0.0158543791811557,0.2230886812527665,-0.0776549317429612,-0.971570785138004
img_002534.jpg,-0.013373,-0.126177,1.378798,-4.171777411716175,-25.45923384755016,10.187611908753334,0.0158115400524751,0.2224869622040938,-0.0785583770401925,-0.9716368294003548
img_002535.jpg,-0.013398,-0.126245,1.379145,-4.183538930564954,-25.385446880561453,10.292658681601813,0.0157687545328442,0.2218847979395098,-0.0794617466310768,-0.9717017616769892
img_002536.jpg,-0.013423,-0.126314,1.379491,-4.195174403448129,-25.3116801660272,10.397642475554411,0.0157261437277937,0.2212827301388468,-0.0803650948839292,-0.9717654517783848
img_002537.jpg,-0.013447,-0.126382,1.379837,-4.206606588624258,-25.23786741535087,10.50253043422594,0.0156831702637219,0.2206801371766953,-0.0812683199347226,-0.9718280585582728
img_002538.jpg,-0.013472,-0.12645,1.380183,-4.217896779882803,-25.16403136121221,10.607332901195573,0.0156403137574548,0.2200772540335213,-0.0821713756982014,-0.9718895245132022
img_002539.jpg,-0.013496,-0.126518,1.380529,-4.229025356224977,-25.09018586799365,10.7120727624489,0.0155973508014892,0.2194741855855735,-0.0830744829116991,-0.971949810843378
img_002540.jpg,-0.013521,-0.126587,1.380875,-4.240017242341942,-25.016296719078344,10.816726530076236,0.0155545663576464,0.2188706552187387,-0.0839774070361116,-0.9720089952552068
img_002541.jpg,-0.013546,-0.126655,1.381222,-4.250846686979225,-24.94240189188049,10.921298183489824,0.0155117003025357,0.2182669647190162,-0.0848802081647208,-0.9720670087643062
img_002542.jpg,-0.01357,-0.126723,1.381568,-4.261519698469409,-24.868515835030014,11.025788557149982,0.015468787651211,0.2176632391737977,-0.0857828702108156,-0.9721238244685532
img_002543.jpg,-0.013595,-0.126792,1.381914,-4.27204318885841,-24.794594260347047,11.130217496293604,0.0154258872582741,0.2170591095998307,-0.0866855659140797,-0.9721795089406996
img_002544.jpg,-0.01362,-0.12686,1.38226,-4.282393354508964,-24.720662277156944,11.234535920317992,0.0153828667065614,0.2164547622489005,-0.0875879070993004,-0.972234057129056
img_002545.jpg,-0.013644,-0.126928,1.382606,-4.292611512194283,-24.646725052421463,11.338802385652595,0.0153399596743437,0.2158502784944854,-0.0884903054212183,-0.9722874105723586
img_002546.jpg,-0.013668,-0.126997,1.382952,-4.302657840831201,-24.57270822549885,11.442990728201876,0.0152969447299594,0.2152449926158389,-0.089392647050765,-0.9723397303869636
img_002547.jpg,-0.013693,-0.127065,1.383299,-4.312562527145255,-24.49874291464388,11.547099307491242,0.0152539598699882,0.2146400367596223,-0.0902947909572237,-0.972390776413528
img_002548.jpg,-0.013718,-0.127133,1.383645,-4.322288598560251,-24.424722384980196,11.65113869487196,0.0152107685486168,0.2140344772723561,-0.0911969454816272,-0.972440739682234
img_002549.jpg,-0.013742,-0.127201,1.383991,-4.331902090406774,-24.35069335470321,11.755100587558218,0.0151679024673551,0.213428759577045,-0.0920988888474691,-0.9724895341304226
img_002550.jpg,-0.013767,-0.12727,1.384337,-4.341335952736536,-24.276671300526104,11.858984861630704,0.015124776811931,0.2128229596167719,-0.0930007328627702,-0.9725371420533688
img_002551.jpg,-0.013792,-0.127338,1.384683,-4.35061240296044,-24.202626618581547,11.962800340834734,0.0150815904265138,0.2122168436036663,-0.0939025215431039,-0.972583607392676
img_002552.jpg,-0.013816,-0.127406,1.38503,-4.3597754286819885,-24.12854559506529,12.066529784910731,0.0150387608738828,0.2116103276293037,-0.094804029999296,-0.9726289635867776
img_002553.jpg,-0.013859,-0.127531,1.385399,-4.368736406950976,-24.054458237544967,12.170188750186556,0.014995477295214,0.2110035931878551,-0.0957055343433477,-0.9726731568304726
img_002554.jpg,-0.013884,-0.1276,1.385745,-4.3775887578574455,-23.980363574980657,12.273797520108229,0.0149524950890408,0.2103967105767319,-0.0966070305535255,-0.9727161604068956
img_002555.jpg,-0.013909,-0.127668,1.386091,-4.386263269513082,-23.906264494163317,12.377316308666572,0.014909295849958,0.2097896394877035,-0.0975083024372119,-0.9727580125687432
img_002556.jpg,-0.013933,-0.127736,1.386437,-4.394776641995284,-23.83212452821115,12.480766328840652,0.0148660173263377,0.2091820856960123,-0.0984095137781859,-0.972798758300328
img_002557.jpg,-0.013958,-0.127804,1.386783,-4.403151070746058,-23.757987986948997,12.584143696005318,0.0148228101178481,0.208574441490525,-0.0993105636842585,-0.9728383208929636
img_002558.jpg,-0.013983,-0.127873,1.387129,-4.411395436469019,-23.683848020491755,12.687456023478358,0.0147797412554812,0.2079666561792784,-0.10021150005037,-0.9728767056640248
img_002559.jpg,-0.014007,-0.127941,1.387476,-4.419459549917897,-23.609674823513583,12.790703135725671,0.0147364141296021,0.2073584316598792,-0.1011124238528298,-0.9729139718704638
img_002560.jpg,-0.014031,-0.128009,1.387822,-4.427375752483481,-23.535486271044554,12.893867642138922,0.014693115816015,0.206749943586777,-0.1020131149652468,-0.972950100236168
img_002561.jpg,-0.014056,-0.128077,1.388168,-4.435175704328576,-23.461294362667907,12.996978709603212,0.0146500490604054,0.2061413242152218,-0.1029137534636244,-0.9729850409237292
img_002562.jpg,-0.014081,-0.128146,1.388514,-4.442784058122959,-23.387090984187477,13.09998904241932,0.0146066663887451,0.2055324295939767,-0.1038140734048547,-0.9730188609915514
img_002563.jpg,-0.014105,-0.128214,1.38886,-4.450257291214167,-23.31283903656192,13.20296222742046,0.0145633710124046,0.2049230023531268,-0.1047145284811625,-0.9730515602249984
img_002564.jpg,-0.01413,-0.128282,1.389207,-4.4576094112602815,-23.238648609712477,13.30585854569302,0.0145202366036321,0.2043139821017605,-0.1056146938057612,-0.9730829851040512
img_002565.jpg,-0.014155,-0.128351,1.389553,-4.464749684499488,-23.16438633787461,13.408672741144692,0.0144766412188975,0.2037041524678992,-0.1065147532308681,-0.97311338109725
img_002566.jpg,-0.014179,-0.128419,1.389899,-4.471779988843234,-23.09013207587585,13.511442982454817,0.0144332968093367,0.2030942874735528,-0.1074148024485913,-0.973142564352086
img_002567.jpg,-0.014204,-0.128487,1.390245,-4.478683791055809,-23.01587348341645,13.61413800882529,0.0143901304869883,0.2024842622073772,-0.1083146081006642,-0.9731705880136848
img_002568.jpg,-0.014228,-0.128555,1.390591,-4.485404984228827,-22.94158808632639,13.71676481956628,0.0143466765961374,0.2018738324495239,-0.1092143366347162,-0.9731974914251612
img_002569.jpg,-0.014253,-0.128624,1.390937,-4.492001705216493,-22.86731342992713,13.819327860357722,0.0143033792693031,0.201263370419656,-0.1101138986403659,-0.9732232007073288
img_002570.jpg,-0.014278,-0.128692,1.391284,-4.498440464826486,-22.79300682905253,13.921829820073892,0.0142599950335143,0.2006524810937626,-0.1110133947571002,-0.973247789906078
img_002571.jpg,-0.014302,-0.12876,1.39163,-4.50470419009802,-22.71869773537988,14.024266686010128,0.0142163527517913,0.2000413950678856,-0.1119128003668148,-0.973271216407733
img_002572.jpg,-0.014327,-0.128828,1.391976,-4.510858809161764,-22.64436571309686,14.126622738828305,0.0141730614405577,0.1994299997880057,-0.1128118736200549,-0.9732935223684018
img_002573.jpg,-0.014352,-0.128897,1.392322,-4.516857464946361,-22.570060762538333,14.228926670031832,0.0141296161289112,0.1988186754352646,-0.1137109086130881,-0.973314603562796
img_002574.jpg,-0.014376,-0.128965,1.392668,-4.522693560076874,-22.49571252816275,14.331162932852523,0.0140860658129876,0.1982068152419491,-0.1146098186811201,-0.9733345933456988
img_002575.jpg,-0.014401,-0.129033,1.393015,-4.528390487417097,-22.42137048456381,14.43334382664159,0.0140425312865976,0.1975948617063617,-0.1155086364521665,-0.9733533956622692
img_002576.jpg,-0.014425,-0.129102,1.393361,-4.533950812780276,-22.346992059220668,14.535461039184602,0.0139990963730052,0.1969824540664875,-0.1164073061376401,-0.9733710891373656
img_002577.jpg,-0.01445,-0.12917,1.393707,-4.539364665767158,-22.27263035578933,14.637518605516762,0.0139556086022739,0.1963700314989842,-0.1173058456930956,-0.9733875848211008
img_002578.jpg,-0.014474,-0.129238,1.394053,-4.5446150640174245,-22.19826393928788,14.739501789320324,0.0139119723784506,0.1957573913629327,-0.1182041664592304,-0.973402935984374
img_002579.jpg,-0.014499,-0.129306,1.394399,-4.549734408373287,-22.12389202717179,14.841437124282653,0.0138684174600544,0.1951445619037259,-0.1191024345619819,-0.9734171135941494
img_002580.jpg,-0.014524,-0.129375,1.394745,-4.554705585739314,-22.049480202891647,14.943302997604452,0.013824874987012,0.1945312295474384,-0.1200005105441823,-0.9734301983355
img_002581.jpg,-0.014548,-0.129443,1.395092,-4.559519414738047,-21.97507059756221,15.045126183188287,0.0137811713638722,0.1939177433362939,-0.1208986098274648,-0.9734420960062212
img_002582.jpg,-0.014573,-0.129511,1.395437,-4.564211198802404,-21.90067558062149,15.146854405837615,0.0137376790764196,0.1933042374854857,-0.1217962174634362,-0.9734528387936148
img_002583.jpg,-0.014598,-0.12958,1.395784,-4.568742434698422,-21.826254702732783,15.24855209353467,0.0136940093529865,0.1926903345399124,-0.1226939641510184,-0.973462428778659
img_002584.jpg,-0.014622,-0.129648,1.39613,-4.573136896410755,-21.75182597233708,15.35016976031584,0.013650425343399,0.1920762049171495,-0.1235913752011326,-0.9734708877868212
img_002585.jpg,-0.014647,-0.129716,1.396476,-4.57737707661122,-21.67740225956571,15.45175375062497,0.0136066840499674,0.1914619428258764,-0.1244888622937478,-0.973478148580292
img_002586.jpg,-0.014671,-0.129784,1.396822,-4.581481620873875,-21.602971843720507,15.553260053876732,0.0135630307881688,0.1908474622474374,-0.1253860226805916,-0.9734842760239604
img_002587.jpg,-0.014696,-0.129853,1.397168,-4.5854597149925045,-21.528519579826217,15.654722153957472,0.0135195054947198,0.1902326475019057,-0.1262831300185336,-0.9734892571920432
img_002588.jpg,-0.014721,-0.129921,1.397515,-4.589253108207331,-21.45407739562669,15.756108456708086,0.0134756257663095,0.1896176997079643,-0.1271799904772793,-0.973493084459189
img_002589.jpg,-0.014745,-0.129989,1.397861,-4.592930541849901,-21.379611767436327,15.85746117075852,0.0134319462448157,0.1890024139287371,-0.1280768632565101,-0.9734957562555472
img_002590.jpg,-0.01477,-0.130058,1.398207,-4.596443456017999,-21.305135795001625,15.95874232215173,0.0133881003458447,0.1883868411742156,-0.1289734945104551,-0.9734973007437112
img_002591.jpg,-0.014794,-0.130126,1.398553,-4.599833725389257,-21.23068526733689,16.05996078895547,0.0133443831709205,0.187771331282102,-0.1298698663150199,-0.9734976488978562
img_002592.jpg,-0.014819,-0.130194,1.3989,-4.603075891642741,-21.156207707189537,16.161143616225118,0.0133005992313614,0.1871554123899995,-0.130766275796458,-0.973496855047586
img_002593.jpg,-0.014844,-0.130262,1.399246,-4.60619367213476,-21.081712013163934,16.262266432659573,0.0132569783389262,0.1865391826598659,-0.1316624680681748,-0.9734949308343148
img_002594.jpg,-0.014868,-0.130331,1.399592,-4.609125535153274,-21.00722247298128,16.363316354396737,0.0132129869121772,0.1859227741941774,-0.1325584158927886,-0.9734918620044004
img_002595.jpg,-0.014892,-0.130399,1.399938,-4.611942966767428,-20.93275328837282,16.464323556108916,0.0131691637966295,0.1853063915441422,-0.1334542470591607,-0.9734875850875856
img_002596.jpg,-0.014917,-0.130467,1.400284,-4.61462128645992,-20.858246768475915,16.56527021068741,0.0131254018058882,0.1846895137692575,-0.134349878985092,-0.9734822121373355
img_002597.jpg,-0.014942,-0.130535,1.40063,-4.617158174233008,-20.78377417565354,16.66617783630682,0.0130815534720924,0.1840727432011987,-0.1352454535556896,-0.9734756111283211
img_002598.jpg,-0.014966,-0.130604,1.400977,-4.619554105584575,-20.709273612958164,16.767032412094373,0.0130377251818245,0.1834555525614935,-0.1361408820115435,-0.973467892743032
img_002599.jpg,-0.014991,-0.130672,1.401323,-4.62182433277069,-20.634766900408497,16.86781652342889,0.0129940452537622,0.182838141554228,-0.1370359755384422,-0.9734590439197568
img_002600.jpg,-0.015034,-0.130797,1.401692,-4.623912506272424,-20.56024489845696,16.96857049882299,0.0129499820223577,0.1822203682892103,-0.1379311676942776,-0.973449037353604
img_002601.jpg,-0.015059,-0.130865,1.402038,-4.625851444054901,-20.485728226297816,17.069249955296943,0.0129058569640159,0.1816024397857799,-0.1388260128636605,-0.9734378926630376
img_002602.jpg,-0.015083,-0.130934,1.402384,-4.627693708535257,-20.411220574797262,17.16988271856134,0.0128620663906942,0.1809844528364535,-0.1397206580220547,-0.9734255661330944
img_002603.jpg,-0.015108,-0.131002,1.40273,-4.629378937168485,-20.336699833597667,17.27047428630557,0.0128181178116651,0.1803661460712753,-0.1406152541487401,-0.9734120913096608
img_002604.jpg,-0.015133,-0.13107,1.403077,-4.630917988664114,-20.26217059204367,17.371005324927488,0.0127741272358745,0.1797475677245998,-0.1415096129827286,-0.9733974845888654
img_002605.jpg,-0.015157,-0.131138,1.403423,-4.632342007997518,-20.18765082852236,17.47150524616656,0.0127302879655967,0.179128910500931,-0.1424039211438304,-0.9733816807573092
img_002606.jpg,-0.015182,-0.131207,1.403769,-4.633611415061694,-20.11312202341369,17.571944563936466,0.0126863344777581,0.1785099637195899,-0.1432979967706613,-0.9733647486383842
img_002607.jpg,-0.015206,-0.131275,1.404115,-4.634723032473867,-20.038609406435945,17.67231925128412,0.0126422105136936,0.1778909349220384,-0.1441917917310279,-0.973346658176462
img_002608.jpg,-0.015231,-0.131343,1.404461,-4.635721453079988,-19.96408608661985,17.772663129666615,0.0125982784882448,0.1772716544569882,-0.1450855354246972,-0.9733274019135308
img_002609.jpg,-0.015255,-0.131412,1.404807,-4.63657874995831,-19.889540596259373,17.87295395908486,0.0125543512706625,0.1766519862170228,-0.1459790849700806,-0.9733070280137976
img_002610.jpg,-0.01528,-0.13148,1.405154,-4.63726107029526,-19.81501230633609,17.973190439498975,0.0125100878515602,0.17603221879318,-0.1468724544990526,-0.973285486256792
img_002611.jpg,-0.015305,-0.131548,1.4055,-4.637846304107679,-19.74048427330893,18.073375409652023,0.012466168150685,0.1754123070024387,-0.147765554008445,-0.9732627899248476
img_002612.jpg,-0.015329,-0.131616,1.405846,-4.63827446984538,-19.66593541989373,18.173524020368845,0.0124220887064541,0.1747919955459936,-0.1486586124748565,-0.9732389567533088
img_002613.jpg,-0.015354,-0.131685,1.406192,-4.638567566524396,-19.591412391685488,18.27361981928949,0.0123779949277034,0.1741717047010763,-0.149551425370427,-0.973213940350612
img_002614.jpg,-0.015379,-0.131753,1.406538,-4.63871835327782,-19.516868972786035,18.373679264291333,0.0123338652076529,0.1735510336950209,-0.1504441661822723,-0.9731877862643724
img_002615.jpg,-0.015403,-0.131821,1.406884,-4.638729396485377,-19.442331502812078,18.473668608280168,0.0122897343528119,0.1729302039029586,-0.151336525060646,-0.9731605022760568
img_002616.jpg,-0.015428,-0.13189,1.40723,-4.638605245405259,-19.367802670210327,18.573642051388934,0.0122455544567008,0.172309248439112,-0.1522289498130525,-0.9731320137253792
img_002617.jpg,-0.015453,-0.131958,1.407577,-4.638363962866441,-19.29327429694945,18.67354687399476,0.0122015694495214,0.1716881150759553,-0.1531209663982589,-0.973102400826294
img_002618.jpg,-0.015477,-0.132026,1.407923,-4.63794320959332,-19.218736236250063,18.773413324817632,0.0121572186138465,0.1710666362986534,-0.1540129269439953,-0.9730716450062568
img_002619.jpg,-0.015502,-0.132094,1.408269,-4.637415916441597,-19.144203773421303,18.873239458355524,0.0121131014492149,0.1704450375353108,-0.1549046928507153,-0.9730397207132364
img_002620.jpg,-0.015526,-0.132163,1.408615,-4.636745064630468,-19.06967803089522,18.97303018075817,0.0120688940339389,0.1698232777192978,-0.1557963564446516,-0.9730066245715095
img_002621.jpg,-0.015551,-0.132231,1.408961,-4.635924084109026,-18.995139405202824,19.072760252754914,0.0120246063340226,0.1692011775137733,-0.1566877203819978,-0.972972419265807
img_002622.jpg,-0.015576,-0.132299,1.409307,-4.634990402600279,-18.920617449990097,19.172446488964685,0.0119804868284874,0.1685790387588977,-0.1575788509541199,-0.9729370387432364
img_002623.jpg,-0.0156,-0.132368,1.409654,-4.633910361946496,-18.846087942076423,19.272098219220897,0.0119362713919205,0.1679566097743923,-0.1584698871679564,-0.9729005075131404
img_002624.jpg,-0.015625,-0.132436,1.41,-4.632683926841005,-18.7715604682048,19.37171283347837,0.0118919488908384,0.1673339697568315,-0.1593607971561035,-0.9728628168692484
img_002625.jpg,-0.015649,-0.132504,1.410346,-4.631356099344194,-18.69704455555508,19.47127922694414,0.0118479026548925,0.1667112594922587,-0.1602514114451408,-0.972823965726084
img_002626.jpg,-0.015674,-0.132572,1.410692,-4.629840879411679,-18.6225106787235,19.570794386579998,0.0118034509216091,0.1660881070172342,-0.1611418428683392,-0.9727840077482608
img_002627.jpg,-0.015698,-0.132641,1.411039,-4.628229781545624,-18.548001516684376,19.670285173031356,0.0117592664181168,0.1654650033403733,-0.1620321576067531,-0.9727428397187916
img_002628.jpg,-0.015723,-0.132709,1.411385,-4.626459064754672,-18.473477310846363,19.769719723002005,0.0117149140817143,0.1648415173040249,-0.1629221966829079,-0.9727005668698772
img_002629.jpg,-0.015748,-0.132777,1.411731,-4.624551122390661,-18.398959014434368,19.869113801165025,0.0116705287463934,0.1642178580070581,-0.1638120452418256,-0.9726571377952477
img_002630.jpg,-0.015772,-0.132846,1.412077,-4.62251602078866,-18.324453047428538,19.96847611098403,0.0116261728992776,0.1635940936821967,-0.164701755024508,-0.972612531539597
img_002631.jpg,-0.015797,-0.132914,1.412423,-4.62034473084412,-18.249939107309626,20.067798348899743,0.0115818126914541,0.1629700372564355,-0.1655912763707185,-0.9725667883293838
img_002632.jpg,-0.015821,-0.132982,1.412769,-4.618056665571232,-18.17544695640771,20.167084604091,0.0115375603184975,0.1623459679098201,-0.1664805951362235,-0.9725198624441608
img_002633.jpg,-0.015846,-0.13305,1.413116,-4.61561532516485,-18.100942606501388,20.266330225335828,0.0114931650622155,0.1617215430529469,-0.1673697394915187,-0.9724718093456324
img_002634.jpg,-0.015871,-0.133119,1.413462,-4.613046331538097,-18.026447902452045,20.365524589125105,0.0114488246859273,0.1610969823598947,-0.1682585662606572,-0.9724226146937116
img_002635.jpg,-0.015895,-0.133187,1.413808,-4.61033497299377,-17.95194036046776,20.464688776886074,0.0114044196097556,0.1604720746070815,-0.1691472842031829,-0.972372278878492
img_002636.jpg,-0.01592,-0.133255,1.414154,-4.607476707599812,-17.877458612616962,20.56379727602591,0.0113598854407542,0.1598471359781097,-0.170035656558664,-0.9723207915194618
img_002637.jpg,-0.015944,-0.133323,1.4145,-4.604518980611222,-17.802992526004864,20.662905426856103,0.0113155628189378,0.1592221552084496,-0.170924088716092,-0.9722680799169748
img_002638.jpg,-0.015969,-0.133392,1.414847,-4.601402518136398,-17.728525158637414,20.761949284160988,0.0112710644046241,0.1585968930577827,-0.1718121266267574,-0.9722142674141312
img_002639.jpg,-0.015994,-0.13346,1.415192,-4.598163482626867,-17.65404113386574,20.860963431341112,0.011226673369088,0.1579712753127563,-0.1727000184731321,-0.972159319042154
img_002640.jpg,-0.016018,-0.133528,1.415539,-4.594779105056364,-17.57957064607455,20.959938287808363,0.0111821609086969,0.157345520977817,-0.1735876928839008,-0.9721032142652732
img_002641.jpg,-0.016043,-0.133597,1.415885,-4.591267777289599,-17.505113179516265,21.05888485242009,0.011137668171141,0.1567196530713846,-0.1744752141829519,-0.972045936324363
img_002642.jpg,-0.016067,-0.133665,1.416231,-4.587613164670085,-17.43065466273653,21.157791355762736,0.0110930951407564,0.1560935250993054,-0.1753625091439305,-0.9719875230932832
img_002643.jpg,-0.016092,-0.133733,1.416577,-4.583843662693066,-17.35621276766155,21.256658337460564,0.0110486525667638,0.1554673287132285,-0.1762495294481453,-0.9719279501838288
img_002644.jpg,-0.016117,-0.133801,1.416923,-4.579924839266654,-17.2817712558163,21.355493816631647,0.0110040636015392,0.1548408730649531,-0.1771363954633462,-0.9718672296229508
img_002645.jpg,-0.016141,-0.13387,1.41727,-4.575894461612099,-17.207332758882405,21.45428911871105,0.010959655630291,0.1542142364939971,-0.1780229770699079,-0.9718053688091076
img_002646.jpg,-0.016185,-0.133995,1.417639,-4.571714790201953,-17.132896084627923,21.553053027644367,0.0109150983550372,0.1535873499396775,-0.1789093964703101,-0.97174236010428
img_002647.jpg,-0.016209,-0.134063,1.417985,-4.567391945469064,-17.05849070779078,21.651789624047705,0.010870388757494,0.1529604709795187,-0.1797956587873499,-0.9716781617630436
img_002648.jpg,-0.016234,-0.134131,1.418331,-4.562968420791608,-16.98408867246243,21.750502311011772,0.0108259286990165,0.1523334287576505,-0.1806817485400497,-0.971612799161915
img_002649.jpg,-0.016258,-0.1342,1.418677,-4.558394051871996,-16.909663947681096,21.84916103767278,0.0107813762889048,0.1517059201104106,-0.1815674890550783,-0.9715463564066332
img_002650.jpg,-0.016283,-0.134268,1.419023,-4.553685031942682,-16.835264564385252,21.947805829810036,0.0107367347182562,0.1510783790973978,-0.182453166270113,-0.9714787120750012
img_002651.jpg,-0.016307,-0.134336,1.41937,-4.548855429599098,-16.760880133388106,22.046401197046663,0.0106921870384911,0.1504507355526436,-0.1833384629237153,-0.9714099347447358
img_002652.jpg,-0.016332,-0.134404,1.419716,-4.543885957067616,-16.68649416246549,22.14497507008791,0.0106475605391211,0.1498228204761362,-0.1842236468726901,-0.9713400021887636
img_002653.jpg,-0.016357,-0.134473,1.420062,-4.5387788655646,-16.612117866091843,22.24350092625991,0.0106028896354117,0.1491947283288276,-0.1851084798449538,-0.9712689444534696
img_002654.jpg,-0.016381,-0.134541,1.420408,-4.533555169697627,-16.53774471346789,22.34202679019816,0.0105583007464406,0.1485664409243926,-0.1859933414460703,-0.9711966906111924
img_002655.jpg,-0.016406,-0.134609,1.420754,-4.528192276949522,-16.463391581997634,22.440492182913005,0.0105136515657537,0.147938057523002,-0.1868777348571714,-0.971123321973954
img_002656.jpg,-0.01643,-0.134678,1.4211,-4.522684003886014,-16.38906093505334,22.53893990864965,0.0104688293243949,0.1473095911944728,-0.1877620253997221,-0.9710487679681634
img_002657.jpg,-0.016455,-0.134746,1.421446,-4.517057061843558,-16.31469204508736,22.637342049221783,0.0104242014751881,0.146680568236129,-0.1886459732336834,-0.9709731426297266
img_002658.jpg,-0.01648,-0.134814,1.421793,-4.511314437692215,-16.240386749514307,22.73574823778552,0.010379552335954,0.1460518580032907,-0.189529932705394,-0.9708962479460824
img_002659.jpg,-0.016504,-0.134882,1.422139,-4.505428066915754,-16.166060040658536,22.8341055747155,0.010334859596429,0.1454226893776364,-0.1904135366028561,-0.9708182719591192
img_002660.jpg,-0.016529,-0.134951,1.422485,-4.499422173330394,-16.091745451779648,22.932430184424472,0.0102902489976763,0.1447933861021818,-0.1912968675504908,-0.970739148578031
img_002661.jpg,-0.016553,-0.135019,1.422831,-4.493254920939296,-16.017444333706816,23.03072481731277,0.0102453598541008,0.1441638885781844,-0.1921799970460394,-0.9706588765198932
img_002662.jpg,-0.016578,-0.135087,1.423177,-4.486972113024897,-15.94314977027248,23.12898283392615,0.0102006003775184,0.1435342128640975,-0.1930628111048389,-0.970577471641352
img_002663.jpg,-0.016602,-0.135155,1.423524,-4.480569311231916,-15.86886546713497,23.22725228408352,0.0101558660425569,0.1429043860291465,-0.1939457164926391,-0.9704948500083423
img_002664.jpg,-0.016627,-0.135224,1.42387,-4.4740166137596775,-15.794599674528934,23.325458230196123,0.0101109822120149,0.1422744191754024,-0.194828107250836,-0.970411132619606
img_002665.jpg,-0.016652,-0.135292,1.424216,-4.467354881629133,-15.720342539006266,23.423644971824217,0.0100662568387831,0.1416443009533877,-0.1957103095569727,-0.9703262529756658
img_002666.jpg,-0.016676,-0.13536,1.424562,-4.460567953779828,-15.646092668857646,23.521814904926444,0.0100215524948342,0.1410139912248157,-0.1965923608740209,-0.9702402106748718
img_002667.jpg,-0.016701,-0.135429,1.424908,-4.453627974254167,-15.57185434161362,23.619944982180854,0.0099766537771505,0.1403834748757145,-0.1974740939848089,-0.9701530438884935
img_002668.jpg,-0.016725,-0.135497,1.425255,-4.446575667930427,-15.497631845829842,23.71806129924981,0.0099318653561988,0.1397528590233927,-0.1983556735135719,-0.9700647005382224
img_002669.jpg,-0.01675,-0.135565,1.425601,-4.439396727988335,-15.423429674677214,23.8161387595154,0.0098870881886938,0.1391221536143203,-0.1992368982874874,-0.969975221447251
img_002670.jpg,-0.016775,-0.135633,1.425947,-4.432066807750608,-15.349217819044808,23.914195087331645,0.0098421491686809,0.1384910629478117,-0.2001179610896804,-0.969884611297981
img_002671.jpg,-0.0168,-0.135702,1.426293,-4.424628882123507,-15.275040073406906,24.0122266939836,0.0097973359832224,0.137860030128077,-0.2009987507618831,-0.9697928265835336
img_002672.jpg,-0.016824,-0.13577,1.426639,-4.417063275952207,-15.200852886199993,24.1102402392596,0.0097525539108782,0.1372286524343288,-0.2018793685076601,-0.9696999047201262
img_002673.jpg,-0.016849,-0.135838,1.426985,-4.409355117352244,-15.12668593971723,24.208241890481936,0.0097076150024453,0.1365971534258414,-0.2027598635918915,-0.9696058052647576
img_002674.jpg,-0.016873,-0.135907,1.427331,-4.40153744920502,-15.052545605114627,24.30618179809592,0.0096628459356201,0.1359656397346599,-0.2036397674181619,-0.9695106081657106
img_002675.jpg,-0.016898,-0.135975,1.427678,-4.393566235946107,-14.978410749629228,24.40412253433767,0.0096178386012314,0.1353338587651982,-0.2045196699225743,-0.9694142295567584
img_002676.jpg,-0.016923,-0.136043,1.428024,-4.38547664840723,-14.90427805185941,24.50203497619907,0.0095729313749156,0.1347018411885984,-0.205399281006897,-0.9693167224014771
img_002677.jpg,-0.016947,-0.136111,1.42837,-4.37724963365075,-14.830169813419555,24.599924394485797,0.0095279148256168,0.1340697403140422,-0.2062786513653449,-0.9692180567664302
img_002678.jpg,-0.016972,-0.13618,1.428716,-4.368922790805342,-14.75606475313014,24.69779805776413,0.0094831382925855,0.133437443576249,-0.2071578067438175,-0.9691182393521702
img_002679.jpg,-0.016996,-0.136248,1.429062,-4.360444394961867,-14.681990956720323,24.795650469443437,0.0094381174829502,0.1328050929671749,-0.2080367415080892,-0.969017256504266
img_002680.jpg,-0.017021,-0.136316,1.429409,-4.351831217622411,-14.607916766917416,24.893475151895355,0.0093930615044926,0.1321724495403487,-0.2089153951563968,-0.9689151519326776
img_002681.jpg,-0.017045,-0.136385,1.429755,-4.343123031799024,-14.53386124688029,24.99128113373382,0.0093482598288284,0.1315397462531321,-0.2097937838090615,-0.9688118875555312
img_002682.jpg,-0.01707,-0.136453,1.430101,-4.334263932318773,-14.459832765399849,25.089074056081408,0.009303217024537,0.1309069508161212,-0.2106720111391266,-0.9687074502158098
img_002683.jpg,-0.017095,-0.136521,1.430447,-4.325276312470008,-14.38579971164182,25.18682354577663,0.0092582175547802,0.1302738336127552,-0.2115498084359662,-0.96860192661085
img_002684.jpg,-0.017119,-0.136589,1.430794,-4.316180326229535,-14.31180196302403,25.28456504231201,0.0092133144118602,0.1296407699278405,-0.21242742649402,-0.9684952111823748
img_002685.jpg,-0.017144,-0.136658,1.431139,-4.3069275552645125,-14.237791519333712,25.382283875511177,0.0091682076451997,0.1290072627521968,-0.2133048190809827,-0.9683873833763992
img_002686.jpg,-0.017169,-0.136726,1.431486,-4.297567380192371,-14.163810672598093,25.47998561472637,0.0091232263639112,0.1283737595401383,-0.2141819502052556,-0.9682783880726228
img_002687.jpg,-0.017193,-0.136794,1.431832,-4.288091728319703,-14.089845608526442,25.57768567533067,0.0090783117114582,0.1277401290145613,-0.215058963372719,-0.968168211608326
img_002688.jpg,-0.017218,-0.136862,1.432178,-4.278462006484129,-14.01589948055213,25.675354799109567,0.0090331640277731,0.1271063216842441,-0.2159356488905763,-0.9680569097288416
img_002689.jpg,-0.017242,-0.136931,1.432524,-4.268699679424361,-13.941960400874631,25.772983746230334,0.0089879978976517,0.1264722753271103,-0.2168119074318952,-0.9679445109421916
img_002690.jpg,-0.017267,-0.136999,1.43287,-4.258821687359752,-13.868038320926674,25.87061257181857,0.0089428924573022,0.1258381077582523,-0.217688049442685,-0.967830929677368
img_002691.jpg,-0.017291,-0.137067,1.433216,-4.248845410879904,-13.79413567550036,25.96822647128868,0.0088980059517044,0.1252038704456406,-0.2185639259864611,-0.9677161911288348
img_002692.jpg,-0.017316,-0.137136,1.433563,-4.238714080081821,-13.72026217155962,26.065818781155265,0.0088528467218143,0.1245695353149899,-0.219439533956065,-0.967600304316546
img_002693.jpg,-0.017359,-0.13726,1.433932,-4.2284515799623605,-13.646388062141927,26.163393675647896,0.0088076709560062,0.1239348960101602,-0.2203148948705662,-0.9674832885282584
img_002694.jpg,-0.017384,-0.137329,1.434278,-4.2180879717704745,-13.572544156026606,26.260951159051974,0.0087626709435937,0.1233002687738502,-0.2211899557911232,-0.9673651134785416
img_002695.jpg,-0.017408,-0.137397,1.434624,-4.207576391235793,-13.498702022912392,26.35848417456076,0.0087175153731105,0.1226653220305472,-0.2220647195337652,-0.967245823994734
img_002696.jpg,-0.017433,-0.137466,1.43497,-4.196947680291327,-13.424897170800854,26.45601501722972,0.0086723692997216,0.1220304148266631,-0.2229393180736601,-0.9671253426132588
img_002697.jpg,-0.017458,-0.137534,1.435317,-4.186175387029614,-13.35108904890934,26.55352380672907,0.0086271123824357,0.1213951513553945,-0.2238136300881184,-0.9670037482585684
img_002698.jpg,-0.017482,-0.137602,1.435663,-4.175316798685181,-13.27732600341995,26.651022958175652,0.0085821169591723,0.12076005038042,-0.2246876698270904,-0.9668809691623318
img_002699.jpg,-0.017507,-0.13767,1.436009,-4.164316752350857,-13.203561148768692,26.74850117567888,0.0085370244153592,0.1201246072672247,-0.2255614221171847,-0.9667570753790736
img_002700.jpg,-0.017531,-0.137739,1.436355,-4.153196933920518,-13.129822893736357,26.84597056496722,0.008491947221925,0.1194891033727698,-0.2264349472045842,-0.966632016690948
img_002701.jpg,-0.017556,-0.137807,1.436701,-4.14190705614185,-13.056093261796924,26.943412933614265,0.0084465168547267,0.1188532851246332,-0.227308149868251,-0.966505849941726
img_002702.jpg,-0.01758,-0.137875,1.437047,-4.130541270408099,-12.98239056613296,27.040841250834116,0.0084014762867107,0.1182174928566491,-0.2281810281521319,-0.966378527270928
img_002703.jpg,-0.017605,-0.137943,1.437393,-4.119041436342946,-12.908700529333457,27.138285282168017,0.0083563338506473,0.1175814922204532,-0.2290538974979357,-0.9662500071993756
img_002704.jpg,-0.01763,-0.138012,1.43774,-4.107387325667682,-12.835023396368046,27.235677366948167,0.0083109881446548,0.1169452383125664,-0.2299262040364293,-0.9661204269704036
img_002705.jpg,-0.017655,-0.13808,1.438086,-4.095643009024476,-12.761395098490471,27.333073817438123,0.0082658468725113,0.11630916469495,-0.2307983343522589,-0.9659896390974728
img_002706.jpg,-0.017679,-0.138148,1.438432,-4.083756730896844,-12.687747722446186,27.43046919655648,0.008220620635359,0.1156725944604968,-0.231670327758156,-0.9658577180535316
img_002707.jpg,-0.017703,-0.138217,1.438778,-4.07175157926579,-12.614135856095254,27.52782496840755,0.0081754293383729,0.1150360293436939,-0.2325418033903107,-0.9657246936803222
img_002708.jpg,-0.017728,-0.138285,1.439124,-4.059612835431328,-12.54056142013042,27.625187205233537,0.0081300980896944,0.1143994576584155,-0.2334131597704915,-0.9655904734609116
img_002709.jpg,-0.017753,-0.138353,1.439471,-4.047353280696767,-12.46698078498277,27.7225275707364,0.0080848546925255,0.1137625351249223,-0.2342841645675489,-0.965455152225849
img_002710.jpg,-0.017777,-0.138421,1.439817,-4.034971553514939,-12.393439284871942,27.819865207567315,0.008039573185661,0.1131256404095319,-0.2351549530265486,-0.9653186535087818
img_002711.jpg,-0.017802,-0.13849,1.440163,-4.0224561883600485,-12.31991379901766,27.91717316492045,0.0079942322822544,0.1124885523836363,-0.2360253179123358,-0.965181054070806
img_002712.jpg,-0.017827,-0.138558,1.440509,-4.009831251438889,-12.246387671019296,28.014496344749222,0.0079490261307893,0.1118511824939676,-0.2368956187991982,-0.9650422745932006
img_002713.jpg,-0.017851,-0.138626,1.440855,-3.9970730303339033,-12.172918452720248,28.111798596845464,0.0079036679627618,0.1112139618946791,-0.2377655409083689,-0.9649023444209128
img_002714.jpg,-0.017876,-0.138694,1.441201,-3.9841984231908296,-12.099445722304509,28.20910018370972,0.0078584091787364,0.1105764178589574,-0.238635266173124,-0.9647612714848908
img_002715.jpg,-0.0179,-0.138763,1.441548,-3.971194716933865,-12.026010499449995,28.30638467851616,0.0078130709280359,0.109938866378218,-0.2395046437469655,-0.964619058077221
img_002716.jpg,-0.017925,-0.138831,1.441894,-3.9580580182839378,-11.952581497910348,28.403643817817592,0.0077676954327293,0.1093010344910558,-0.240373620261005,-0.9644757485025052
img_002717.jpg,-0.01795,-0.138899,1.44224,-3.9448281074695632,-11.879204074963276,28.500910006035376,0.0077224886258108,0.1086633877723089,-0.2412424037038623,-0.964331236651832
img_002718.jpg,-0.017974,-0.138967,1.442586,-3.931429551002902,-11.805806485304757,28.59816316214384,0.0076769901565785,0.1080251622655198,-0.2421109298099765,-0.964185628292702
img_002719.jpg,-0.017999,-0.139036,1.442932,-3.917937123106287,-11.73246174497334,28.695418250545487,0.0076316569495831,0.1073871285966604,-0.2429792127345081,-0.9640388294062054
img_002720.jpg,-0.018024,-0.139104,1.443278,-3.9043319211184135,-11.659130989495631,28.792664105814588,0.007586424839769,0.1067489188103086,-0.243847192876004,-0.963890896843348
img_002721.jpg,-0.018048,-0.139172,1.443624,-3.890561292279412,-11.585817635090326,28.889893369454267,0.0075408504896244,0.1061104477177403,-0.2447148519283628,-0.9637418480613535
img_002722.jpg,-0.018073,-0.139241,1.443971,-3.876703309713257,-11.51251425785762,28.98710054575751,0.0074956119847457,0.1054718178209988,-0.2455820712733973,-0.9635916965787824
img_002723.jpg,-0.018097,-0.139309,1.444317,-3.8627337127146095,-11.43926456426637,29.08433928411575,0.0074503597337568,0.1048333469216989,-0.2464492992583167,-0.963440296234342
img_002724.jpg,-0.018122,-0.139377,1.444663,-3.848592131288792,-11.36602255785554,29.181535048870494,0.0074047559007574,0.1041945128167983,-0.2473159838187514,-0.96328784754957
img_002725.jpg,-0.018147,-0.139446,1.445009,-3.834378514734653,-11.29280396766595,29.27874653105949,0.0073595525611974,0.1035556655010533,-0.2481825157640736,-0.9631342066387988
img_002726.jpg,-0.018171,-0.139514,1.445355,-3.820001209734072,-11.219612623167384,29.375937682347107,0.0073140035834742,0.1029166355264247,-0.2490486697681354,-0.9629794554247896
img_002727.jpg,-0.018196,-0.139582,1.445702,-3.805511551880691,-11.146442208897136,29.47311749993477,0.0072685463224496,0.1022774803220842,-0.2499144745604792,-0.962823577120172
img_002728.jpg,-0.01822,-0.13965,1.446048,-3.790914898377176,-11.073316673591323,29.570316789006004,0.0072231447733378,0.1016384134546378,-0.2507801690049883,-0.9626664873796308
img_002729.jpg,-0.018245,-0.139719,1.446394,-3.776188393665159,-11.000174382729126,29.66749430939931,0.0071777819547455,0.1009988643674736,-0.2516454538129129,-0.9625083243369816
img_002730.jpg,-0.018269,-0.139787,1.446741,-3.761339868254796,-10.927101090341155,29.764670286176766,0.007132313139276,0.1003595693568965,-0.2525104462273619,-0.962348981136178
img_002731.jpg,-0.018294,-0.139855,1.447086,-3.7463781928702105,-10.854016373477132,29.861848577682544,0.0070869906968252,0.0997198727457903,-0.2533752067841218,-0.9621885086247548
img_002732.jpg,-0.018319,-0.139924,1.447433,-3.73127583836652,-10.780978175515338,29.959012484422058,0.0070414673476585,0.0990801972282761,-0.2542395873637295,-0.962026904234969
img_002733.jpg,-0.018343,-0.139992,1.447779,-3.716026636669985,-10.7079577951971,30.05616750692648,0.0069957515209282,0.0984402872066151,-0.2551036496222708,-0.961864178179401
img_002734.jpg,-0.018368,-0.14006,1.448125,-3.70070198728429,-10.634968596324628,30.153327856818457,0.0069504000715029,0.0978004132905614,-0.2559674414952458,-0.9617002859484962
img_002735.jpg,-0.018392,-0.140128,1.448471,-3.6852454334542015,-10.561987794750973,30.25047718475557,0.0069050052870295,0.0971602569183042,-0.2568308818314672,-0.9615352845919002
img_002736.jpg,-0.018417,-0.140197,1.448817,-3.6696377579826542,-10.489039562131971,30.34763496085757,0.006859334396785,0.0965199771731705,-0.2576941348694335,-0.9613691155804924
img_002737.jpg,-0.018442,-0.140265,1.449164,-3.653937491142948,-10.4161255262689,30.44479362897396,0.0068138812383876,0.0958797174171491,-0.2585570834621015,-0.961201792238263
img_002738.jpg,-0.018466,-0.140333,1.44951,-3.638093743049023,-10.343222608254871,30.5419235568795,0.0067682969054253,0.0952391668824733,-0.2594195293209993,-0.9610334016335766
img_002739.jpg,-0.018509,-0.140458,1.449879,-3.622154533482732,-10.270381537348875,30.639072588028217,0.006722827025653,0.0945988605784291,-0.2602818062239834,-0.9608637991530468
img_002740.jpg,-0.018534,-0.140527,1.450225,-3.6061013673245976,-10.19753777972258,30.7362250358942,0.0066774791558891,0.0939582144899521,-0.2611438251571179,-0.960693066376713
img_002741.jpg,-0.018559,-0.140595,1.450571,-3.5899032975254346,-10.124738555269914,30.83337008059865,0.0066318933634386,0.0933175515401648,-0.2620054949949196,-0.9605211987027834
img_002742.jpg,-0.018583,-0.140663,1.450917,-3.5735855157878125,-10.051945076434128,30.93051324245223,0.0065863668601437,0.0926766034935221,-0.2628668559096357,-0.9603482092453086
img_002743.jpg,-0.018608,-0.140731,1.451263,-3.557145660512045,-9.979191432305646,31.027660657702285,0.0065407955168436,0.0920356494265494,-0.2637279418390399,-0.960174062304322
img_002744.jpg,-0.018632,-0.1408,1.451609,-3.540567995189316,-9.906446977929576,31.124790149874297,0.0064951373157008,0.0913943941515222,-0.2645885902241405,-0.9599988311618552
img_002745.jpg,-0.018657,-0.140868,1.451956,-3.52389038550508,-9.833743319820666,31.22192288257952,0.0064496183849453,0.0907531894762101,-0.2654489300474235,-0.9598224453300004
img_002746.jpg,-0.018682,-0.140936,1.452302,-3.507087225042244,-9.76107402604541,31.319070870565128,0.0064040299311352,0.0901119220271497,-0.2663090819424543,-0.959644883685721
img_002747.jpg,-0.018706,-0.141005,1.452648,-3.4901598251607364,-9.68843573962896,31.41620769390509,0.0063584118592958,0.0894705640154071,-0.2671688216187217,-0.9594662107277444
img_002748.jpg,-0.018731,-0.141073,1.452994,-3.473123258546733,-9.615829201507218,31.513343075249704,0.0063128809971985,0.0888291561882796,-0.2680282149962825,-0.9592864037972708
img_002749.jpg,-0.018755,-0.141141,1.453341,-3.455943601801532,-9.543219738552898,31.610488159067824,0.0062672276892824,0.0881873288501217,-0.2688873938231451,-0.9591054615267124
img_002750.jpg,-0.01878,-0.141209,1.453686,-3.438677501417144,-9.47067450241388,31.7076432266614,0.0062217659908944,0.0875457749718504,-0.2697462830240137,-0.9589233388062162
img_002751.jpg,-0.018804,-0.141278,1.454033,-3.4212616223688217,-9.398150485083011,31.80479103621705,0.0061760818532876,0.0869039841768821,-0.2706048028488941,-0.9587401077571736
img_002752.jpg,-0.018829,-0.141346,1.454379,-3.403713865730084,-9.325635201871544,31.90193690304499,0.0061303514605764,0.0862618930997319,-0.2714629858662941,-0.9585557635810118
img_002753.jpg,-0.018854,-0.141414,1.454725,-3.3860788305371674,-9.253169214921003,31.99907017416699,0.0060848583853636,0.0856199446196404,-0.2723206880124238,-0.9583703054989756
img_002754.jpg,-0.018878,-0.141483,1.455071,-3.36830068154951,-9.180722793215892,32.09624020758345,0.0060391705884602,0.0849777594846571,-0.2731783737757104,-0.9581836384080192
img_002755.jpg,-0.018903,-0.141551,1.455417,-3.3504043286970844,-9.108314493868038,32.1933984393264,0.005993488080503,0.0843355479980762,-0.2740356066675782,-0.9579958662347272
img_002756.jpg,-0.018928,-0.141619,1.455764,-3.332397537091835,-9.035930114857996,32.29055917110274,0.0059478997337789,0.0836932098575401,-0.2748925034506187,-0.9578069641943258
img_002757.jpg,-0.018952,-0.141687,1.45611,-3.3142622408726745,-8.963579853263582,32.387714741175884,0.0059022355060549,0.0830507853980239,-0.2757490054827495,-0.957616946715166
img_002758.jpg,-0.018977,-0.141756,1.456456,-3.2959982351714103,-8.891247102971363,32.484887354767515,0.0058565184758485,0.0824081353528242,-0.2766053020717117,-0.9574257711618324
img_002759.jpg,-0.019002,-0.141824,1.456802,-3.2776408333677973,-8.818969208174675,32.58205271706843,0.005810969949442,0.0817656542508963,-0.277461145403724,-0.9572334737170568
img_002760.jpg,-0.019026,-0.141892,1.457148,-3.259139665797363,-8.746711680137306,32.67923328139827,0.0057652377934032,0.0811229325637323,-0.2783167705649113,-0.9570400237543696
img_002761.jpg,-0.01905,-0.14196,1.457494,-3.2405240060162783,-8.674477066804384,32.77641249286013,0.0057195725470048,0.0804800603915853,-0.2791720137411967,-0.9568454593678812
img_002762.jpg,-0.019075,-0.142029,1.45784,-3.2217809970643967,-8.602291518442016,32.87360151858943,0.0056737945689127,0.079837223933824,-0.2800269627933552,-0.9566497404162398
img_002763.jpg,-0.0191,-0.142097,1.458187,-3.2029271918235107,-8.530123125961511,32.97079769373362,0.0056281231982502,0.0791941962294661,-0.2808815939281567,-0.9564528915243092
img_002764.jpg,-0.019125,-0.142165,1.458533,-3.183940275015756,-8.457986216559894,33.06800289071566,0.0055823357688406,0.0785510410472679,-0.2817359287588172,-0.9562549021700024
img_002765.jpg,-0.019149,-0.142234,1.458879,-3.164842903201977,-8.385878100123174,33.16518380807837,0.0055366510788996,0.0779077887938716,-0.2825896715090342,-0.956055855845513
img_002766.jpg,-0.019174,-0.142302,1.459226,-3.1456169801968348,-8.313814127705182,33.26240230432559,0.0054908377771373,0.0772645246902727,-0.2834433409719455,-0.9558555938966684
img_002767.jpg,-0.019198,-0.14237,1.459571,-3.126300058142017,-8.241791127470936,33.35962095456611,0.0054452426406871,0.0766213122711505,-0.2842965976055507,-0.9556542096534386
img_002768.jpg,-0.019223,-0.142438,1.459918,-3.1068300409070293,-8.169765444844884,33.45683912184767,0.0053994582300125,0.0759776328915549,-0.2851494921392746,-0.9554517320533424
img_002769.jpg,-0.019248,-0.142507,1.460264,-3.0872754050489437,-8.097800576101104,33.554072452344435,0.0053538856751953,0.0753341851933386,-0.2860020802630864,-0.95524808638103
img_002770.jpg,-0.019272,-0.142575,1.46061,-3.0675847621091763,-8.025861340878611,33.65130183925813,0.0053081979710743,0.0746905462764608,-0.2868542476742321,-0.9550433424313652
img_002771.jpg,-0.019297,-0.142643,1.460956,-3.0477455345890414,-7.9539457850991635,33.74854989615004,0.0052622810217887,0.0740466678859431,-0.2877061880565749,-0.9548374462322848
img_002772.jpg,-0.019321,-0.142711,1.461303,-3.0278277234676296,-7.882081974149184,33.845813622336046,0.0052166492325758,0.0734029579572203,-0.28855781650404,-0.9546303886155812
img_002773.jpg,-0.019346,-0.14278,1.461649,-3.007753448755935,-7.810239113277262,33.94307338177746,0.0051707449464727,0.0727589623834988,-0.2894090284129552,-0.9544222394006986
img_002774.jpg,-0.01937,-0.142848,1.461995,-2.987566498693666,-7.738425046772177,34.040336472135536,0.0051249086757119,0.0721148557788607,-0.2902598499205037,-0.95421297539448
img_002775.jpg,-0.019395,-0.142916,1.462341,-2.967281021531306,-7.66664495141845,34.137621071181954,0.0050792338711245,0.0714707169950221,-0.291110418277873,-0.9540025484062302
img_002776.jpg,-0.01942,-0.142984,1.462687,-2.9468786134484324,-7.594946363066946,34.23490967112392,0.0050334561333408,0.0708268929362687,-0.2919605778054311,-0.9537909815907608
img_002777.jpg,-0.019444,-0.143053,1.463033,-2.9263329331354213,-7.523221684422904,34.33220410825262,0.0049876323270332,0.0701824206112852,-0.2928103980469975,-0.953578325129336
img_002778.jpg,-0.019469,-0.143121,1.46338,-2.905686610511252,-7.451547010898582,34.42951278625178,0.0049419165922954,0.0695380407288713,-0.2936598900152241,-0.9533645196608854
img_002779.jpg,-0.019493,-0.143189,1.463726,-2.884908879552328,-7.379911643301855,34.52682608684007,0.0048960865848422,0.0688935841037999,-0.2945089932953654,-0.953149597531068
img_002780.jpg,-0.019518,-0.143258,1.464072,-2.864016344270841,-7.308315340759089,34.62415761491922,0.0048502731365083,0.0682490906928595,-0.2953578077466705,-0.9529335243725976
img_002781.jpg,-0.019543,-0.143326,1.464418,-2.8430052164397908,-7.236748645085137,34.72149384603348,0.0048044778009315,0.0676044705191189,-0.2962062233918169,-0.9527163406716854
img_002782.jpg,-0.019567,-0.143394,1.464764,-2.8218652028934543,-7.165234834245634,34.81885450036432,0.0047585429269149,0.0669598899452926,-0.2970543982661591,-0.9524979862857756
img_002783.jpg,-0.019592,-0.143462,1.46511,-2.8006367591028,-7.0937511757638525,34.91621680021655,0.0047128778394162,0.0663152630235467,-0.2979021245414055,-0.9522785300878652
img_002784.jpg,-0.019617,-0.143531,1.465456,-2.7792351216762925,-7.022274091081461,35.01358830176803,0.0046668361660527,0.0656701729607816,-0.2987495193149005,-0.9520579676325472
img_002785.jpg,-0.019641,-0.143599,1.465803,-2.757770561859644,-6.950872743912555,35.11098253671452,0.0046211449273303,0.0650254804084311,-0.2995966030891661,-0.9518362292614448
img_002786.jpg,-0.019684,-0.143724,1.466172,-2.736167968802365,-6.87947975611266,35.2083790086093,0.0045753695564649,0.0643804284844782,-0.3004432697778437,-0.951613402630908
img_002787.jpg,-0.019709,-0.143792,1.466518,-2.714433845409157,-6.808133032332379,35.305789537155526,0.0045294578271027,0.0637353477942236,-0.3012895966757872,-0.9513894409695132
img_002788.jpg,-0.019733,-0.143861,1.466864,-2.6925962369080927,-6.736834815685805,35.40319860279154,0.0044836453886714,0.063090328822648,-0.3021354352879339,-0.9511643843607946
img_002789.jpg,-0.019758,-0.143929,1.46721,-2.670635415951617,-6.665557444399562,35.50065487733172,0.0044378155835024,0.0624450911165248,-0.30298120703475,-0.9509381181612512
img_002790.jpg,-0.019783,-0.143997,1.467557,-2.648551906811545,-6.594319832527034,35.59809071847671,0.0043919600059483,0.0617997890934643,-0.3038263401952805,-0.950710813948622
img_002791.jpg,-0.019807,-0.144065,1.467903,-2.6263582600185846,-6.523137248194662,35.6955613966904,0.0043461121309161,0.0611545835761931,-0.3046712781515049,-0.9504823199231516
img_002792.jpg,-0.019832,-0.144134,1.468249,-2.604034219887759,-6.451968512245444,35.793042786565906,0.0043002277305964,0.0605090774070211,-0.3055158423911439,-0.950252718828442
img_002793.jpg,-0.019856,-0.144202,1.468595,-2.581598167073892,-6.380840271581838,35.890531511664534,0.004254390075389,0.0598635391022709,-0.3063599826834389,-0.9500220091458093
img_002794.jpg,-0.019881,-0.14427,1.468941,-2.5590397306160373,-6.309759232887379,35.98803767355994,0.0042084900666182,0.0592179957988976,-0.3072037827730922,-0.9497901628437851
img_002795.jpg,-0.019906,-0.144339,1.469287,-2.5363600513705338,-6.238707338630001,36.085555250474215,0.0041625894349298,0.0585722995765435,-0.3080471948655476,-0.949557204336305
img_002796.jpg,-0.01993,-0.144407,1.469633,-2.513554862050116,-6.167697491832593,36.18309887843424,0.0041166109635327,0.0579265451542568,-0.3088903347638175,-0.9493230904018732
img_002797.jpg,-0.019955,-0.144475,1.46998,-2.4906714986878247,-6.096756366517808,36.28066203970064,0.0040708779313257,0.0572810797027834,-0.3097331127464015,-0.9490878277216376
img_002798.jpg,-0.019979,-0.144543,1.470326,-2.4676179526594733,-6.025818099319865,36.378217848226,0.0040248211343399,0.0566351075441007,-0.3105753704938606,-0.9488515187588128
img_002799.jpg,-0.020004,-0.144612,1.470672,-2.444491476797218,-5.954924834106702,36.47580137752903,0.0039791143243659,0.0559892408017639,-0.3114173330969865,-0.9486140501860576
img_002800.jpg,-0.020028,-0.14468,1.471018,-2.4212111099457574,-5.884072393137522,36.57340672561544,0.0039331019936737,0.0553432239494031,-0.3122589896206044,-0.9483754434150604
img_002801.jpg,-0.020053,-0.144748,1.471364,-2.3978315724331414,-5.813267867657632,36.67101777265057,0.0038872258198539,0.054697262678432,-0.3131001744795975,-0.9481357390541492
img_002802.jpg,-0.020078,-0.144817,1.47171,-2.3743233176842886,-5.742469211182766,36.76864997521561,0.0038413499857096,0.054050928270629,-0.3139410396878883,-0.9478949123099344
img_002803.jpg,-0.020102,-0.144885,1.472057,-2.350692533302031,-5.671738089848703,36.8663014226513,0.0037953574134826,0.0534047461442926,-0.3147815439223217,-0.9476529469997164
img_002804.jpg,-0.020127,-0.144953,1.472403,-2.3269649043825416,-5.60105833542157,36.963975383386746,0.003749503694258,0.0527586521973457,-0.3156217042082905,-0.9474098403927524
img_002805.jpg,-0.020152,-0.145021,1.472749,-2.303099447591966,-5.530400747671071,37.06165708953317,0.003703538075563,0.0521122908614675,-0.3164614230722392,-0.947165645837087
img_002806.jpg,-0.020176,-0.14509,1.473095,-2.279117980098205,-5.459800459096607,37.15936371645716,0.0036575360952335,0.0514660118119424,-0.3173008185465044,-0.9469203042535328
img_002807.jpg,-0.020201,-0.145158,1.473441,-2.255025684234777,-5.389219637808003,37.25707890353471,0.0036116536537044,0.0508195154081124,-0.3181397612006569,-0.94667387476087
img_002808.jpg,-0.020225,-0.145226,1.473788,-2.230785120815601,-5.318667788101448,37.35481997379781,0.0035655480560817,0.0501727756211551,-0.3189784044999843,-0.9464263082333316
img_002809.jpg,-0.02025,-0.145295,1.474134,-2.2064774815732697,-5.248203064677392,37.45258146468515,0.0035197299525133,0.0495264970777436,-0.3198166476532336,-0.9461775993290674
img_002810.jpg,-0.020275,-0.145363,1.47448,-2.182017203653664,-5.177746106421311,37.55036025696249,0.0034737167851144,0.0488797852628028,-0.3206545220250127,-0.9459277865615694
img_002811.jpg,-0.020299,-0.145431,1.474826,-2.1574689648016774,-5.107359707060857,37.648163256432525,0.0034278637452979,0.0482333381043807,-0.321492035641305,-0.945676829506075
img_002812.jpg,-0.020324,-0.145499,1.475172,-2.1327896635397643,-5.037001513992461,37.74598498484564,0.0033819369742328,0.0475866843430734,-0.3223291705077108,-0.9454247594681164
img_002813.jpg,-0.020349,-0.145568,1.475518,-2.1079663482800446,-4.966656649403001,37.84381590683128,0.0033358765495131,0.0469396632271591,-0.3231658538102422,-0.9451716092196508
img_002814.jpg,-0.020373,-0.145636,1.475865,-2.083055678274258,-4.896390666204964,37.94166498583552,0.0032899609571263,0.0462929739972419,-0.3240021149544599,-0.9449173330087812
img_002815.jpg,-0.020397,-0.145704,1.476211,-2.0580117259369994,-4.826149268481861,38.039554196598814,0.0032439569172881,0.0456460390544155,-0.3248381656227151,-0.9446618876704144
img_002816.jpg,-0.020422,-0.145772,1.476557,-2.032844623411082,-4.755955168218895,38.13744432085031,0.0031978998218209,0.0449990718402503,-0.3256736688534995,-0.9444053782067036
img_002817.jpg,-0.020447,-0.145841,1.476903,-2.007572805482318,-4.685817658401001,38.23536661842467,0.0031519029814498,0.044352201050897,-0.3265088695454232,-0.9441477140139176
img_002818.jpg,-0.020471,-0.145909,1.477249,-1.9822008118554864,-4.615716508192182,38.33330920341293,0.0031060666711648,0.0437052718590846,-0.3273436703802982,-0.943888935745892
img_002819.jpg,-0.020496,-0.145977,1.477595,-1.956701483876785,-4.545657267396165,38.43127696156209,0.0030601499727505,0.0430582516277838,-0.3281781174440665,-0.9436290296932216
img_002820.jpg,-0.020521,-0.146046,1.477942,-1.9310545596623867,-4.475605290922744,38.52926421590487,0.0030140887029505,0.0424107956490887,-0.3290121768265341,-0.9433680231922044
img_002821.jpg,-0.020545,-0.146114,1.478288,-1.9053093666212,-4.405646918214575,38.62726480841178,0.0029680430891897,0.0417637545110862,-0.3298457544522259,-0.9431059101708568
img_002822.jpg,-0.02057,-0.146182,1.478634,-1.879428166338512,-4.335704268473224,38.72528645420019,0.0029219245965812,0.0411163780074854,-0.3306789441020827,-0.9428426919395032
img_002823.jpg,-0.020595,-0.14625,1.47898,-1.853462468269123,-4.265814929520453,38.82333599652221,0.002876046611047,0.0404691230690526,-0.3315117710684214,-0.9425783384297516
img_002824.jpg,-0.020619,-0.146319,1.479326,-1.827358137092461,-4.195978179260444,38.92141789207056,0.0028299647184075,0.0398218264259505,-0.3323442884465119,-0.9423128394417511
img_002825.jpg,-0.020644,-0.146387,1.479673,-1.801135101752038,-4.1261730395246055,39.01952336309827,0.0027839076138096,0.039174371800438,-0.3331764186843394,-0.9420462262994936
img_002826.jpg,-0.020668,-0.146455,1.480019,-1.7748273698223394,-4.056418260073853,39.11764499059699,0.0027381032905857,0.038527011144963,-0.3340080817465927,-0.9417785161759464
img_002827.jpg,-0.020693,-0.146524,1.480365,-1.7483695625399118,-3.986715575873082,39.21578537928004,0.0026920087092475,0.0378795673260212,-0.334839317774302,-0.9415097040077404
img_002828.jpg,-0.020717,-0.146592,1.480711,-1.721815109400132,-3.9170580387908154,39.31396370809168,0.0026460774571419,0.0372321384038813,-0.3356702649139517,-0.9412397353472508
img_002829.jpg,-0.020742,-0.14666,1.481057,-1.6951295185621773,-3.847444147625277,39.41214426302256,0.0026000427683462,0.0365846093050109,-0.3365006383622934,-0.9409687170790386
img_002830.jpg,-0.020767,-0.146728,1.481403,-1.668341106195527,-3.777877448689038,39.51036790742461,0.0025541141266742,0.0359370920490492,-0.3373307606995424,-0.940696529068729
img_002831.jpg,-0.020791,-0.146797,1.48175,-1.6414132643224015,-3.708338262105546,39.60860598874959,0.0025080588849328,0.0352893157188816,-0.3381604092575636,-0.9404232618600412
img_002832.jpg,-0.020834,-0.146922,1.482118,-1.6143665516735126,-3.6388490404650073,39.706880323453824,0.0024619734612355,0.0346415243214743,-0.3389897484890585,-0.9401488466719968
img_002833.jpg,-0.020859,-0.14699,1.482465,-1.587212757139443,-3.5694184698934777,39.80517982516009,0.0024159327009087,0.0339938226419797,-0.339818678995178,-0.9398733152384648
img_002834.jpg,-0.020884,-0.147058,1.482811,-1.5599243114981332,-3.5000242702953983,39.90349581466023,0.0023697796925774,0.0333459449628308,-0.3406471393406046,-0.9395966999504666
img_002835.jpg,-0.020908,-0.147127,1.483157,-1.5325395151586474,-3.430695359627916,40.00184232933913,0.0023237387754424,0.0326982412937278,-0.3414752244646783,-0.9393189534610692
img_002836.jpg,-0.020933,-0.147195,1.483504,-1.5050087566473032,-3.3613830790350208,40.10020238876158,0.0022775539219729,0.0320501636987041,-0.3423028160183184,-0.9390401385994892
img_002837.jpg,-0.020957,-0.147263,1.48385,-1.4774153828864298,-3.2921494512901357,40.19860267375292,0.0022317157315798,0.0314024687565888,-0.343130094022812,-0.9387601626490022
img_002838.jpg,-0.020982,-0.147331,1.484196,-1.4496830456296703,-3.222962596336508,40.29702906304795,0.0021856983527749,0.0307546658652201,-0.3439569673887118,-0.9384790769297896
img_002839.jpg,-0.021007,-0.1474,1.484542,-1.4218216930871956,-3.153806078856936,40.3954833152924,0.0021396330639517,0.0301066489093586,-0.3447834474723339,-0.9381968801967382
img_002840.jpg,-0.021031,-0.147468,1.484888,-1.393846995874104,-3.0847039456710617,40.49395106497168,0.0020935802189125,0.0294586604412751,-0.3456094048356808,-0.9379136119792691
img_002841.jpg,-0.021056,-0.147536,1.485234,-1.365730497707546,-3.0156289911014027,40.5924536492065,0.0020473841961861,0.0288103912236887,-0.3464350231988716,-0.9376292147094653
img_002842.jpg,-0.02108,-0.147604,1.48558,-1.3375220501277705,-2.94661677003352,40.69099021373157,0.0020013464058565,0.0281622816057406,-0.3472602733744945,-0.9373436845912996
img_002843.jpg,-0.021105,-0.147673,1.485927,-1.3091968880976903,-2.8776747224353123,40.7895385185647,0.0019552472544546,0.0275143161536974,-0.348084975649327,-0.937057089585248
img_002844.jpg,-0.02113,-0.147741,1.486273,-1.280744475840859,-2.808756480511976,40.88812813543374,0.0019091349385811,0.0268660830924696,-0.3489093792408987,-0.9367693493388785
img_002845.jpg,-0.021154,-0.147809,1.486619,-1.2522173783990742,-2.739903702132362,40.9867724119067,0.0018633100911337,0.0262180823050178,-0.3497335708291987,-0.9364804160636834
img_002846.jpg,-0.021179,-0.147878,1.486965,-1.223530087698503,-2.671080135018434,41.08539020035988,0.0018172036695836,0.025569754476126,-0.3505569099311351,-0.9361905459501224
img_002847.jpg,-0.021203,-0.147946,1.487311,-1.194724186517527,-2.602319026575583,41.184066577027096,0.0017710351309644,0.0249214981198587,-0.3513800736050004,-0.9358994744305454
img_002848.jpg,-0.021228,-0.148014,1.487658,-1.1658075161837704,-2.5336156651204598,41.28278081362343,0.0017248882418143,0.0242732973103687,-0.3522028885070309,-0.935607266498898
img_002849.jpg,-0.021252,-0.148082,1.488004,-1.1367985529546394,-2.464949132161081,41.38152261193419,0.00167898099331,0.023625037083076,-0.3530252669410852,-0.9353139577419032
img_002850.jpg,-0.021277,-0.14815,1.48835,-1.1076682890671157,-2.396350415620686,41.48028067251429,0.0016329838393521,0.0229768800602938,-0.353847115324554,-0.9350195801815956
img_002851.jpg,-0.021302,-0.148219,1.488696,-1.078393790277394,-2.3277851190561027,41.57906426283476,0.0015868145203891,0.0223284735606528,-0.3546685157237527,-0.93472411183324
img_002852.jpg,-0.021326,-0.148287,1.489042,-1.0490061505425172,-2.2592702848666737,41.67789459845994,0.001540670770668,0.0216800517434264,-0.3554896292895007,-0.9344274852323172
img_002853.jpg,-0.021351,-0.148356,1.489388,-1.0195278955864593,-2.19080958188946,41.77676833813956,0.0014947262911962,0.0210317134879982,-0.3563104210754834,-0.9341297108293284
img_002854.jpg,-0.021376,-0.148424,1.489735,-0.98990575535601,-2.1223980013802834,41.87565080356037,0.0014485693380687,0.0203832509638845,-0.3571306159614264,-0.9338308989694164
img_002855.jpg,-0.0214,-0.148492,1.490081,-0.960158565864136,-2.0540304537153933,41.97455339921268,0.0014023678175592,0.0197346800675174,-0.3579503009200277,-0.93353101600236
img_002856.jpg,-0.021425,-0.14856,1.490427,-0.930323047371354,-1.9857319257280532,42.07350250464764,0.0013563387640704,0.0190863183558663,-0.3587696785128733,-0.9332299773242098
img_002857.jpg,-0.02145,-0.148629,1.490773,-0.9003828698401652,-1.9174853945087635,42.17248908890629,0.0013104044406944,0.0184379752801724,-0.3595886773889039,-0.9329278144644784
img_002858.jpg,-0.021474,-0.148697,1.491119,-0.8702876477294866,-1.8492645059973984,42.27149691132874,0.0012642408757341,0.0177892768908165,-0.3604071733209877,-0.932624582960092
img_002859.jpg,-0.021499,-0.148765,1.491465,-0.8401076033533389,-1.7811219911272322,42.37054111054255,0.0012182521356464,0.0171408720061708,-0.3612252693720537,-0.9323202299294427
img_002860.jpg,-0.021523,-0.148834,1.491812,-0.8097734690517542,-1.7130246881773097,42.469609244271,0.0011719813757574,0.0164922713489608,-0.3620428756113888,-0.9320148001316524
img_002861.jpg,-0.021548,-0.148902,1.492158,-0.7793530312340771,-1.6449742740839928,42.56871594554702,0.0011259733675368,0.0158437015290718,-0.362860097835393,-0.9317082476315868
img_002862.jpg,-0.021573,-0.14897,1.492504,-0.7488164669019748,-1.5769872862617764,42.66787221418157,0.0010799323723986,0.015195202013159,-0.3636770252221137,-0.931400537313268
img_002863.jpg,-0.021597,-0.149038,1.49285,-0.7181541673097098,-1.5090505905815168,42.76703822846684,0.0010338278782108,0.014546633990698,-0.36449333366965,-0.9310917980252238
img_002864.jpg,-0.021622,-0.149107,1.493196,-0.687359934533064,-1.441147962479833,42.86624119835732,0.0009876583772335,0.0138978449326062,-0.3653092434155843,-0.930781946060565
img_002865.jpg,-0.021646,-0.149175,1.493543,-0.6564562577151453,-1.3733135589215963,42.96549151202482,0.0009414973572027,0.0132491828535645,-0.3661248298254592,-0.9304709461996744
img_002866.jpg,-0.021671,-0.149243,1.493888,-0.6254462378917454,-1.305538082226878,43.06477248035936,0.0008954021362574,0.0126005810215629,-0.3669399550643631,-0.9301588536321612
img_002867.jpg,-0.021695,-0.149312,1.494235,-0.5943123673560525,-1.2377949144846634,43.16405810319148,0.0008493192279547,0.0119517661747998,-0.3677544093290379,-0.9298457551450148
img_002868.jpg,-0.02172,-0.14938,1.494581,-0.5630817572397693,-1.1701466597403414,43.26342225196564,0.0008032605379111,0.011303332807807,-0.3685687815178123,-0.9295314102979088
img_002869.jpg,-0.021745,-0.149448,1.494927,-0.53169964219833,-1.1025057393932811,43.36279274659166,0.0007570714602357,0.0106543927190713,-0.3693824949495672,-0.9292160583973056
img_002870.jpg,-0.021769,-0.149516,1.495273,-0.5002245539684631,-1.0349348736250836,43.462199393489456,0.0007110226727115,0.0100056421798749,-0.370195778200547,-0.9288996002657222
img_002871.jpg,-0.021794,-0.149585,1.49562,-0.4686533889460013,-0.9674401361871228,43.56166082023447,0.0006650680154267,0.0093571197570026,-0.3710087797417229,-0.928581976644467
img_002872.jpg,-0.021818,-0.149653,1.495965,-0.4369280695549903,-0.8999793814975099,43.661132890484616,0.0006188775453834,0.0087082945191872,-0.3718211463401962,-0.9282633342599572
img_002873.jpg,-0.021843,-0.149721,1.496312,-0.4050873505841569,-0.8325874028491701,43.76065674480873,0.0005726500631587,0.0080595727604707,-0.3726332029781801,-0.927943538905814
img_002874.jpg,-0.021868,-0.149789,1.496658,-0.3731448170004583,-0.7652536299232803,43.86020777817407,0.0005265322493304,0.0074109118821827,-0.373444747231055,-0.9276226721649262
img_002875.jpg,-0.021892,-0.149858,1.497004,-0.3410844299398304,-0.6979577579187715,43.95979132679484,0.0004804606805247,0.0067620944301098,-0.3742558215546381,-0.9273007188980906
img_002876.jpg,-0.021917,-0.149926,1.49735,-0.3089229602279048,-0.6307176201867992,44.05942422543977,0.0004345127669865,0.0061133186593614,-0.3750665573955496,-0.9269776243562058
img_002877.jpg,-0.021941,-0.149994,1.497697,-0.2766236317841559,-0.5635520058769552,44.15909423873416,0.0003883308526412,0.0054646150638152,-0.3758768541312561,-0.9266534291253355
img_002878.jpg,-0.021966,-0.150063,1.498042,-0.2441941140949934,-0.4964172405982874,44.258786524646695,0.0003421216322863,0.0048156540657745,-0.3766865897890536,-0.9263281845554528
img_002879.jpg,-0.022009,-0.150188,1.498412,-0.2116840375125137,-0.4293482530991686,44.358526017379,0.0002961712944527,0.0041668803370216,-0.3774959597689237,-0.9260018087179746
img_002880.jpg,-0.022034,-0.150256,1.498758,-0.1790192090349926,-0.3623579558499329,44.45830035856205,0.0002498386281021,0.0035181528059691,-0.378304863959377,-0.9256743434308692
img_002881.jpg,-0.022058,-0.150324,1.499104,-0.1462579377332127,-0.2953914203357593,44.55809979063064,0.0002037769900907,0.0028692187269886,-0.3791132198944844,-0.925345823225064
img_002882.jpg,-0.022083,-0.150392,1.49945,-0.1134170602435637,-0.2285119500600679,44.6579632747906,0.000157912678714,0.0022206446150584,-0.3799213379654741,-0.9250161191890676
img_002883.jpg,-0.022108,-0.150461,1.499797,-0.0803956397534578,-0.1616599678359428,44.75785214149998,0.0001116298768163,0.0015716137222127,-0.3807289060264686,-0.9246853614527306
img_002884.jpg,-0.022132,-0.150529,1.500143,-0.0472931966181832,-0.0948972750987251,44.85777819849744,6.55271854837107e-05,0.0009229537648367,-0.381536013904347,-0.92435351135619
img_002885.jpg,-0.022157,-0.150597,1.500489,-0.0140552013565078,-0.0281657268816583,44.957735912713424,1.935863931003721e-05,0.0002740133293895,-0.382342615358198,-0.924020589068767
img_002886.jpg,-0.022181,-0.150666,1.500835,0.0192663579113655,0.0384906886505382,45.05775595490506,2.6602349056932474e-05,0.0003746804393933,0.3831489544146432,0.9236864931554694
img_002887.jpg,-0.022206,-0.150734,1.501181,0.0527209650139952,0.1050966849633061,45.15778892079469,7.267167169497699e-05,0.0010234930207875,0.3839546300802749,0.9233513898948676
img_002888.jpg,-0.022231,-0.150802,1.501528,0.0862923798627615,0.1716401552477704,45.25787341387346,0.0001187580135995,0.0016722737471944,0.3847599506531438,0.9230151514305922
img_002889.jpg,-0.022255,-0.15087,1.501873,0.1199806136370377,0.2381203642680311,45.35799203158771,0.00016486343916,0.0023210178594231,0.3855647731001473,0.9226778372977074
img_002890.jpg,-0.02228,-0.150939,1.50222,0.1538040105982784,0.30454562243384,45.45815542010151,0.0002111067594246,0.0029698552509124,0.3863691797179654,0.9223394127748152
img_002891.jpg,-0.022304,-0.151007,1.502566,0.1877288935974671,0.3709193577905043,45.55835323600149,0.0002572046866452,0.003618701150629,0.3871730850004767,0.9219999138280572
img_002892.jpg,-0.022329,-0.151075,1.502912,0.2217665336941998,0.4372205513694693,45.65857496447568,0.0003033187655864,0.0042674253392916,0.3879764019144994,0.9216593777726017
img_002893.jpg,-0.022354,-0.151144,1.503258,0.2559242416761542,0.5034828428860318,45.75888249033858,0.0003493908367903,0.0049163243843707,0.3887796241363464,0.9213175953692582
img_002894.jpg,-0.022378,-0.151212,1.503604,0.2902094967059876,0.5696690704065439,45.85919213083311,0.0003956094452633,0.0055651257937334,0.3895820765508829,0.9209748522616502
img_002895.jpg,-0.022403,-0.15128,1.50395,0.3245907931787086,0.635797570345368,45.95954967040868,0.0004416566783056,0.0062138711527758,0.3903841254766819,0.920630994112452
img_002896.jpg,-0.022427,-0.151348,1.504297,0.3590879005406617,0.701863327474472,46.059952687226826,0.0004877078461813,0.0068625883160098,0.3911857479377962,0.9202860303367691
img_002897.jpg,-0.022452,-0.151417,1.504643,0.3937177559930713,0.7678731949135785,46.16039490286549,0.0005338751276243,0.0075113913175155,0.3919868892575757,0.9199399831662892
img_002898.jpg,-0.022477,-0.151485,1.504989,0.4284452838262607,0.8338219858070139,46.26088689656163,0.0005798931149121,0.0081601197510048,0.3927876339814081,0.9195928179150336
img_002899.jpg,-0.022501,-0.151553,1.505335,0.4632996725168978,0.8997132283829782,46.36141136308269,0.0006259844573081,0.0088089027945947,0.3935878382715813,0.9192445947296716
img_002900.jpg,-0.022526,-0.151622,1.505682,0.4982640044566613,0.9655287066766866,46.46197563790116,0.0006720748353874,0.0094575374724063,0.394387560565565,0.9188952907548916
img_002901.jpg,-0.022551,-0.15169,1.506027,0.5333580527835701,1.0312988783071266,46.562599898056,0.0007182155639501,0.0101063373304118,0.3951869562976534,0.9185448359684814
img_002902.jpg,-0.022575,-0.151758,1.506374,0.5685521936264791,1.0969960583301133,46.66324328025762,0.0007642672821107,0.0107549791520946,0.3959856994351647,0.9181933740567958
img_002903.jpg,-0.0226,-0.151826,1.50672,0.6038917602250603,1.162644803254607,46.763939935220094,0.0008105046782256,0.011403817666026,0.3967840549570614,0.9178407867144708
img_002904.jpg,-0.022624,-0.151895,1.507066,0.6393248911359255,1.2282166074893222,46.864694923169,0.0008566094268967,0.012052446346279,0.3975820676075561,0.9174870594587484
img_002905.jpg,-0.022649,-0.151963,1.507412,0.6748814981872988,1.293737527411805,46.96546645486043,0.0009027344519876,0.0127011781645331,0.3983793950246479,0.917132336559745
img_002906.jpg,-0.022673,-0.152031,1.507758,0.7105382657577365,1.3591833682446393,47.06628663542911,0.0009487731729538,0.0133497397213081,0.3991762961727533,0.9167765097626804
img_002907.jpg,-0.022698,-0.152099,1.508105,0.7463079784443818,1.4245849356620104,47.16716591416814,0.0009947185562262,0.0139984229637966,0.3999728477400183,0.9164195413456988
img_002908.jpg,-0.022723,-0.152168,1.508451,0.7822396396711946,1.4899096235270135,47.26806508966692,0.0010410800481492,0.01464713915484,0.4007687302365133,0.9160615712557344
img_002909.jpg,-0.022747,-0.152236,1.508797,0.8182265501271948,1.555175213967208,47.36902132698536,0.0010869372180859,0.0152956589812511,0.40156424990934,0.9157024705539252
img_002910.jpg,-0.022772,-0.152304,1.509143,0.8543720393071325,1.6203699219310854,47.47003195446619,0.0011331567198721,0.0159442509112562,0.4023593704292668,0.9153422495692478
img_002911.jpg,-0.022797,-0.152372,1.50949,0.8906097789489722,1.6854932665600613,47.57108159202668,0.0011792116793564,0.0165926796601341,0.4031539751877427,0.9149809641363214
img_002912.jpg,-0.022821,-0.152441,1.509836,0.9269773968667918,1.750578852878232,47.672166010168525,0.0012252842474869,0.0172413466885471,0.4039480186059729,0.9146186270283296
img_002913.jpg,-0.022846,-0.152509,1.510182,0.9634771459950596,1.8155843552138968,47.773290526965965,0.0012715398674003,0.0178899234845901,0.4047415447308367,0.9142552246462566
img_002914.jpg,-0.02287,-0.152577,1.510528,1.0000425552573573,1.8805223478816415,47.8744912624872,0.001317397542996,0.0185382770798313,0.4055348480377909,0.9138906300939904
img_002915.jpg,-0.022895,-0.152646,1.510874,1.0367585198445302,1.9454079207592192,47.97571139784774,0.0013634892779428,0.0191868282310817,0.4063274572299442,0.9135250429082216
img_002916.jpg,-0.02292,-0.152714,1.51122,1.073604077532489,2.0102182671605746,48.07697881929088,0.0014097233660757,0.0198353227601175,0.4071195980516671,0.9131583682654846
img_002917.jpg,-0.022944,-0.152782,1.511567,1.1105399724863954,2.074971721513573,48.17829492497623,0.0014557208309626,0.0204837684572461,0.4079112832422673,0.9127906009103616
img_002918.jpg,-0.022969,-0.152851,1.511913,1.1476148351152693,2.139647402750533,48.279654569692426,0.0015019436202333,0.0211321729605885,0.4087024635042318,0.9124217619921706
img_002919.jpg,-0.022993,-0.152919,1.512259,1.1847784112396356,2.204267044840254,48.38107136747999,0.0015479107376571,0.0217805315258528,0.4094932505664814,0.912051802344196
img_002920.jpg,-0.023018,-0.152987,1.512605,1.2220818184491204,2.2688205420013534,48.48252257846633,0.0015940686362421,0.0224289469333265,0.4102834526042846,0.9116808047796952
img_002921.jpg,-0.023042,-0.153055,1.512951,1.2594819269725537,2.3333003468341222,48.584020584554295,0.0016400981272704,0.0230772062213249,0.4110731750062208,0.9113087278312748
img_002922.jpg,-0.023067,-0.153124,1.513297,1.2970113120471194,2.3977257193093133,48.68556999304548,0.0016861874823565,0.0237255803990541,0.4118624422160246,0.9109355533177712
img_002923.jpg,-0.023092,-0.153192,1.513643,1.3346283406182553,2.462073393448179,48.787163420316695,0.0017320900834397,0.0243737358697292,0.4126512052497176,0.9105613124164956
img_002924.jpg,-0.023116,-0.15326,1.513989,1.3723850096172137,2.5263568378777186,48.888814248761335,0.0017781671480393,0.0250219680326503,0.4134395546859707,0.9101859556477636
img_002925.jpg,-0.023159,-0.153385,1.514359,1.4102708611123431,2.5905752851844106,48.99050213151225,0.0018243417379639,0.0256702342565841,0.4142273282488038,0.9098095577549692
img_002926.jpg,-0.023184,-0.153453,1.514705,1.4482862712488902,2.6547323132657654,49.09222599189364,0.0018706033300843,0.0263185656268962,0.4150145138296683,0.9094321235019402
img_002927.jpg,-0.023209,-0.153522,1.515051,1.4863680617496582,2.7188142970913014,49.19402293517484,0.0019164906595115,0.0269666267826952,0.4158014203670378,0.9090535225850396
img_002928.jpg,-0.023233,-0.15359,1.515398,1.5245967525598405,2.7828405601982342,49.29585365581394,0.0019625807864127,0.0276148631610186,0.4165877110735106,0.9086738945253068
img_002929.jpg,-0.023258,-0.153658,1.515743,1.5629470513177135,2.8467888895040456,49.39774373294275,0.0020087468430966,0.0282630086877799,0.4173735961418749,0.9082931512015456
img_002930.jpg,-0.023282,-0.153727,1.51609,1.6013715456030648,2.9106531422397706,49.49967846280352,0.0020546385198361,0.0289108427830375,0.418158969577128,0.9079113490822336
img_002931.jpg,-0.023307,-0.153795,1.516436,1.639959926092017,2.974481564810383,49.60164943085723,0.0021007916698958,0.0295590755863217,0.4189437298880817,0.9075285113495352
img_002932.jpg,-0.023332,-0.153863,1.516782,1.6786203157567254,3.038215838971782,49.70368599390748,0.0021466834384968,0.0302069113692711,0.4197281423267626,0.9071445423936964
img_002933.jpg,-0.023356,-0.153931,1.517128,1.7174199135323256,3.1018748660964928,49.80576894168911,0.0021927811699568,0.0308547463778664,0.4205120309855762,0.906759509535513
img_002934.jpg,-0.023381,-0.154,1.517475,1.7563520892628006,3.1654973993480797,49.90789151726348,0.0022388906995685,0.0315028641702631,0.4212953327053135,0.9063734327297026
img_002935.jpg,-0.023405,-0.154068,1.517821,1.7953816587500204,3.2290372293510057,50.010058555773824,0.0022849015294648,0.0321507711669889,0.4220781028293067,0.9059863035666608
img_002936.jpg,-0.02343,-0.154136,1.518167,1.8345225292957303,3.2924953108806374,50.11228689612707,0.0023309149811058,0.0327985274533143,0.4228604681765746,0.9055980608888984
img_002937.jpg,-0.023455,-0.154205,1.518513,1.873799779583892,3.3559054238189856,50.21456357677167,0.0023770071212666,0.0334464933733612,0.4236423085435863,0.9052087473782122
img_002938.jpg,-0.023479,-0.154273,1.518859,1.913176984385031,3.4192215985115157,50.31689320328031,0.002423058143902,0.0340941726171205,0.4244236790237439,0.904818355730439
img_002939.jpg,-0.023504,-0.154341,1.519205,1.9526926434152487,3.4824857997446648,50.41927351272724,0.0024692163689627,0.0347420401052504,0.4252045376978195,0.9044268874491912
img_002940.jpg,-0.023528,-0.15441,1.519551,1.9922724498645823,3.545667099133767,50.52169803453043,0.0025150113838332,0.0353895769856073,0.4259848610209975,0.9040343747554296
img_002941.jpg,-0.023553,-0.154478,1.519897,2.032018608051411,3.608778243436431,50.62416848173913,0.002561201129437,0.0360372645937775,0.4267646256190869,0.9036408081364924
img_002942.jpg,-0.023578,-0.154546,1.520244,2.07184707046442,3.6718207936000415,50.72670588062715,0.0026071092964827,0.0366848042729913,0.4275440203282195,0.9032461119751092
img_002943.jpg,-0.023602,-0.154614,1.52059,2.111803831473941,3.734794588417065,50.829286917649874,0.0026531056915833,0.0373323665759202,0.428322844314317,0.9028503732482608
img_002944.jpg,-0.023627,-0.154683,1.520936,2.151874686364531,3.797696041504678,50.93193222874452,0.0026990842168409,0.0379798719233962,0.4291012630365203,0.9024535169932776
img_002945.jpg,-0.023652,-0.154751,1.521282,2.1920591172349635,3.86052030208277,51.03461507386391,0.0027450670718335,0.038627280696922,0.4298790648609279,0.9020556453939116
img_002946.jpg,-0.023676,-0.154819,1.521628,2.23237520747385,3.923284333021816,51.137344723188,0.0027911290160951,0.0392747956048656,0.4306563094520124,0.9016567213514154
img_002947.jpg,-0.023701,-0.154887,1.521974,2.272807541060037,3.985966319490608,51.24012418906299,0.0028372289873812,0.0399221885489869,0.4314330291901261,0.9012567394016892
img_002948.jpg,-0.023725,-0.154956,1.522321,2.3133459689445792,4.048576916386321,51.34297532235239,0.0028832385954937,0.0405695067608953,0.4322093939494521,0.900855616532542
img_002949.jpg,-0.02375,-0.155024,1.522667,2.3540048214809635,4.111127082601335,51.445857687439805,0.002929242401403,0.0412168903647954,0.4329850749784655,0.900453503704385
img_002950.jpg,-0.023774,-0.155092,1.523013,2.3947850681832823,4.1735845456835365,51.5487943788521,0.0029753613713284,0.0418640914114996,0.4337602604931726,0.900050321644237
img_002951.jpg,-0.023799,-0.155161,1.523359,2.435663525594508,4.235984649412043,51.651795495032594,0.0030212748166245,0.0425113010061567,0.4345350251688249,0.8996460265497618
img_002952.jpg,-0.023824,-0.155229,1.523705,2.4766446611221142,4.298296252910792,51.75485699282687,0.0030671368558839,0.0431582924582163,0.4353093427301729,0.899240641094153
img_002953.jpg,-0.023848,-0.155297,1.524052,2.5177774074318267,4.360548378450448,51.85796131586831,0.0031132267241314,0.0438054800284011,0.4360830454015478,0.8988342256791056
img_002954.jpg,-0.023873,-0.155365,1.524398,2.558999906744996,4.422705656011796,51.96111194296308,0.0031591920933232,0.044452352620209,0.4368561926326708,0.8984267776565505
img_002955.jpg,-0.023898,-0.155434,1.524744,2.600354653344892,4.48481497000071,52.06433047494605,0.0032051778104448,0.045099441079213,0.4376289199449971,0.8980182045355879
img_002956.jpg,-0.023922,-0.155502,1.52509,2.64180537964772,4.546828665049326,52.16760599517997,0.0032510853590727,0.0457462345964368,0.4384011688237307,0.897608560363716
img_002957.jpg,-0.023947,-0.15557,1.525436,2.683389685080222,4.6087902590061605,52.27091153154373,0.0032970524261625,0.0463932179071945,0.4391726962933036,0.8971979389231701
img_002958.jpg,-0.023971,-0.155639,1.525782,2.7250867283346776,4.6706704410182365,52.37427724771055,0.003343015425077,0.0470400839420101,0.4399437541368933,0.8967862331383845
img_002959.jpg,-0.023996,-0.155707,1.526128,2.7668946571180264,4.732457184584935,52.477709772669314,0.0033890028112846,0.0476867329709002,0.4407143967646382,0.8963734214281949
img_002960.jpg,-0.02402,-0.155775,1.526475,2.808818728809149,4.79419722331939,52.58119585827535,0.0034348799056969,0.0483335511679337,0.4414844996169614,0.8959595448620944
img_002961.jpg,-0.024045,-0.155843,1.526821,2.8508569092537432,4.855829843703424,52.68474796993063,0.0034808593893073,0.0489800579133577,0.4422541798238767,0.8955445706233867
img_002962.jpg,-0.024069,-0.155912,1.527167,2.893052262697177,4.917422042827209,52.78830272981208,0.0035270446530484,0.0496269420450415,0.4430228972326753,0.8951287276737575
img_002963.jpg,-0.024094,-0.15598,1.527513,2.935319448365082,4.978922425392747,52.89195530740149,0.0035729264178985,0.0502734767057275,0.4437914481549052,0.8947116643261689
img_002964.jpg,-0.024119,-0.156048,1.527859,2.977682473279628,5.040320963263755,52.99566194345708,0.0036187498518448,0.0509196759970158,0.4445594822279794,0.8942935524798663
img_002965.jpg,-0.024143,-0.156116,1.528206,3.02021481054805,5.101669884728227,53.099427611281634,0.0036648818970396,0.0515662336090747,0.4453269836792681,0.8938743590679733
img_002966.jpg,-0.024168,-0.156185,1.528552,3.062801362890722,5.162930226608928,53.20325374706778,0.0037105748754076,0.0522124000386449,0.4460940273075031,0.8934540926745319
img_002967.jpg,-0.024193,-0.156253,1.528898,3.105558514476493,5.224127116569328,53.30710081242804,0.0037566555956013,0.0528588235065191,0.4468602402396686,0.8930328986152686
img_002968.jpg,-0.024217,-0.156321,1.529244,3.148392230355149,5.285238651466719,53.41102677279012,0.0038024493819003,0.0535049702873216,0.4476261233564774,0.8926105607834262
img_002969.jpg,-0.024242,-0.15639,1.52959,3.1913598460486847,5.346271547642789,53.51502733423183,0.0038483776592104,0.0541511173284981,0.4483916115506376,0.8921870931438592
img_002970.jpg,-0.024266,-0.156458,1.529936,3.234455929975649,5.407227551932222,53.61903280748057,0.0038944233009371,0.0547972561278875,0.4491561614629838,0.8917627693550825
img_002971.jpg,-0.024291,-0.156526,1.530283,3.277650967102799,5.468115856675627,53.72313445393217,0.0039402761843047,0.0554433467068303,0.4499204913911503,0.8913372318914337
img_002972.jpg,-0.024334,-0.156651,1.530652,3.320957601542874,5.528903454048303,53.82729452304137,0.0039861821114936,0.05608918199378,0.4506843126335437,0.8909106376968865
img_002973.jpg,-0.024359,-0.156719,1.530998,3.3644158501739585,5.589635180850363,53.93149353487136,0.0040322837475424,0.056735268247377,0.4514474331241299,0.890483051579485
img_002974.jpg,-0.024384,-0.156788,1.531345,3.4079468713747847,5.650287347192257,54.03576180878752,0.0040780461625581,0.0573811132981634,0.4522101347690698,0.8900543642881029
img_002975.jpg,-0.024408,-0.156856,1.53169,3.4515966470307515,5.71085034899704,54.14008278734989,0.0041238723902299,0.0580268242253025,0.452972268090365,0.8896246431433346
img_002976.jpg,-0.024433,-0.156924,1.532037,3.4953830073420646,5.771335619336,54.244452922642274,0.00416985651303,0.0586725614493641,0.4537337892043555,0.8891938997563403
img_002977.jpg,-0.024457,-0.156992,1.532383,3.539269640021693,5.831751626594051,54.34890183946303,0.0042156668286064,0.059318249195277,0.4544949402632322,0.8887620169318208
img_002978.jpg,-0.024482,-0.157061,1.532729,3.5832564661659374,5.892064006039882,54.45339520629562,0.0042614568601466,0.0599636207042694,0.4552554680188314,0.8883291411500683
img_002979.jpg,-0.024506,-0.157129,1.533075,3.627395132504772,5.952322380988258,54.55794826898915,0.0043074200877032,0.0606092670924058,0.4560154392405102,0.8878951976719966
img_002980.jpg,-0.024531,-0.157198,1.533421,3.6716343667081865,6.012478309342424,54.66256823354396,0.0043533481261485,0.0612546113493552,0.4567749559179481,0.887460174089344
img_002981.jpg,-0.024556,-0.157266,1.533767,3.715978814628193,6.072555685060505,54.76723012462456,0.0043991940850161,0.0618998568827822,0.4575338092910194,0.8870241643635998
img_002982.jpg,-0.02458,-0.157334,1.534114,3.760437386298367,6.132558239598779,54.87195691166203,0.0044449988853353,0.0625450699913114,0.4582921684379203,0.8865870766896843
img_002983.jpg,-0.024605,-0.157402,1.53446,3.8050338492280886,6.192504320336638,54.976728107196266,0.0044908825872463,0.0631904878141099,0.4590498506305943,0.8861489879582504
img_002984.jpg,-0.024629,-0.157471,1.534806,3.849727847675248,6.252328117771182,55.08157835689531,0.004536778550062,0.0638354434342174,0.4598071747377876,0.8857097808320726
img_002985.jpg,-0.024654,-0.157539,1.535152,3.894544265957254,6.312094012262017,55.186482074194416,0.0045826327399263,0.0644805336287557,0.4605638962737498,0.8852695395806096
img_002986.jpg,-0.024679,-0.157607,1.535498,3.939448613484338,6.371770527872538,55.2914527242292,0.0046282975267633,0.0651253785807033,0.4613201514791261,0.8848282216147945
img_002987.jpg,-0.024703,-0.157675,1.535844,3.984508678494199,6.431371993467725,55.39646616908386,0.0046742512730307,0.0657703617885487,0.4620757062310489,0.8843859183616152
img_002988.jpg,-0.024728,-0.157744,1.53619,4.029663659997524,6.490883346364258,55.50155060858981,0.004720068784735,0.0664151247996425,0.4628308179270141,0.8839425242206229
img_002989.jpg,-0.024752,-0.157812,1.536537,4.074948592031738,6.550327710806372,55.6066813961336,0.0047659397332018,0.0670599871538031,0.4635852623598463,0.8834981315566797
img_002990.jpg,-0.024777,-0.15788,1.536883,4.12032583780958,6.609671441623687,55.711892799096034,0.0048116901687457,0.0677045403725256,0.4643393404077267,0.8830526144009667
img_002991.jpg,-0.024802,-0.157949,1.537229,4.165820919660695,6.668938093595218,55.81715415665888,0.0048574380915806,0.0683490687826428,0.4650927866482519,0.8826060898835311
img_002992.jpg,-0.024826,-0.158017,1.537575,4.211458553290753,6.728125588310371,55.92247034442904,0.0049033785660236,0.0689936582929948,0.4658456225082679,0.8821585390301859
img_002993.jpg,-0.024851,-0.158085,1.537922,4.257175130445269,6.787225460008539,56.027872716625645,0.0049490367534065,0.0696379879751208,0.4665981296160347,0.8817098406532663
img_002994.jpg,-0.024875,-0.158153,1.538267,4.303047276264364,6.84624507426031,56.133301347913175,0.0049950076774812,0.0702824248327144,0.467349794290064,0.8812602342299183
img_002995.jpg,-0.0249,-0.158222,1.538614,4.349004986162009,6.905174516098511,56.23880571619324,0.005040762703244,0.0709266109911475,0.4681010429106272,0.8808095254881518
img_002996.jpg,-0.024925,-0.15829,1.53896,4.395066188745228,6.964019988943646,56.344356360611705,0.0050864317984767,0.0715706667867086,0.4688516327247409,0.8803578331329881
img_002997.jpg,-0.024949,-0.158358,1.539307,4.441283559202768,7.022797287008572,56.449978880923126,0.0051323375841788,0.0722149311861999,0.4696017165271156,0.8799050463882344
img_002998.jpg,-0.024974,-0.158426,1.539652,4.487585713017913,7.081476763576183,56.55567105795456,0.0051780545911469,0.072858885993117,0.470351335798581,0.879451187613607
img_002999.jpg,-0.024998,-0.158495,1.539999,4.534000698957299,7.1400715892353634,56.66142215758192,0.0052237499205324,0.0735027476163575,0.4711003812004253,0.8789962965578567
img_003000.jpg,-0.025023,-0.158563,1.540344,4.580543609977337,7.198583884958825,56.76723173458162,0.0052695300263391,0.0741465955918135,0.4718488361723815,0.878540374836703
img_003001.jpg,-0.025047,-0.158631,1.540691,4.627163387361623,7.256997277542939,56.87310397754185,0.0053150681409372,0.0747900958809123,0.4725967730393423,0.8780834138745485
img_003002.jpg,-0.025072,-0.158699,1.541037,4.6739530240015545,7.315338276286901,56.97904114283266,0.0053609643663,0.0754338358493003,0.4733441311836027,0.8776253927184219
img_003003.jpg,-0.025097,-0.158768,1.541383,4.720832582039688,7.373587812362987,57.08502326842408,0.0054066979302973,0.0760773404391174,0.4740908185845982,0.8771664047505392
img_003004.jpg,-0.025122,-0.158836,1.54173,4.767835651463185,7.43176937249381,57.1910902209633,0.0054524007534065,0.0767209307122224,0.4748371024418102,0.8767062770742208
img_003005.jpg,-0.025146,-0.158904,1.542075,4.814926213565426,7.489835986820067,57.29720395224148,0.0054980183409834,0.0773640984769463,0.4755827411016245,0.8762451851094172
img_003006.jpg,-0.02517,-0.158973,1.542422,4.862169702488174,7.547829492576528,57.40337931429973,0.0055438654007382,0.0780074362989344,0.4763277773641112,0.8757830518740652
img_003007.jpg,-0.025195,-0.159041,1.542768,4.909538761950317,7.605741869270163,57.509623201707896,0.005589760449037,0.0786507713677075,0.4770722844703275,0.8753198536144657
img_003008.jpg,-0.02522,-0.159109,1.543114,4.956965141777351,7.663571705777506,57.61592943005445,0.0056351915104238,0.0792938094543159,0.4778162607541626,0.8748556208642507
img_003009.jpg,-0.025245,-0.159177,1.54346,5.00456394577274,7.721305045813725,57.72228807332438,0.0056811025416838,0.0799369246991846,0.4785595574929207,0.8743903951186378
img_003010.jpg,-0.025269,-0.159246,1.543807,5.052223763599748,7.778944308201929,57.828720489758624,0.0057266175208949,0.0805796730579477,0.4793024115438536,0.8739240930595115
img_003011.jpg,-0.025294,-0.159314,1.544153,5.1000091023144165,7.836499813482858,57.935223003074086,0.0057721868688645,0.081222403303462,0.4800447413965973,0.8734567243532073
img_003012.jpg,-0.025318,-0.159382,1.544499,5.147943201511104,7.893984982616321,58.04175964764933,0.0058179552638255,0.0818653144415824,0.4807862454567195,0.8729884351281865
img_003013.jpg,-0.025343,-0.159451,1.544845,5.195961706619643,7.951352409713714,58.14840082297606,0.0058635823960475,0.0825077816123738,0.4815275336950212,0.8725189503205532
img_003014.jpg,-0.025368,-0.159519,1.545191,5.244104767813286,8.008624079822523,58.25508960128488,0.0059093210621896,0.0831501387088778,0.4822681279357724,0.8720485004485724
img_003015.jpg,-0.025392,-0.159587,1.545537,5.292389013023927,8.065858419652388,58.36181997678747,0.0059550524881752,0.0837928998339227,0.483007930378601,0.8715770915292954
img_003016.jpg,-0.025417,-0.159655,1.545884,5.340756066821382,8.122966309305928,58.46863718809248,0.0060006784292036,0.0844351470147155,0.4837473831634505,0.8711045672532699
img_003017.jpg,-0.025441,-0.159724,1.54623,5.38923948919986,8.179992105077977,58.57552066781601,0.0060462793770433,0.0850773580060018,0.4844862745339008,0.8706309984423223
img_003018.jpg,-0.025484,-0.159849,1.546599,5.437827071935745,8.236918560763849,58.68245946030208,0.0060918437536945,0.0857193512978907,0.4852245396197498,0.870156439040447
img_003019.jpg,-0.025509,-0.159917,1.546945,5.486566776289027,8.293763301937664,58.789456002706096,0.006137657762745,0.0863614648765301,0.485962147250066,0.8696808713440077
img_003020.jpg,-0.025533,-0.159985,1.547291,5.535406373910928,8.350527647391422,58.89652767338232,0.0061833050679906,0.087003489713828,0.4866992652017127,0.8692042250059331
img_003021.jpg,-0.025558,-0.160054,1.547637,5.58430558219426,8.407180629902856,59.00365277563235,0.0062286293060088,0.0876450203574658,0.4874357788098523,0.8687266060847568
img_003022.jpg,-0.025583,-0.160122,1.547983,5.633388717992592,8.463756012510393,59.11085658148407,0.0062744078119069,0.0882868430836999,0.4881717598221763,0.8682478897509878
img_003023.jpg,-0.025608,-0.16019,1.54833,5.682536518979407,8.520229910242467,59.2181179985991,0.0063198549015041,0.0889282702525435,0.4889071540057998,0.8677681815703222
img_003024.jpg,-0.025632,-0.160258,1.548676,5.731820692101588,8.57662271475028,59.32544462281365,0.0063654192776524,0.0895697628509869,0.4896419475325281,0.8672874392246152
img_003025.jpg,-0.025657,-0.160327,1.549022,5.7812179383846685,8.632931270065475,59.43282467733852,0.0064109463975381,0.0902111983361745,0.490376069265471,0.8668057164975235
img_003026.jpg,-0.025681,-0.160395,1.549368,5.830743219913318,8.689139364710375,59.54029202541391,0.0064565922494833,0.0908525218918677,0.4911097728659341,0.8663228743822838
img_003027.jpg,-0.025706,-0.160463,1.549714,5.88039229811565,8.745250104232412,59.64780820630072,0.0065023408917231,0.0914937382332601,0.4918427664577773,0.8658390777218314
img_003028.jpg,-0.02573,-0.160532,1.550061,5.930150783151326,8.801294143911564,59.7553880264203,0.0065479376572926,0.092135018349759,0.4925751493301906,0.8653542541459341
img_003029.jpg,-0.025755,-0.1606,1.550406,5.979994208621416,8.857216205842171,59.863040365706745,0.0065934308180723,0.0927758430195965,0.4933070462284804,0.8648683875384638
img_003030.jpg,-0.02578,-0.160668,1.550753,6.0299356643280895,8.913057473805901,59.97077143811697,0.0066387340935936,0.0934165794224515,0.4940384619547428,0.8643814366401186
img_003031.jpg,-0.025804,-0.160736,1.551099,6.08002243329468,8.968798786128014,60.078549358123645,0.0066843130319088,0.0940572869494279,0.4947691293665513,0.8638935439953637
img_003032.jpg,-0.025829,-0.160805,1.551445,6.130254320965305,9.024446887587874,60.18638481075106,0.0067301270689974,0.0946980179638682,0.4954991219056026,0.8634046623537115
img_003033.jpg,-0.025853,-0.160873,1.551791,6.180566870443981,9.080021306555906,60.29431320011596,0.0067755745406485,0.0953386436754509,0.4962287426815585,0.8629146363044548
img_003034.jpg,-0.025878,-0.160941,1.552137,6.230979810180232,9.135473586595124,60.40231107514615,0.0068210356796476,0.0959788858424477,0.4969578332456529,0.8624235843948639
img_003035.jpg,-0.025903,-0.16101,1.552484,6.281483785636966,9.190853650339582,60.51034569004882,0.0068662476062458,0.0966190769548605,0.4976861157284841,0.861931632337098
img_003036.jpg,-0.025927,-0.161078,1.55283,6.332174564653022,9.24613097760474,60.61847421893126,0.0069120161002931,0.0972594093148474,0.4984139605117526,0.8614385383184023
img_003037.jpg,-0.025952,-0.161146,1.553176,6.382909628182453,9.301310669480587,60.72663969180453,0.0069572945449849,0.09789929968918,0.4991410539477008,0.860944557702156
img_003038.jpg,-0.025976,-0.161214,1.553522,6.433826528462275,9.356402596204568,60.83488140732791,0.0070030389999024,0.0985394242563729,0.4998675647459543,0.8604495087028277
img_003039.jpg,-0.026001,-0.161283,1.553868,6.484821289135147,9.411392840718548,60.943194861426136,0.0070485329133843,0.0991792272022441,0.5005935566731132,0.8599534232112209
img_003040.jpg,-0.026026,-0.161351,1.554214,6.535890295055373,9.466288532735136,61.05157433271523,0.0070937222587169,0.0998187463116619,0.5013189829932092,0.8594563248239778
img_003041.jpg,-0.02605,-0.161419,1.554561,6.587154998486553,9.521100670571425,61.16002593890915,0.0071394628712981,0.1004585966409747,0.502043773003193,0.8589581761759728
img_003042.jpg,-0.026075,-0.161487,1.554907,6.63845870733798,9.575802759908944,61.26853488753166,0.0071847099724388,0.1010978951810387,0.5027679718100356,0.858459062538569
img_003043.jpg,-0.026099,-0.161556,1.555253,6.68990898832253,9.630408259385376,61.37712710483266,0.0072301865113314,0.1017372165257722,0.5034916667977888,0.8579588595275323
img_003044.jpg,-0.026124,-0.161624,1.555599,6.741450493658624,9.684909394825183,61.48579026483619,0.0072755227253881,0.102376260549697,0.5042148188180117,0.8574576284162692
img_003045.jpg,-0.026148,-0.161692,1.555945,6.793136160299352,9.739335279016192,61.59449810917229,0.0073210073145514,0.1030154763204033,0.5049371585295348,0.8569554716707865
img_003046.jpg,-0.026173,-0.161761,1.556292,6.844911849228028,9.793665399722446,61.70328214446489,0.0073662980264069,0.10365447619693,0.5056589848251334,0.8564522626996449
img_003047.jpg,-0.026198,-0.161829,1.556638,6.896831097794465,9.847894442643334,61.81213609651125,0.0074118237955158,0.1042934578356296,0.5063802048690784,0.8559480285843657
img_003048.jpg,-0.026222,-0.161897,1.556984,6.948828107484806,9.902013921077277,61.92105258019484,0.0074571373503458,0.1049320686371755,0.5071008285122128,0.8554428103598092
img_003049.jpg,-0.026247,-0.161965,1.55733,7.000953006226004,9.956031670913491,62.03004657280469,0.007502563654884,0.105570590711014,0.5078209136603072,0.8549365365714245
img_003050.jpg,-0.026272,-0.162034,1.557676,7.053212583319845,10.009983604804594,62.13909663879165,0.0075480099746185,0.1062093205541646,0.5085402614502866,0.8544292892082526
img_003051.jpg,-0.026296,-0.162102,1.558022,7.10552200458241,10.063784411137773,62.24823605015262,0.0075931976910176,0.1068472530990461,0.5092592692894622,0.8539209591623668
img_003052.jpg,-0.026321,-0.16217,1.558369,7.157987863776107,10.117541192378424,62.35740635260746,0.0076384909744431,0.1074856521910376,0.5099773093619284,0.8534117599170218
img_003053.jpg,-0.026346,-0.162238,1.558715,7.210616429138267,10.1711806812325,62.46666397760042,0.0076842140210993,0.1081240092484408,0.5106948562801344,0.8529014686632528
img_003054.jpg,-0.02637,-0.162307,1.559061,7.263276318304157,10.224707353578816,62.57599833992577,0.0077293779666686,0.108761772920343,0.5114119494583774,0.8523901403809493
img_003055.jpg,-0.026395,-0.162375,1.559407,7.316092493545248,10.278164955031658,62.68538793359213,0.0077747336509771,0.109399823261227,0.5121282708747877,0.8518778470871682
img_003056.jpg,-0.026419,-0.162443,1.559754,7.368997435451512,10.331496709158523,62.794862182494526,0.0078200084689044,0.1100374430025406,0.5128441512932694,0.8513644842776183
img_003057.jpg,-0.026444,-0.162512,1.560099,7.42199736749178,10.38472784658589,62.90440712409238,0.007865146786653,0.1106748464642823,0.51355945734004,0.8508501052492944
img_003058.jpg,-0.026468,-0.16258,1.560446,7.475104092987794,10.437870611306032,63.014002202085216,0.007910199675359,0.1113121764954444,0.5142740124639569,0.8503347977174431
img_003059.jpg,-0.026493,-0.162648,1.560792,7.528426506565328,10.49092550445754,63.12368099197734,0.0079559390678499,0.1119499296066939,0.5149879571309655,0.8498184043104032
img_003060.jpg,-0.026518,-0.162716,1.561138,7.58179131328173,10.54386229213472,63.23339883917241,0.0080012606599982,0.1125871035643852,0.5157011541450451,0.8493011500947715
img_003061.jpg,-0.026542,-0.162785,1.561484,7.635266446551879,10.59670771176652,63.34322381726968,0.0080464786005672,0.1132242061925028,0.5164140162129036,0.8487827149353756
img_003062.jpg,-0.026567,-0.162853,1.561831,7.688833520009934,10.649430091798884,63.453097499751706,0.008091659212547,0.1138609190379072,0.5171261557866942,0.8482633760621207
img_003063.jpg,-0.026592,-0.162921,1.562177,7.742554613805494,10.702081228005994,63.56303702778568,0.0081370061661494,0.1144979054208824,0.5178375888633583,0.8477430332034974
img_003064.jpg,-0.026616,-0.16299,1.562523,7.796354121329865,10.75461011869375,63.67305784978908,0.0081821787323941,0.1151344519557036,0.518548550184031,0.8472216422082777
img_003065.jpg,-0.026659,-0.163115,1.562892,7.850295034345327,10.807056971527604,63.783137227047256,0.0082274793381331,0.115771138304642,0.5192587693465519,0.8466992869821566
img_003066.jpg,-0.026684,-0.163183,1.563238,7.904324731647116,10.859370379348348,63.89331079140608,0.0082727201421129,0.1164073534158218,0.5199686089709068,0.8461758303432181
img_003067.jpg,-0.026709,-0.163251,1.563584,7.958456008047946,10.911600664308295,64.00353704449883,0.0083178043258289,0.1170435222543087,0.5206777007656535,0.8456514411711807
img_003068.jpg,-0.026733,-0.163319,1.563931,8.012719214612273,10.963727459685984,64.11382439149973,0.0083630411373322,0.1176796355100568,0.5213860933080471,0.8451260880094331
img_003069.jpg,-0.026757,-0.163388,1.564276,8.06708084100906,11.01574091196472,64.22420718598609,0.008408193237613,0.1183154728481793,0.5220940819109668,0.8445996215987404
img_003070.jpg,-0.026782,-0.163456,1.564623,8.121572484390237,11.067676443605734,64.33463625856895,0.008453378571572,0.1189514348792387,0.5228012356184067,0.8440722507977401
img_003071.jpg,-0.026807,-0.163524,1.564969,8.176175345545815,11.119498950131636,64.44514464299097,0.0084985871857502,0.1195871833729438,0.523507849217464,0.8435438408265911
img_003072.jpg,-0.026832,-0.163593,1.565315,8.230887206561702,11.171206735762526,64.5557096490164,0.0085438339265963,0.120222695751741,0.5242137580750769,0.8430144970122541
img_003073.jpg,-0.026856,-0.163661,1.565661,8.285678823772965,11.222814276444865,64.66636372239023,0.0085888016221759,0.1208579475490879,0.5249192160021505,0.8424840684977991
img_003074.jpg,-0.026881,-0.163729,1.566007,8.340620447812531,11.274320517019984,64.77708016387511,0.0086340391106512,0.1214932521559081,0.5256239518620829,0.841952673419417
img_003075.jpg,-0.026905,-0.163797,1.566354,8.395660566798513,11.325731202253658,64.88785934623924,0.0086791396633086,0.1221284169285658,0.5263280152572326,0.8414203127264099
img_003076.jpg,-0.02693,-0.163866,1.5667,8.450839139483064,11.377031371897257,64.99870942431298,0.0087244576699031,0.1227635185997534,0.5270314366730958,0.84088695262661
img_003077.jpg,-0.026955,-0.163934,1.567046,8.506068995355482,11.428231529459232,65.10962510694021,0.0087693091732591,0.1233982336942945,0.5277342585152403,0.8403526209438046
img_003078.jpg,-0.026979,-0.164002,1.567392,8.561460101275436,11.479298618122554,65.22062429932575,0.0088146369828467,0.1240328310530453,0.528436525806665,0.8398172403500712
img_003079.jpg,-0.027004,-0.164071,1.567738,8.616949070627692,11.530296926175458,65.33169881072222,0.0088596808494118,0.1246674865262122,0.5291381796727569,0.8392808294433304
img_003080.jpg,-0.027028,-0.164139,1.568084,8.672568251177937,11.581182654906168,65.44282853164734,0.0089049056482094,0.1253020313373616,0.529839080340064,0.8387434962743512
img_003081.jpg,-0.027053,-0.164207,1.568431,8.728268472765018,11.631972417917686,65.55403002271795,0.0089498542451561,0.1259363613933993,0.5305393841657451,0.8382051627358384
img_003082.jpg,-0.027077,-0.164275,1.568777,8.784072022269774,11.682620234971637,65.66531733329285,0.0089948920413397,0.1265702491830214,0.5312392156268161,0.8376657804393811
img_003083.jpg,-0.027102,-0.164344,1.569123,8.839994491826863,11.733189965149084,65.77666052837179,0.0090398623990646,0.1272042284568506,0.5319382709023464,0.8371254631773695
img_003084.jpg,-0.027127,-0.164412,1.569469,8.896044164089679,11.7836286808568,65.8880972392447,0.0090850349121321,0.1278379594609041,0.5326368690025809,0.8365840567693393
img_003085.jpg,-0.027151,-0.16448,1.569815,8.952204095810739,11.83399377967526,65.999569180672,0.0091300767376674,0.1284717753245325,0.5333345412253511,0.8360418122197427
img_003086.jpg,-0.027176,-0.164549,1.570161,9.008471626343898,11.88423165120086,66.11114156537121,0.0091751505053401,0.129105283046863,0.5340318212794809,0.8354984478522473
img_003087.jpg,-0.0272,-0.164617,1.570508,9.064811187125596,11.934361034525544,66.2227841880971,0.0092199409580072,0.1297384511389933,0.5347285076774164,0.8349541005719232
img_003088.jpg,-0.027225,-0.164685,1.570854,9.121328014517868,11.984398149321612,66.33446909141789,0.0092651684419583,0.1303718867182371,0.5354242587265641,0.8344088871616713
img_003089.jpg,-0.02725,-0.164753,1.5712,9.177895714623222,12.034286623272148,66.44626887657704,0.0093100994622501,0.1310046011087917,0.536119805544009,0.83386250103946
img_003090.jpg,-0.027274,-0.164822,1.571546,9.234591294841788,12.084098322086918,66.55810570646197,0.0093550383263632,0.1316374666889109,0.5368144150283511,0.8333152731346085
img_003091.jpg,-0.027299,-0.16489,1.571892,9.291393250231891,12.133800166512058,66.67003198322351,0.0093999266174829,0.1322701504882502,0.5375085269850791,0.8327669734612031
img_003092.jpg,-0.027324,-0.164958,1.572239,9.348347379743888,12.183404162160777,66.78200758498366,0.0094450847994257,0.1329029520198817,0.5382017819524676,0.8322177825669921
img_003093.jpg,-0.027348,-0.165027,1.572585,9.40538132516437,12.23289611052877,66.89406806988727,0.0094900138205894,0.1335354341918166,0.5388945358314841,0.8316675457800777
img_003094.jpg,-0.027373,-0.165095,1.572931,9.462524626181214,12.28226240775192,67.00619559126136,0.0095350143463796,0.1341676381808909,0.5395866384755875,0.8311163504257343
img_003095.jpg,-0.027397,-0.165163,1.573277,9.51973380182434,12.331513419629228,67.11841650661859,0.0095796898843419,0.1347994372556205,0.5402783192911759,0.83056407276091
img_003096.jpg,-0.027422,-0.165231,1.573623,9.57712544441717,12.380679215256716,67.23068625994263,0.0096247915583699,0.1354315941656608,0.5409690829505814,0.830010902326477
img_003097.jpg,-0.027446,-0.1653,1.573969,9.634578025931043,12.429730874765616,67.34301221541266,0.0096695697183914,0.1360633307245266,0.5416591568084408,0.8294568266637983
img_003098.jpg,-0.027471,-0.165368,1.574316,9.69215700354039,12.478665168134745,67.45543931194351,0.0097144604681684,0.1366949382128673,0.5423487910590732,0.8289016298461201
img_003099.jpg,-0.027496,-0.165436,1.574661,9.749870574611538,12.52749428144517,67.56792279348882,0.0097595161926965,0.1373265406984613,0.5430376363276147,0.8283455188477785
img_003100.jpg,-0.02752,-0.165504,1.575008,9.80763326578088,12.576193855097676,67.68048832832041,0.0098042066696245,0.1379575629841464,0.5437260070298697,0.8277883894005815
img_003101.jpg,-0.027545,-0.165573,1.575354,9.8655785311586,12.62483434675988,67.79310769407351,0.0098491856251088,0.1385891396627485,0.5444134564951335,0.8272303381145318
img_003102.jpg,-0.02757,-0.165641,1.575701,9.923590843068457,12.673295242453865,67.90582254227489,0.0098941565274208,0.1392198685631452,0.5451005617256393,0.8266712233229507
img_003103.jpg,-0.027594,-0.165709,1.576046,9.981719894432716,12.72167458185383,68.01859319297472,0.0099390466080214,0.1398506825637413,0.5457868619365576,0.8261111930463261
img_003104.jpg,-0.027618,-0.165778,1.576393,10.039959162686412,12.769948694056716,68.13144592733988,0.0099838918523358,0.1404813857539301,0.5464725802176656,0.8255501324755411
img_003105.jpg,-0.027643,-0.165846,1.576739,10.09828966166723,12.818093380538755,68.2443596801845,0.0100286996452175,0.1411117152674794,0.5471576149608489,0.8249881534834613
img_003106.jpg,-0.027668,-0.165914,1.577085,10.156722667801452,12.866140469683469,68.35738387753138,0.0100733335579144,0.1417419568428356,0.5478422694524538,0.8244250077615184
img_003107.jpg,-0.027693,-0.165982,1.577431,10.21529351729272,12.914084074413926,68.470427969188,0.0101181878048002,0.1423722311668752,0.5485258535504538,0.8238611278940516
img_003108.jpg,-0.027717,-0.166051,1.577777,10.273964259703996,12.961896279614278,68.58356009245703,0.0101630422813184,0.1430021665245369,0.5492089361318191,0.8232962027204015
img_003109.jpg,-0.027742,-0.166119,1.578123,10.332735643970572,13.009610240255377,68.6967580052844,0.01020776603512,0.1436320010595635,0.5498913155419372,0.822730326945443
img_003110.jpg,-0.027766,-0.166187,1.57847,10.391610808466826,13.057194335520366,68.81004186444551,0.0102525122246586,0.1442615292051134,0.5505731690758936,0.8221634160422202
img_003111.jpg,-0.027809,-0.166312,1.578839,10.450585043124564,13.10467783969008,68.92337896679098,0.0102971429311646,0.1448909341144357,0.5512542314373521,0.821595617308975
img_003112.jpg,-0.027834,-0.166381,1.579185,10.509723191944495,13.15204824219998,69.036809244594,0.010342133862546,0.1455204445906456,0.5519347203728587,0.8210267382492756
img_003113.jpg,-0.027859,-0.166449,1.579531,10.568919642238846,13.199294733439269,69.15030445467247,0.0103868169660803,0.1461494751412961,0.5526145789054137,0.8204569288697787
img_003114.jpg,-0.027883,-0.166517,1.579877,10.628219895312071,13.246436541500344,69.2638677765103,0.0104314185284635,0.1467783822212459,0.553293747514436,0.8198861634284539
img_003115.jpg,-0.027908,-0.166586,1.580223,10.687616309795615,13.293456363714164,69.37750272529478,0.0104759651613038,0.1474070087460418,0.5539722810755803,0.8193144327585116
img_003116.jpg,-0.027933,-0.166654,1.58057,10.747176220282473,13.3403705969215,69.49121462314191,0.0105208490373807,0.1480357980803929,0.5546501091714231,0.8187416995721924
img_003117.jpg,-0.027957,-0.166722,1.580916,10.8068072369747,13.387155080513024,69.60499894553618,0.0105655356805401,0.1486641346936349,0.5553273469431662,0.8181680036817868
img_003118.jpg,-0.027981,-0.16679,1.581262,10.866518435210851,13.433828397072508,69.71884555589905,0.0106100103370827,0.1492921934984545,0.5560038863920745,0.8175933873007878
img_003119.jpg,-0.028006,-0.166858,1.581608,10.926380401125538,13.4803954760177,69.83277705338429,0.010654721999288,0.1499203551910796,0.5566797892093592,0.8170177331516874
img_003120.jpg,-0.028031,-0.166927,1.581954,10.986314364588466,13.526828956141516,69.94678169742257,0.0106992608452651,0.1505480459737902,0.557355107410147,0.816441116011842
img_003121.jpg,-0.028055,-0.166995,1.582301,11.046364091105588,13.573149189272309,70.06086542182527,0.0107438286835825,0.1511756234947772,0.5580297991129537,0.815863496124284
img_003122.jpg,-0.02808,-0.167063,1.582647,11.106565169329594,13.619393632830178,70.17498344256983,0.0107885485300266,0.1518035210297055,0.558703448996375,0.815285075481671
img_003123.jpg,-0.028105,-0.167131,1.582993,11.166825286888107,13.665472644899648,70.28920951012853,0.0108331170025123,0.1524306696969636,0.5593768170555268,0.8147055364072179
img_003124.jpg,-0.028129,-0.1672,1.583339,11.227194701443024,13.711454217896328,70.40349965343547,0.0108776070253078,0.1530577878226848,0.5600494358044976,0.8141250645369499
img_003125.jpg,-0.028154,-0.167268,1.583685,11.287689528106045,13.75731992823751,70.51785501658958,0.0109222239635666,0.1536848271249755,0.5607213140109293,0.8135436601370039
img_003126.jpg,-0.028179,-0.167336,1.584031,11.348252440620575,13.80305617707516,70.6322885278397,0.0109666120112509,0.1543114151478465,0.5613926367273057,0.8129612709129674
img_003127.jpg,-0.028203,-0.167405,1.584378,11.40894234102896,13.848665922017108,70.74680601338576,0.0110111661867205,0.1549378632359103,0.5620633611662312,0.8123778620750429
img_003128.jpg,-0.028228,-0.167473,1.584724,11.469752660110826,13.894181391033722,70.86138546569435,0.0110557052944131,0.1555643636291137,0.5627332962974347,0.8117935312549217
img_003129.jpg,-0.028252,-0.167541,1.585069,11.530661883610774,13.939571074723958,70.97602971656542,0.0111002325826175,0.1561905931605849,0.5634025312650958,0.8112082785628111
img_003130.jpg,-0.028277,-0.16761,1.585416,11.59169649281134,13.984851047075292,71.09074287097349,0.0111448478252348,0.1568167960142941,0.5640710366059196,0.810622076258158
img_003131.jpg,-0.028301,-0.167678,1.585762,11.652774644124587,14.03000336527676,71.2055360786365,0.0111890479128228,0.1574424472494624,0.5647390257557857,0.8100348843101208
img_003132.jpg,-0.028326,-0.167746,1.586108,11.71402179822575,14.075031950553369,71.32040479340806,0.0112337059263145,0.1580681934768066,0.5654062880551238,0.8094467119519766
img_003133.jpg,-0.028351,-0.167814,1.586454,11.775339203775248,14.119948904107398,71.43534553430135,0.0112780663825972,0.1586936333288404,0.5660729171309119,0.8088575823038695
img_003134.jpg,-0.028375,-0.167883,1.586801,11.836777457056051,14.164744652297951,71.55035270026067,0.0113225430208023,0.1593189511799743,0.5667388152173006,0.8082675220126968
img_003135.jpg,-0.0284,-0.167951,1.587147,11.898347892627536,14.2094430950606,71.66543062022643,0.0113670865261533,0.1599443709465291,0.5674039631856868,0.8076765009009496
img_003136.jpg,-0.028424,-0.168019,1.587493,11.959961113411474,14.254003191932233,71.78058043938962,0.0114112753599124,0.1605691677279161,0.568068548180084,0.8070845369218742
img_003137.jpg,-0.028449,-0.168087,1.587839,12.02170714242567,14.2984297794794,71.8958111472837,0.0114557065585851,0.1611938236361773,0.5687325003112935,0.8064915753425184
img_003138.jpg,-0.028474,-0.168156,1.588186,12.083554779639837,14.34272119318176,72.01111388607526,0.0115001811345369,0.1618181737802606,0.5693958020245814,0.8058976641640535
img_003139.jpg,-0.028498,-0.168224,1.588531,12.145517923824322,14.386939393714153,72.12647422186188,0.0115444974171788,0.1624427148429876,0.570058245743756,0.8053028532380698
img_003140.jpg,-0.028523,-0.168292,1.588878,12.207578212786265,14.431005786469404,72.24193328081121,0.0115888728672146,0.1630668194219323,0.570720253298783,0.8047069671028427
img_003141.jpg,-0.028547,-0.168361,1.589224,12.269753411893094,14.47494706654897,72.35745518861793,0.0116333452157415,0.1636907583564985,0.5713815094433594,0.8041101737784406
img_003142.jpg,-0.028572,-0.168429,1.58957,12.332041571110912,14.518791346282017,72.4730381895168,0.0116777573248579,0.1643147169450966,0.572041964179735,0.8035124734542116
img_003143.jpg,-0.028597,-0.168497,1.589916,12.39441279138468,14.562509848492928,72.5887041455,0.0117220167710757,0.16493835186932,0.5727018525036978,0.8029137703043111
img_003144.jpg,-0.028621,-0.168565,1.590263,12.456895090489724,14.60609501723283,72.70443130787677,0.0117663903202203,0.1655617507747808,0.5733609913528891,0.8023141730856148
img_003145.jpg,-0.028646,-0.168634,1.590608,12.519480211711654,14.649573014720088,72.82024330059913,0.0118106497636338,0.1661850561335023,0.5740195199933312,0.8017135562884607
img_003146.jpg,-0.02867,-0.168702,1.590955,12.582140342811767,14.69290808543363,72.93611717576712,0.0118548195761835,0.1668078828207745,0.574677367675593,0.801112049942527
img_003147.jpg,-0.028695,-0.16877,1.591301,12.644917273669282,14.73612100581846,73.05206285240719,0.0118990695073531,0.1674305854773193,0.5753345127724538,0.8005095936992037
img_003148.jpg,-0.02872,-0.168839,1.591647,12.707815433464908,14.779222423207276,73.16807527324129,0.0119433817168033,0.1680532606121966,0.5759908968165746,0.7999062095115989
img_003149.jpg,-0.028744,-0.168907,1.591993,12.770833942599838,14.822214081905004,73.28415935158844,0.0119877329569558,0.168675918105476,0.5766465512776908,0.7993018727673373
img_003150.jpg,-0.028769,-0.168975,1.59234,12.833886615286763,14.865060196469225,73.40032085321798,0.0120317006639609,0.1692978821835135,0.577301693734725,0.7986965754767751
img_003151.jpg,-0.028794,-0.169043,1.592686,12.897060715623075,14.907772279590024,73.51656221929878,0.0120758297475343,0.169919672750313,0.5779561953510914,0.7980902927636861
img_003152.jpg,-0.028818,-0.169112,1.593032,12.96038323494285,14.9503914350821,73.63286350699042,0.01212012125438,0.1705417060912478,0.578609815855523,0.7974831096267201
img_003153.jpg,-0.028843,-0.16918,1.593378,13.023755838658118,14.992855679640632,73.74924622066793,0.0121641838875547,0.1711630679537351,0.5792629401464957,0.7968749481391997
img_003154.jpg,-0.028867,-0.169248,1.593724,13.087235799653929,15.035207835535846,73.865701720658,0.0122082040069932,0.1717843396945775,0.5799153595127273,0.7962658326161219
img_003155.jpg,-0.028892,-0.169317,1.594071,13.150836101264264,15.077414477310567,73.98222605290417,0.0122524534207085,0.1724053615374761,0.580567074844978,0.7956557926039698
img_003156.jpg,-0.028917,-0.169385,1.594417,13.214548865102143,15.119537448242456,74.09880652352952,0.012296569849884,0.1730265139649425,0.5812179173481277,0.7950448744495945
img_003157.jpg,-0.028941,-0.169453,1.594762,13.278398307598092,15.16152760737486,74.21547617916897,0.0123409300004209,0.1736475918885053,0.5818681507593182,0.7944329237953189
img_003158.jpg,-0.028984,-0.169578,1.595132,13.342298103507042,15.203359232026282,74.33223787735204,0.012385066833349,0.1742679853905137,0.582517962757333,0.793819943345159
img_003159.jpg,-0.029009,-0.169646,1.595478,13.4062876799275,15.2451043366747,74.44902429634661,0.0124289749675206,0.1748883762187071,0.5831667191876176,0.7932062493934293
img_003160.jpg,-0.029033,-0.169715,1.595824,13.47038167281103,15.28671777828744,74.56590604260013,0.0124728871303862,0.1755085426468648,0.5838149531083697,0.7925914957099138
img_003161.jpg,-0.029058,-0.169783,1.59617,13.534595924031157,15.32818291825186,74.68286025882404,0.0125170358752789,0.1761284528217661,0.5844625059310692,0.7919758020800148
img_003162.jpg,-0.029083,-0.169851,1.596517,13.598880685516958,15.369543128360505,74.7998689008819,0.0125608744066044,0.1767481456491171,0.5851092629680937,0.7913592533310483
img_003163.jpg,-0.029107,-0.169919,1.596863,13.66330206207566,15.410734870976526,74.91697414270362,0.0126051325051158,0.177367536895286,0.5857555090201679,0.7907416462680789
img_003164.jpg,-0.029132,-0.169988,1.597209,13.727803565507434,15.451829861512596,75.03412902328752,0.012649110349852,0.1779868179330117,0.5864008970642663,0.790123205944277
img_003165.jpg,-0.029157,-0.170056,1.597555,13.792382593095342,15.492812191732924,75.15135905344617,0.0126928351249504,0.178605872292355,0.5870456304353683,0.7895038075309826
img_003166.jpg,-0.029181,-0.170124,1.597901,13.85711016726573,15.53365829886367,75.26866557850144,0.0127369196032826,0.1792249074629636,0.5876896426296123,0.7888834434628414
img_003167.jpg,-0.029206,-0.170193,1.598247,13.921899970061606,15.574365835145985,75.38603934257392,0.0127807962316434,0.1798434664088958,0.588333007331626,0.7882621716927958
img_003168.jpg,-0.02923,-0.170261,1.598593,13.98680766299072,15.614940033033443,75.50349250899754,0.012824801058895,0.180461873114298,0.5889757122062855,0.7876399223382329
img_003169.jpg,-0.029255,-0.170329,1.59894,14.051811250325878,15.6553985350323,75.62101503342791,0.0128687035474062,0.1810801336396129,0.5896176941783984,0.7870167446641892
img_003170.jpg,-0.02928,-0.170398,1.599286,14.116928438517466,15.695731450372744,75.7386121097666,0.0129126698379261,0.1816982752719609,0.5902589751456935,0.7863926131270607
img_003171.jpg,-0.029304,-0.170466,1.599632,14.182155882829308,15.735921778845546,75.8562824084969,0.0129567701915949,0.1823161692298709,0.590899576668883,0.7857675399480956
img_003172.jpg,-0.029329,-0.170534,1.599978,14.247433088725804,15.775994251619135,75.97401147068997,0.0130004796422501,0.1829336689270818,0.5915394563041471,0.7851415999278999
img_003173.jpg,-0.029353,-0.170602,1.600324,14.312848375561968,15.815931937173476,76.09181003179019,0.0130444777249468,0.1835511200653946,0.5921785726794224,0.7845147328017394
img_003174.jpg,-0.029378,-0.170671,1.600671,14.378359635341685,15.855746831235972,76.2096972852968,0.0130883799686531,0.1841683895418842,0.5928171042220315,0.7838868410332898
img_003175.jpg,-0.029403,-0.170739,1.601017,14.443992313511531,15.895458684601172,76.32761773551302,0.0131323422401961,0.1847857358551194,0.5934545977501896,0.7832582038005914
img_003176.jpg,-0.029427,-0.170807,1.601363,14.509669366485634,15.934989442436729,76.44565437868698,0.0131761269800404,0.185402252509548,0.5940918684427478,0.7826284215976294
img_003177.jpg,-0.029452,-0.170875,1.601709,14.575462836120456,15.974416115748022,76.56372095045354,0.0132199486497919,0.1860188165060275,0.5947280870703591,0.78199791260145
img_003178.jpg,-0.029476,-0.170944,1.602055,14.641356012802918,16.013711513457007,76.68187593132203,0.0132637455985177,0.1866351692829342,0.5953637223936865,0.7813663831372333
img_003179.jpg,-0.029501,-0.171012,1.602402,14.707366231535756,16.05285752857149,76.80011589486418,0.0133077396912629,0.1872512827812992,0.595998750772729,0.7807338536520714
img_003180.jpg,-0.029525,-0.17108,1.602748,14.773412067995956,16.091887928665923,76.91841217783968,0.0133512391944397,0.1878669557098269,0.5966330545929488,0.7801004739976655
img_003181.jpg,-0.02955,-0.171148,1.603094,14.839622811011642,16.130784082752495,77.03677469733796,0.0133952097529616,0.1884827406464929,0.5972665190380824,0.7794661827624039
img_003182.jpg,-0.029575,-0.171217,1.60344,14.905886114739223,16.169539426145725,77.15521209549824,0.0134389083064118,0.1890980122753002,0.5978993970793859,0.7788309498659957
img_003183.jpg,-0.029599,-0.171285,1.603786,14.972265592053642,16.208197718801497,77.27371011790443,0.0134825516724772,0.1897133910564375,0.5985314146867597,0.778194831444756
img_003184.jpg,-0.029624,-0.171353,1.604133,15.038735986893297,16.246685702087742,77.39229450503424,0.0135263262149012,0.1903282672181728,0.599162907434585,0.7775577146111988
img_003185.jpg,-0.029648,-0.171422,1.604479,15.105283253642348,16.285050070552323,77.5109279870311,0.0135699431020763,0.1909428726685568,0.5997935684709682,0.7769197843034684
img_003186.jpg,-0.029673,-0.17149,1.604825,15.17197691879164,16.323300747332667,77.62963088907226,0.0136137852131263,0.1915576407823468,0.6004234024268784,0.7762809239754659
img_003187.jpg,-0.029698,-0.171558,1.605171,15.238703517623351,16.361397501655738,77.7484197438023,0.0136572768210407,0.1921717168227468,0.6010527764269941,0.7756410703364239
img_003188.jpg,-0.029722,-0.171626,1.605517,15.305537899516365,16.399364220802035,77.86727963424559,0.0137008188112966,0.1927856500501236,0.601681424007286,0.7750002869052476
img_003189.jpg,-0.029747,-0.171695,1.605863,15.372502477314804,16.43718917248279,77.98620013252587,0.0137446445847946,0.1933994823601661,0.6023092553981626,0.7743586286920089
img_003190.jpg,-0.029771,-0.171763,1.606209,15.439552753998871,16.47491833138386,78.10518645668631,0.0137881906390897,0.1940132837180539,0.6029363027426556,0.7737160631490436
img_003191.jpg,-0.029796,-0.171831,1.606555,15.506678892398918,16.512483891561054,78.2242402788434,0.013831762063855,0.1946265605835686,0.6035627071476275,0.7730725986699094
img_003192.jpg,-0.029821,-0.1719,1.606902,15.573911938772712,16.549928319245616,78.34337457648307,0.0138753118307103,0.1952397577196037,0.6041884313083545,0.7724281534229192
img_003193.jpg,-0.029845,-0.171968,1.607248,15.641242211067414,16.587238395962842,78.4625638260875,0.0139188909234007,0.1958527367345579,0.6048133408836038,0.771782866276688
img_003194.jpg,-0.02987,-0.172036,1.607594,15.708667111782068,16.62439759771418,78.58182882988949,0.013962538050016,0.196465380929682,0.6054376078529999,0.7711366316189328
img_003195.jpg,-0.029894,-0.172104,1.60794,15.77614050599855,16.66142638228963,78.70117850924245,0.0140058141669249,0.1970775828742008,0.6060613358987009,0.7704894033188685
img_003196.jpg,-0.029919,-0.172173,1.608286,15.843766372233,16.698313060607774,78.82058669865417,0.0140495283946849,0.1976898151590058,0.6066841894934766,0.7698413095910925
img_003197.jpg,-0.029944,-0.172241,1.608632,15.91146879529319,16.735104594717615,78.94004736144979,0.014092919263091,0.1983019826154236,0.6073061771743109,0.769192381971741
img_003198.jpg,-0.029968,-0.172309,1.608979,15.979235224037309,16.77171422076964,79.05960212394558,0.0141363140072392,0.1989134623099791,0.6079277488701392,0.7685424199690152
img_003199.jpg,-0.029993,-0.172378,1.609325,16.04713117051231,16.80821095623643,79.17920844917401,0.014179841279719,0.1995250463794972,0.6085483858745342,0.7678916264799616
img_003200.jpg,-0.030017,-0.172446,1.609671,16.115112668668285,16.844577124006126,79.29887055716192,0.0142232973575291,0.2001363894573647,0.6091682225035912,0.7672399886079092
img_003201.jpg,-0.030042,-0.172514,1.610017,16.18316317368181,16.880783573394023,79.41863547902054,0.014266652592628,0.2007472228967765,0.60978765269729,0.7665872642699999
img_003202.jpg,-0.030067,-0.172582,1.610364,16.251311196555775,16.916874879503123,79.53845034557258,0.0143099409252712,0.2013579818373803,0.6104061943650129,0.7659337220816921
img_003203.jpg,-0.030091,-0.172651,1.61071,16.319574554070048,16.952828667460174,79.658328761775,0.0143533827200284,0.2019686204771573,0.6110239453642615,0.7652792921140219
img_003204.jpg,-0.030134,-0.172776,1.611079,16.387899215348334,16.988646014517705,79.77826025484016,0.0143966296221384,0.2025788585331365,0.6116409284009703,0.7646240369199321
img_003205.jpg,-0.030159,-0.172844,1.611425,16.456343510692015,17.024322814624682,79.89829337032042,0.0144400083145191,0.2031889889667983,0.612257370941419,0.763967690841981
img_003206.jpg,-0.030183,-0.172912,1.611771,16.524875569554965,17.059877367818967,80.01836917947026,0.0144833072988984,0.2037989540789251,0.6128729029700346,0.763310569120528
img_003207.jpg,-0.030208,-0.172981,1.612117,16.593497154712416,17.095268879955217,80.13851733972749,0.0145267156772469,0.2044085070862338,0.6134877908014247,0.7626525206802878
img_003208.jpg,-0.030233,-0.173049,1.612464,16.6622209628974,17.1305514551355,80.25873021455777,0.0145700265345625,0.2050180643785004,0.6141018640244196,0.7619935749118942
img_003209.jpg,-0.030258,-0.173117,1.61281,16.731050672294057,17.165663057916934,80.3790249307062,0.0146135836203031,0.2056272525394818,0.614715339558306,0.7613336505754577
img_003210.jpg,-0.030282,-0.173186,1.613156,16.799922778630663,17.200639390760347,80.49938164257156,0.0146567992385212,0.2062359593736891,0.6153281351836276,0.7606728556670963
img_003211.jpg,-0.030307,-0.173254,1.613502,16.868895592341282,17.235469834414634,80.6197988425562,0.0147001239458302,0.2068444316134708,0.6159401548804099,0.7600111927283533
img_003212.jpg,-0.030331,-0.173322,1.613848,16.9380167119083,17.27023169143903,80.74027907129451,0.0147434300501056,0.2074534210893752,0.616551188963222,0.7593486292452957
img_003213.jpg,-0.030356,-0.17339,1.614194,17.00716478831546,17.304778616637588,80.86083421631031,0.0147867216556936,0.2080613451890557,0.6171617990684503,0.7586851410640593
img_003214.jpg,-0.030381,-0.173459,1.61454,17.076368041809733,17.339194211919796,80.9814614264199,0.014829717692597,0.2086688904023803,0.6177717643531832,0.7580207258507858
img_003215.jpg,-0.030405,-0.173527,1.614887,17.145695322294852,17.37350835901869,81.10213830849304,0.0148727443591783,0.2092766166674469,0.6183807562017979,0.7573554908698726
img_003216.jpg,-0.03043,-0.173595,1.615233,17.215114063958033,17.407645784064094,81.22289587427005,0.0149159579832202,0.2098838762515632,0.6189891752218288,0.7566892847432567
img_003217.jpg,-0.030454,-0.173663,1.615579,17.284627251773568,17.441677639881597,81.34370796739744,0.0149590207081513,0.2104911359564465,0.6195967124242767,0.756022237329198
img_003218.jpg,-0.030479,-0.173732,1.615925,17.35425266099874,17.475554917252857,81.46458295807675,0.0150023138814061,0.2110981842876674,0.6202034793524177,0.7553543084988719
img_003219.jpg,-0.030503,-0.1738,1.616271,17.42396145557403,17.509293176608857,81.58552568118061,0.0150455496617429,0.211704966938998,0.6208095316554563,0.754685473435435
img_003220.jpg,-0.030528,-0.173868,1.616618,17.493716526916494,17.542862677868637,81.7065493083138,0.0150886299971411,0.2123110986781776,0.6214150792253358,0.7540156695548469
img_003221.jpg,-0.030553,-0.173937,1.616964,17.563582715328586,17.576340278968264,81.82762105000542,0.0151316024322022,0.212917414130403,0.6220196434527542,0.7533450554206651
img_003222.jpg,-0.030577,-0.174005,1.61731,17.63355869702662,17.609639005900625,81.94876423901263,0.0151749132515521,0.2135233626913237,0.622623540627313,0.7526735163731392
img_003223.jpg,-0.030602,-0.174073,1.617656,17.70359752524733,17.642823785855725,82.06997340162039,0.0152178917268887,0.214129100277981,0.6232267007479666,0.7520010795606185
img_003224.jpg,-0.030627,-0.174141,1.618002,17.773721089043768,17.675838540455462,82.19124372803874,0.0152610131887326,0.2147343941938989,0.6238291556889215,0.7513277753012195
img_003225.jpg,-0.030651,-0.17421,1.618348,17.843867732276063,17.708711357802464,82.31258635072383,0.0153036917890862,0.2153390890907298,0.624431041397608,0.7506535474280382
img_003226.jpg,-0.030676,-0.174278,1.618694,17.91419023187568,17.741481821836814,82.43398099920215,0.0153467384041441,0.2159442649428772,0.6250318629384922,0.7499784812714784
img_003227.jpg,-0.0307,-0.174346,1.619041,17.98456769238553,17.77407056212714,82.55544084575149,0.0153897940746259,0.2165487692369788,0.6256320825684971,0.7493025303849544
img_003228.jpg,-0.030725,-0.174414,1.619387,18.055037821962173,17.806530098681893,82.67697639191937,0.0154327830294075,0.2171531405432881,0.6262315983684239,0.7486256260408694
img_003229.jpg,-0.030749,-0.174483,1.619733,18.12559903585719,17.838869294969353,82.79855785621794,0.0154756998104055,0.217757423575947,0.6268302009948508,0.7479479302155321
img_003230.jpg,-0.030774,-0.174551,1.620079,18.19621018481332,17.871047646441035,82.92022705817281,0.0155184311009623,0.2183611478382551,0.6274283181388527,0.7472692239135607
img_003231.jpg,-0.030799,-0.174619,1.620425,18.2668827967728,17.90305745326238,83.04194897360955,0.0155611644259097,0.2189643259371848,0.6280257141792699,0.7465896975301776
img_003232.jpg,-0.030823,-0.174688,1.620772,18.33768368485612,17.934955008980516,83.16372819519559,0.0156040001305137,0.2195676777338851,0.6286221834090358,0.7459093112440227
img_003233.jpg,-0.030848,-0.174756,1.621118,18.408594400691275,17.966702625591076,83.28557460121384,0.0156470173838474,0.2201708712974576,0.6292178963946076,0.7452280168752735
img_003234.jpg,-0.030872,-0.174824,1.621464,18.47954716448904,17.998320719945596,83.40748077639269,0.0156896710128929,0.2207736626062087,0.6298128952364799,0.7445458623327308
img_003235.jpg,-0.030897,-0.174892,1.62181,18.55062406629488,18.029769874669675,83.52945389471036,0.0157327105882337,0.2213762612235542,0.630407144145321,0.7438628001148921
img_003236.jpg,-0.030922,-0.174961,1.622156,18.621715630198796,18.06108730682392,83.65148830408442,0.015775219772898,0.2219782974131021,0.6310007454850176,0.7431788728940357
img_003237.jpg,-0.030946,-0.175029,1.622502,18.692948317984417,18.09226262141029,83.77358540746953,0.0158180772336843,0.2225804050409437,0.6315934833219586,0.7424940562386161
img_003238.jpg,-0.030971,-0.175097,1.622849,18.764255938863226,18.12331281846127,83.89574591483938,0.0158607528046255,0.2231823271292479,0.6321854565268397,0.7418083539119757
img_003239.jpg,-0.030995,-0.175166,1.623195,18.83566636769884,18.15419530357145,84.01796927323416,0.0159036772993645,0.2237839565938425,0.6327766897136969,0.741121767845567
img_003240.jpg,-0.03102,-0.175234,1.623541,18.90711450984565,18.18489661076061,84.14026581285293,0.0159464891758594,0.2243848553188653,0.6333674030546411,0.740434250243947
img_003241.jpg,-0.031044,-0.175302,1.623888,18.97865376833112,18.215478944979974,84.26260501403969,0.015989229558649,0.2249856995412897,0.6339571728796699,0.7397459580791594
img_003242.jpg,-0.031069,-0.17537,1.624233,19.05029698183176,18.245969313454847,84.38500248412963,0.0160317916928015,0.225586730210786,0.6345460205794449,0.7390568019947557
img_003243.jpg,-0.031094,-0.175438,1.62458,19.122004424584222,18.276240356728916,84.5074844092395,0.0160746160830481,0.2261869509702828,0.6351344436073233,0.7383666490790096
img_003244.jpg,-0.031118,-0.175507,1.624926,19.1937926344413,18.30641330625959,84.6300135264148,0.016117170579406,0.226787194827149,0.6357219294443557,0.7376756966977376
img_003245.jpg,-0.031143,-0.175575,1.625272,19.2656612183003,18.33641259053635,84.75259785489293,0.0161598819215863,0.227386999547732,0.6363086797718679,0.7369839039625915
img_003246.jpg,-0.031167,-0.175644,1.625618,19.337627196810853,18.36627434114888,84.87525693551704,0.0162026082435796,0.2279866862306293,0.6368947143169037,0.7362911579415248
img_003247.jpg,-0.031192,-0.175712,1.625964,19.409630761923932,18.39600661952953,84.99796552779603,0.0162449679293293,0.228585970164562,0.6374799731218067,0.7355976067997513
img_003248.jpg,-0.031217,-0.17578,1.62631,19.481772484709023,18.42559618762867,85.12073801407534,0.0162876564409533,0.2291853339835821,0.6380643739671922,0.7349031566188504
img_003249.jpg,-0.031242,-0.175848,1.626657,19.55394431621412,18.45501262418964,85.2435745896906,0.0163301604033562,0.2297839935473341,0.6386481944344793,0.7342078220205903
img_003250.jpg,-0.031266,-0.175917,1.627003,19.62617967519808,18.48427651808053,85.36646759430664,0.016372588729302,0.2303822615418098,0.6392312774870836,0.7335116398445314
img_003251.jpg,-0.031309,-0.176042,1.627372,19.69856713376068,18.5134364841211,85.4894228681597,0.0164152082606703,0.2309809306282438,0.6398133836666714,0.7328145636550041
img_003252.jpg,-0.031334,-0.17611,1.627718,19.770994302522062,18.54240375389561,85.61243656257062,0.0164578343541656,0.2315788365628632,0.6403948930512694,0.7321166321689562
img_003253.jpg,-0.031358,-0.176178,1.628064,19.843470952428596,18.57122081792753,85.73551443374905,0.0165002668854316,0.2321762948882692,0.6409757371984681,0.731417810562161
img_003254.jpg,-0.031383,-0.176246,1.62841,19.9160708066742,18.5999220849125,85.85864064581644,0.0165428040525944,0.2327739260482939,0.6415555952849864,0.7307181762791095
img_003255.jpg,-0.031408,-0.176315,1.628757,19.98873506690217,18.6284653534863,85.98183336098691,0.0165852849664223,0.2333711507001399,0.6421347875000447,0.7300176361059695
img_003256.jpg,-0.031433,-0.176383,1.629103,20.061435259294832,18.65686295344183,86.10508275262286,0.0166274755532605,0.2339678844687132,0.6427132840212678,0.7293162487128322
img_003257.jpg,-0.031457,-0.176451,1.629449,20.134285896903695,18.685116038698403,86.22838849228587,0.016670098812792,0.2345647787907429,0.6432908462343818,0.7286139989785225
img_003258.jpg,-0.031482,-0.17652,1.629795,20.207124724767837,18.713203055614137,86.35175925246502,0.0167122341758095,0.2351607970745158,0.6438679049848711,0.7279108610802041
img_003259.jpg,-0.031506,-0.176588,1.630141,20.28010976820805,18.741146792080613,86.47519019762909,0.0167547602132901,0.2357569656182237,0.6444440586123451,0.7272068388649346
img_003260.jpg,-0.031531,-0.176656,1.630487,20.353119169494057,18.7689522232038,86.59866728960812,0.0167969024410821,0.2363526295832078,0.6450194575727068,0.7265020288410065
img_003261.jpg,-0.031555,-0.176724,1.630834,20.42626770263998,18.79659921735808,86.72219994472732,0.0168394904747106,0.2369483177931145,0.64559396639076,0.725796360431362
img_003262.jpg,-0.03158,-0.176793,1.63118,20.49943279830052,18.824083906008116,86.84581082296323,0.0168817244476676,0.2375433228887058,0.6461679893922142,0.7250897231484448
img_003263.jpg,-0.031605,-0.176861,1.631526,20.57267223962453,18.85146144604563,86.96946210392453,0.0169237179207375,0.2381382965725619,0.6467410528870631,0.7243823230779384
img_003264.jpg,-0.031629,-0.176929,1.631872,20.64603257202855,18.87864473450141,87.0931751441161,0.0169662446263967,0.2387329869646482,0.6473133759739438,0.723674029355365
img_003265.jpg,-0.031654,-0.176998,1.632218,20.7194225551376,18.90569419905853,87.21694286781822,0.0170083798422431,0.2393272411375696,0.6478849775994348,0.7229648971185263
img_003266.jpg,-0.031678,-0.177066,1.632564,20.7928698496015,18.932596010826344,87.34076939946893,0.0170503736838777,0.2399211353642031,0.6484558550033396,0.722254897992862
img_003267.jpg,-0.031703,-0.177134,1.632911,20.866451455140187,18.959351530328163,87.46465133452897,0.0170927105765705,0.2405151154434459,0.6490258221099524,0.7215440393509409
img_003268.jpg,-0.031728,-0.177202,1.633257,20.940069122433528,18.98595974593707,87.58858943447335,0.0171347762442395,0.2411086217695959,0.6495950912420894,0.7208323309796858
img_003269.jpg,-0.031752,-0.177271,1.633603,21.01380363394249,19.01243095859113,87.7125860600739,0.0171770120863077,0.2417021758164712,0.6501634852713984,0.720119747598355
img_003270.jpg,-0.031777,-0.177339,1.633949,21.087559237349105,19.03868838470444,87.83663002166358,0.0172193051974361,0.2422947809853927,0.6507312978193025,0.7194063612967045
img_003271.jpg,-0.031801,-0.177407,1.634295,21.161399556585145,19.06482679379983,87.96073910755129,0.0172614448296635,0.2428873642738023,0.6512983059227666,0.7186920672309192
img_003272.jpg,-0.031826,-0.177475,1.634642,21.235312485177666,19.090845464864,88.08489656883587,0.0173033945570254,0.2434798518680034,0.6518644307256481,0.7179769621832345
img_003273.jpg,-0.031851,-0.177544,1.634987,21.309323422425923,19.11669190135019,88.20910757728647,0.0173456213913015,0.2440720818060725,0.6524297618422709,0.7172610083950174
img_003274.jpg,-0.031875,-0.177612,1.635334,21.383342451884097,19.14239201921757,88.33337781780979,0.0173873936502194,0.2446636982700241,0.6529944710004251,0.7165441885423132
img_003275.jpg,-0.0319,-0.17768,1.635681,21.457486516135823,19.16793106910017,88.45770809405624,0.017429531458027,0.245255283177427,0.653558345063905,0.7158264783479608
img_003276.jpg,-0.031924,-0.177749,1.636026,21.531690621458075,19.193316929983144,88.5820780213607,0.0174716244715155,0.2458465121019558,0.6541213782328897,0.7151080039856457
img_003277.jpg,-0.031949,-0.177817,1.636372,21.605953742964743,19.218553034502342,88.70651387340243,0.0175135897826295,0.2464374056229421,0.6546837292802979,0.7143886154596817
img_003278.jpg,-0.031973,-0.177885,1.636719,21.68028049616486,19.243647682826687,88.83099859050463,0.0175554426755688,0.2470280382863287,0.6552452637223176,0.7136684097690911
img_003279.jpg,-0.031998,-0.177953,1.637065,21.754687548522163,19.26855564421122,88.95553589540992,0.0175975559386515,0.2476182442140121,0.6558060663003586,0.7129473574963339
img_003280.jpg,-0.032023,-0.178022,1.637411,21.82916412631756,19.293332449814248,89.08012121723937,0.0176395334808908,0.2482082880818269,0.6563660116155389,0.7122254919489862
img_003281.jpg,-0.032047,-0.17809,1.637757,21.90371824082902,19.317973623045837,89.20477414618931,0.0176814101288227,0.2487981947288328,0.6569252131446758,0.7115026987793878
img_003282.jpg,-0.032072,-0.178158,1.638103,21.978316568152028,19.342463608927307,89.32946499002311,0.0177231390406385,0.2493876801840185,0.6574835921882867,0.710779150874705
img_003283.jpg,-0.032097,-0.178227,1.638449,22.052969857778308,19.36673605503741,89.45421633093433,0.01776514624073,0.2499764268270715,0.6580414104295947,0.7100547075892425
img_003284.jpg,-0.032121,-0.178295,1.638796,22.1277289608198,19.390923470862436,89.57901640345372,0.0178069594694796,0.2505654966464335,0.6585981946907329,0.7093294453460155
img_003285.jpg,-0.032146,-0.178363,1.639142,22.202547449579512,19.41495081951914,89.70386855576406,0.0178487446503047,0.2511541903772624,0.6591542301883422,0.7086033416483188
img_003286.jpg,-0.03217,-0.178431,1.639488,22.277405801243507,19.438789036629185,89.82877210387515,0.0178905625446373,0.2517422302172259,0.659709619420095,0.7078763983505079
img_003287.jpg,-0.032195,-0.1785,1.639834,22.352355914779174,19.462502130576087,89.9537298144467,0.0179323343656823,0.2523302877958892,0.6602641249165968,0.7071486000786267
img_003288.jpg,-0.032219,-0.178568,1.64018,22.42736887611901,19.48605312288026,90.07873262497256,0.0179741296227347,0.2529179841610905,0.6608178351467083,0.7064199973841435
img_003289.jpg,-0.032244,-0.178636,1.640527,22.502450415062,19.50943708404432,90.20379333897456,0.0180159866079106,0.253505328724807,0.661370827237771,0.7056905139035791
img_003290.jpg,-0.032269,-0.178705,1.640873,22.5775855390572,19.53268617234509,90.32890256512276,0.018057635662413,0.2540924209265244,0.6619230051633866,0.7049602106909671
img_003291.jpg,-0.032293,-0.178773,1.641219,22.65278966458325,19.555757606418695,90.45406007001074,0.0180994373897772,0.2546791064655626,0.6624744279748204,0.7042290787630902
img_003292.jpg,-0.032318,-0.178841,1.641565,22.728063043837263,19.578713593818367,90.5792684143518,0.018141003080659,0.2552657464447829,0.6630249724544116,0.7034971134276543
img_003293.jpg,-0.032343,-0.178909,1.641911,22.803388360652768,19.60148728653625,90.70452996629962,0.0181826357087643,0.2558518605115581,0.6635748400481744,0.7027642911293205
img_003294.jpg,-0.032367,-0.178978,1.642257,22.878775281032667,19.62409839299133,90.8298334256984,0.0182242986855592,0.2564376184277656,0.6641238961469594,0.7020306783603534
img_003295.jpg,-0.032391,-0.179046,1.642603,22.954267485681207,19.646578932988827,90.95518960900762,0.0182660369490857,0.2570234604122594,0.6646720373355138,0.7012962109381027
img_003296.jpg,-0.032416,-0.179114,1.64295,23.029776123902437,19.668884516022008,91.08059236108755,0.0183075966376501,0.2576086196653462,0.6652195241178317,0.700560929335853
img_003297.jpg,-0.032459,-0.179239,1.643319,23.105344688400542,19.69103402832448,91.2060520211118,0.0183491043582043,0.2581934601958618,0.665766280002911,0.6998247694190488
img_003298.jpg,-0.032484,-0.179307,1.643665,23.181013491630896,19.713014285798288,91.33154503433607,0.0183909419901599,0.2587781403911157,0.6663120996744543,0.6990878579519535
img_003299.jpg,-0.032508,-0.179376,1.644011,23.256724141809567,19.73488908856237,91.45710168281045,0.0184322873857537,0.2593626900251361,0.6668571554610483,0.6983500411792452
img_003300.jpg,-0.032533,-0.179444,1.644357,23.33248545301869,19.75654574517141,91.58269141743416,0.0184739672781903,0.2599465193357437,0.6674014955612108,0.6976114701901737
img_003301.jpg,-0.032558,-0.179512,1.644704,23.408289996477844,19.77810188697935,91.70834535789794,0.018515132468239,0.2605302581088669,0.6679450604928675,0.69687199014065
img_003302.jpg,-0.032582,-0.179581,1.64505,23.484192971376604,19.799476209819595,91.83403362969308,0.0185566949271216,0.2611137661326726,0.6684877267568639,0.6961317471462096
img_003303.jpg,-0.032607,-0.179649,1.645396,23.560145023321574,19.820663754286294,91.9597749532446,0.0185983440520276,0.2616967341492145,0.6690297318209562,0.6953906376086303
img_003304.jpg,-0.032632,-0.179717,1.645742,23.63617062014132,19.841736206794863,92.08556171421812,0.0186397974137452,0.2622797098877074,0.6695708102867342,0.6946487182350233
img_003305.jpg,-0.032656,-0.179786,1.646088,23.712231262795296,19.86265030816815,92.21139201294064,0.0186810974299006,0.2628622268953216,0.6701111369464615,0.6939059953702431
img_003306.jpg,-0.032681,-0.179854,1.646435,23.78833299788867,19.883393264164333,92.3372702391828,0.0187223521874497,0.2634442518876053,0.6706507540559784,0.6931624382207223
img_003307.jpg,-0.032706,-0.179922,1.646781,23.86452250225417,19.90396807639514,92.46318560152164,0.0187638509782566,0.2640260759864472,0.6711894822571693,0.6924181020185836
img_003308.jpg,-0.03273,-0.17999,1.647127,23.94075030987637,19.92439299419933,92.58915289780826,0.0188051466333573,0.2646075168243856,0.6717274828633828,0.6916729120517545
img_003309.jpg,-0.032755,-0.180059,1.647473,24.017063681691685,19.94466283740681,92.715171040471,0.0188465601189754,0.26518882472684,0.6722646518213118,0.6909268646703858
img_003310.jpg,-0.032779,-0.180127,1.647819,24.09342019543456,19.964797481495516,92.84122588683734,0.0188877434123326,0.2657698618314515,0.6728009557649786,0.6901800544876767
img_003311.jpg,-0.032804,-0.180195,1.648165,24.169834130565487,19.98472078722759,92.96732703890268,0.0189292414490955,0.2663502923402014,0.6733365953113347,0.6894324006042878
img_003312.jpg,-0.032828,-0.180264,1.648511,24.246308363659143,20.004559022090117,93.0934744726854,0.0189702753891902,0.2669308377007406,0.673871271588665,0.6886839375675282
img_003313.jpg,-0.032853,-0.180332,1.648857,24.322827385785853,20.02418528055717,93.21967029798536,0.0190115491252379,0.2675107047896524,0.6744053268999676,0.6879346181663996
img_003314.jpg,-0.032878,-0.1804,1.649204,24.39941846975991,20.043678711948747,93.345906176861,0.0190527465136313,0.2680904944369188,0.6749384640296248,0.6871845090048134
img_003315.jpg,-0.032902,-0.180468,1.64955,24.47604076468456,20.062998035944947,93.47218668603708,0.0190938736958899,0.268669740849333,0.6754709017431637,0.6864335767119167
img_003316.jpg,-0.032927,-0.180537,1.649896,24.55273981746181,20.08215249820576,93.59850481229302,0.0191351625258803,0.2692487652082508,0.6760024699116507,0.6856818567399083
img_003317.jpg,-0.032952,-0.180605,1.650242,24.629464254516503,20.10115469436495,93.7248587866934,0.0191762306541947,0.2698273363121727,0.6765332492265368,0.6849293711380462
img_003318.jpg,-0.032976,-0.180673,1.650589,24.70625183920112,20.12002562017023,93.8512738089198,0.0192171119962141,0.2704057988985158,0.6770632522314076,0.6841759707899787
img_003319.jpg,-0.033,-0.180741,1.650935,24.78311269166215,20.138706649405368,93.97771373888264,0.0192583250355117,0.2709838871860424,0.6775923761223239,0.6834218474875323
img_003320.jpg,-0.033025,-0.18081,1.651281,24.86001268716791,20.15721847258633,94.10419928859164,0.0192994868667559,0.2715615197359873,0.678120776849934,0.6826668900787579
img_003321.jpg,-0.03305,-0.180878,1.651627,24.936972280663507,20.17560363080311,94.23073229689938,0.0193404449642598,0.2721390532869236,0.6786483167338798,0.6819110976212022
img_003322.jpg,-0.033074,-0.180946,1.651973,25.014009179228164,20.19381338049779,94.35730136404592,0.0193816425476928,0.272716326657445,0.6791750001950948,0.6811545171373496
img_003323.jpg,-0.033099,-0.181015,1.652319,25.091029861511977,20.211869756020164,94.48392390853766,0.0194223427820641,0.2732929115472477,0.6797011014504634,0.6803970677375905
img_003324.jpg,-0.033124,-0.181083,1.652666,25.168156607868585,20.22975156293776,94.61056968882698,0.0194634804383811,0.2738694149297351,0.6802261997186504,0.6796388994985441
img_003325.jpg,-0.033148,-0.181151,1.653012,25.245300083896616,20.24747942697975,94.73726280441775,0.0195043368874772,0.2744454259922527,0.6807506024239331,0.67887989091883
img_003326.jpg,-0.033173,-0.181219,1.653358,25.322505043679712,20.265074932383158,94.86399906456268,0.0195450501544834,0.2750213291413148,0.6812741262869284,0.6781200663479776
img_003327.jpg,-0.033197,-0.181288,1.653704,25.399772619831825,20.28245749981477,94.99076243267056,0.0195861817822847,0.2755966942427665,0.6817968650176918,0.6773594898262648
img_003328.jpg,-0.033222,-0.181356,1.65405,25.477089703771465,20.29969711305617,95.11757141429275,0.0196271627030703,0.276171828838159,0.6823187932054429,0.6765980785363508
img_003329.jpg,-0.033247,-0.181424,1.654396,25.55445300344312,20.3168047907004,95.24442374040284,0.0196679086975136,0.2767467745453793,0.6828398786976513,0.6758358500452399
img_003330.jpg,-0.033271,-0.181492,1.654742,25.631843329158126,20.333715781819844,95.3713100294286,0.0197087456815097,0.2773210684163273,0.6833602671948773,0.6750728372371638
img_003331.jpg,-0.033296,-0.181561,1.655089,25.709282139771847,20.35048754336181,95.49823699748563,0.0197494161999707,0.2778951519387354,0.6838798092427942,0.6743090178833046
img_003332.jpg,-0.033321,-0.181629,1.655435,25.78682498630573,20.36708988583785,95.62520174400696,0.0197904485208197,0.2784691964187068,0.6843984249403966,0.6735443866089069
img_003333.jpg,-0.033345,-0.181697,1.655781,25.864343031088666,20.383531893600143,95.75219424105758,0.0198310520083205,0.279042482385922,0.6849163465167722,0.6727790281171541
img_003334.jpg,-0.03337,-0.181766,1.656127,25.941939918242067,20.399821853406223,95.8792459786392,0.0198717066576558,0.2796156812332393,0.6854334870094467,0.6720127386955207
img_003335.jpg,-0.033394,-0.181834,1.656473,26.019602847599977,20.415936834471218,96.00631194567488,0.0199125952328684,0.2801885889286339,0.6859496683358215,0.671245778903115
img_003336.jpg,-0.033419,-0.181902,1.656819,26.097287385621165,20.431910208492177,96.13342674808132,0.0199531585130477,0.2807611265035948,0.6864651214650814,0.6704779625921472
img_003337.jpg,-0.033443,-0.181971,1.657166,26.1750156056996,20.44769603830664,96.26056864853558,0.0199938766198221,0.2813331798267303,0.6869797762577078,0.6697093950656523
img_003338.jpg,-0.033468,-0.182039,1.657512,26.25278610550309,20.463348890158752,96.38774883002156,0.0200343623721162,0.2819050356858493,0.6874935696007817,0.6689400323922002
img_003339.jpg,-0.033493,-0.182107,1.657858,26.330640934785578,20.478801034764903,96.51496953759884,0.0200752943602965,0.2824765895752675,0.6880065751008317,0.6681698223627708
img_003340.jpg,-0.033517,-0.182175,1.658204,26.40850261715789,20.494151010158195,96.64223203686386,0.0201155803664446,0.2830479021882388,0.688518751487138,0.6673988143111665
img_003341.jpg,-0.033542,-0.182244,1.65855,26.486406301536068,20.5092781184774,96.76951864040991,0.0201562520015108,0.2836185443747356,0.6890302027339762,0.666627052040632
img_003342.jpg,-0.033567,-0.182312,1.658897,26.56434447323129,20.52428097628949,96.89683509528794,0.0201966133282769,0.2841889965548639,0.6895407410992096,0.6658545467379198
img_003343.jpg,-0.033591,-0.18238,1.659243,26.64236643913633,20.53912761083545,97.02419616635926,0.0202371220781197,0.2847593913661269,0.6900504076976296,0.6650811850857936
img_003344.jpg,-0.033634,-0.182505,1.659612,26.720405349848,20.553769610411493,97.1515783939648,0.0202777637491438,0.285329070340539,0.6905593506279115,0.6643070955336057
img_003345.jpg,-0.033659,-0.182573,1.659958,26.79846808550036,20.568278691681662,97.27900265846964,0.0203180616959673,0.2858984585694661,0.6910674988746552,0.6635321844158356
img_003346.jpg,-0.033684,-0.182642,1.660304,26.87660925267587,20.582626206742308,97.40646291548158,0.0203585341287994,0.2864677360763504,0.6915747510942701,0.6627564635100253
img_003347.jpg,-0.033708,-0.18271,1.66065,26.95476164165705,20.596792739173697,97.5339569152733,0.0203989251210345,0.2870363981445564,0.6920813097902649,0.6619799473043707
img_003348.jpg,-0.033733,-0.182778,1.660996,27.033003361882397,20.61080134692409,97.66147404656984,0.020439563400473,0.2876050381486583,0.6925868615252606,0.6612026962453317
img_003349.jpg,-0.033757,-0.182846,1.661343,27.111223005642564,20.62466005492492,97.78902251949648,0.0204797338566506,0.2881730287285486,0.6930917134026788,0.6604246836900592
img_003350.jpg,-0.033782,-0.182915,1.661689,27.189526987839443,20.63833017867704,97.9166057298125,0.0205202953430926,0.2887408148546553,0.6935957132331182,0.659645848846746
img_003351.jpg,-0.033806,-0.182983,1.662035,27.26785172583175,20.651865257159507,98.044224238817,0.0205605310990155,0.2893082935149303,0.6940988918490967,0.6588662263299442
img_003352.jpg,-0.033831,-0.183051,1.662381,27.346211486021275,20.66524852715723,98.17188291318784,0.0206006213034013,0.2898754668353123,0.6946012825599374,0.6580857743448141
img_003353.jpg,-0.033856,-0.18312,1.662727,27.424604470113835,20.67842368187783,98.29954830504803,0.0206410100428988,0.290442028862492,0.6951028375856076,0.6573046643338875
img_003354.jpg,-0.03388,-0.183188,1.663074,27.50306754091948,20.691459921740435,98.42725992710346,0.020681356584994,0.2910085717714137,0.6956035187575965,0.6565226860797854
img_003355.jpg,-0.033905,-0.183256,1.66342,27.58152290521512,20.70434909525945,98.55500816494828,0.0207212934090565,0.2915745816785223,0.6961034882478578,0.655739906493127
img_003356.jpg,-0.03393,-0.183324,1.663766,27.660050065282487,20.71703246840519,98.68275787058936,0.0207617518218597,0.2921402348883818,0.6966024892791775,0.6549564907310271
img_003357.jpg,-0.033954,-0.183393,1.664112,27.73859599716813,20.729599185136525,98.810566292254,0.0208016983097399,0.2927056814776863,0.6971007621117158,0.6541721492400748
img_003358.jpg,-0.033978,-0.183461,1.664458,27.817174687772383,20.741970595813303,98.93838809451404,0.0208418462144913,0.2932705962260156,0.6975982082589222,0.6533871093536744
img_003359.jpg,-0.034003,-0.183529,1.664804,27.895824592172225,20.754182162497862,99.06624585277096,0.0208821249791792,0.2938354025499751,0.6980947696394524,0.6526012455295254
img_003360.jpg,-0.034028,-0.183598,1.665151,27.97449298309567,20.766250817086725,99.19413057514232,0.0209221463163536,0.2943998669273627,0.6985904874352229,0.6518146308665418
img_003361.jpg,-0.034052,-0.183666,1.665497,28.05317288454744,20.77813630659335,99.3220413759305,0.0209621393572406,0.2949637432454732,0.69908547571148,0.6510272471513305
img_003362.jpg,-0.034077,-0.183734,1.665843,28.131907298744714,20.78985337478698,99.44997449237466,0.0210022623376871,0.2955273713290469,0.6995795657679386,0.6502391167347478
img_003363.jpg,-0.034102,-0.183802,1.666189,28.21066925721997,20.80140825106951,99.57794077375856,0.0210422939817293,0.2960906231419243,0.7000728729870521,0.6494501807368045
img_003364.jpg,-0.034126,-0.183871,1.666535,28.28946812524156,20.812800330845885,99.7059288913282,0.021082321661023,0.296653553358744,0.700565310508288,0.648660504968075
img_003365.jpg,-0.034151,-0.183939,1.666881,28.368301330541584,20.82401905119685,99.83393268823406,0.0211224176872629,0.2972160943346528,0.7010568769333526,0.6478701197338504
img_003366.jpg,-0.034176,-0.184007,1.667228,28.447173644479992,20.835103162099603,99.96198895840864,0.0211622581397442,0.2977784808409021,0.7015476700290902,0.6470788219801865
img_003367.jpg,-0.0342,-0.184076,1.667574,28.526058684062185,20.845997578362077,100.090054678678,0.0212021712722582,0.2983402674313793,0.7020376543478195,0.6462868439324186
img_003368.jpg,-0.034224,-0.184144,1.66792,28.60498357835397,20.85673144757488,100.21814618099584,0.0212420760957837,0.2989017733365977,0.7025267781790507,0.6454940976033329
img_003369.jpg,-0.034249,-0.184212,1.668266,28.68392624005375,20.86729373112607,100.34626039888444,0.0212819304229478,0.299462809711539,0.7030151098779414,0.6447005974252308
img_003370.jpg,-0.034274,-0.18428,1.668612,28.762939720901304,20.877707191003918,100.4744103644248,0.0213218485341395,0.3000238215635981,0.70350252630138,0.6439062670583644
img_003371.jpg,-0.034298,-0.184349,1.668959,28.84196280158936,20.887953101640257,100.602585410774,0.0213616391106066,0.3005843398442029,0.7039891748797543,0.643111169757652
img_003372.jpg,-0.034323,-0.184417,1.669304,28.920979432796884,20.89800630048092,100.73075814031311,0.0214014530930961,0.3011441375641505,0.7044750086786182,0.6423154586054342
img_003373.jpg,-0.034348,-0.184485,1.669651,29.000084651005903,20.907913864419765,100.85897702184764,0.0214413841554981,0.3017040462326075,0.704959930153627,0.6415188480552714
img_003374.jpg,-0.034372,-0.184554,1.669997,29.07918639395532,20.91766662589949,100.987216688406,0.0214810447383138,0.3022634516448569,0.7054440622432921,0.6407215039019449
img_003375.jpg,-0.034397,-0.184622,1.670344,29.15832864121172,20.92724091093637,101.11547622487522,0.0215208423285249,0.3028225089453397,0.7059273446264704,0.6399234059871076
img_003376.jpg,-0.034421,-0.18469,1.670689,29.237499496687885,20.936657806283687,101.24375836703408,0.0215605637103409,0.3033812531126221,0.7064097701413357,0.6391245528073325
img_003377.jpg,-0.034446,-0.184758,1.671036,29.316665833180505,20.945909810258723,101.37206377025136,0.0216000736542247,0.3039394452800881,0.7068914495018753,0.6383249400126099
img_003378.jpg,-0.034471,-0.184827,1.671382,29.395893784868885,20.954984698140105,101.50038660049132,0.0216398390259071,0.3044974344965735,0.7073722063847723,0.63752458100553
img_003379.jpg,-0.034495,-0.184895,1.671728,29.47514262641699,20.96388674861853,101.6287288553496,0.021679600215303,0.3050549941390867,0.70785214906389,0.6367234725930393
img_003380.jpg,-0.03452,-0.184963,1.672074,29.55441477927639,20.97266226368064,101.7571067186162,0.0217190189768262,0.3056123729339556,0.70833124203589,0.6359215464821542
img_003381.jpg,-0.034545,-0.185031,1.67242,29.633692694547136,20.981246878034906,101.88549744052668,0.0217584902838981,0.3061691434658498,0.7088095713048098,0.6351188985667529
img_003382.jpg,-0.034569,-0.1851,1.672767,29.713020642907285,20.989653132470146,102.01389838411166,0.021798184217611,0.3067256438995691,0.7092869721840601,0.6343155442121673
img_003383.jpg,-0.034594,-0.185168,1.673113,29.79236691636699,20.997910664877843,102.1423287108354,0.0218376762281416,0.3072818298619668,0.7097635591487729,0.633511391403582
img_003384.jpg,-0.034618,-0.185236,1.673459,29.871739998812902,21.005979747157543,102.27076892650229,0.0218773330634015,0.3078375583770499,0.7102393042503884,0.6327065280589521
img_003385.jpg,-0.034643,-0.185305,1.673805,29.951136602600627,21.013911586672023,102.3992433092074,0.0219167288156968,0.3083930666272425,0.7107142181517826,0.6319008415654821
img_003386.jpg,-0.034667,-0.185373,1.674151,30.03054816494632,21.021666038852103,102.52771668411272,0.0219561815188783,0.3089481013718489,0.7111882337047112,0.6310945198556337
img_003387.jpg,-0.034692,-0.185441,1.674497,30.10997134108559,21.029283102361195,102.65623498725,0.0219952813854177,0.3095028477338617,0.7116615095834674,0.6302873079943672
img_003388.jpg,-0.034717,-0.185509,1.674844,30.18944195162757,21.036688882819803,102.78474384884916,0.0220348703416379,0.3100571616345777,0.7121338414586111,0.6294794777095899
img_003389.jpg,-0.034741,-0.185578,1.67519,30.268927350956467,21.043952424593787,102.91328558118828,0.0220741911068469,0.3106111863448947,0.71260537118084,0.6286708248110555
img_003390.jpg,-0.034784,-0.185703,1.675559,30.34844320913195,21.05102609672052,103.0418374550304,0.0221137131127729,0.311164787080639,0.7130760552338009,0.6278614484308046
img_003391.jpg,-0.034809,-0.185771,1.675905,30.427974145662727,21.057944140444377,103.1703948577154,0.0221531351287351,0.311718035578144,0.7135458213177697,0.6270514060100817
img_003392.jpg,-0.034834,-0.185839,1.676251,30.507520894453023,21.06469249866632,103.29898385114384,0.022192486342481,0.3122708762040024,0.7140148468182326,0.626240522441545
img_003393.jpg,-0.034858,-0.185908,1.676597,30.58706154972212,21.07129173031286,103.42758911981656,0.0222315511843041,0.3128232707857942,0.7144830541260332,0.6254289126300073
img_003394.jpg,-0.034883,-0.185976,1.676944,30.666650167203617,21.07771819217771,103.55621287089524,0.0222707795932083,0.3133754457059451,0.7149503695247539,0.624616531578639
img_003395.jpg,-0.034908,-0.186044,1.677289,30.7462474950085,21.083982294964212,103.68483917245028,0.0223099317135413,0.3139272057818781,0.7154167862395097,0.6238034934044945
img_003396.jpg,-0.034932,-0.186112,1.677636,30.825871018119653,21.09007388788711,103.8134906036772,0.022349110888465,0.3144786186884075,0.7158824060783419,0.6229896438126483
img_003397.jpg,-0.034957,-0.186181,1.677982,30.905481623922565,21.095978943801523,103.94213643924574,0.0223882852226054,0.3150293701365587,0.716347206304342,0.6221751687877931
img_003398.jpg,-0.034981,-0.186249,1.678328,30.98517697261684,21.10173430041641,104.0708219366286,0.0224276122709199,0.3155802577126023,0.7168110678253428,0.6213597960867474
img_003399.jpg,-0.035006,-0.186317,1.678674,31.06484363135216,21.107327747976274,104.1995026233243,0.0224666824431185,0.3161305078548414,0.7172740932384744,0.6205438142084445
img_003400.jpg,-0.035031,-0.186386,1.679021,31.144517724677183,21.112757983580423,104.32820916343128,0.0225056175804041,0.3166803486698371,0.7177363530660177,0.6197270217048534
img_003401.jpg,-0.035055,-0.186454,1.679367,31.22423462012821,21.117998609662543,104.45691690400572,0.0225448574776669,0.3172298748528451,0.7181976856277587,0.6189095412587297
img_003402.jpg,-0.03508,-0.186522,1.679713,31.303943825175143,21.12308639817538,104.58564297924345,0.0225838333647709,0.3177789500107402,0.7186582266241559,0.6180913061239794
img_003403.jpg,-0.035104,-0.18659,1.680059,31.383678935313,21.12799869680006,104.71437203003188,0.0226229244311303,0.3183276774536673,0.7191178599016079,0.6172723844686954
img_003404.jpg,-0.035129,-0.186659,1.680405,31.46340590070241,21.13276295548828,104.84312413443811,0.0226617059662191,0.3188759791848412,0.7195767159616249,0.616452680120293
img_003405.jpg,-0.035154,-0.186727,1.680751,31.543174088809494,21.13733974158507,104.97187386938393,0.0227007840068173,0.3194239776161689,0.7200346247992938,0.6156323058607965
img_003406.jpg,-0.035178,-0.186795,1.681098,31.622931050255104,21.14175456148212,105.10064575302329,0.022739635907708,0.3199714706080127,0.7204917971090198,0.61481113950086
img_003407.jpg,-0.035203,-0.186863,1.681444,31.70271670220514,21.14601456200725,105.22943152025108,0.0227784514363457,0.320518743233245,0.7209480581983645,0.6139892301713044
img_003408.jpg,-0.035227,-0.186932,1.68179,31.78252619944509,21.150083059818083,105.3582087934626,0.0228175184879743,0.3210655923488617,0.7214033987748901,0.6131666841045446
img_003409.jpg,-0.035252,-0.187,1.682136,31.86234793302067,21.153992697391235,105.48700606969454,0.0228564736400469,0.3216121055932099,0.7218579176496304,0.612343352928064
img_003410.jpg,-0.035276,-0.187068,1.682482,31.94213331050718,21.157769052610856,105.61581952213614,0.0228948944565985,0.3221580968896225,0.7223116629323645,0.611519293242789
img_003411.jpg,-0.035301,-0.187137,1.682829,32.02199456070338,21.16134361575313,105.74463563123624,0.0229338874995652,0.322703955702729,0.7227644288768922,0.6106945014720767
img_003412.jpg,-0.035326,-0.187205,1.683174,32.10183575132346,21.16476344067753,105.8734645541404,0.0229725918661653,0.3232493001989203,0.7232164145998797,0.6098689757621337
img_003413.jpg,-0.03535,-0.187273,1.683521,32.18165797862457,21.168018232053964,106.0022961710806,0.0230111141877207,0.3237940898079221,0.7236675909541365,0.6090427684751997
img_003414.jpg,-0.035375,-0.187341,1.683867,32.26153693102818,21.17108872368763,106.13113064812153,0.0230499897202754,0.3243387165628798,0.7241177965020725,0.6082158430205697
img_003415.jpg,-0.035399,-0.18741,1.684213,32.34137433430687,21.17399537595593,106.25997476083676,0.0230885385634131,0.3248826579769996,0.724567290879106,0.6073881945847472
img_003416.jpg,-0.035424,-0.187478,1.684559,32.42125548732961,21.17675434761337,106.38884113040928,0.0231270677663303,0.3254265321990066,0.7250158562814741,0.6065597406833901
img_003417.jpg,-0.035449,-0.187546,1.684906,32.501166451079555,21.179331720065488,106.51769623942889,0.0231658319690995,0.3259700918308051,0.7254634448635555,0.6057306609605451
img_003418.jpg,-0.035473,-0.187615,1.685252,32.58104694684232,21.18174786943992,106.64656744844952,0.0232042962360144,0.326513056723902,0.7259103186245341,0.6049008131416526
img_003419.jpg,-0.035498,-0.187683,1.685598,32.660930211695856,21.18398412630677,106.77543164819753,0.0232428320031828,0.3270555500142423,0.7263563111756354,0.6040703164207598
img_003420.jpg,-0.035523,-0.187751,1.685944,32.74085289548041,21.186049746764425,106.90430351828898,0.0232815282750718,0.3275978520914919,0.7268013707514573,0.6032390779948034
img_003421.jpg,-0.035547,-0.187819,1.68629,32.820756952088246,21.187978748890785,107.03318947411944,0.0233198278905202,0.3281397530428541,0.7272456057732369,0.6024071023681983
img_003422.jpg,-0.035572,-0.187888,1.686636,32.90068209564546,21.189710096751394,107.16207202538884,0.0233584113313622,0.3286812271870454,0.7276889741558327,0.6015744279862005
img_003423.jpg,-0.035596,-0.187956,1.686982,32.980598842600834,21.19126809228786,107.2909581519361,0.0233969379084327,0.3292222018707181,0.7281315322350734,0.6007410397641477
img_003424.jpg,-0.035621,-0.188024,1.687329,33.060511781001466,21.192682233533308,107.4198502909525,0.0234352228200021,0.3297628421346573,0.7285732007031654,0.5999069506980185
img_003425.jpg,-0.035645,-0.188093,1.687675,33.14045035842041,21.19392394312383,107.5487508206068,0.0234736115782412,0.3303032093688733,0.7290139838969779,0.5990721081161707
img_003426.jpg,-0.03567,-0.188161,1.688021,33.22037815907183,21.194971823969272,107.67763661792638,0.023512129458205,0.3308429741951336,0.7294539234651981,0.5982366419196401
img_003427.jpg,-0.035695,-0.188229,1.688367,33.3003450215904,21.19589968035409,107.80655212341252,0.0235503998999172,0.3313827963229422,0.7298929092248914,0.597400336482133
img_003428.jpg,-0.035719,-0.188297,1.688714,33.380286719301985,21.19660930168114,107.93544596557832,0.0235889160723052,0.3319218194658478,0.7303311229008734,0.5965634247281374
img_003429.jpg,-0.035744,-0.188366,1.689059,33.4601943607865,21.197178864963885,108.0643493241055,0.0236270032333041,0.3324603450552493,0.7307685430397434,0.5957257927834992
img_003430.jpg,-0.035768,-0.188434,1.689406,33.540167018327075,21.19758457860262,108.19326451711696,0.0236653353686894,0.3329989015058539,0.7312049581886477,0.594887378096157
img_003431.jpg,-0.035793,-0.188502,1.689752,33.62010302282814,21.197803659624668,108.32216364336506,0.0237036242290005,0.3335367361983261,0.7316405800398347,0.5940483527824588
img_003432.jpg,-0.035818,-0.18857,1.690098,33.700029511229275,21.19788060225436,108.45108458595848,0.0237415940430794,0.3340742298128868,0.732075406554377,0.5932085171383361
img_003433.jpg,-0.035842,-0.188639,1.690444,33.77998620411757,21.19776954334332,108.5799852349646,0.0237798921929799,0.3346114269487116,0.7325092275921962,0.5923680791323258
img_003434.jpg,-0.035867,-0.188707,1.69079,33.85991992548139,21.197509127925244,108.70889607040873,0.023817888033695,0.3351481674751465,0.7329422517605092,0.5915268967949806
img_003435.jpg,-0.035891,-0.188775,1.691136,33.93986613363704,21.19706236811069,108.8377976752785,0.0238560795812859,0.335684513634554,0.733374375233972,0.5906850434225719
img_003436.jpg,-0.035916,-0.188844,1.691483,34.01982979725417,21.196462246135848,108.9667050156116,0.0238942207150256,0.3362206482173795,0.7338055713683267,0.5898424580830972
img_003437.jpg,-0.035959,-0.188969,1.691852,34.09974277241858,21.195684474061764,109.09561061700892,0.0239321526963129,0.3367560292219762,0.734236067386542,0.5889991733429795
img_003438.jpg,-0.035984,-0.189037,1.692198,34.179672089367955,21.194730555508997,109.22450583926933,0.0239702371073175,0.337291093482682,0.7346656183908127,0.5881552304831783
img_003439.jpg,-0.036008,-0.189105,1.692544,34.25963837147619,21.19361388108857,109.35341060027632,0.0240084288889974,0.3378260388144125,0.7350942293986417,0.5873105113532893
img_003440.jpg,-0.036033,-0.189174,1.69289,34.339564370598914,21.192339035137103,109.4822960791074,0.0240463861302362,0.3383603861624731,0.735521967799211,0.5864652208569864
img_003441.jpg,-0.036058,-0.189242,1.693237,34.419479942908424,21.19088183751647,109.61118660892892,0.024084360285455,0.3388942294590318,0.735948936224563,0.5856191664374925
img_003442.jpg,-0.036082,-0.18931,1.693583,34.4994087040002,21.189277067302086,109.74009230816418,0.0241222009508517,0.3394278759494755,0.7363750219291125,0.5847723176832272
img_003443.jpg,-0.036107,-0.189378,1.693929,34.579326605212124,21.18750722121625,109.868990240671,0.0241599762526548,0.3399610928492989,0.736800226289905,0.5839248046070028
img_003444.jpg,-0.036131,-0.189447,1.694275,34.65924673966737,21.18555937178248,109.99786472209485,0.0241978912192442,0.3404939078514458,0.7372244659952765,0.5830767080878572
img_003445.jpg,-0.036156,-0.189515,1.694621,34.73915842521507,21.18343466229238,110.12673488668406,0.0242358282624673,0.3410262640881564,0.7376478673885918,0.5822279068952034
img_003446.jpg,-0.036181,-0.189583,1.694968,34.81904661706337,21.18113306737591,110.25559830327964,0.0242737200370155,0.34155806684039,0.7380704631942105,0.5813784179448904
img_003447.jpg,-0.036205,-0.189652,1.695313,34.89896428685477,21.17867618632506,110.38446290570415,0.0243116620758418,0.3420897541777417,0.7384920770152045,0.5805282037588628
img_003448.jpg,-0.03623,-0.18972,1.69566,34.978837203469546,21.17607723321705,110.51332760981028,0.0243491900046171,0.342620906197108,0.7389128886607339,0.5796773020861187
img_003449.jpg,-0.036254,-0.189788,1.696006,35.05871729687497,21.173265871702093,110.64216451206605,0.0243871440054052,0.3431515539914486,0.739332793857462,0.5788257925554399
img_003450.jpg,-0.036279,-0.189856,1.696352,35.1385848546001,21.17032543300479,110.77102650315368,0.0244246841659345,0.3436819395077993,0.7397518916446516,0.5779734406248365
img_003451.jpg,-0.036304,-0.189925,1.696698,35.2184315507074,21.167196024515743,110.8998539361518,0.0244623681423904,0.3442117438443454,0.7401700694026511,0.5771205561275523
img_003452.jpg,-0.036328,-0.189993,1.697044,35.29828282857125,21.163912674127616,111.0286900416474,0.0244999504981077,0.3447412917793834,0.7405873732537561,0.576266897144868
img_003453.jpg,-0.036353,-0.190061,1.697391,35.37813108160983,21.16045748995307,111.15751066595556,0.0245375920928715,0.3452704557898514,0.7410037531873797,0.575412596920826
img_003454.jpg,-0.036378,-0.190129,1.697737,35.45796023644768,21.15683167149071,111.28633264323602,0.0245751545467253,0.3457991432608646,0.7414193389976436,0.5745575498236482
img_003455.jpg,-0.036402,-0.190198,1.698083,35.53776647335935,21.153051247005017,111.41513318733732,0.0246125765437392,0.3463273944014591,0.7418339842970697,0.573701923218765
img_003456.jpg,-0.036427,-0.190266,1.69843,35.61755971475139,21.14908599813589,111.54391934288478,0.0246501004863054,0.3468551504139903,0.7422477774324163,0.5728456284846218
img_003457.jpg,-0.036451,-0.190334,1.698775,35.69735653110644,21.144969947229537,111.67270893343924,0.0246875175556202,0.347382667722559,0.7426606642709686,0.5719885893857523
img_003458.jpg,-0.036476,-0.190403,1.699122,35.77712455553793,21.140676809210586,111.80148304857522,0.0247249095193164,0.3479096249692509,0.7430727203259089,0.5711308991907812
img_003459.jpg,-0.0365,-0.190471,1.699468,35.85689227498614,21.13621421064394,111.93025481285282,0.0247623265547985,0.348436244149188,0.743483903849776,0.5702724749302723
img_003460.jpg,-0.036525,-0.190539,1.699814,35.936646307528406,21.131579074861023,112.05899726328232,0.0247998070322673,0.3489624224915204,0.7438941297682609,0.5694134885619884
img_003461.jpg,-0.03655,-0.190607,1.70016,36.01640600664513,21.12680321364029,112.18775936987748,0.0248370752238184,0.3494884306619966,0.7443034952965321,0.5685536592240935
img_003462.jpg,-0.036575,-0.190676,1.700506,36.09611926572954,21.121825333213685,112.3164678780622,0.0248745292142751,0.3500136628841941,0.7447119638450914,0.5676933895129879
img_003463.jpg,-0.036599,-0.190744,1.700853,36.17584149399565,21.116693520117582,112.4452118075238,0.0249118347029854,0.3505387000904628,0.7451196758562563,0.5668321523012673
img_003464.jpg,-0.036623,-0.190812,1.701198,36.25553229973029,21.11140185433873,112.57391012068148,0.0249490823812658,0.3510632399039548,0.7455263697063427,0.5659704735663802
img_003465.jpg,-0.036648,-0.190881,1.701544,36.33519941641922,21.105953638437477,112.702622592256,0.0249861058790668,0.3515873613034064,0.745932308388887,0.5651079659554752
img_003466.jpg,-0.036673,-0.190949,1.701891,36.41490302563724,21.10030077728478,112.83131160159998,0.0250236581079147,0.352111253329182,0.746337253399729,0.5642447926224925
img_003467.jpg,-0.036697,-0.191017,1.702237,36.49456770119083,21.09450353778824,112.9599854523422,0.0250609174989119,0.3526346764191468,0.746741311724095,0.563380997873956
img_003468.jpg,-0.036722,-0.191085,1.702583,36.5742029431447,21.08852169753076,113.08862064592464,0.0250982893435484,0.353157525113512,0.7471444496439662,0.5625166750363418
img_003469.jpg,-0.036746,-0.191154,1.702929,36.65381168510038,21.082410503797927,113.21727820645695,0.0251352110262397,0.3536800592199509,0.7475468061044993,0.5616515018762085
img_003470.jpg,-0.036771,-0.191222,1.703275,36.73341883859535,21.076115765932865,113.34590073340324,0.0251723663215904,0.3542022103700463,0.7479481715166302,0.5607857691379793
img_003471.jpg,-0.036796,-0.19129,1.703622,36.81296169006799,21.069646869402995,113.47451340611488,0.0252093059465298,0.3547236155783017,0.7483488375503445,0.5599193377458933
img_003472.jpg,-0.03682,-0.191359,1.703968,36.89252564940261,21.06301796042306,113.60311068321398,0.0252463660524203,0.3552448909380608,0.7487484740288963,0.5590522436257201
img_003473.jpg,-0.036845,-0.191427,1.704314,36.97207577031895,21.056218322036518,113.73168688345844,0.0252834705503802,0.3557657662572967,0.7491471907648849,0.5581845145159151
img_003474.jpg,-0.03687,-0.191495,1.70466,37.05156484092405,21.04926379037472,113.86025176483494,0.0253202486328495,0.3562860010490315,0.7495451384911902,0.5573161184012918
img_003475.jpg,-0.036894,-0.191563,1.705006,37.13106313788528,21.04213165173104,113.98879894090015,0.02535722489425,0.3568059645095848,0.7499421304130058,0.5564470467777228
img_003476.jpg,-0.036919,-0.191631,1.705353,37.210535492755085,21.034837245372906,114.11732341217338,0.0253941364571932,0.3573254895737047,0.7503382093767376,0.5555773608452894
img_003477.jpg,-0.036943,-0.1917,1.705699,37.28998639465596,21.02738192843006,114.24583919649228,0.0254309532930805,0.3578446163950747,0.7507334257116695,0.5547069682732393
img_003478.jpg,-0.036968,-0.191768,1.706045,37.36938756069178,21.019745302284967,114.37433489752614,0.0254677206681648,0.3583630781924314,0.7511278688555946,0.5538359179584386
img_003479.jpg,-0.036993,-0.191836,1.706391,37.44882210337142,21.01194876108621,114.50281006713692,0.0255046912503479,0.358881507330668,0.7515212178564464,0.5529642244592823
img_003480.jpg,-0.037017,-0.191905,1.706738,37.52821287607591,21.00399879063957,114.6312797263685,0.0255414003136531,0.3593994293786038,0.7519137684786614,0.5520918146509415
img_003481.jpg,-0.037042,-0.191973,1.707084,37.6075931983151,20.99584087693453,114.75969835385688,0.0255785408160212,0.3599168395603331,0.7523053474841955,0.5512188957186684
img_003482.jpg,-0.037067,-0.192041,1.70743,37.686933773417536,20.98756618575799,114.8881310622248,0.0256151201452818,0.3604339226263516,0.7526961088564175,0.5503451832736723
img_003483.jpg,-0.03711,-0.192166,1.707799,37.76621747925745,20.979105183252354,115.0165271675463,0.0256517121769892,0.3609502824054066,0.7530860547961944,0.5494709067506209
img_003484.jpg,-0.037134,-0.192235,1.708145,37.84550942859344,20.970470122947923,115.14492229548031,0.025688431624949,0.361466405627511,0.7534751175353146,0.5485958342336568
img_003485.jpg,-0.037159,-0.192303,1.708491,37.924781826925866,20.961693993043696,115.27327593606488,0.0257250389683561,0.3619822322165232,0.7538630993335075,0.5477202875491265
img_003486.jpg,-0.037183,-0.192371,1.708837,38.00400360792438,20.952729275317576,115.40162131947632,0.0257616212867179,0.3624973815667758,0.7542503886479872,0.5468439799890564
img_003487.jpg,-0.037208,-0.192439,1.709184,38.08322758775705,20.943607204044856,115.52994368901732,0.0257982562005733,0.363012322402897,0.7546366617047433,0.5459670434850307
img_003488.jpg,-0.037232,-0.192508,1.70953,38.16242385444659,20.93430952842682,115.65823218219784,0.0258349670424579,0.3635267867629165,0.7550220118059972,0.545089526107564
img_003489.jpg,-0.037257,-0.192576,1.709876,38.24154285365632,20.924869193439363,115.78651382021224,0.0258711991050144,0.3640405841552774,0.7554066340336201,0.544211311351344
img_003490.jpg,-0.037282,-0.192644,1.710222,38.32069958053534,20.915242137510404,115.91477273161814,0.0259078653204189,0.3645543005256305,0.7557902093459005,0.5433324064876746
img_003491.jpg,-0.037306,-0.192713,1.710569,38.39979567206751,20.905470553269023,116.0430047251776,0.0259442119775142,0.3650674518827166,0.7561729138646215,0.5424529267855546
img_003492.jpg,-0.037331,-0.192781,1.710914,38.47889184766694,20.895492161460663,116.17120531445715,0.0259809880351082,0.3655802002537602,0.7565547052995183,0.5415727867353556
img_003493.jpg,-0.037356,-0.192849,1.711261,38.55791903912439,20.885384302820487,116.29940531669024,0.0260172170476098,0.3660923964862092,0.7569357358436402,0.5406919210187338
img_003494.jpg,-0.03738,-0.192917,1.711607,38.63695226902726,20.87509900116548,116.42756382071894,0.0260537286502391,0.3666043446224236,0.7573157053494269,0.5398105039349299
img_003495.jpg,-0.037405,-0.192986,1.711953,38.71591145687973,20.864656589114805,116.55569400664858,0.0260899594523239,0.3671155986395401,0.7576948761119445,0.5389284980078648
img_003496.jpg,-0.037429,-0.193054,1.712299,38.79487398804971,20.854035849554705,116.68381181957947,0.0261263762598924,0.3676265950387228,0.7580731340729732,0.5380457438550569
img_003497.jpg,-0.037454,-0.193122,1.712645,38.87378174384603,20.843281709522017,116.81190914096346,0.0261624113793382,0.3681371206884319,0.7584505029812071,0.5371623805978999
img_003498.jpg,-0.037478,-0.19319,1.712991,38.95267437831279,20.832337550988765,116.9399709039479,0.0261987067117547,0.3686472216591133,0.7588269414799976,0.5362784040158247
img_003499.jpg,-0.037503,-0.193259,1.713337,39.03153248983098,20.82121805064188,117.0680052992057,0.0262350414840922,0.3691568297960116,0.7592025098024069,0.5353937865935808
img_003500.jpg,-0.037528,-0.193327,1.713684,39.11036955459651,20.80994778715691,117.19600678629864,0.0262713217576564,0.3696661281909811,0.7595770707646062,0.5345086013246704
img_003501.jpg,-0.037552,-0.193395,1.71403,39.1891395185837,20.798510166826546,117.32399392866766,0.0263073935560906,0.3701747553258979,0.7599509054673377,0.5336227064537924
img_003502.jpg,-0.037577,-0.193464,1.714376,39.26793406216363,20.78691928596212,117.45196509337646,0.026343589359288,0.3706833739045885,0.7603236709569821,0.5327361138433168
img_003503.jpg,-0.037602,-0.193532,1.714723,39.34663694263715,20.77514262802485,117.57988673515231,0.026379712025968,0.3711910855671708,0.7606956769547641,0.5318490160291973
img_003504.jpg,-0.037626,-0.1936,1.715068,39.42533260354588,20.76322720631362,117.70778517692706,0.0264157328328468,0.3716986346142774,0.7610666428357857,0.5309612973159644
img_003505.jpg,-0.037651,-0.193668,1.715415,39.50400265859311,20.751124356649616,117.8356578582397,0.0264519257837665,0.3722057191849728,0.7614367505492861,0.5300728941770855
img_003506.jpg,-0.037675,-0.193737,1.715761,39.58260473843794,20.73885629344405,117.96351279466016,0.0264879108541258,0.3727121447515967,0.7618061133290632,0.5291837992868972
img_003507.jpg,-0.0377,-0.193805,1.716107,39.66117545082246,20.726447861166022,118.09133836392412,0.0265237180485461,0.3732182458718772,0.7621744898696329,0.528294122928852
img_003508.jpg,-0.037724,-0.193873,1.716453,39.7397192650871,20.71386782064705,118.21912953812004,0.0265596106302372,0.3737239374790135,0.762541928764946,0.5274038419596396
img_003509.jpg,-0.037749,-0.193942,1.716799,39.81821542280135,20.70111516764784,118.346876386325,0.0265955344231274,0.3742290778522452,0.762908454944694,0.5265130237824193
img_003510.jpg,-0.037774,-0.19401,1.717146,39.89671161478413,20.688207095142765,118.47460865980504,0.0266314891139046,0.3747340569316016,0.7632740018805185,0.5256214877803774
img_003511.jpg,-0.037798,-0.194078,1.717492,39.97516292097743,20.675123105481177,118.60231594721984,0.0266674513805006,0.3752385002436874,0.7636387247868901,0.5247292758914728
img_003512.jpg,-0.037823,-0.194146,1.717838,40.05354102279168,20.66187947450277,118.72998778778144,0.026703210496263,0.3757422783743991,0.7640026236800146,0.5238364914754045
img_003513.jpg,-0.037848,-0.194214,1.718184,40.13188454313487,20.648483540273325,118.85762008303966,0.0267389057029653,0.3762456763946403,0.7643655333361009,0.5229431645637654
img_003514.jpg,-0.037872,-0.194283,1.71853,40.21021704698933,20.6349196726428,118.98522951350428,0.0267747039080847,0.3767488005715457,0.7647274955987139,0.5220491490021368
img_003515.jpg,-0.037897,-0.194351,1.718876,40.288510963430745,20.621186582041886,119.11281264657926,0.0268105012418575,0.3772514638822443,0.7650885886016172,0.5211544700119624
img_003516.jpg,-0.037921,-0.194419,1.719223,40.36673654562505,20.60730177799303,119.24035973049727,0.0268460698958946,0.3777535308669738,0.7654488176101432,0.520259229680659
img_003517.jpg,-0.037946,-0.194488,1.719569,40.44494936754274,20.59325186554003,119.36787434419348,0.0268817490097777,0.3782553270345919,0.7658080528557447,0.5193633654017407
img_003518.jpg,-0.037971,-0.194556,1.719915,40.52310025174786,20.57902195074801,119.49534829799396,0.0269174518487816,0.3787564705814644,0.7661664605730683,0.5184669145389875
img_003519.jpg,-0.037995,-0.194624,1.720261,40.601220926523055,20.564646115436357,119.62280248164016,0.0269530084636027,0.3792573031269509,0.7665239364308206,0.5175697906932286
img_003520.jpg,-0.03802,-0.194693,1.720607,40.67926294997179,20.55011218162582,119.75021816845614,0.0269883516907293,0.3797574542823343,0.7668805896876454,0.5166721068050292
img_003521.jpg,-0.038044,-0.194761,1.720953,40.75731909597476,20.53540047656626,119.87759901517562,0.0270240319129558,0.3802574775643278,0.7672361838224319,0.5157737785979176
img_003522.jpg,-0.038069,-0.194829,1.721299,40.83530142006825,20.520527781556563,120.00493478926,0.0270595669432044,0.380756844123697,0.7675909180082577,0.5148749246963277
img_003523.jpg,-0.038093,-0.194897,1.721646,40.91325868263283,20.505506526899364,120.13225571417875,0.027094987417137,0.381255933654517,0.7679447319220816,0.5139753529335914
img_003524.jpg,-0.038118,-0.194966,1.721992,40.9911439942881,20.49030676776345,120.25953566946644,0.0271303882625989,0.3817543215868967,0.7682977467102723,0.5130751917432446
img_003525.jpg,-0.038143,-0.195034,1.722338,41.06901406716126,20.47495317037682,120.38678195502496,0.0271658223557248,0.3822524792581212,0.7686497382556712,0.5121744234889565
img_003526.jpg,-0.038167,-0.195102,1.722685,41.146824194144834,20.459450103388438,120.51399755715268,0.0272010494812221,0.3827501247817109,0.7690008567361908,0.5112730456670969
img_003527.jpg,-0.038192,-0.195171,1.72303,41.224577949543736,20.443766804135485,120.64116050770195,0.0272363840535433,0.3832471705961872,0.769351077225254,0.5103711449387066
img_003528.jpg,-0.038217,-0.195239,1.723376,41.30230690584767,20.4279274274959,120.76829839342936,0.027271701091528,0.3837439222243754,0.7697003505519656,0.5094685729616776
img_003529.jpg,-0.038241,-0.195307,1.723723,41.38000400896945,20.41192183865759,120.89541821078808,0.0273070204005109,0.3842403006293037,0.7700487587841899,0.5085652633675216
img_003530.jpg,-0.038284,-0.195432,1.724092,41.45764913442757,20.395757193501545,121.02247541264197,0.0273423515758042,0.3847361870472832,0.7703961517596387,0.5076615324609133
img_003531.jpg,-0.038309,-0.195501,1.724438,41.53521351015746,20.37943254189938,121.14949602980931,0.0273774889066255,0.3852313927254125,0.7707427445825068,0.5067572089604954
img_003532.jpg,-0.038334,-0.195569,1.724784,41.61274092095422,20.36295714872777,121.2764886061954,0.0274125320711066,0.3857262480205082,0.7710884024674646,0.505852241522804
img_003533.jpg,-0.038358,-0.195637,1.725131,41.690239822089694,20.34631470675493,121.40345148006378,0.02744764371178,0.386220754974152,0.7714331340930443,0.5049466059943868
img_003534.jpg,-0.038383,-0.195705,1.725477,41.76767011147901,20.329502359353263,121.53035508705791,0.0274827691595261,0.3867146288896529,0.7717769521080121,0.5040405037265652
img_003535.jpg,-0.038407,-0.195774,1.725823,41.8450746405743,20.312538628976743,121.65723058841738,0.0275178590627191,0.3872082315366758,0.7721197982882134,0.5031337495678587
img_003536.jpg,-0.038432,-0.195842,1.726169,41.92239655295327,20.295405654834006,121.78407220810136,0.0275528146908035,0.3877011190350276,0.7724618882209237,0.5022263592721581
img_003537.jpg,-0.038456,-0.19591,1.726515,41.99970891961635,20.278114605820942,121.91087142513628,0.02758790579149,0.3881938221129675,0.7728029066349225,0.5013183932631844
img_003538.jpg,-0.038481,-0.195979,1.726861,42.07696348807205,20.260656264554896,122.03762824641272,0.0276229895218823,0.3886859860577867,0.773143042069079,0.5004098432208649
img_003539.jpg,-0.038506,-0.196047,1.727208,42.15418479284239,20.24305946850837,122.16435067037638,0.0276579376167104,0.389177878300593,0.7734821669575633,0.4995007056320052
img_003540.jpg,-0.03853,-0.196115,1.727554,42.23131225544181,20.22530181453308,122.2910415833111,0.0276926409874044,0.3896690160949796,0.7738205610228169,0.4985909293890594
img_003541.jpg,-0.038555,-0.196183,1.7279,42.30840533334463,20.207360555234096,122.41768440663554,0.0277275827300743,0.390159721890547,0.774158012540507,0.4976805644081052
img_003542.jpg,-0.03858,-0.196251,1.728246,42.38545936276769,20.18927251790564,122.54428380651254,0.0277624598204004,0.3906500919262369,0.7744944564370743,0.4967696533112546
img_003543.jpg,-0.038604,-0.19632,1.728592,42.46243352311199,20.171019729595443,122.67083505665651,0.0277972441883323,0.3911397903421426,0.7748300607643405,0.4958582000557895
img_003544.jpg,-0.038629,-0.196388,1.728939,42.53941144184381,20.15260918452454,122.79735407539332,0.0278321941298242,0.3916294118771349,0.7751645897421742,0.4949460895214101
img_003545.jpg,-0.038653,-0.196457,1.729284,42.61629087671719,20.13404182858727,122.9238408798511,0.0278668621469812,0.392118270076682,0.7754983897133484,0.4940333468685643
img_003546.jpg,-0.038678,-0.196525,1.729631,42.69310428556052,20.11532140218001,123.0502842791106,0.0279014016358521,0.3926065958042046,0.7758312913670458,0.4931200462904861
img_003547.jpg,-0.038702,-0.196593,1.729977,42.769865835741605,20.096441884401685,123.17667141804648,0.0279359635248214,0.393094463460011,0.7761632075176518,0.492206257614566
img_003548.jpg,-0.038727,-0.196661,1.730323,42.84661316947478,20.07738094632314,123.30301293110855,0.0279708376300696,0.3935820586507831,0.776494115813221,0.4912918516095376
img_003549.jpg,-0.038752,-0.196729,1.730669,42.92329779510881,20.058187110619965,123.4293303618552,0.0280053888141098,0.3940692208322877,0.776824141882937,0.4903767938818504
img_003550.jpg,-0.038776,-0.196798,1.731015,42.999895439470585,20.038822480661462,123.5555972883259,0.0280398828554747,0.3945556552464174,0.7771533597307816,0.4894611888001741
img_003551.jpg,-0.038801,-0.196866,1.731362,43.07646968722983,20.01929002628107,123.68181495712189,0.0280745675144271,0.395041805212624,0.7774815478114928,0.488545016969649
img_003552.jpg,-0.038826,-0.196934,1.731707,43.15298282455127,19.999623902124885,123.80799994378717,0.0281089764477051,0.3955275328900084,0.7778088131538465,0.4876282460534973
img_003553.jpg,-0.03885,-0.197003,1.732054,43.229442350462925,19.97978344638993,123.9341402765386,0.0281434818840217,0.3960127546453367,0.7781351898224883,0.4867108679139764
img_003554.jpg,-0.038875,-0.197071,1.7324,43.30582725022978,19.959770101337675,124.0602105556694,0.0281780738671783,0.3964973284088686,0.7784606387466955,0.4857930615394299
img_003555.jpg,-0.038899,-0.197139,1.732746,43.38215419486814,19.939631488247468,124.18626917407308,0.0282122747175364,0.3969815383578845,0.7787852200657868,0.4848745268266357
img_003556.jpg,-0.038924,-0.197207,1.733093,43.45846094548883,19.91931830497061,124.31227873470972,0.0282467357214804,0.3974654733837351,0.7791087785267636,0.483955401469452
img_003557.jpg,-0.038948,-0.197276,1.733439,43.53468897965874,19.898837868424213,124.43822746003435,0.0282811985294882,0.3979487586471574,0.7794314472465633,0.4830357940609058
img_003558.jpg,-0.038973,-0.197344,1.733785,43.610820984912735,19.878204189246244,124.56412982767816,0.028315439857671,0.3984313268006004,0.7797533096821374,0.4821156393743442
img_003559.jpg,-0.038998,-0.197412,1.734131,43.68696085345941,19.857434342057694,124.69000114037456,0.0283497202525125,0.3989139449260042,0.7800740223748066,0.4811948436144833
img_003560.jpg,-0.039023,-0.19748,1.734477,43.763010597006605,19.836490494974715,124.81583439930328,0.0283839305463763,0.3993958246762793,0.7803939992251842,0.4802733947359739
img_003561.jpg,-0.039047,-0.197549,1.734823,43.83898981694376,19.815387922111544,124.94159961046816,0.0284181479449774,0.3998771427867184,0.7807130048612945,0.4793515240244431
img_003562.jpg,-0.039072,-0.197617,1.73517,43.91491930015541,19.7941325774178,125.06732494351112,0.0284523194792588,0.4003580684966451,0.7810310686440489,0.4784290462739702
img_003563.jpg,-0.039096,-0.197685,1.735515,43.9907903546414,19.772737313668596,125.19301374988568,0.0284863043516146,0.400838585789744,0.78134819966754,0.4775059680074787
img_003564.jpg,-0.039121,-0.197754,1.735862,44.06661898829333,19.751151742256848,125.31863442947508,0.0285206510169544,0.401318637935836,0.7816643468859615,0.476582387545152
img_003565.jpg,-0.039145,-0.197822,1.736208,44.142361788843125,19.729433533053985,125.44422524269626,0.0285546236816778,0.4017981227427236,0.7819796649317987,0.4756581815337277
img_003566.jpg,-0.03917,-0.19789,1.736554,44.21807582526809,19.707540592821147,125.5697620314258,0.0285888546088478,0.4022772922955482,0.7822939673600452,0.4747334053209197
img_003567.jpg,-0.039195,-0.197958,1.7369,44.29370915221751,19.68549796711189,125.69524674245925,0.0286229394494009,0.4027558732303586,0.7826073764880979,0.4738081132506534
img_003568.jpg,-0.039219,-0.198027,1.737247,44.36927300402014,19.663311546680493,125.82069922477446,0.028656813712078,0.4032339669803731,0.7829199190000723,0.4728821791250574
img_003569.jpg,-0.039244,-0.198095,1.737593,44.44476343096802,19.64096985949918,125.94609516565872,0.0286906327630956,0.4037115059720648,0.7832315393581154,0.4719557429379767
img_003570.jpg,-0.039268,-0.198163,1.737939,44.52019371164303,19.618459307610056,126.07143116469128,0.0287245652561738,0.4041885394177175,0.7835422137213933,0.4710287924010533
img_003571.jpg,-0.039293,-0.198232,1.738285,44.59555574063072,19.59579890677735,126.19671819862972,0.0287584013456625,0.4046650755159044,0.7838519644127209,0.4701012964203224
img_003572.jpg,-0.039318,-0.1983,1.738631,44.67089589638356,19.572976029667377,126.32195700726602,0.0287924230266993,0.4051413942367707,0.7841606645438183,0.4691732081378204
img_003573.jpg,-0.039342,-0.198368,1.738977,44.746153795264,19.55001458037819,126.44715860147024,0.0288261696045973,0.4056171607109389,0.7844685076400697,0.4682445209542612
img_003574.jpg,-0.039367,-0.198436,1.739323,44.82133478061574,19.52689010496291,126.57231304876632,0.0288598799462093,0.4060923349489034,0.784775500077208,0.4673152440310567
img_003575.jpg,-0.039391,-0.198505,1.73967,44.89647939496904,19.503600475016945,126.69740892325596,0.0288937773755621,0.4065671870120972,0.7850814571545667,0.4663854389945122
img_003576.jpg,-0.039435,-0.19863,1.740039,44.97151898102996,19.480158771207897,126.82244854015184,0.0289274798031303,0.4070412889098367,0.7853865965978992,0.4654551363120052
img_003577.jpg,-0.039459,-0.198698,1.740385,45.0465225766682,19.45658056114137,126.947443587607,0.0289611137713093,0.4075151654831046,0.7856906789093108,0.4645242737095979
img_003578.jpg,-0.039484,-0.198766,1.740731,45.12141214501496,19.43283652416385,127.07238624405666,0.0289946082234949,0.4079881918317195,0.7859940285602067,0.4635928548711109
img_003579.jpg,-0.039508,-0.198835,1.741078,45.19629552986347,19.40894149956864,127.19727804716696,0.0290282868793782,0.4084611546920383,0.786296227912565,0.4626608754141276
img_003580.jpg,-0.039533,-0.198903,1.741424,45.27110478298733,19.38487712139074,127.32211863637217,0.0290620128557559,0.4089335340776646,0.78659756641808,0.4617283103954942
img_003581.jpg,-0.039557,-0.198971,1.74177,45.34582527953867,19.36068150355114,127.44690120563084,0.0290954729210528,0.4094053443058574,0.7868979665836232,0.4607952991251773
img_003582.jpg,-0.039582,-0.199039,1.742116,45.42050182418506,19.336314112624787,127.57164364422098,0.0291290839195602,0.4098767769211274,0.7871974489877962,0.4598616101805644
img_003583.jpg,-0.039607,-0.199108,1.742463,45.49507071587466,19.31180797885984,127.69632658896516,0.0291624178007981,0.4103474901298569,0.7874960749040683,0.4589274700242129
img_003584.jpg,-0.039631,-0.199176,1.742808,45.56961448671901,19.287150664539958,127.82095729557416,0.0291958729335823,0.4108180168807286,0.7877936113439015,0.4579927771652795
img_003585.jpg,-0.039656,-0.199244,1.743154,45.64407835984634,19.262320805306484,127.94553192362729,0.0292294029339682,0.4112879177560454,0.7880902960405083,0.4570575193548446
img_003586.jpg,-0.039681,-0.199312,1.743501,45.71844328239935,19.23736930229892,128.0700533280164,0.0292625485080746,0.4117572150620462,0.7883860727879478,0.456121803176692
img_003587.jpg,-0.039705,-0.199381,1.743847,45.79277867083631,19.212228102873716,128.19453729976885,0.0292960330784345,0.4122261900246139,0.7886809366682141,0.4551853368022816
img_003588.jpg,-0.03973,-0.199449,1.744193,45.86698955286109,19.18698363715802,128.3189515926863,0.0293289593700731,0.4126944377023064,0.7889748701159424,0.4542485746343929
img_003589.jpg,-0.039754,-0.199518,1.744539,45.941200106088445,19.161529578843982,128.44331483741442,0.0293625393597923,0.4131625057670862,0.7892677836743375,0.4533110971114719
img_003590.jpg,-0.039779,-0.199586,1.744885,46.015329298255466,19.135935480624383,128.56763108240025,0.0293959254586275,0.4136300439412484,0.7895597991800763,0.4523730648859513
img_003591.jpg,-0.039804,-0.199654,1.745231,46.0893331137242,19.11022430632047,128.69189080545067,0.0294288110943,0.4140968143908581,0.7898509769824553,0.4514346104905781
img_003592.jpg,-0.039828,-0.199722,1.745577,46.163310288673806,19.08433197909076,128.8160741714015,0.0294621324763464,0.4145633065281609,0.7901410530034297,0.4504956869815908
img_003593.jpg,-0.039852,-0.19979,1.745924,46.237242531017344,19.058291900331948,128.94021961647488,0.0294954330676453,0.415029503411099,0.7904301552202387,0.44955611490113
img_003594.jpg,-0.039877,-0.199859,1.74627,46.311056634967045,19.032117553980093,129.06430805099416,0.0295283968506977,0.4154949354474345,0.7907184376906945,0.4486160771672669
img_003595.jpg,-0.039902,-0.199927,1.746616,46.3848064755686,19.005775766720145,129.18836305859605,0.0295613967828861,0.4159598855821282,0.791005885486048,0.447675313741087
img_003596.jpg,-0.039927,-0.199995,1.746962,46.4584681215264,18.97929701870279,129.31232877492934,0.0295943187707309,0.4164242635697885,0.7912922861577294,0.4467342911330286
img_003597.jpg,-0.039951,-0.200064,1.747308,46.5320884933821,18.952670089893584,129.4362717911895,0.0296271886349664,0.4168883794445478,0.7915777587102236,0.4457925085653478
